scheme_code,scheme_name,fund_house,scheme_category,date,nav
120503,Axis ELSS Tax Saver Fund - Direct Plan - Growth Option,Axis Mutual Fund,Equity Scheme - ELSS,2019-04-30,47.7229
120503,Axis ELSS Tax Saver Fund - Direct Plan - Growth Option,Axis Mutual Fund,Equity Scheme - ELSS,2019-05-02,47.768
120503,Axis ELSS Tax Saver Fund - Direct Plan - Growth Option,Axis Mutual Fund,Equity Scheme - ELSS,2019-05-03,47.5539
120503,Axis ELSS Tax Saver Fund - Direct Plan - Growth Option,Axis Mutual Fund,Equity Scheme - ELSS,2019-05-06,47.1499
120503,Axis ELSS Tax Saver Fund - Direct Plan - Growth Option,Axis Mutual Fund,Equity Scheme - ELSS,2019-05-07,46.9154
120503,Axis ELSS Tax Saver Fund - Direct Plan - Growth Option,Axis Mutual Fund,Equity Scheme - ELSS,2019-05-08,46.3892
120503,Axis ELSS Tax Saver Fund - Direct Plan - Growth Option,Axis Mutual Fund,Equity Scheme - ELSS,2019-05-09,46.2216
120503,Axis ELSS Tax Saver Fund - Direct Plan - Growth Option,Axis Mutual Fund,Equity Scheme - ELSS,2019-05-10,46.2551
120503,Axis ELSS Tax Saver Fund - Direct Plan - Growth Option,Axis Mutual Fund,Equity Scheme - ELSS,2019-05-13,45.8407
120503,Axis ELSS Tax Saver Fund - Direct Plan - Growth Option,Axis Mutual Fund,Equity Scheme - ELSS,2019-05-14,45.5871
120503,Axis ELSS Tax Saver Fund - Direct Plan - Growth Option,Axis Mutual Fund,Equity Scheme - ELSS,2019-05-15,45.9877
120503,Axis ELSS Tax Saver Fund - Direct Plan - Growth Option,Axis Mutual Fund,Equity Scheme - ELSS,2019-05-16,46.225
120503,Axis ELSS Tax Saver Fund - Direct Plan - Growth Option,Axis Mutual Fund,Equity Scheme - ELSS,2019-05-17,46.7549
120503,Axis ELSS Tax Saver Fund - Direct Plan - Growth Option,Axis Mutual Fund,Equity Scheme - ELSS,2019-05-20,48.4883
120503,Axis ELSS Tax Saver Fund - Direct Plan - Growth Option,Axis Mutual Fund,Equity Scheme - ELSS,2019-05-21,47.8968
120503,Axis ELSS Tax Saver Fund - Direct Plan - Growth Option,Axis Mutual Fund,Equity Scheme - ELSS,2019-05-22,48.1288
120503,Axis ELSS Tax Saver Fund - Direct Plan - Growth Option,Axis Mutual Fund,Equity Scheme - ELSS,2019-05-23,47.927
120503,Axis ELSS Tax Saver Fund - Direct Plan - Growth Option,Axis Mutual Fund,Equity Scheme - ELSS,2019-05-24,48.4689
120503,Axis ELSS Tax Saver Fund - Direct Plan - Growth Option,Axis Mutual Fund,Equity Scheme - ELSS,2019-05-27,48.7481
120503,Axis ELSS Tax Saver Fund - Direct Plan - Growth Option,Axis Mutual Fund,Equity Scheme - ELSS,2019-05-28,48.8592
120503,Axis ELSS Tax Saver Fund - Direct Plan - Growth Option,Axis Mutual Fund,Equity Scheme - ELSS,2019-05-29,48.9649
120503,Axis ELSS Tax Saver Fund - Direct Plan - Growth Option,Axis Mutual Fund,Equity Scheme - ELSS,2019-05-30,49.5043
120503,Axis ELSS Tax Saver Fund - Direct Plan - Growth Option,Axis Mutual Fund,Equity Scheme - ELSS,2019-05-31,49.6009
120503,Axis ELSS Tax Saver Fund - Direct Plan - Growth Option,Axis Mutual Fund,Equity Scheme - ELSS,2019-06-03,50.216
120503,Axis ELSS Tax Saver Fund - Direct Plan - Growth Option,Axis Mutual Fund,Equity Scheme - ELSS,2019-06-04,50.041
120503,Axis ELSS Tax Saver Fund - Direct Plan - Growth Option,Axis Mutual Fund,Equity Scheme - ELSS,2019-06-06,49.4851
120503,Axis ELSS Tax Saver Fund - Direct Plan - Growth Option,Axis Mutual Fund,Equity Scheme - ELSS,2019-06-07,49.443
120503,Axis ELSS Tax Saver Fund - Direct Plan - Growth Option,Axis Mutual Fund,Equity Scheme - ELSS,2019-06-10,49.5439
120503,Axis ELSS Tax Saver Fund - Direct Plan - Growth Option,Axis Mutual Fund,Equity Scheme - ELSS,2019-06-11,49.653
120503,Axis ELSS Tax Saver Fund - Direct Plan - Growth Option,Axis Mutual Fund,Equity Scheme - ELSS,2019-06-12,49.234
120503,Axis ELSS Tax Saver Fund - Direct Plan - Growth Option,Axis Mutual Fund,Equity Scheme - ELSS,2019-06-13,49.2907
120503,Axis ELSS Tax Saver Fund - Direct Plan - Growth Option,Axis Mutual Fund,Equity Scheme - ELSS,2019-06-14,48.8909
120503,Axis ELSS Tax Saver Fund - Direct Plan - Growth Option,Axis Mutual Fund,Equity Scheme - ELSS,2019-06-17,48.5141
120503,Axis ELSS Tax Saver Fund - Direct Plan - Growth Option,Axis Mutual Fund,Equity Scheme - ELSS,2019-06-18,48.4502
120503,Axis ELSS Tax Saver Fund - Direct Plan - Growth Option,Axis Mutual Fund,Equity Scheme - ELSS,2019-06-19,48.4036
120503,Axis ELSS Tax Saver Fund - Direct Plan - Growth Option,Axis Mutual Fund,Equity Scheme - ELSS,2019-06-20,48.8821
120503,Axis ELSS Tax Saver Fund - Direct Plan - Growth Option,Axis Mutual Fund,Equity Scheme - ELSS,2019-06-21,48.5317
120503,Axis ELSS Tax Saver Fund - Direct Plan - Growth Option,Axis Mutual Fund,Equity Scheme - ELSS,2019-06-24,48.5922
120503,Axis ELSS Tax Saver Fund - Direct Plan - Growth Option,Axis Mutual Fund,Equity Scheme - ELSS,2019-06-25,48.996
120503,Axis ELSS Tax Saver Fund - Direct Plan - Growth Option,Axis Mutual Fund,Equity Scheme - ELSS,2019-06-26,49.2897
120503,Axis ELSS Tax Saver Fund - Direct Plan - Growth Option,Axis Mutual Fund,Equity Scheme - ELSS,2019-06-27,49.366
120503,Axis ELSS Tax Saver Fund - Direct Plan - Growth Option,Axis Mutual Fund,Equity Scheme - ELSS,2019-06-28,49.3756
120503,Axis ELSS Tax Saver Fund - Direct Plan - Growth Option,Axis Mutual Fund,Equity Scheme - ELSS,2019-07-01,49.7716
120503,Axis ELSS Tax Saver Fund - Direct Plan - Growth Option,Axis Mutual Fund,Equity Scheme - ELSS,2019-07-02,50.1515
120503,Axis ELSS Tax Saver Fund - Direct Plan - Growth Option,Axis Mutual Fund,Equity Scheme - ELSS,2019-07-03,50.1794
120503,Axis ELSS Tax Saver Fund - Direct Plan - Growth Option,Axis Mutual Fund,Equity Scheme - ELSS,2019-07-04,50.258
120503,Axis ELSS Tax Saver Fund - Direct Plan - Growth Option,Axis Mutual Fund,Equity Scheme - ELSS,2019-07-05,49.5638
120503,Axis ELSS Tax Saver Fund - Direct Plan - Growth Option,Axis Mutual Fund,Equity Scheme - ELSS,2019-07-08,48.5793
120503,Axis ELSS Tax Saver Fund - Direct Plan - Growth Option,Axis Mutual Fund,Equity Scheme - ELSS,2019-07-09,48.498
120503,Axis ELSS Tax Saver Fund - Direct Plan - Growth Option,Axis Mutual Fund,Equity Scheme - ELSS,2019-07-10,48.1232
120503,Axis ELSS Tax Saver Fund - Direct Plan - Growth Option,Axis Mutual Fund,Equity Scheme - ELSS,2019-07-11,48.6231
120503,Axis ELSS Tax Saver Fund - Direct Plan - Growth Option,Axis Mutual Fund,Equity Scheme - ELSS,2019-07-12,48.3958
120503,Axis ELSS Tax Saver Fund - Direct Plan - Growth Option,Axis Mutual Fund,Equity Scheme - ELSS,2019-07-15,48.7139
120503,Axis ELSS Tax Saver Fund - Direct Plan - Growth Option,Axis Mutual Fund,Equity Scheme - ELSS,2019-07-16,48.9022
120503,Axis ELSS Tax Saver Fund - Direct Plan - Growth Option,Axis Mutual Fund,Equity Scheme - ELSS,2019-07-17,48.9859
120503,Axis ELSS Tax Saver Fund - Direct Plan - Growth Option,Axis Mutual Fund,Equity Scheme - ELSS,2019-07-18,48.6995
120503,Axis ELSS Tax Saver Fund - Direct Plan - Growth Option,Axis Mutual Fund,Equity Scheme - ELSS,2019-07-19,47.9665
120503,Axis ELSS Tax Saver Fund - Direct Plan - Growth Option,Axis Mutual Fund,Equity Scheme - ELSS,2019-07-22,47.4019
120503,Axis ELSS Tax Saver Fund - Direct Plan - Growth Option,Axis Mutual Fund,Equity Scheme - ELSS,2019-07-23,47.2682
120503,Axis ELSS Tax Saver Fund - Direct Plan - Growth Option,Axis Mutual Fund,Equity Scheme - ELSS,2019-07-24,46.9859
120503,Axis ELSS Tax Saver Fund - Direct Plan - Growth Option,Axis Mutual Fund,Equity Scheme - ELSS,2019-07-25,47.1099
120503,Axis ELSS Tax Saver Fund - Direct Plan - Growth Option,Axis Mutual Fund,Equity Scheme - ELSS,2019-07-26,47.5006
120503,Axis ELSS Tax Saver Fund - Direct Plan - Growth Option,Axis Mutual Fund,Equity Scheme - ELSS,2019-07-29,47.2517
120503,Axis ELSS Tax Saver Fund - Direct Plan - Growth Option,Axis Mutual Fund,Equity Scheme - ELSS,2019-07-30,46.9379
120503,Axis ELSS Tax Saver Fund - Direct Plan - Growth Option,Axis Mutual Fund,Equity Scheme - ELSS,2019-07-31,47.2759
120503,Axis ELSS Tax Saver Fund - Direct Plan - Growth Option,Axis Mutual Fund,Equity Scheme - ELSS,2019-08-01,46.8464
120503,Axis ELSS Tax Saver Fund - Direct Plan - Growth Option,Axis Mutual Fund,Equity Scheme - ELSS,2019-08-02,47.0393
120503,Axis ELSS Tax Saver Fund - Direct Plan - Growth Option,Axis Mutual Fund,Equity Scheme - ELSS,2019-08-05,46.6536
120503,Axis ELSS Tax Saver Fund - Direct Plan - Growth Option,Axis Mutual Fund,Equity Scheme - ELSS,2019-08-06,47.3788
120503,Axis ELSS Tax Saver Fund - Direct Plan - Growth Option,Axis Mutual Fund,Equity Scheme - ELSS,2019-08-07,47.0773
120503,Axis ELSS Tax Saver Fund - Direct Plan - Growth Option,Axis Mutual Fund,Equity Scheme - ELSS,2019-08-08,47.4873
120503,Axis ELSS Tax Saver Fund - Direct Plan - Growth Option,Axis Mutual Fund,Equity Scheme - ELSS,2019-08-09,48.2849
120503,Axis ELSS Tax Saver Fund - Direct Plan - Growth Option,Axis Mutual Fund,Equity Scheme - ELSS,2019-08-13,47.2855
120503,Axis ELSS Tax Saver Fund - Direct Plan - Growth Option,Axis Mutual Fund,Equity Scheme - ELSS,2019-08-14,47.4579
120503,Axis ELSS Tax Saver Fund - Direct Plan - Growth Option,Axis Mutual Fund,Equity Scheme - ELSS,2019-08-16,47.5876
120503,Axis ELSS Tax Saver Fund - Direct Plan - Growth Option,Axis Mutual Fund,Equity Scheme - ELSS,2019-08-19,47.5458
120503,Axis ELSS Tax Saver Fund - Direct Plan - Growth Option,Axis Mutual Fund,Equity Scheme - ELSS,2019-08-20,47.4791
120503,Axis ELSS Tax Saver Fund - Direct Plan - Growth Option,Axis Mutual Fund,Equity Scheme - ELSS,2019-08-21,47.2066
120503,Axis ELSS Tax Saver Fund - Direct Plan - Growth Option,Axis Mutual Fund,Equity Scheme - ELSS,2019-08-22,46.5543
120503,Axis ELSS Tax Saver Fund - Direct Plan - Growth Option,Axis Mutual Fund,Equity Scheme - ELSS,2019-08-23,46.5352
120503,Axis ELSS Tax Saver Fund - Direct Plan - Growth Option,Axis Mutual Fund,Equity Scheme - ELSS,2019-08-26,47.5602
120503,Axis ELSS Tax Saver Fund - Direct Plan - Growth Option,Axis Mutual Fund,Equity Scheme - ELSS,2019-08-27,47.7229
120503,Axis ELSS Tax Saver Fund - Direct Plan - Growth Option,Axis Mutual Fund,Equity Scheme - ELSS,2019-08-28,47.6385
120503,Axis ELSS Tax Saver Fund - Direct Plan - Growth Option,Axis Mutual Fund,Equity Scheme - ELSS,2019-08-29,47.3071
120503,Axis ELSS Tax Saver Fund - Direct Plan - Growth Option,Axis Mutual Fund,Equity Scheme - ELSS,2019-08-30,47.6846
120503,Axis ELSS Tax Saver Fund - Direct Plan - Growth Option,Axis Mutual Fund,Equity Scheme - ELSS,2019-09-03,46.866
120503,Axis ELSS Tax Saver Fund - Direct Plan - Growth Option,Axis Mutual Fund,Equity Scheme - ELSS,2019-09-04,46.9908
120503,Axis ELSS Tax Saver Fund - Direct Plan - Growth Option,Axis Mutual Fund,Equity Scheme - ELSS,2019-09-05,46.9716
120503,Axis ELSS Tax Saver Fund - Direct Plan - Growth Option,Axis Mutual Fund,Equity Scheme - ELSS,2019-09-06,47.1805
120503,Axis ELSS Tax Saver Fund - Direct Plan - Growth Option,Axis Mutual Fund,Equity Scheme - ELSS,2019-09-09,47.6889
120503,Axis ELSS Tax Saver Fund - Direct Plan - Growth Option,Axis Mutual Fund,Equity Scheme - ELSS,2019-09-11,47.7491
120503,Axis ELSS Tax Saver Fund - Direct Plan - Growth Option,Axis Mutual Fund,Equity Scheme - ELSS,2019-09-12,47.5026
120503,Axis ELSS Tax Saver Fund - Direct Plan - Growth Option,Axis Mutual Fund,Equity Scheme - ELSS,2019-09-13,47.7489
120503,Axis ELSS Tax Saver Fund - Direct Plan - Growth Option,Axis Mutual Fund,Equity Scheme - ELSS,2019-09-16,47.6812
120503,Axis ELSS Tax Saver Fund - Direct Plan - Growth Option,Axis Mutual Fund,Equity Scheme - ELSS,2019-09-17,46.875
120503,Axis ELSS Tax Saver Fund - Direct Plan - Growth Option,Axis Mutual Fund,Equity Scheme - ELSS,2019-09-18,47.0925
120503,Axis ELSS Tax Saver Fund - Direct Plan - Growth Option,Axis Mutual Fund,Equity Scheme - ELSS,2019-09-19,46.5793
120503,Axis ELSS Tax Saver Fund - Direct Plan - Growth Option,Axis Mutual Fund,Equity Scheme - ELSS,2019-09-20,49.5049
120503,Axis ELSS Tax Saver Fund - Direct Plan - Growth Option,Axis Mutual Fund,Equity Scheme - ELSS,2019-09-23,51.4523
120503,Axis ELSS Tax Saver Fund - Direct Plan - Growth Option,Axis Mutual Fund,Equity Scheme - ELSS,2019-09-24,50.9665
120503,Axis ELSS Tax Saver Fund - Direct Plan - Growth Option,Axis Mutual Fund,Equity Scheme - ELSS,2019-09-25,50.501
120503,Axis ELSS Tax Saver Fund - Direct Plan - Growth Option,Axis Mutual Fund,Equity Scheme - ELSS,2019-09-26,50.9655
120503,Axis ELSS Tax Saver Fund - Direct Plan - Growth Option,Axis Mutual Fund,Equity Scheme - ELSS,2019-09-27,50.9252
120503,Axis ELSS Tax Saver Fund - Direct Plan - Growth Option,Axis Mutual Fund,Equity Scheme - ELSS,2019-09-30,50.5655
120503,Axis ELSS Tax Saver Fund - Direct Plan - Growth Option,Axis Mutual Fund,Equity Scheme - ELSS,2019-10-01,50.3569
120503,Axis ELSS Tax Saver Fund - Direct Plan - Growth Option,Axis Mutual Fund,Equity Scheme - ELSS,2019-10-03,50.0372
120503,Axis ELSS Tax Saver Fund - Direct Plan - Growth Option,Axis Mutual Fund,Equity Scheme - ELSS,2019-10-04,49.7632
120503,Axis ELSS Tax Saver Fund - Direct Plan - Growth Option,Axis Mutual Fund,Equity Scheme - ELSS,2019-10-07,49.6532
120503,Axis ELSS Tax Saver Fund - Direct Plan - Growth Option,Axis Mutual Fund,Equity Scheme - ELSS,2019-10-09,50.1686
120503,Axis ELSS Tax Saver Fund - Direct Plan - Growth Option,Axis Mutual Fund,Equity Scheme - ELSS,2019-10-10,49.8371
120503,Axis ELSS Tax Saver Fund - Direct Plan - Growth Option,Axis Mutual Fund,Equity Scheme - ELSS,2019-10-11,50.3824
120503,Axis ELSS Tax Saver Fund - Direct Plan - Growth Option,Axis Mutual Fund,Equity Scheme - ELSS,2019-10-14,50.3561
120503,Axis ELSS Tax Saver Fund - Direct Plan - Growth Option,Axis Mutual Fund,Equity Scheme - ELSS,2019-10-15,50.8906
120503,Axis ELSS Tax Saver Fund - Direct Plan - Growth Option,Axis Mutual Fund,Equity Scheme - ELSS,2019-10-16,51.1431
120503,Axis ELSS Tax Saver Fund - Direct Plan - Growth Option,Axis Mutual Fund,Equity Scheme - ELSS,2019-10-17,51.5637
120503,Axis ELSS Tax Saver Fund - Direct Plan - Growth Option,Axis Mutual Fund,Equity Scheme - ELSS,2019-10-18,51.7965
120503,Axis ELSS Tax Saver Fund - Direct Plan - Growth Option,Axis Mutual Fund,Equity Scheme - ELSS,2019-10-22,51.9124
120503,Axis ELSS Tax Saver Fund - Direct Plan - Growth Option,Axis Mutual Fund,Equity Scheme - ELSS,2019-10-23,51.8553
120503,Axis ELSS Tax Saver Fund - Direct Plan - Growth Option,Axis Mutual Fund,Equity Scheme - ELSS,2019-10-24,51.8755
120503,Axis ELSS Tax Saver Fund - Direct Plan - Growth Option,Axis Mutual Fund,Equity Scheme - ELSS,2019-10-25,51.789
120503,Axis ELSS Tax Saver Fund - Direct Plan - Growth Option,Axis Mutual Fund,Equity Scheme - ELSS,2019-10-29,52.7875
120503,Axis ELSS Tax Saver Fund - Direct Plan - Growth Option,Axis Mutual Fund,Equity Scheme - ELSS,2019-10-30,52.9263
120503,Axis ELSS Tax Saver Fund - Direct Plan - Growth Option,Axis Mutual Fund,Equity Scheme - ELSS,2019-10-31,53.1953
120503,Axis ELSS Tax Saver Fund - Direct Plan - Growth Option,Axis Mutual Fund,Equity Scheme - ELSS,2019-11-01,53.1065
120503,Axis ELSS Tax Saver Fund - Direct Plan - Growth Option,Axis Mutual Fund,Equity Scheme - ELSS,2019-11-04,52.9846
120503,Axis ELSS Tax Saver Fund - Direct Plan - Growth Option,Axis Mutual Fund,Equity Scheme - ELSS,2019-11-05,52.8708
120503,Axis ELSS Tax Saver Fund - Direct Plan - Growth Option,Axis Mutual Fund,Equity Scheme - ELSS,2019-11-06,53.0273
120503,Axis ELSS Tax Saver Fund - Direct Plan - Growth Option,Axis Mutual Fund,Equity Scheme - ELSS,2019-11-07,53.1469
120503,Axis ELSS Tax Saver Fund - Direct Plan - Growth Option,Axis Mutual Fund,Equity Scheme - ELSS,2019-11-08,52.6691
120503,Axis ELSS Tax Saver Fund - Direct Plan - Growth Option,Axis Mutual Fund,Equity Scheme - ELSS,2019-11-11,52.7747
120503,Axis ELSS Tax Saver Fund - Direct Plan - Growth Option,Axis Mutual Fund,Equity Scheme - ELSS,2019-11-13,52.7507
120503,Axis ELSS Tax Saver Fund - Direct Plan - Growth Option,Axis Mutual Fund,Equity Scheme - ELSS,2019-11-14,52.9216
120503,Axis ELSS Tax Saver Fund - Direct Plan - Growth Option,Axis Mutual Fund,Equity Scheme - ELSS,2019-11-15,52.8598
120503,Axis ELSS Tax Saver Fund - Direct Plan - Growth Option,Axis Mutual Fund,Equity Scheme - ELSS,2019-11-18,52.6458
120503,Axis ELSS Tax Saver Fund - Direct Plan - Growth Option,Axis Mutual Fund,Equity Scheme - ELSS,2019-11-19,52.3017
120503,Axis ELSS Tax Saver Fund - Direct Plan - Growth Option,Axis Mutual Fund,Equity Scheme - ELSS,2019-11-20,52.2197
120503,Axis ELSS Tax Saver Fund - Direct Plan - Growth Option,Axis Mutual Fund,Equity Scheme - ELSS,2019-11-21,51.9749
120503,Axis ELSS Tax Saver Fund - Direct Plan - Growth Option,Axis Mutual Fund,Equity Scheme - ELSS,2019-11-22,51.8055
120503,Axis ELSS Tax Saver Fund - Direct Plan - Growth Option,Axis Mutual Fund,Equity Scheme - ELSS,2019-11-25,52.4058
120503,Axis ELSS Tax Saver Fund - Direct Plan - Growth Option,Axis Mutual Fund,Equity Scheme - ELSS,2019-11-26,52.1819
120503,Axis ELSS Tax Saver Fund - Direct Plan - Growth Option,Axis Mutual Fund,Equity Scheme - ELSS,2019-11-27,52.5541
120503,Axis ELSS Tax Saver Fund - Direct Plan - Growth Option,Axis Mutual Fund,Equity Scheme - ELSS,2019-11-28,52.6551
120503,Axis ELSS Tax Saver Fund - Direct Plan - Growth Option,Axis Mutual Fund,Equity Scheme - ELSS,2019-11-29,52.5202
120503,Axis ELSS Tax Saver Fund - Direct Plan - Growth Option,Axis Mutual Fund,Equity Scheme - ELSS,2019-12-02,52.0831
120503,Axis ELSS Tax Saver Fund - Direct Plan - Growth Option,Axis Mutual Fund,Equity Scheme - ELSS,2019-12-03,52.1391
120503,Axis ELSS Tax Saver Fund - Direct Plan - Growth Option,Axis Mutual Fund,Equity Scheme - ELSS,2019-12-04,52.1758
120503,Axis ELSS Tax Saver Fund - Direct Plan - Growth Option,Axis Mutual Fund,Equity Scheme - ELSS,2019-12-05,52.1739
120503,Axis ELSS Tax Saver Fund - Direct Plan - Growth Option,Axis Mutual Fund,Equity Scheme - ELSS,2019-12-06,51.7574
120503,Axis ELSS Tax Saver Fund - Direct Plan - Growth Option,Axis Mutual Fund,Equity Scheme - ELSS,2019-12-09,51.7165
120503,Axis ELSS Tax Saver Fund - Direct Plan - Growth Option,Axis Mutual Fund,Equity Scheme - ELSS,2019-12-10,51.3884
120503,Axis ELSS Tax Saver Fund - Direct Plan - Growth Option,Axis Mutual Fund,Equity Scheme - ELSS,2019-12-11,51.6608
120503,Axis ELSS Tax Saver Fund - Direct Plan - Growth Option,Axis Mutual Fund,Equity Scheme - ELSS,2019-12-12,51.9371
120503,Axis ELSS Tax Saver Fund - Direct Plan - Growth Option,Axis Mutual Fund,Equity Scheme - ELSS,2019-12-13,52.3885
120503,Axis ELSS Tax Saver Fund - Direct Plan - Growth Option,Axis Mutual Fund,Equity Scheme - ELSS,2019-12-16,52.2265
120503,Axis ELSS Tax Saver Fund - Direct Plan - Growth Option,Axis Mutual Fund,Equity Scheme - ELSS,2019-12-17,52.823
120503,Axis ELSS Tax Saver Fund - Direct Plan - Growth Option,Axis Mutual Fund,Equity Scheme - ELSS,2019-12-18,53.2201
120503,Axis ELSS Tax Saver Fund - Direct Plan - Growth Option,Axis Mutual Fund,Equity Scheme - ELSS,2019-12-19,53.4483
120503,Axis ELSS Tax Saver Fund - Direct Plan - Growth Option,Axis Mutual Fund,Equity Scheme - ELSS,2019-12-20,53.5651
120503,Axis ELSS Tax Saver Fund - Direct Plan - Growth Option,Axis Mutual Fund,Equity Scheme - ELSS,2019-12-23,53.4977
120503,Axis ELSS Tax Saver Fund - Direct Plan - Growth Option,Axis Mutual Fund,Equity Scheme - ELSS,2019-12-24,53.2331
120503,Axis ELSS Tax Saver Fund - Direct Plan - Growth Option,Axis Mutual Fund,Equity Scheme - ELSS,2019-12-26,53.1793
120503,Axis ELSS Tax Saver Fund - Direct Plan - Growth Option,Axis Mutual Fund,Equity Scheme - ELSS,2019-12-27,53.5587
120503,Axis ELSS Tax Saver Fund - Direct Plan - Growth Option,Axis Mutual Fund,Equity Scheme - ELSS,2019-12-30,53.5844
120503,Axis ELSS Tax Saver Fund - Direct Plan - Growth Option,Axis Mutual Fund,Equity Scheme - ELSS,2019-12-31,53.2357
120503,Axis ELSS Tax Saver Fund - Direct Plan - Growth Option,Axis Mutual Fund,Equity Scheme - ELSS,2020-01-01,53.2623
120503,Axis ELSS Tax Saver Fund - Direct Plan - Growth Option,Axis Mutual Fund,Equity Scheme - ELSS,2020-01-02,53.3612
120503,Axis ELSS Tax Saver Fund - Direct Plan - Growth Option,Axis Mutual Fund,Equity Scheme - ELSS,2020-01-03,53.3371
120503,Axis ELSS Tax Saver Fund - Direct Plan - Growth Option,Axis Mutual Fund,Equity Scheme - ELSS,2020-01-06,52.3269
120503,Axis ELSS Tax Saver Fund - Direct Plan - Growth Option,Axis Mutual Fund,Equity Scheme - ELSS,2020-01-07,52.6992
120503,Axis ELSS Tax Saver Fund - Direct Plan - Growth Option,Axis Mutual Fund,Equity Scheme - ELSS,2020-01-08,52.7438
120503,Axis ELSS Tax Saver Fund - Direct Plan - Growth Option,Axis Mutual Fund,Equity Scheme - ELSS,2020-01-09,53.3485
120503,Axis ELSS Tax Saver Fund - Direct Plan - Growth Option,Axis Mutual Fund,Equity Scheme - ELSS,2020-01-10,53.6188
120503,Axis ELSS Tax Saver Fund - Direct Plan - Growth Option,Axis Mutual Fund,Equity Scheme - ELSS,2020-01-13,53.8602
120503,Axis ELSS Tax Saver Fund - Direct Plan - Growth Option,Axis Mutual Fund,Equity Scheme - ELSS,2020-01-14,54.1131
120503,Axis ELSS Tax Saver Fund - Direct Plan - Growth Option,Axis Mutual Fund,Equity Scheme - ELSS,2020-01-15,54.0222
120503,Axis ELSS Tax Saver Fund - Direct Plan - Growth Option,Axis Mutual Fund,Equity Scheme - ELSS,2020-01-16,54.3185
120503,Axis ELSS Tax Saver Fund - Direct Plan - Growth Option,Axis Mutual Fund,Equity Scheme - ELSS,2020-01-17,54.4449
120503,Axis ELSS Tax Saver Fund - Direct Plan - Growth Option,Axis Mutual Fund,Equity Scheme - ELSS,2020-01-20,53.8785
120503,Axis ELSS Tax Saver Fund - Direct Plan - Growth Option,Axis Mutual Fund,Equity Scheme - ELSS,2020-01-21,53.5685
120503,Axis ELSS Tax Saver Fund - Direct Plan - Growth Option,Axis Mutual Fund,Equity Scheme - ELSS,2020-01-22,53.3944
120503,Axis ELSS Tax Saver Fund - Direct Plan - Growth Option,Axis Mutual Fund,Equity Scheme - ELSS,2020-01-23,53.6822
120503,Axis ELSS Tax Saver Fund - Direct Plan - Growth Option,Axis Mutual Fund,Equity Scheme - ELSS,2020-01-24,54.3219
120503,Axis ELSS Tax Saver Fund - Direct Plan - Growth Option,Axis Mutual Fund,Equity Scheme - ELSS,2020-01-27,54.0408
120503,Axis ELSS Tax Saver Fund - Direct Plan - Growth Option,Axis Mutual Fund,Equity Scheme - ELSS,2020-01-28,54.0279
120503,Axis ELSS Tax Saver Fund - Direct Plan - Growth Option,Axis Mutual Fund,Equity Scheme - ELSS,2020-01-29,54.4893
120503,Axis ELSS Tax Saver Fund - Direct Plan - Growth Option,Axis Mutual Fund,Equity Scheme - ELSS,2020-01-30,54.2354
120503,Axis ELSS Tax Saver Fund - Direct Plan - Growth Option,Axis Mutual Fund,Equity Scheme - ELSS,2020-01-31,54.3388
120503,Axis ELSS Tax Saver Fund - Direct Plan - Growth Option,Axis Mutual Fund,Equity Scheme - ELSS,2020-02-03,53.9914
120503,Axis ELSS Tax Saver Fund - Direct Plan - Growth Option,Axis Mutual Fund,Equity Scheme - ELSS,2020-02-04,54.9917
120503,Axis ELSS Tax Saver Fund - Direct Plan - Growth Option,Axis Mutual Fund,Equity Scheme - ELSS,2020-02-05,55.439
120503,Axis ELSS Tax Saver Fund - Direct Plan - Growth Option,Axis Mutual Fund,Equity Scheme - ELSS,2020-02-06,55.6957
120503,Axis ELSS Tax Saver Fund - Direct Plan - Growth Option,Axis Mutual Fund,Equity Scheme - ELSS,2020-02-07,55.7358
120503,Axis ELSS Tax Saver Fund - Direct Plan - Growth Option,Axis Mutual Fund,Equity Scheme - ELSS,2020-02-10,56.0931
120503,Axis ELSS Tax Saver Fund - Direct Plan - Growth Option,Axis Mutual Fund,Equity Scheme - ELSS,2020-02-11,56.1376
120503,Axis ELSS Tax Saver Fund - Direct Plan - Growth Option,Axis Mutual Fund,Equity Scheme - ELSS,2020-02-12,56.6194
120503,Axis ELSS Tax Saver Fund - Direct Plan - Growth Option,Axis Mutual Fund,Equity Scheme - ELSS,2020-02-13,56.6034
120503,Axis ELSS Tax Saver Fund - Direct Plan - Growth Option,Axis Mutual Fund,Equity Scheme - ELSS,2020-02-14,56.1437
120503,Axis ELSS Tax Saver Fund - Direct Plan - Growth Option,Axis Mutual Fund,Equity Scheme - ELSS,2020-02-17,55.8525
120503,Axis ELSS Tax Saver Fund - Direct Plan - Growth Option,Axis Mutual Fund,Equity Scheme - ELSS,2020-02-18,55.593
120503,Axis ELSS Tax Saver Fund - Direct Plan - Growth Option,Axis Mutual Fund,Equity Scheme - ELSS,2020-02-19,56.1832
120503,Axis ELSS Tax Saver Fund - Direct Plan - Growth Option,Axis Mutual Fund,Equity Scheme - ELSS,2020-02-20,56.0837
120503,Axis ELSS Tax Saver Fund - Direct Plan - Growth Option,Axis Mutual Fund,Equity Scheme - ELSS,2020-02-24,55.0739
120503,Axis ELSS Tax Saver Fund - Direct Plan - Growth Option,Axis Mutual Fund,Equity Scheme - ELSS,2020-02-25,54.8741
120503,Axis ELSS Tax Saver Fund - Direct Plan - Growth Option,Axis Mutual Fund,Equity Scheme - ELSS,2020-02-26,54.4616
120503,Axis ELSS Tax Saver Fund - Direct Plan - Growth Option,Axis Mutual Fund,Equity Scheme - ELSS,2020-02-27,54.3307
120503,Axis ELSS Tax Saver Fund - Direct Plan - Growth Option,Axis Mutual Fund,Equity Scheme - ELSS,2020-02-28,52.8907
120503,Axis ELSS Tax Saver Fund - Direct Plan - Growth Option,Axis Mutual Fund,Equity Scheme - ELSS,2020-03-02,52.8009
120503,Axis ELSS Tax Saver Fund - Direct Plan - Growth Option,Axis Mutual Fund,Equity Scheme - ELSS,2020-03-03,53.5505
120503,Axis ELSS Tax Saver Fund - Direct Plan - Growth Option,Axis Mutual Fund,Equity Scheme - ELSS,2020-03-04,53.0825
120503,Axis ELSS Tax Saver Fund - Direct Plan - Growth Option,Axis Mutual Fund,Equity Scheme - ELSS,2020-03-05,53.645
120503,Axis ELSS Tax Saver Fund - Direct Plan - Growth Option,Axis Mutual Fund,Equity Scheme - ELSS,2020-03-06,53.0987
120503,Axis ELSS Tax Saver Fund - Direct Plan - Growth Option,Axis Mutual Fund,Equity Scheme - ELSS,2020-03-09,51.2994
120503,Axis ELSS Tax Saver Fund - Direct Plan - Growth Option,Axis Mutual Fund,Equity Scheme - ELSS,2020-03-11,51.3449
120503,Axis ELSS Tax Saver Fund - Direct Plan - Growth Option,Axis Mutual Fund,Equity Scheme - ELSS,2020-03-12,47.8039
120503,Axis ELSS Tax Saver Fund - Direct Plan - Growth Option,Axis Mutual Fund,Equity Scheme - ELSS,2020-03-13,48.5999
120503,Axis ELSS Tax Saver Fund - Direct Plan - Growth Option,Axis Mutual Fund,Equity Scheme - ELSS,2020-03-16,45.8588
120503,Axis ELSS Tax Saver Fund - Direct Plan - Growth Option,Axis Mutual Fund,Equity Scheme - ELSS,2020-03-17,44.891
120503,Axis ELSS Tax Saver Fund - Direct Plan - Growth Option,Axis Mutual Fund,Equity Scheme - ELSS,2020-03-18,42.3458
120503,Axis ELSS Tax Saver Fund - Direct Plan - Growth Option,Axis Mutual Fund,Equity Scheme - ELSS,2020-03-19,41.0376
120503,Axis ELSS Tax Saver Fund - Direct Plan - Growth Option,Axis Mutual Fund,Equity Scheme - ELSS,2020-03-20,42.895
120503,Axis ELSS Tax Saver Fund - Direct Plan - Growth Option,Axis Mutual Fund,Equity Scheme - ELSS,2020-03-23,37.6463
120503,Axis ELSS Tax Saver Fund - Direct Plan - Growth Option,Axis Mutual Fund,Equity Scheme - ELSS,2020-03-24,38.446
120503,Axis ELSS Tax Saver Fund - Direct Plan - Growth Option,Axis Mutual Fund,Equity Scheme - ELSS,2020-03-25,40.4084
120503,Axis ELSS Tax Saver Fund - Direct Plan - Growth Option,Axis Mutual Fund,Equity Scheme - ELSS,2020-03-26,42.2508
120503,Axis ELSS Tax Saver Fund - Direct Plan - Growth Option,Axis Mutual Fund,Equity Scheme - ELSS,2020-03-27,42.4778
120503,Axis ELSS Tax Saver Fund - Direct Plan - Growth Option,Axis Mutual Fund,Equity Scheme - ELSS,2020-03-30,40.9103
120503,Axis ELSS Tax Saver Fund - Direct Plan - Growth Option,Axis Mutual Fund,Equity Scheme - ELSS,2020-03-31,41.7364
120503,Axis ELSS Tax Saver Fund - Direct Plan - Growth Option,Axis Mutual Fund,Equity Scheme - ELSS,2020-04-01,40.2742
120503,Axis ELSS Tax Saver Fund - Direct Plan - Growth Option,Axis Mutual Fund,Equity Scheme - ELSS,2020-04-03,39.2576
120503,Axis ELSS Tax Saver Fund - Direct Plan - Growth Option,Axis Mutual Fund,Equity Scheme - ELSS,2020-04-07,41.8335
120503,Axis ELSS Tax Saver Fund - Direct Plan - Growth Option,Axis Mutual Fund,Equity Scheme - ELSS,2020-04-08,41.9653
120503,Axis ELSS Tax Saver Fund - Direct Plan - Growth Option,Axis Mutual Fund,Equity Scheme - ELSS,2020-04-09,43.829
120503,Axis ELSS Tax Saver Fund - Direct Plan - Growth Option,Axis Mutual Fund,Equity Scheme - ELSS,2020-04-13,42.8958
120503,Axis ELSS Tax Saver Fund - Direct Plan - Growth Option,Axis Mutual Fund,Equity Scheme - ELSS,2020-04-15,42.7458
120503,Axis ELSS Tax Saver Fund - Direct Plan - Growth Option,Axis Mutual Fund,Equity Scheme - ELSS,2020-04-16,42.8712
120503,Axis ELSS Tax Saver Fund - Direct Plan - Growth Option,Axis Mutual Fund,Equity Scheme - ELSS,2020-04-17,44.1263
120503,Axis ELSS Tax Saver Fund - Direct Plan - Growth Option,Axis Mutual Fund,Equity Scheme - ELSS,2020-04-20,44.0535
120503,Axis ELSS Tax Saver Fund - Direct Plan - Growth Option,Axis Mutual Fund,Equity Scheme - ELSS,2020-04-21,42.8546
120503,Axis ELSS Tax Saver Fund - Direct Plan - Growth Option,Axis Mutual Fund,Equity Scheme - ELSS,2020-04-22,43.6292
120503,Axis ELSS Tax Saver Fund - Direct Plan - Growth Option,Axis Mutual Fund,Equity Scheme - ELSS,2020-04-23,44.2908
120503,Axis ELSS Tax Saver Fund - Direct Plan - Growth Option,Axis Mutual Fund,Equity Scheme - ELSS,2020-04-24,43.3221
120503,Axis ELSS Tax Saver Fund - Direct Plan - Growth Option,Axis Mutual Fund,Equity Scheme - ELSS,2020-04-27,43.9317
120503,Axis ELSS Tax Saver Fund - Direct Plan - Growth Option,Axis Mutual Fund,Equity Scheme - ELSS,2020-04-28,44.4792
120503,Axis ELSS Tax Saver Fund - Direct Plan - Growth Option,Axis Mutual Fund,Equity Scheme - ELSS,2020-04-29,45.1796
120503,Axis ELSS Tax Saver Fund - Direct Plan - Growth Option,Axis Mutual Fund,Equity Scheme - ELSS,2020-04-30,46.2403
120503,Axis ELSS Tax Saver Fund - Direct Plan - Growth Option,Axis Mutual Fund,Equity Scheme - ELSS,2020-05-04,43.9775
120503,Axis ELSS Tax Saver Fund - Direct Plan - Growth Option,Axis Mutual Fund,Equity Scheme - ELSS,2020-05-05,43.4431
120503,Axis ELSS Tax Saver Fund - Direct Plan - Growth Option,Axis Mutual Fund,Equity Scheme - ELSS,2020-05-06,43.866
120503,Axis ELSS Tax Saver Fund - Direct Plan - Growth Option,Axis Mutual Fund,Equity Scheme - ELSS,2020-05-07,43.1938
120503,Axis ELSS Tax Saver Fund - Direct Plan - Growth Option,Axis Mutual Fund,Equity Scheme - ELSS,2020-05-08,43.4867
120503,Axis ELSS Tax Saver Fund - Direct Plan - Growth Option,Axis Mutual Fund,Equity Scheme - ELSS,2020-05-11,43.4478
120503,Axis ELSS Tax Saver Fund - Direct Plan - Growth Option,Axis Mutual Fund,Equity Scheme - ELSS,2020-05-12,43.3466
120503,Axis ELSS Tax Saver Fund - Direct Plan - Growth Option,Axis Mutual Fund,Equity Scheme - ELSS,2020-05-13,43.8787
120503,Axis ELSS Tax Saver Fund - Direct Plan - Growth Option,Axis Mutual Fund,Equity Scheme - ELSS,2020-05-14,43.3273
120503,Axis ELSS Tax Saver Fund - Direct Plan - Growth Option,Axis Mutual Fund,Equity Scheme - ELSS,2020-05-15,43.2228
120503,Axis ELSS Tax Saver Fund - Direct Plan - Growth Option,Axis Mutual Fund,Equity Scheme - ELSS,2020-05-18,41.8882
120503,Axis ELSS Tax Saver Fund - Direct Plan - Growth Option,Axis Mutual Fund,Equity Scheme - ELSS,2020-05-19,42.3384
120503,Axis ELSS Tax Saver Fund - Direct Plan - Growth Option,Axis Mutual Fund,Equity Scheme - ELSS,2020-05-20,43.1069
120503,Axis ELSS Tax Saver Fund - Direct Plan - Growth Option,Axis Mutual Fund,Equity Scheme - ELSS,2020-05-21,43.2827
120503,Axis ELSS Tax Saver Fund - Direct Plan - Growth Option,Axis Mutual Fund,Equity Scheme - ELSS,2020-05-22,42.8272
120503,Axis ELSS Tax Saver Fund - Direct Plan - Growth Option,Axis Mutual Fund,Equity Scheme - ELSS,2020-05-26,42.6159
120503,Axis ELSS Tax Saver Fund - Direct Plan - Growth Option,Axis Mutual Fund,Equity Scheme - ELSS,2020-05-27,43.1592
120503,Axis ELSS Tax Saver Fund - Direct Plan - Growth Option,Axis Mutual Fund,Equity Scheme - ELSS,2020-05-28,44.0203
120503,Axis ELSS Tax Saver Fund - Direct Plan - Growth Option,Axis Mutual Fund,Equity Scheme - ELSS,2020-05-29,44.6462
120503,Axis ELSS Tax Saver Fund - Direct Plan - Growth Option,Axis Mutual Fund,Equity Scheme - ELSS,2020-06-01,45.6082
120503,Axis ELSS Tax Saver Fund - Direct Plan - Growth Option,Axis Mutual Fund,Equity Scheme - ELSS,2020-06-02,46.2677
120503,Axis ELSS Tax Saver Fund - Direct Plan - Growth Option,Axis Mutual Fund,Equity Scheme - ELSS,2020-06-03,46.5934
120503,Axis ELSS Tax Saver Fund - Direct Plan - Growth Option,Axis Mutual Fund,Equity Scheme - ELSS,2020-06-04,46.2798
120503,Axis ELSS Tax Saver Fund - Direct Plan - Growth Option,Axis Mutual Fund,Equity Scheme - ELSS,2020-06-05,46.7759
120503,Axis ELSS Tax Saver Fund - Direct Plan - Growth Option,Axis Mutual Fund,Equity Scheme - ELSS,2020-06-08,46.7292
120503,Axis ELSS Tax Saver Fund - Direct Plan - Growth Option,Axis Mutual Fund,Equity Scheme - ELSS,2020-06-09,46.218
120503,Axis ELSS Tax Saver Fund - Direct Plan - Growth Option,Axis Mutual Fund,Equity Scheme - ELSS,2020-06-10,46.4633
120503,Axis ELSS Tax Saver Fund - Direct Plan - Growth Option,Axis Mutual Fund,Equity Scheme - ELSS,2020-06-11,45.7706
120503,Axis ELSS Tax Saver Fund - Direct Plan - Growth Option,Axis Mutual Fund,Equity Scheme - ELSS,2020-06-12,46.1403
120503,Axis ELSS Tax Saver Fund - Direct Plan - Growth Option,Axis Mutual Fund,Equity Scheme - ELSS,2020-06-15,45.421
120503,Axis ELSS Tax Saver Fund - Direct Plan - Growth Option,Axis Mutual Fund,Equity Scheme - ELSS,2020-06-16,45.8454
120503,Axis ELSS Tax Saver Fund - Direct Plan - Growth Option,Axis Mutual Fund,Equity Scheme - ELSS,2020-06-17,45.7357
120503,Axis ELSS Tax Saver Fund - Direct Plan - Growth Option,Axis Mutual Fund,Equity Scheme - ELSS,2020-06-18,46.2021
120503,Axis ELSS Tax Saver Fund - Direct Plan - Growth Option,Axis Mutual Fund,Equity Scheme - ELSS,2020-06-19,46.54
120503,Axis ELSS Tax Saver Fund - Direct Plan - Growth Option,Axis Mutual Fund,Equity Scheme - ELSS,2020-06-22,46.9144
120503,Axis ELSS Tax Saver Fund - Direct Plan - Growth Option,Axis Mutual Fund,Equity Scheme - ELSS,2020-06-23,47.7131
120503,Axis ELSS Tax Saver Fund - Direct Plan - Growth Option,Axis Mutual Fund,Equity Scheme - ELSS,2020-06-24,47.0349
120503,Axis ELSS Tax Saver Fund - Direct Plan - Growth Option,Axis Mutual Fund,Equity Scheme - ELSS,2020-06-25,47.0816
120503,Axis ELSS Tax Saver Fund - Direct Plan - Growth Option,Axis Mutual Fund,Equity Scheme - ELSS,2020-06-26,47.174
120503,Axis ELSS Tax Saver Fund - Direct Plan - Growth Option,Axis Mutual Fund,Equity Scheme - ELSS,2020-06-29,46.9765
120503,Axis ELSS Tax Saver Fund - Direct Plan - Growth Option,Axis Mutual Fund,Equity Scheme - ELSS,2020-06-30,47.0399
120503,Axis ELSS Tax Saver Fund - Direct Plan - Growth Option,Axis Mutual Fund,Equity Scheme - ELSS,2020-07-01,47.2575
120503,Axis ELSS Tax Saver Fund - Direct Plan - Growth Option,Axis Mutual Fund,Equity Scheme - ELSS,2020-07-02,47.6297
120503,Axis ELSS Tax Saver Fund - Direct Plan - Growth Option,Axis Mutual Fund,Equity Scheme - ELSS,2020-07-03,47.5785
120503,Axis ELSS Tax Saver Fund - Direct Plan - Growth Option,Axis Mutual Fund,Equity Scheme - ELSS,2020-07-06,48.2351
120503,Axis ELSS Tax Saver Fund - Direct Plan - Growth Option,Axis Mutual Fund,Equity Scheme - ELSS,2020-07-07,49.0073
120503,Axis ELSS Tax Saver Fund - Direct Plan - Growth Option,Axis Mutual Fund,Equity Scheme - ELSS,2020-07-08,48.2897
120503,Axis ELSS Tax Saver Fund - Direct Plan - Growth Option,Axis Mutual Fund,Equity Scheme - ELSS,2020-07-09,48.6452
120503,Axis ELSS Tax Saver Fund - Direct Plan - Growth Option,Axis Mutual Fund,Equity Scheme - ELSS,2020-07-10,48.3586
120503,Axis ELSS Tax Saver Fund - Direct Plan - Growth Option,Axis Mutual Fund,Equity Scheme - ELSS,2020-07-13,48.0225
120503,Axis ELSS Tax Saver Fund - Direct Plan - Growth Option,Axis Mutual Fund,Equity Scheme - ELSS,2020-07-14,47.2694
120503,Axis ELSS Tax Saver Fund - Direct Plan - Growth Option,Axis Mutual Fund,Equity Scheme - ELSS,2020-07-15,47.3582
120503,Axis ELSS Tax Saver Fund - Direct Plan - Growth Option,Axis Mutual Fund,Equity Scheme - ELSS,2020-07-16,47.5782
120503,Axis ELSS Tax Saver Fund - Direct Plan - Growth Option,Axis Mutual Fund,Equity Scheme - ELSS,2020-07-17,48.0103
120503,Axis ELSS Tax Saver Fund - Direct Plan - Growth Option,Axis Mutual Fund,Equity Scheme - ELSS,2020-07-20,48.7371
120503,Axis ELSS Tax Saver Fund - Direct Plan - Growth Option,Axis Mutual Fund,Equity Scheme - ELSS,2020-07-21,48.8579
120503,Axis ELSS Tax Saver Fund - Direct Plan - Growth Option,Axis Mutual Fund,Equity Scheme - ELSS,2020-07-22,48.5253
120503,Axis ELSS Tax Saver Fund - Direct Plan - Growth Option,Axis Mutual Fund,Equity Scheme - ELSS,2020-07-23,48.8602
120503,Axis ELSS Tax Saver Fund - Direct Plan - Growth Option,Axis Mutual Fund,Equity Scheme - ELSS,2020-07-24,48.2886
120503,Axis ELSS Tax Saver Fund - Direct Plan - Growth Option,Axis Mutual Fund,Equity Scheme - ELSS,2020-07-27,47.9389
120503,Axis ELSS Tax Saver Fund - Direct Plan - Growth Option,Axis Mutual Fund,Equity Scheme - ELSS,2020-07-28,48.6965
120503,Axis ELSS Tax Saver Fund - Direct Plan - Growth Option,Axis Mutual Fund,Equity Scheme - ELSS,2020-07-29,48.6187
120503,Axis ELSS Tax Saver Fund - Direct Plan - Growth Option,Axis Mutual Fund,Equity Scheme - ELSS,2020-07-30,48.4634
120503,Axis ELSS Tax Saver Fund - Direct Plan - Growth Option,Axis Mutual Fund,Equity Scheme - ELSS,2020-07-31,48.6272
120503,Axis ELSS Tax Saver Fund - Direct Plan - Growth Option,Axis Mutual Fund,Equity Scheme - ELSS,2020-08-03,48.0767
120503,Axis ELSS Tax Saver Fund - Direct Plan - Growth Option,Axis Mutual Fund,Equity Scheme - ELSS,2020-08-04,48.7527
120503,Axis ELSS Tax Saver Fund - Direct Plan - Growth Option,Axis Mutual Fund,Equity Scheme - ELSS,2020-08-05,48.9544
120503,Axis ELSS Tax Saver Fund - Direct Plan - Growth Option,Axis Mutual Fund,Equity Scheme - ELSS,2020-08-06,49.3785
120503,Axis ELSS Tax Saver Fund - Direct Plan - Growth Option,Axis Mutual Fund,Equity Scheme - ELSS,2020-08-07,49.7696
120503,Axis ELSS Tax Saver Fund - Direct Plan - Growth Option,Axis Mutual Fund,Equity Scheme - ELSS,2020-08-10,50.3349
120503,Axis ELSS Tax Saver Fund - Direct Plan - Growth Option,Axis Mutual Fund,Equity Scheme - ELSS,2020-08-11,50.333
120503,Axis ELSS Tax Saver Fund - Direct Plan - Growth Option,Axis Mutual Fund,Equity Scheme - ELSS,2020-08-12,50.1173
120503,Axis ELSS Tax Saver Fund - Direct Plan - Growth Option,Axis Mutual Fund,Equity Scheme - ELSS,2020-08-13,50.2208
120503,Axis ELSS Tax Saver Fund - Direct Plan - Growth Option,Axis Mutual Fund,Equity Scheme - ELSS,2020-08-14,49.6459
120503,Axis ELSS Tax Saver Fund - Direct Plan - Growth Option,Axis Mutual Fund,Equity Scheme - ELSS,2020-08-17,50.0781
120503,Axis ELSS Tax Saver Fund - Direct Plan - Growth Option,Axis Mutual Fund,Equity Scheme - ELSS,2020-08-18,50.7373
120503,Axis ELSS Tax Saver Fund - Direct Plan - Growth Option,Axis Mutual Fund,Equity Scheme - ELSS,2020-08-19,50.8747
120503,Axis ELSS Tax Saver Fund - Direct Plan - Growth Option,Axis Mutual Fund,Equity Scheme - ELSS,2020-08-20,50.7888
120503,Axis ELSS Tax Saver Fund - Direct Plan - Growth Option,Axis Mutual Fund,Equity Scheme - ELSS,2020-08-21,51.046
120503,Axis ELSS Tax Saver Fund - Direct Plan - Growth Option,Axis Mutual Fund,Equity Scheme - ELSS,2020-08-24,51.5292
120503,Axis ELSS Tax Saver Fund - Direct Plan - Growth Option,Axis Mutual Fund,Equity Scheme - ELSS,2020-08-25,51.8047
120503,Axis ELSS Tax Saver Fund - Direct Plan - Growth Option,Axis Mutual Fund,Equity Scheme - ELSS,2020-08-26,51.9163
120503,Axis ELSS Tax Saver Fund - Direct Plan - Growth Option,Axis Mutual Fund,Equity Scheme - ELSS,2020-08-27,51.8177
120503,Axis ELSS Tax Saver Fund - Direct Plan - Growth Option,Axis Mutual Fund,Equity Scheme - ELSS,2020-08-28,52.1529
120503,Axis ELSS Tax Saver Fund - Direct Plan - Growth Option,Axis Mutual Fund,Equity Scheme - ELSS,2020-08-31,50.578
120503,Axis ELSS Tax Saver Fund - Direct Plan - Growth Option,Axis Mutual Fund,Equity Scheme - ELSS,2020-09-01,51.2617
120503,Axis ELSS Tax Saver Fund - Direct Plan - Growth Option,Axis Mutual Fund,Equity Scheme - ELSS,2020-09-02,51.5632
120503,Axis ELSS Tax Saver Fund - Direct Plan - Growth Option,Axis Mutual Fund,Equity Scheme - ELSS,2020-09-03,51.7669
120503,Axis ELSS Tax Saver Fund - Direct Plan - Growth Option,Axis Mutual Fund,Equity Scheme - ELSS,2020-09-04,51.1327
120503,Axis ELSS Tax Saver Fund - Direct Plan - Growth Option,Axis Mutual Fund,Equity Scheme - ELSS,2020-09-07,50.997
120503,Axis ELSS Tax Saver Fund - Direct Plan - Growth Option,Axis Mutual Fund,Equity Scheme - ELSS,2020-09-08,50.6846
120503,Axis ELSS Tax Saver Fund - Direct Plan - Growth Option,Axis Mutual Fund,Equity Scheme - ELSS,2020-09-09,50.3218
120503,Axis ELSS Tax Saver Fund - Direct Plan - Growth Option,Axis Mutual Fund,Equity Scheme - ELSS,2020-09-10,50.6651
120503,Axis ELSS Tax Saver Fund - Direct Plan - Growth Option,Axis Mutual Fund,Equity Scheme - ELSS,2020-09-11,50.7472
120503,Axis ELSS Tax Saver Fund - Direct Plan - Growth Option,Axis Mutual Fund,Equity Scheme - ELSS,2020-09-14,50.833
120503,Axis ELSS Tax Saver Fund - Direct Plan - Growth Option,Axis Mutual Fund,Equity Scheme - ELSS,2020-09-15,51.2406
120503,Axis ELSS Tax Saver Fund - Direct Plan - Growth Option,Axis Mutual Fund,Equity Scheme - ELSS,2020-09-16,51.5236
120503,Axis ELSS Tax Saver Fund - Direct Plan - Growth Option,Axis Mutual Fund,Equity Scheme - ELSS,2020-09-17,51.2436
120503,Axis ELSS Tax Saver Fund - Direct Plan - Growth Option,Axis Mutual Fund,Equity Scheme - ELSS,2020-09-18,51.1081
120503,Axis ELSS Tax Saver Fund - Direct Plan - Growth Option,Axis Mutual Fund,Equity Scheme - ELSS,2020-09-21,49.8814
120503,Axis ELSS Tax Saver Fund - Direct Plan - Growth Option,Axis Mutual Fund,Equity Scheme - ELSS,2020-09-22,49.5275
120503,Axis ELSS Tax Saver Fund - Direct Plan - Growth Option,Axis Mutual Fund,Equity Scheme - ELSS,2020-09-23,49.3347
120503,Axis ELSS Tax Saver Fund - Direct Plan - Growth Option,Axis Mutual Fund,Equity Scheme - ELSS,2020-09-24,48.0502
120503,Axis ELSS Tax Saver Fund - Direct Plan - Growth Option,Axis Mutual Fund,Equity Scheme - ELSS,2020-09-25,49.1743
120503,Axis ELSS Tax Saver Fund - Direct Plan - Growth Option,Axis Mutual Fund,Equity Scheme - ELSS,2020-09-28,50.1929
120503,Axis ELSS Tax Saver Fund - Direct Plan - Growth Option,Axis Mutual Fund,Equity Scheme - ELSS,2020-09-29,50.3304
120503,Axis ELSS Tax Saver Fund - Direct Plan - Growth Option,Axis Mutual Fund,Equity Scheme - ELSS,2020-09-30,50.5719
120503,Axis ELSS Tax Saver Fund - Direct Plan - Growth Option,Axis Mutual Fund,Equity Scheme - ELSS,2020-10-01,51.2488
120503,Axis ELSS Tax Saver Fund - Direct Plan - Growth Option,Axis Mutual Fund,Equity Scheme - ELSS,2020-10-05,51.3416
120503,Axis ELSS Tax Saver Fund - Direct Plan - Growth Option,Axis Mutual Fund,Equity Scheme - ELSS,2020-10-06,51.8471
120503,Axis ELSS Tax Saver Fund - Direct Plan - Growth Option,Axis Mutual Fund,Equity Scheme - ELSS,2020-10-07,51.769
120503,Axis ELSS Tax Saver Fund - Direct Plan - Growth Option,Axis Mutual Fund,Equity Scheme - ELSS,2020-10-08,52.0817
120503,Axis ELSS Tax Saver Fund - Direct Plan - Growth Option,Axis Mutual Fund,Equity Scheme - ELSS,2020-10-09,52.0684
120503,Axis ELSS Tax Saver Fund - Direct Plan - Growth Option,Axis Mutual Fund,Equity Scheme - ELSS,2020-10-12,52.0031
120503,Axis ELSS Tax Saver Fund - Direct Plan - Growth Option,Axis Mutual Fund,Equity Scheme - ELSS,2020-10-13,51.7895
120503,Axis ELSS Tax Saver Fund - Direct Plan - Growth Option,Axis Mutual Fund,Equity Scheme - ELSS,2020-10-14,52.1671
120503,Axis ELSS Tax Saver Fund - Direct Plan - Growth Option,Axis Mutual Fund,Equity Scheme - ELSS,2020-10-15,51.0383
120503,Axis ELSS Tax Saver Fund - Direct Plan - Growth Option,Axis Mutual Fund,Equity Scheme - ELSS,2020-10-16,51.5
120503,Axis ELSS Tax Saver Fund - Direct Plan - Growth Option,Axis Mutual Fund,Equity Scheme - ELSS,2020-10-19,51.7939
120503,Axis ELSS Tax Saver Fund - Direct Plan - Growth Option,Axis Mutual Fund,Equity Scheme - ELSS,2020-10-20,51.9759
120503,Axis ELSS Tax Saver Fund - Direct Plan - Growth Option,Axis Mutual Fund,Equity Scheme - ELSS,2020-10-21,51.8558
120503,Axis ELSS Tax Saver Fund - Direct Plan - Growth Option,Axis Mutual Fund,Equity Scheme - ELSS,2020-10-22,51.8735
120503,Axis ELSS Tax Saver Fund - Direct Plan - Growth Option,Axis Mutual Fund,Equity Scheme - ELSS,2020-10-23,52.3818
120503,Axis ELSS Tax Saver Fund - Direct Plan - Growth Option,Axis Mutual Fund,Equity Scheme - ELSS,2020-10-26,52.0546
120503,Axis ELSS Tax Saver Fund - Direct Plan - Growth Option,Axis Mutual Fund,Equity Scheme - ELSS,2020-10-27,53.3319
120503,Axis ELSS Tax Saver Fund - Direct Plan - Growth Option,Axis Mutual Fund,Equity Scheme - ELSS,2020-10-28,52.7335
120503,Axis ELSS Tax Saver Fund - Direct Plan - Growth Option,Axis Mutual Fund,Equity Scheme - ELSS,2020-10-29,52.8208
120503,Axis ELSS Tax Saver Fund - Direct Plan - Growth Option,Axis Mutual Fund,Equity Scheme - ELSS,2020-10-30,52.6432
120503,Axis ELSS Tax Saver Fund - Direct Plan - Growth Option,Axis Mutual Fund,Equity Scheme - ELSS,2020-11-02,52.8932
120503,Axis ELSS Tax Saver Fund - Direct Plan - Growth Option,Axis Mutual Fund,Equity Scheme - ELSS,2020-11-03,53.4532
120503,Axis ELSS Tax Saver Fund - Direct Plan - Growth Option,Axis Mutual Fund,Equity Scheme - ELSS,2020-11-04,54.0352
120503,Axis ELSS Tax Saver Fund - Direct Plan - Growth Option,Axis Mutual Fund,Equity Scheme - ELSS,2020-11-05,54.9099
120503,Axis ELSS Tax Saver Fund - Direct Plan - Growth Option,Axis Mutual Fund,Equity Scheme - ELSS,2020-11-06,55.3169
120503,Axis ELSS Tax Saver Fund - Direct Plan - Growth Option,Axis Mutual Fund,Equity Scheme - ELSS,2020-11-09,55.9657
120503,Axis ELSS Tax Saver Fund - Direct Plan - Growth Option,Axis Mutual Fund,Equity Scheme - ELSS,2020-11-10,56.2903
120503,Axis ELSS Tax Saver Fund - Direct Plan - Growth Option,Axis Mutual Fund,Equity Scheme - ELSS,2020-11-11,56.9431
120503,Axis ELSS Tax Saver Fund - Direct Plan - Growth Option,Axis Mutual Fund,Equity Scheme - ELSS,2020-11-12,56.9553
120503,Axis ELSS Tax Saver Fund - Direct Plan - Growth Option,Axis Mutual Fund,Equity Scheme - ELSS,2020-11-13,57.2281
120503,Axis ELSS Tax Saver Fund - Direct Plan - Growth Option,Axis Mutual Fund,Equity Scheme - ELSS,2020-11-17,58.2212
120503,Axis ELSS Tax Saver Fund - Direct Plan - Growth Option,Axis Mutual Fund,Equity Scheme - ELSS,2020-11-18,58.5899
120503,Axis ELSS Tax Saver Fund - Direct Plan - Growth Option,Axis Mutual Fund,Equity Scheme - ELSS,2020-11-19,58.0742
120503,Axis ELSS Tax Saver Fund - Direct Plan - Growth Option,Axis Mutual Fund,Equity Scheme - ELSS,2020-11-20,59.1344
120503,Axis ELSS Tax Saver Fund - Direct Plan - Growth Option,Axis Mutual Fund,Equity Scheme - ELSS,2020-11-23,59.8224
120503,Axis ELSS Tax Saver Fund - Direct Plan - Growth Option,Axis Mutual Fund,Equity Scheme - ELSS,2020-11-24,60.1029
120503,Axis ELSS Tax Saver Fund - Direct Plan - Growth Option,Axis Mutual Fund,Equity Scheme - ELSS,2020-11-25,59.1082
120503,Axis ELSS Tax Saver Fund - Direct Plan - Growth Option,Axis Mutual Fund,Equity Scheme - ELSS,2020-11-26,59.7982
120503,Axis ELSS Tax Saver Fund - Direct Plan - Growth Option,Axis Mutual Fund,Equity Scheme - ELSS,2020-11-27,60.2353
120503,Axis ELSS Tax Saver Fund - Direct Plan - Growth Option,Axis Mutual Fund,Equity Scheme - ELSS,2020-12-01,60.5083
120503,Axis ELSS Tax Saver Fund - Direct Plan - Growth Option,Axis Mutual Fund,Equity Scheme - ELSS,2020-12-02,60.3507
120503,Axis ELSS Tax Saver Fund - Direct Plan - Growth Option,Axis Mutual Fund,Equity Scheme - ELSS,2020-12-03,60.7394
120503,Axis ELSS Tax Saver Fund - Direct Plan - Growth Option,Axis Mutual Fund,Equity Scheme - ELSS,2020-12-04,61.0214
120503,Axis ELSS Tax Saver Fund - Direct Plan - Growth Option,Axis Mutual Fund,Equity Scheme - ELSS,2020-12-07,61.1734
120503,Axis ELSS Tax Saver Fund - Direct Plan - Growth Option,Axis Mutual Fund,Equity Scheme - ELSS,2020-12-08,61.3644
120503,Axis ELSS Tax Saver Fund - Direct Plan - Growth Option,Axis Mutual Fund,Equity Scheme - ELSS,2020-12-09,61.8566
120503,Axis ELSS Tax Saver Fund - Direct Plan - Growth Option,Axis Mutual Fund,Equity Scheme - ELSS,2020-12-10,61.9425
120503,Axis ELSS Tax Saver Fund - Direct Plan - Growth Option,Axis Mutual Fund,Equity Scheme - ELSS,2020-12-11,61.9606
120503,Axis ELSS Tax Saver Fund - Direct Plan - Growth Option,Axis Mutual Fund,Equity Scheme - ELSS,2020-12-14,62.2695
120503,Axis ELSS Tax Saver Fund - Direct Plan - Growth Option,Axis Mutual Fund,Equity Scheme - ELSS,2020-12-15,62.6215
120503,Axis ELSS Tax Saver Fund - Direct Plan - Growth Option,Axis Mutual Fund,Equity Scheme - ELSS,2020-12-16,62.9874
120503,Axis ELSS Tax Saver Fund - Direct Plan - Growth Option,Axis Mutual Fund,Equity Scheme - ELSS,2020-12-17,63.309
120503,Axis ELSS Tax Saver Fund - Direct Plan - Growth Option,Axis Mutual Fund,Equity Scheme - ELSS,2020-12-18,63.654
120503,Axis ELSS Tax Saver Fund - Direct Plan - Growth Option,Axis Mutual Fund,Equity Scheme - ELSS,2020-12-21,61.9754
120503,Axis ELSS Tax Saver Fund - Direct Plan - Growth Option,Axis Mutual Fund,Equity Scheme - ELSS,2020-12-22,62.375
120503,Axis ELSS Tax Saver Fund - Direct Plan - Growth Option,Axis Mutual Fund,Equity Scheme - ELSS,2020-12-23,63.0442
120503,Axis ELSS Tax Saver Fund - Direct Plan - Growth Option,Axis Mutual Fund,Equity Scheme - ELSS,2020-12-24,63.4684
120503,Axis ELSS Tax Saver Fund - Direct Plan - Growth Option,Axis Mutual Fund,Equity Scheme - ELSS,2020-12-28,63.9489
120503,Axis ELSS Tax Saver Fund - Direct Plan - Growth Option,Axis Mutual Fund,Equity Scheme - ELSS,2020-12-29,64.0114
120503,Axis ELSS Tax Saver Fund - Direct Plan - Growth Option,Axis Mutual Fund,Equity Scheme - ELSS,2020-12-30,64.5447
120503,Axis ELSS Tax Saver Fund - Direct Plan - Growth Option,Axis Mutual Fund,Equity Scheme - ELSS,2020-12-31,64.6805
120503,Axis ELSS Tax Saver Fund - Direct Plan - Growth Option,Axis Mutual Fund,Equity Scheme - ELSS,2021-01-01,64.982
120503,Axis ELSS Tax Saver Fund - Direct Plan - Growth Option,Axis Mutual Fund,Equity Scheme - ELSS,2021-01-04,65.5681
120503,Axis ELSS Tax Saver Fund - Direct Plan - Growth Option,Axis Mutual Fund,Equity Scheme - ELSS,2021-01-05,66.3871
120503,Axis ELSS Tax Saver Fund - Direct Plan - Growth Option,Axis Mutual Fund,Equity Scheme - ELSS,2021-01-06,65.8741
120503,Axis ELSS Tax Saver Fund - Direct Plan - Growth Option,Axis Mutual Fund,Equity Scheme - ELSS,2021-01-07,65.7504
120503,Axis ELSS Tax Saver Fund - Direct Plan - Growth Option,Axis Mutual Fund,Equity Scheme - ELSS,2021-01-08,66.77
120503,Axis ELSS Tax Saver Fund - Direct Plan - Growth Option,Axis Mutual Fund,Equity Scheme - ELSS,2021-01-11,67.1855
120503,Axis ELSS Tax Saver Fund - Direct Plan - Growth Option,Axis Mutual Fund,Equity Scheme - ELSS,2021-01-12,66.9093
120503,Axis ELSS Tax Saver Fund - Direct Plan - Growth Option,Axis Mutual Fund,Equity Scheme - ELSS,2021-01-13,66.0534
120503,Axis ELSS Tax Saver Fund - Direct Plan - Growth Option,Axis Mutual Fund,Equity Scheme - ELSS,2021-01-14,66.0755
120503,Axis ELSS Tax Saver Fund - Direct Plan - Growth Option,Axis Mutual Fund,Equity Scheme - ELSS,2021-01-15,65.1807
120503,Axis ELSS Tax Saver Fund - Direct Plan - Growth Option,Axis Mutual Fund,Equity Scheme - ELSS,2021-01-18,63.9697
120503,Axis ELSS Tax Saver Fund - Direct Plan - Growth Option,Axis Mutual Fund,Equity Scheme - ELSS,2021-01-19,65.1644
120503,Axis ELSS Tax Saver Fund - Direct Plan - Growth Option,Axis Mutual Fund,Equity Scheme - ELSS,2021-01-20,65.6415
120503,Axis ELSS Tax Saver Fund - Direct Plan - Growth Option,Axis Mutual Fund,Equity Scheme - ELSS,2021-01-21,65.3636
120503,Axis ELSS Tax Saver Fund - Direct Plan - Growth Option,Axis Mutual Fund,Equity Scheme - ELSS,2021-01-22,65.0458
120503,Axis ELSS Tax Saver Fund - Direct Plan - Growth Option,Axis Mutual Fund,Equity Scheme - ELSS,2021-01-25,64.4204
120503,Axis ELSS Tax Saver Fund - Direct Plan - Growth Option,Axis Mutual Fund,Equity Scheme - ELSS,2021-01-27,63.2001
120503,Axis ELSS Tax Saver Fund - Direct Plan - Growth Option,Axis Mutual Fund,Equity Scheme - ELSS,2021-01-28,62.2646
120503,Axis ELSS Tax Saver Fund - Direct Plan - Growth Option,Axis Mutual Fund,Equity Scheme - ELSS,2021-01-29,61.0128
120503,Axis ELSS Tax Saver Fund - Direct Plan - Growth Option,Axis Mutual Fund,Equity Scheme - ELSS,2021-02-01,63.2909
120503,Axis ELSS Tax Saver Fund - Direct Plan - Growth Option,Axis Mutual Fund,Equity Scheme - ELSS,2021-02-02,64.9817
120503,Axis ELSS Tax Saver Fund - Direct Plan - Growth Option,Axis Mutual Fund,Equity Scheme - ELSS,2021-02-03,65.4614
120503,Axis ELSS Tax Saver Fund - Direct Plan - Growth Option,Axis Mutual Fund,Equity Scheme - ELSS,2021-02-04,66.216
120503,Axis ELSS Tax Saver Fund - Direct Plan - Growth Option,Axis Mutual Fund,Equity Scheme - ELSS,2021-02-05,66.3772
120503,Axis ELSS Tax Saver Fund - Direct Plan - Growth Option,Axis Mutual Fund,Equity Scheme - ELSS,2021-02-08,67.1298
120503,Axis ELSS Tax Saver Fund - Direct Plan - Growth Option,Axis Mutual Fund,Equity Scheme - ELSS,2021-02-09,66.9563
120503,Axis ELSS Tax Saver Fund - Direct Plan - Growth Option,Axis Mutual Fund,Equity Scheme - ELSS,2021-02-10,67.59
120503,Axis ELSS Tax Saver Fund - Direct Plan - Growth Option,Axis Mutual Fund,Equity Scheme - ELSS,2021-02-11,68.1178
120503,Axis ELSS Tax Saver Fund - Direct Plan - Growth Option,Axis Mutual Fund,Equity Scheme - ELSS,2021-02-12,68.1007
120503,Axis ELSS Tax Saver Fund - Direct Plan - Growth Option,Axis Mutual Fund,Equity Scheme - ELSS,2021-02-15,69.3997
120503,Axis ELSS Tax Saver Fund - Direct Plan - Growth Option,Axis Mutual Fund,Equity Scheme - ELSS,2021-02-16,69.3418
120503,Axis ELSS Tax Saver Fund - Direct Plan - Growth Option,Axis Mutual Fund,Equity Scheme - ELSS,2021-02-17,68.6967
120503,Axis ELSS Tax Saver Fund - Direct Plan - Growth Option,Axis Mutual Fund,Equity Scheme - ELSS,2021-02-18,68.5185
120503,Axis ELSS Tax Saver Fund - Direct Plan - Growth Option,Axis Mutual Fund,Equity Scheme - ELSS,2021-02-19,67.9212
120503,Axis ELSS Tax Saver Fund - Direct Plan - Growth Option,Axis Mutual Fund,Equity Scheme - ELSS,2021-02-22,66.7885
120503,Axis ELSS Tax Saver Fund - Direct Plan - Growth Option,Axis Mutual Fund,Equity Scheme - ELSS,2021-02-23,66.8644
120503,Axis ELSS Tax Saver Fund - Direct Plan - Growth Option,Axis Mutual Fund,Equity Scheme - ELSS,2021-02-24,67.3751
120503,Axis ELSS Tax Saver Fund - Direct Plan - Growth Option,Axis Mutual Fund,Equity Scheme - ELSS,2021-02-25,67.5493
120503,Axis ELSS Tax Saver Fund - Direct Plan - Growth Option,Axis Mutual Fund,Equity Scheme - ELSS,2021-02-26,65.7906
120503,Axis ELSS Tax Saver Fund - Direct Plan - Growth Option,Axis Mutual Fund,Equity Scheme - ELSS,2021-03-01,66.6336
120503,Axis ELSS Tax Saver Fund - Direct Plan - Growth Option,Axis Mutual Fund,Equity Scheme - ELSS,2021-03-02,67.814
120503,Axis ELSS Tax Saver Fund - Direct Plan - Growth Option,Axis Mutual Fund,Equity Scheme - ELSS,2021-03-03,69.1273
120503,Axis ELSS Tax Saver Fund - Direct Plan - Growth Option,Axis Mutual Fund,Equity Scheme - ELSS,2021-03-04,68.9431
120503,Axis ELSS Tax Saver Fund - Direct Plan - Growth Option,Axis Mutual Fund,Equity Scheme - ELSS,2021-03-05,68.454
120503,Axis ELSS Tax Saver Fund - Direct Plan - Growth Option,Axis Mutual Fund,Equity Scheme - ELSS,2021-03-08,68.0512
120503,Axis ELSS Tax Saver Fund - Direct Plan - Growth Option,Axis Mutual Fund,Equity Scheme - ELSS,2021-03-09,68.541
120503,Axis ELSS Tax Saver Fund - Direct Plan - Growth Option,Axis Mutual Fund,Equity Scheme - ELSS,2021-03-10,68.9064
120503,Axis ELSS Tax Saver Fund - Direct Plan - Growth Option,Axis Mutual Fund,Equity Scheme - ELSS,2021-03-12,68.3853
120503,Axis ELSS Tax Saver Fund - Direct Plan - Growth Option,Axis Mutual Fund,Equity Scheme - ELSS,2021-03-15,67.9814
120503,Axis ELSS Tax Saver Fund - Direct Plan - Growth Option,Axis Mutual Fund,Equity Scheme - ELSS,2021-03-16,68.0344
120503,Axis ELSS Tax Saver Fund - Direct Plan - Growth Option,Axis Mutual Fund,Equity Scheme - ELSS,2021-03-17,67.2323
120503,Axis ELSS Tax Saver Fund - Direct Plan - Growth Option,Axis Mutual Fund,Equity Scheme - ELSS,2021-03-18,66.2719
120503,Axis ELSS Tax Saver Fund - Direct Plan - Growth Option,Axis Mutual Fund,Equity Scheme - ELSS,2021-03-19,66.7529
120503,Axis ELSS Tax Saver Fund - Direct Plan - Growth Option,Axis Mutual Fund,Equity Scheme - ELSS,2021-03-22,66.8021
120503,Axis ELSS Tax Saver Fund - Direct Plan - Growth Option,Axis Mutual Fund,Equity Scheme - ELSS,2021-03-23,67.2521
120503,Axis ELSS Tax Saver Fund - Direct Plan - Growth Option,Axis Mutual Fund,Equity Scheme - ELSS,2021-03-24,66.1412
120503,Axis ELSS Tax Saver Fund - Direct Plan - Growth Option,Axis Mutual Fund,Equity Scheme - ELSS,2021-03-25,64.864
120503,Axis ELSS Tax Saver Fund - Direct Plan - Growth Option,Axis Mutual Fund,Equity Scheme - ELSS,2021-03-26,65.7904
120503,Axis ELSS Tax Saver Fund - Direct Plan - Growth Option,Axis Mutual Fund,Equity Scheme - ELSS,2021-03-30,66.5679
120503,Axis ELSS Tax Saver Fund - Direct Plan - Growth Option,Axis Mutual Fund,Equity Scheme - ELSS,2021-03-31,66.3499
120503,Axis ELSS Tax Saver Fund - Direct Plan - Growth Option,Axis Mutual Fund,Equity Scheme - ELSS,2021-04-01,67.0371
120503,Axis ELSS Tax Saver Fund - Direct Plan - Growth Option,Axis Mutual Fund,Equity Scheme - ELSS,2021-04-05,66.1132
120503,Axis ELSS Tax Saver Fund - Direct Plan - Growth Option,Axis Mutual Fund,Equity Scheme - ELSS,2021-04-06,66.3985
120503,Axis ELSS Tax Saver Fund - Direct Plan - Growth Option,Axis Mutual Fund,Equity Scheme - ELSS,2021-04-07,67.4155
120503,Axis ELSS Tax Saver Fund - Direct Plan - Growth Option,Axis Mutual Fund,Equity Scheme - ELSS,2021-04-08,67.8958
120503,Axis ELSS Tax Saver Fund - Direct Plan - Growth Option,Axis Mutual Fund,Equity Scheme - ELSS,2021-04-09,67.7033
120503,Axis ELSS Tax Saver Fund - Direct Plan - Growth Option,Axis Mutual Fund,Equity Scheme - ELSS,2021-04-12,65.222
120503,Axis ELSS Tax Saver Fund - Direct Plan - Growth Option,Axis Mutual Fund,Equity Scheme - ELSS,2021-04-13,65.5948
120503,Axis ELSS Tax Saver Fund - Direct Plan - Growth Option,Axis Mutual Fund,Equity Scheme - ELSS,2021-04-15,65.7774
120503,Axis ELSS Tax Saver Fund - Direct Plan - Growth Option,Axis Mutual Fund,Equity Scheme - ELSS,2021-04-16,66.3723
120503,Axis ELSS Tax Saver Fund - Direct Plan - Growth Option,Axis Mutual Fund,Equity Scheme - ELSS,2021-04-19,65.0908
120503,Axis ELSS Tax Saver Fund - Direct Plan - Growth Option,Axis Mutual Fund,Equity Scheme - ELSS,2021-04-20,65.0174
120503,Axis ELSS Tax Saver Fund - Direct Plan - Growth Option,Axis Mutual Fund,Equity Scheme - ELSS,2021-04-22,65.4039
120503,Axis ELSS Tax Saver Fund - Direct Plan - Growth Option,Axis Mutual Fund,Equity Scheme - ELSS,2021-04-23,65.4656
120503,Axis ELSS Tax Saver Fund - Direct Plan - Growth Option,Axis Mutual Fund,Equity Scheme - ELSS,2021-04-26,65.8562
120503,Axis ELSS Tax Saver Fund - Direct Plan - Growth Option,Axis Mutual Fund,Equity Scheme - ELSS,2021-04-27,66.5924
120503,Axis ELSS Tax Saver Fund - Direct Plan - Growth Option,Axis Mutual Fund,Equity Scheme - ELSS,2021-04-28,67.9358
120503,Axis ELSS Tax Saver Fund - Direct Plan - Growth Option,Axis Mutual Fund,Equity Scheme - ELSS,2021-04-29,68.0292
120503,Axis ELSS Tax Saver Fund - Direct Plan - Growth Option,Axis Mutual Fund,Equity Scheme - ELSS,2021-04-30,66.9264
120503,Axis ELSS Tax Saver Fund - Direct Plan - Growth Option,Axis Mutual Fund,Equity Scheme - ELSS,2021-05-03,67.0875
120503,Axis ELSS Tax Saver Fund - Direct Plan - Growth Option,Axis Mutual Fund,Equity Scheme - ELSS,2021-05-04,66.6541
120503,Axis ELSS Tax Saver Fund - Direct Plan - Growth Option,Axis Mutual Fund,Equity Scheme - ELSS,2021-05-05,67.165
120503,Axis ELSS Tax Saver Fund - Direct Plan - Growth Option,Axis Mutual Fund,Equity Scheme - ELSS,2021-05-06,67.5074
120503,Axis ELSS Tax Saver Fund - Direct Plan - Growth Option,Axis Mutual Fund,Equity Scheme - ELSS,2021-05-07,67.558
120503,Axis ELSS Tax Saver Fund - Direct Plan - Growth Option,Axis Mutual Fund,Equity Scheme - ELSS,2021-05-10,68.1078
120503,Axis ELSS Tax Saver Fund - Direct Plan - Growth Option,Axis Mutual Fund,Equity Scheme - ELSS,2021-05-11,67.5422
120503,Axis ELSS Tax Saver Fund - Direct Plan - Growth Option,Axis Mutual Fund,Equity Scheme - ELSS,2021-05-12,66.9675
120503,Axis ELSS Tax Saver Fund - Direct Plan - Growth Option,Axis Mutual Fund,Equity Scheme - ELSS,2021-05-14,66.5356
120503,Axis ELSS Tax Saver Fund - Direct Plan - Growth Option,Axis Mutual Fund,Equity Scheme - ELSS,2021-05-17,67.3697
120503,Axis ELSS Tax Saver Fund - Direct Plan - Growth Option,Axis Mutual Fund,Equity Scheme - ELSS,2021-05-18,68.7087
120503,Axis ELSS Tax Saver Fund - Direct Plan - Growth Option,Axis Mutual Fund,Equity Scheme - ELSS,2021-05-19,68.4275
120503,Axis ELSS Tax Saver Fund - Direct Plan - Growth Option,Axis Mutual Fund,Equity Scheme - ELSS,2021-05-20,68.1195
120503,Axis ELSS Tax Saver Fund - Direct Plan - Growth Option,Axis Mutual Fund,Equity Scheme - ELSS,2021-05-21,69.0525
120503,Axis ELSS Tax Saver Fund - Direct Plan - Growth Option,Axis Mutual Fund,Equity Scheme - ELSS,2021-05-24,69.0821
120503,Axis ELSS Tax Saver Fund - Direct Plan - Growth Option,Axis Mutual Fund,Equity Scheme - ELSS,2021-05-25,69.3104
120503,Axis ELSS Tax Saver Fund - Direct Plan - Growth Option,Axis Mutual Fund,Equity Scheme - ELSS,2021-05-26,69.8961
120503,Axis ELSS Tax Saver Fund - Direct Plan - Growth Option,Axis Mutual Fund,Equity Scheme - ELSS,2021-05-27,70.0134
120503,Axis ELSS Tax Saver Fund - Direct Plan - Growth Option,Axis Mutual Fund,Equity Scheme - ELSS,2021-05-28,69.8483
120503,Axis ELSS Tax Saver Fund - Direct Plan - Growth Option,Axis Mutual Fund,Equity Scheme - ELSS,2021-05-31,70.2453
120503,Axis ELSS Tax Saver Fund - Direct Plan - Growth Option,Axis Mutual Fund,Equity Scheme - ELSS,2021-06-01,70.3808
120503,Axis ELSS Tax Saver Fund - Direct Plan - Growth Option,Axis Mutual Fund,Equity Scheme - ELSS,2021-06-02,70.9471
120503,Axis ELSS Tax Saver Fund - Direct Plan - Growth Option,Axis Mutual Fund,Equity Scheme - ELSS,2021-06-03,71.495
120503,Axis ELSS Tax Saver Fund - Direct Plan - Growth Option,Axis Mutual Fund,Equity Scheme - ELSS,2021-06-04,71.582
120503,Axis ELSS Tax Saver Fund - Direct Plan - Growth Option,Axis Mutual Fund,Equity Scheme - ELSS,2021-06-07,71.6821
120503,Axis ELSS Tax Saver Fund - Direct Plan - Growth Option,Axis Mutual Fund,Equity Scheme - ELSS,2021-06-08,71.682
120503,Axis ELSS Tax Saver Fund - Direct Plan - Growth Option,Axis Mutual Fund,Equity Scheme - ELSS,2021-06-09,71.4079
120503,Axis ELSS Tax Saver Fund - Direct Plan - Growth Option,Axis Mutual Fund,Equity Scheme - ELSS,2021-06-10,72.3612
120503,Axis ELSS Tax Saver Fund - Direct Plan - Growth Option,Axis Mutual Fund,Equity Scheme - ELSS,2021-06-11,72.2529
120503,Axis ELSS Tax Saver Fund - Direct Plan - Growth Option,Axis Mutual Fund,Equity Scheme - ELSS,2021-06-14,72.4523
120503,Axis ELSS Tax Saver Fund - Direct Plan - Growth Option,Axis Mutual Fund,Equity Scheme - ELSS,2021-06-15,72.8587
120503,Axis ELSS Tax Saver Fund - Direct Plan - Growth Option,Axis Mutual Fund,Equity Scheme - ELSS,2021-06-16,72.6385
120503,Axis ELSS Tax Saver Fund - Direct Plan - Growth Option,Axis Mutual Fund,Equity Scheme - ELSS,2021-06-17,72.3683
120503,Axis ELSS Tax Saver Fund - Direct Plan - Growth Option,Axis Mutual Fund,Equity Scheme - ELSS,2021-06-18,72.1931
120503,Axis ELSS Tax Saver Fund - Direct Plan - Growth Option,Axis Mutual Fund,Equity Scheme - ELSS,2021-06-21,72.3846
120503,Axis ELSS Tax Saver Fund - Direct Plan - Growth Option,Axis Mutual Fund,Equity Scheme - ELSS,2021-06-22,72.5265
120503,Axis ELSS Tax Saver Fund - Direct Plan - Growth Option,Axis Mutual Fund,Equity Scheme - ELSS,2021-06-23,72.1387
120503,Axis ELSS Tax Saver Fund - Direct Plan - Growth Option,Axis Mutual Fund,Equity Scheme - ELSS,2021-06-24,72.5226
120503,Axis ELSS Tax Saver Fund - Direct Plan - Growth Option,Axis Mutual Fund,Equity Scheme - ELSS,2021-06-25,72.8784
120503,Axis ELSS Tax Saver Fund - Direct Plan - Growth Option,Axis Mutual Fund,Equity Scheme - ELSS,2021-06-28,72.8531
120503,Axis ELSS Tax Saver Fund - Direct Plan - Growth Option,Axis Mutual Fund,Equity Scheme - ELSS,2021-06-29,72.726
120503,Axis ELSS Tax Saver Fund - Direct Plan - Growth Option,Axis Mutual Fund,Equity Scheme - ELSS,2021-06-30,72.8723
120503,Axis ELSS Tax Saver Fund - Direct Plan - Growth Option,Axis Mutual Fund,Equity Scheme - ELSS,2021-07-01,73.1256
120503,Axis ELSS Tax Saver Fund - Direct Plan - Growth Option,Axis Mutual Fund,Equity Scheme - ELSS,2021-07-02,73.4383
120503,Axis ELSS Tax Saver Fund - Direct Plan - Growth Option,Axis Mutual Fund,Equity Scheme - ELSS,2021-07-05,74.02
120503,Axis ELSS Tax Saver Fund - Direct Plan - Growth Option,Axis Mutual Fund,Equity Scheme - ELSS,2021-07-06,73.9922
120503,Axis ELSS Tax Saver Fund - Direct Plan - Growth Option,Axis Mutual Fund,Equity Scheme - ELSS,2021-07-07,74.2331
120503,Axis ELSS Tax Saver Fund - Direct Plan - Growth Option,Axis Mutual Fund,Equity Scheme - ELSS,2021-07-08,73.9363
120503,Axis ELSS Tax Saver Fund - Direct Plan - Growth Option,Axis Mutual Fund,Equity Scheme - ELSS,2021-07-09,74.0795
120503,Axis ELSS Tax Saver Fund - Direct Plan - Growth Option,Axis Mutual Fund,Equity Scheme - ELSS,2021-07-12,74.0474
120503,Axis ELSS Tax Saver Fund - Direct Plan - Growth Option,Axis Mutual Fund,Equity Scheme - ELSS,2021-07-13,74.0438
120503,Axis ELSS Tax Saver Fund - Direct Plan - Growth Option,Axis Mutual Fund,Equity Scheme - ELSS,2021-07-14,74.218
120503,Axis ELSS Tax Saver Fund - Direct Plan - Growth Option,Axis Mutual Fund,Equity Scheme - ELSS,2021-07-15,74.2924
120503,Axis ELSS Tax Saver Fund - Direct Plan - Growth Option,Axis Mutual Fund,Equity Scheme - ELSS,2021-07-16,74.3636
120503,Axis ELSS Tax Saver Fund - Direct Plan - Growth Option,Axis Mutual Fund,Equity Scheme - ELSS,2021-07-19,73.9938
120503,Axis ELSS Tax Saver Fund - Direct Plan - Growth Option,Axis Mutual Fund,Equity Scheme - ELSS,2021-07-20,73.8128
120503,Axis ELSS Tax Saver Fund - Direct Plan - Growth Option,Axis Mutual Fund,Equity Scheme - ELSS,2021-07-22,74.5876
120503,Axis ELSS Tax Saver Fund - Direct Plan - Growth Option,Axis Mutual Fund,Equity Scheme - ELSS,2021-07-23,74.5025
120503,Axis ELSS Tax Saver Fund - Direct Plan - Growth Option,Axis Mutual Fund,Equity Scheme - ELSS,2021-07-26,74.4544
120503,Axis ELSS Tax Saver Fund - Direct Plan - Growth Option,Axis Mutual Fund,Equity Scheme - ELSS,2021-07-27,74.294
120503,Axis ELSS Tax Saver Fund - Direct Plan - Growth Option,Axis Mutual Fund,Equity Scheme - ELSS,2021-07-28,74.1284
120503,Axis ELSS Tax Saver Fund - Direct Plan - Growth Option,Axis Mutual Fund,Equity Scheme - ELSS,2021-07-29,74.5288
120503,Axis ELSS Tax Saver Fund - Direct Plan - Growth Option,Axis Mutual Fund,Equity Scheme - ELSS,2021-07-30,74.2211
120503,Axis ELSS Tax Saver Fund - Direct Plan - Growth Option,Axis Mutual Fund,Equity Scheme - ELSS,2021-08-02,75.0437
120503,Axis ELSS Tax Saver Fund - Direct Plan - Growth Option,Axis Mutual Fund,Equity Scheme - ELSS,2021-08-03,75.9397
120503,Axis ELSS Tax Saver Fund - Direct Plan - Growth Option,Axis Mutual Fund,Equity Scheme - ELSS,2021-08-04,76.021
120503,Axis ELSS Tax Saver Fund - Direct Plan - Growth Option,Axis Mutual Fund,Equity Scheme - ELSS,2021-08-05,76.008
120503,Axis ELSS Tax Saver Fund - Direct Plan - Growth Option,Axis Mutual Fund,Equity Scheme - ELSS,2021-08-06,75.8131
120503,Axis ELSS Tax Saver Fund - Direct Plan - Growth Option,Axis Mutual Fund,Equity Scheme - ELSS,2021-08-09,75.5804
120503,Axis ELSS Tax Saver Fund - Direct Plan - Growth Option,Axis Mutual Fund,Equity Scheme - ELSS,2021-08-10,75.5859
120503,Axis ELSS Tax Saver Fund - Direct Plan - Growth Option,Axis Mutual Fund,Equity Scheme - ELSS,2021-08-11,75.3045
120503,Axis ELSS Tax Saver Fund - Direct Plan - Growth Option,Axis Mutual Fund,Equity Scheme - ELSS,2021-08-12,75.6608
120503,Axis ELSS Tax Saver Fund - Direct Plan - Growth Option,Axis Mutual Fund,Equity Scheme - ELSS,2021-08-13,75.9653
120503,Axis ELSS Tax Saver Fund - Direct Plan - Growth Option,Axis Mutual Fund,Equity Scheme - ELSS,2021-08-16,76.0397
120503,Axis ELSS Tax Saver Fund - Direct Plan - Growth Option,Axis Mutual Fund,Equity Scheme - ELSS,2021-08-17,76.4159
120503,Axis ELSS Tax Saver Fund - Direct Plan - Growth Option,Axis Mutual Fund,Equity Scheme - ELSS,2021-08-18,76.6204
120503,Axis ELSS Tax Saver Fund - Direct Plan - Growth Option,Axis Mutual Fund,Equity Scheme - ELSS,2021-08-20,76.3521
120503,Axis ELSS Tax Saver Fund - Direct Plan - Growth Option,Axis Mutual Fund,Equity Scheme - ELSS,2021-08-23,76.715
120503,Axis ELSS Tax Saver Fund - Direct Plan - Growth Option,Axis Mutual Fund,Equity Scheme - ELSS,2021-08-24,77.6842
120503,Axis ELSS Tax Saver Fund - Direct Plan - Growth Option,Axis Mutual Fund,Equity Scheme - ELSS,2021-08-25,77.9829
120503,Axis ELSS Tax Saver Fund - Direct Plan - Growth Option,Axis Mutual Fund,Equity Scheme - ELSS,2021-08-26,78.268
120503,Axis ELSS Tax Saver Fund - Direct Plan - Growth Option,Axis Mutual Fund,Equity Scheme - ELSS,2021-08-27,78.8144
120503,Axis ELSS Tax Saver Fund - Direct Plan - Growth Option,Axis Mutual Fund,Equity Scheme - ELSS,2021-08-30,80.0445
120503,Axis ELSS Tax Saver Fund - Direct Plan - Growth Option,Axis Mutual Fund,Equity Scheme - ELSS,2021-08-31,81.2869
120503,Axis ELSS Tax Saver Fund - Direct Plan - Growth Option,Axis Mutual Fund,Equity Scheme - ELSS,2021-09-01,81.3088
120503,Axis ELSS Tax Saver Fund - Direct Plan - Growth Option,Axis Mutual Fund,Equity Scheme - ELSS,2021-09-02,81.864
120503,Axis ELSS Tax Saver Fund - Direct Plan - Growth Option,Axis Mutual Fund,Equity Scheme - ELSS,2021-09-03,82.0104
120503,Axis ELSS Tax Saver Fund - Direct Plan - Growth Option,Axis Mutual Fund,Equity Scheme - ELSS,2021-09-06,81.9726
120503,Axis ELSS Tax Saver Fund - Direct Plan - Growth Option,Axis Mutual Fund,Equity Scheme - ELSS,2021-09-07,81.7986
120503,Axis ELSS Tax Saver Fund - Direct Plan - Growth Option,Axis Mutual Fund,Equity Scheme - ELSS,2021-09-08,82.0739
120503,Axis ELSS Tax Saver Fund - Direct Plan - Growth Option,Axis Mutual Fund,Equity Scheme - ELSS,2021-09-09,82.255
120503,Axis ELSS Tax Saver Fund - Direct Plan - Growth Option,Axis Mutual Fund,Equity Scheme - ELSS,2021-09-13,82.6854
120503,Axis ELSS Tax Saver Fund - Direct Plan - Growth Option,Axis Mutual Fund,Equity Scheme - ELSS,2021-09-14,83.0189
120503,Axis ELSS Tax Saver Fund - Direct Plan - Growth Option,Axis Mutual Fund,Equity Scheme - ELSS,2021-09-15,83.3885
120503,Axis ELSS Tax Saver Fund - Direct Plan - Growth Option,Axis Mutual Fund,Equity Scheme - ELSS,2021-09-16,83.8102
120503,Axis ELSS Tax Saver Fund - Direct Plan - Growth Option,Axis Mutual Fund,Equity Scheme - ELSS,2021-09-17,83.7154
120503,Axis ELSS Tax Saver Fund - Direct Plan - Growth Option,Axis Mutual Fund,Equity Scheme - ELSS,2021-09-20,83.2059
120503,Axis ELSS Tax Saver Fund - Direct Plan - Growth Option,Axis Mutual Fund,Equity Scheme - ELSS,2021-09-21,84.2897
120503,Axis ELSS Tax Saver Fund - Direct Plan - Growth Option,Axis Mutual Fund,Equity Scheme - ELSS,2021-09-22,84.2283
120503,Axis ELSS Tax Saver Fund - Direct Plan - Growth Option,Axis Mutual Fund,Equity Scheme - ELSS,2021-09-23,85.1846
120503,Axis ELSS Tax Saver Fund - Direct Plan - Growth Option,Axis Mutual Fund,Equity Scheme - ELSS,2021-09-24,84.766
120503,Axis ELSS Tax Saver Fund - Direct Plan - Growth Option,Axis Mutual Fund,Equity Scheme - ELSS,2021-09-27,84.3182
120503,Axis ELSS Tax Saver Fund - Direct Plan - Growth Option,Axis Mutual Fund,Equity Scheme - ELSS,2021-09-28,83.2962
120503,Axis ELSS Tax Saver Fund - Direct Plan - Growth Option,Axis Mutual Fund,Equity Scheme - ELSS,2021-09-29,82.9626
120503,Axis ELSS Tax Saver Fund - Direct Plan - Growth Option,Axis Mutual Fund,Equity Scheme - ELSS,2021-09-30,82.8497
120503,Axis ELSS Tax Saver Fund - Direct Plan - Growth Option,Axis Mutual Fund,Equity Scheme - ELSS,2021-10-01,82.3533
120503,Axis ELSS Tax Saver Fund - Direct Plan - Growth Option,Axis Mutual Fund,Equity Scheme - ELSS,2021-10-04,83.6199
120503,Axis ELSS Tax Saver Fund - Direct Plan - Growth Option,Axis Mutual Fund,Equity Scheme - ELSS,2021-10-05,83.9434
120503,Axis ELSS Tax Saver Fund - Direct Plan - Growth Option,Axis Mutual Fund,Equity Scheme - ELSS,2021-10-06,83.3956
120503,Axis ELSS Tax Saver Fund - Direct Plan - Growth Option,Axis Mutual Fund,Equity Scheme - ELSS,2021-10-07,84.116
120503,Axis ELSS Tax Saver Fund - Direct Plan - Growth Option,Axis Mutual Fund,Equity Scheme - ELSS,2021-10-08,84.2722
120503,Axis ELSS Tax Saver Fund - Direct Plan - Growth Option,Axis Mutual Fund,Equity Scheme - ELSS,2021-10-11,84.9535
120503,Axis ELSS Tax Saver Fund - Direct Plan - Growth Option,Axis Mutual Fund,Equity Scheme - ELSS,2021-10-12,85.2721
120503,Axis ELSS Tax Saver Fund - Direct Plan - Growth Option,Axis Mutual Fund,Equity Scheme - ELSS,2021-10-13,86.6202
120503,Axis ELSS Tax Saver Fund - Direct Plan - Growth Option,Axis Mutual Fund,Equity Scheme - ELSS,2021-10-14,87.4659
120503,Axis ELSS Tax Saver Fund - Direct Plan - Growth Option,Axis Mutual Fund,Equity Scheme - ELSS,2021-10-18,86.906
120503,Axis ELSS Tax Saver Fund - Direct Plan - Growth Option,Axis Mutual Fund,Equity Scheme - ELSS,2021-10-19,86.1444
120503,Axis ELSS Tax Saver Fund - Direct Plan - Growth Option,Axis Mutual Fund,Equity Scheme - ELSS,2021-10-20,84.8923
120503,Axis ELSS Tax Saver Fund - Direct Plan - Growth Option,Axis Mutual Fund,Equity Scheme - ELSS,2021-10-21,84.6113
120503,Axis ELSS Tax Saver Fund - Direct Plan - Growth Option,Axis Mutual Fund,Equity Scheme - ELSS,2021-10-22,83.9738
120503,Axis ELSS Tax Saver Fund - Direct Plan - Growth Option,Axis Mutual Fund,Equity Scheme - ELSS,2021-10-25,82.4621
120503,Axis ELSS Tax Saver Fund - Direct Plan - Growth Option,Axis Mutual Fund,Equity Scheme - ELSS,2021-10-26,83.7637
120503,Axis ELSS Tax Saver Fund - Direct Plan - Growth Option,Axis Mutual Fund,Equity Scheme - ELSS,2021-10-27,84.0077
120503,Axis ELSS Tax Saver Fund - Direct Plan - Growth Option,Axis Mutual Fund,Equity Scheme - ELSS,2021-10-28,83.2316
120503,Axis ELSS Tax Saver Fund - Direct Plan - Growth Option,Axis Mutual Fund,Equity Scheme - ELSS,2021-10-29,82.6397
120503,Axis ELSS Tax Saver Fund - Direct Plan - Growth Option,Axis Mutual Fund,Equity Scheme - ELSS,2021-11-01,83.4744
120503,Axis ELSS Tax Saver Fund - Direct Plan - Growth Option,Axis Mutual Fund,Equity Scheme - ELSS,2021-11-02,83.3971
120503,Axis ELSS Tax Saver Fund - Direct Plan - Growth Option,Axis Mutual Fund,Equity Scheme - ELSS,2021-11-03,83.3546
120503,Axis ELSS Tax Saver Fund - Direct Plan - Growth Option,Axis Mutual Fund,Equity Scheme - ELSS,2021-11-08,84.5536
120503,Axis ELSS Tax Saver Fund - Direct Plan - Growth Option,Axis Mutual Fund,Equity Scheme - ELSS,2021-11-09,84.4667
120503,Axis ELSS Tax Saver Fund - Direct Plan - Growth Option,Axis Mutual Fund,Equity Scheme - ELSS,2021-11-10,84.6363
120503,Axis ELSS Tax Saver Fund - Direct Plan - Growth Option,Axis Mutual Fund,Equity Scheme - ELSS,2021-11-11,84.2245
120503,Axis ELSS Tax Saver Fund - Direct Plan - Growth Option,Axis Mutual Fund,Equity Scheme - ELSS,2021-11-12,85.3485
120503,Axis ELSS Tax Saver Fund - Direct Plan - Growth Option,Axis Mutual Fund,Equity Scheme - ELSS,2021-11-15,85.4638
120503,Axis ELSS Tax Saver Fund - Direct Plan - Growth Option,Axis Mutual Fund,Equity Scheme - ELSS,2021-11-16,85.7294
120503,Axis ELSS Tax Saver Fund - Direct Plan - Growth Option,Axis Mutual Fund,Equity Scheme - ELSS,2021-11-17,85.3839
120503,Axis ELSS Tax Saver Fund - Direct Plan - Growth Option,Axis Mutual Fund,Equity Scheme - ELSS,2021-11-18,84.4609
120503,Axis ELSS Tax Saver Fund - Direct Plan - Growth Option,Axis Mutual Fund,Equity Scheme - ELSS,2021-11-22,81.8661
120503,Axis ELSS Tax Saver Fund - Direct Plan - Growth Option,Axis Mutual Fund,Equity Scheme - ELSS,2021-11-23,82.4535
120503,Axis ELSS Tax Saver Fund - Direct Plan - Growth Option,Axis Mutual Fund,Equity Scheme - ELSS,2021-11-24,82.3818
120503,Axis ELSS Tax Saver Fund - Direct Plan - Growth Option,Axis Mutual Fund,Equity Scheme - ELSS,2021-11-25,82.6405
120503,Axis ELSS Tax Saver Fund - Direct Plan - Growth Option,Axis Mutual Fund,Equity Scheme - ELSS,2021-11-26,80.5581
120503,Axis ELSS Tax Saver Fund - Direct Plan - Growth Option,Axis Mutual Fund,Equity Scheme - ELSS,2021-11-29,80.6496
120503,Axis ELSS Tax Saver Fund - Direct Plan - Growth Option,Axis Mutual Fund,Equity Scheme - ELSS,2021-11-30,80.8104
120503,Axis ELSS Tax Saver Fund - Direct Plan - Growth Option,Axis Mutual Fund,Equity Scheme - ELSS,2021-12-01,81.2494
120503,Axis ELSS Tax Saver Fund - Direct Plan - Growth Option,Axis Mutual Fund,Equity Scheme - ELSS,2021-12-02,82.3468
120503,Axis ELSS Tax Saver Fund - Direct Plan - Growth Option,Axis Mutual Fund,Equity Scheme - ELSS,2021-12-03,81.7367
120503,Axis ELSS Tax Saver Fund - Direct Plan - Growth Option,Axis Mutual Fund,Equity Scheme - ELSS,2021-12-06,80.1411
120503,Axis ELSS Tax Saver Fund - Direct Plan - Growth Option,Axis Mutual Fund,Equity Scheme - ELSS,2021-12-07,81.2636
120503,Axis ELSS Tax Saver Fund - Direct Plan - Growth Option,Axis Mutual Fund,Equity Scheme - ELSS,2021-12-08,82.3253
120503,Axis ELSS Tax Saver Fund - Direct Plan - Growth Option,Axis Mutual Fund,Equity Scheme - ELSS,2021-12-09,82.4078
120503,Axis ELSS Tax Saver Fund - Direct Plan - Growth Option,Axis Mutual Fund,Equity Scheme - ELSS,2021-12-10,82.4418
120503,Axis ELSS Tax Saver Fund - Direct Plan - Growth Option,Axis Mutual Fund,Equity Scheme - ELSS,2021-12-13,81.7787
120503,Axis ELSS Tax Saver Fund - Direct Plan - Growth Option,Axis Mutual Fund,Equity Scheme - ELSS,2021-12-14,81.5686
120503,Axis ELSS Tax Saver Fund - Direct Plan - Growth Option,Axis Mutual Fund,Equity Scheme - ELSS,2021-12-15,81.0588
120503,Axis ELSS Tax Saver Fund - Direct Plan - Growth Option,Axis Mutual Fund,Equity Scheme - ELSS,2021-12-16,81.036
120503,Axis ELSS Tax Saver Fund - Direct Plan - Growth Option,Axis Mutual Fund,Equity Scheme - ELSS,2021-12-17,79.6694
120503,Axis ELSS Tax Saver Fund - Direct Plan - Growth Option,Axis Mutual Fund,Equity Scheme - ELSS,2021-12-20,77.5931
120503,Axis ELSS Tax Saver Fund - Direct Plan - Growth Option,Axis Mutual Fund,Equity Scheme - ELSS,2021-12-21,78.0346
120503,Axis ELSS Tax Saver Fund - Direct Plan - Growth Option,Axis Mutual Fund,Equity Scheme - ELSS,2021-12-22,79.1261
120503,Axis ELSS Tax Saver Fund - Direct Plan - Growth Option,Axis Mutual Fund,Equity Scheme - ELSS,2021-12-23,79.6287
120503,Axis ELSS Tax Saver Fund - Direct Plan - Growth Option,Axis Mutual Fund,Equity Scheme - ELSS,2021-12-24,79.1895
120503,Axis ELSS Tax Saver Fund - Direct Plan - Growth Option,Axis Mutual Fund,Equity Scheme - ELSS,2021-12-27,79.5375
120503,Axis ELSS Tax Saver Fund - Direct Plan - Growth Option,Axis Mutual Fund,Equity Scheme - ELSS,2021-12-28,80.3139
120503,Axis ELSS Tax Saver Fund - Direct Plan - Growth Option,Axis Mutual Fund,Equity Scheme - ELSS,2021-12-29,80.2977
120503,Axis ELSS Tax Saver Fund - Direct Plan - Growth Option,Axis Mutual Fund,Equity Scheme - ELSS,2021-12-30,80.2221
120503,Axis ELSS Tax Saver Fund - Direct Plan - Growth Option,Axis Mutual Fund,Equity Scheme - ELSS,2021-12-31,81.2402
120503,Axis ELSS Tax Saver Fund - Direct Plan - Growth Option,Axis Mutual Fund,Equity Scheme - ELSS,2022-01-03,82.4289
120503,Axis ELSS Tax Saver Fund - Direct Plan - Growth Option,Axis Mutual Fund,Equity Scheme - ELSS,2022-01-04,83.287
120503,Axis ELSS Tax Saver Fund - Direct Plan - Growth Option,Axis Mutual Fund,Equity Scheme - ELSS,2022-01-05,83.8475
120503,Axis ELSS Tax Saver Fund - Direct Plan - Growth Option,Axis Mutual Fund,Equity Scheme - ELSS,2022-01-06,83.5037
120503,Axis ELSS Tax Saver Fund - Direct Plan - Growth Option,Axis Mutual Fund,Equity Scheme - ELSS,2022-01-07,83.8626
120503,Axis ELSS Tax Saver Fund - Direct Plan - Growth Option,Axis Mutual Fund,Equity Scheme - ELSS,2022-01-10,83.7001
120503,Axis ELSS Tax Saver Fund - Direct Plan - Growth Option,Axis Mutual Fund,Equity Scheme - ELSS,2022-01-11,83.932
120503,Axis ELSS Tax Saver Fund - Direct Plan - Growth Option,Axis Mutual Fund,Equity Scheme - ELSS,2022-01-12,83.6159
120503,Axis ELSS Tax Saver Fund - Direct Plan - Growth Option,Axis Mutual Fund,Equity Scheme - ELSS,2022-01-13,83.4606
120503,Axis ELSS Tax Saver Fund - Direct Plan - Growth Option,Axis Mutual Fund,Equity Scheme - ELSS,2022-01-14,83.7325
120503,Axis ELSS Tax Saver Fund - Direct Plan - Growth Option,Axis Mutual Fund,Equity Scheme - ELSS,2022-01-17,84.1011
120503,Axis ELSS Tax Saver Fund - Direct Plan - Growth Option,Axis Mutual Fund,Equity Scheme - ELSS,2022-01-18,83.0109
120503,Axis ELSS Tax Saver Fund - Direct Plan - Growth Option,Axis Mutual Fund,Equity Scheme - ELSS,2022-01-19,81.8537
120503,Axis ELSS Tax Saver Fund - Direct Plan - Growth Option,Axis Mutual Fund,Equity Scheme - ELSS,2022-01-20,81.238
120503,Axis ELSS Tax Saver Fund - Direct Plan - Growth Option,Axis Mutual Fund,Equity Scheme - ELSS,2022-01-21,79.7572
120503,Axis ELSS Tax Saver Fund - Direct Plan - Growth Option,Axis Mutual Fund,Equity Scheme - ELSS,2022-01-24,76.6805
120503,Axis ELSS Tax Saver Fund - Direct Plan - Growth Option,Axis Mutual Fund,Equity Scheme - ELSS,2022-01-25,76.7127
120503,Axis ELSS Tax Saver Fund - Direct Plan - Growth Option,Axis Mutual Fund,Equity Scheme - ELSS,2022-01-27,75.3274
120503,Axis ELSS Tax Saver Fund - Direct Plan - Growth Option,Axis Mutual Fund,Equity Scheme - ELSS,2022-01-28,75.6428
120503,Axis ELSS Tax Saver Fund - Direct Plan - Growth Option,Axis Mutual Fund,Equity Scheme - ELSS,2022-01-31,76.8741
120503,Axis ELSS Tax Saver Fund - Direct Plan - Growth Option,Axis Mutual Fund,Equity Scheme - ELSS,2022-02-01,77.887
120503,Axis ELSS Tax Saver Fund - Direct Plan - Growth Option,Axis Mutual Fund,Equity Scheme - ELSS,2022-02-02,79.1057
120503,Axis ELSS Tax Saver Fund - Direct Plan - Growth Option,Axis Mutual Fund,Equity Scheme - ELSS,2022-02-03,78.1087
120503,Axis ELSS Tax Saver Fund - Direct Plan - Growth Option,Axis Mutual Fund,Equity Scheme - ELSS,2022-02-04,78.1271
120503,Axis ELSS Tax Saver Fund - Direct Plan - Growth Option,Axis Mutual Fund,Equity Scheme - ELSS,2022-02-07,76.5225
120503,Axis ELSS Tax Saver Fund - Direct Plan - Growth Option,Axis Mutual Fund,Equity Scheme - ELSS,2022-02-08,76.2751
120503,Axis ELSS Tax Saver Fund - Direct Plan - Growth Option,Axis Mutual Fund,Equity Scheme - ELSS,2022-02-09,77.128
120503,Axis ELSS Tax Saver Fund - Direct Plan - Growth Option,Axis Mutual Fund,Equity Scheme - ELSS,2022-02-10,77.5656
120503,Axis ELSS Tax Saver Fund - Direct Plan - Growth Option,Axis Mutual Fund,Equity Scheme - ELSS,2022-02-11,76.053
120503,Axis ELSS Tax Saver Fund - Direct Plan - Growth Option,Axis Mutual Fund,Equity Scheme - ELSS,2022-02-14,74.1305
120503,Axis ELSS Tax Saver Fund - Direct Plan - Growth Option,Axis Mutual Fund,Equity Scheme - ELSS,2022-02-15,76.0554
120503,Axis ELSS Tax Saver Fund - Direct Plan - Growth Option,Axis Mutual Fund,Equity Scheme - ELSS,2022-02-16,75.8994
120503,Axis ELSS Tax Saver Fund - Direct Plan - Growth Option,Axis Mutual Fund,Equity Scheme - ELSS,2022-02-17,75.8591
120503,Axis ELSS Tax Saver Fund - Direct Plan - Growth Option,Axis Mutual Fund,Equity Scheme - ELSS,2022-02-18,75.2152
120503,Axis ELSS Tax Saver Fund - Direct Plan - Growth Option,Axis Mutual Fund,Equity Scheme - ELSS,2022-02-21,74.9357
120503,Axis ELSS Tax Saver Fund - Direct Plan - Growth Option,Axis Mutual Fund,Equity Scheme - ELSS,2022-02-22,74.6777
120503,Axis ELSS Tax Saver Fund - Direct Plan - Growth Option,Axis Mutual Fund,Equity Scheme - ELSS,2022-02-23,74.8289
120503,Axis ELSS Tax Saver Fund - Direct Plan - Growth Option,Axis Mutual Fund,Equity Scheme - ELSS,2022-02-24,71.3778
120503,Axis ELSS Tax Saver Fund - Direct Plan - Growth Option,Axis Mutual Fund,Equity Scheme - ELSS,2022-02-25,73.9328
120503,Axis ELSS Tax Saver Fund - Direct Plan - Growth Option,Axis Mutual Fund,Equity Scheme - ELSS,2022-02-28,74.4883
120503,Axis ELSS Tax Saver Fund - Direct Plan - Growth Option,Axis Mutual Fund,Equity Scheme - ELSS,2022-03-02,73.8204
120503,Axis ELSS Tax Saver Fund - Direct Plan - Growth Option,Axis Mutual Fund,Equity Scheme - ELSS,2022-03-03,73.3142
120503,Axis ELSS Tax Saver Fund - Direct Plan - Growth Option,Axis Mutual Fund,Equity Scheme - ELSS,2022-03-04,71.6986
120503,Axis ELSS Tax Saver Fund - Direct Plan - Growth Option,Axis Mutual Fund,Equity Scheme - ELSS,2022-03-07,69.7358
120503,Axis ELSS Tax Saver Fund - Direct Plan - Growth Option,Axis Mutual Fund,Equity Scheme - ELSS,2022-03-08,70.6214
120503,Axis ELSS Tax Saver Fund - Direct Plan - Growth Option,Axis Mutual Fund,Equity Scheme - ELSS,2022-03-09,71.7508
120503,Axis ELSS Tax Saver Fund - Direct Plan - Growth Option,Axis Mutual Fund,Equity Scheme - ELSS,2022-03-10,73.0061
120503,Axis ELSS Tax Saver Fund - Direct Plan - Growth Option,Axis Mutual Fund,Equity Scheme - ELSS,2022-03-11,73.1308
120503,Axis ELSS Tax Saver Fund - Direct Plan - Growth Option,Axis Mutual Fund,Equity Scheme - ELSS,2022-03-14,73.5318
120503,Axis ELSS Tax Saver Fund - Direct Plan - Growth Option,Axis Mutual Fund,Equity Scheme - ELSS,2022-03-15,73.1899
120503,Axis ELSS Tax Saver Fund - Direct Plan - Growth Option,Axis Mutual Fund,Equity Scheme - ELSS,2022-03-16,74.358
120503,Axis ELSS Tax Saver Fund - Direct Plan - Growth Option,Axis Mutual Fund,Equity Scheme - ELSS,2022-03-17,75.7167
120503,Axis ELSS Tax Saver Fund - Direct Plan - Growth Option,Axis Mutual Fund,Equity Scheme - ELSS,2022-03-21,74.8165
120503,Axis ELSS Tax Saver Fund - Direct Plan - Growth Option,Axis Mutual Fund,Equity Scheme - ELSS,2022-03-22,75.2075
120503,Axis ELSS Tax Saver Fund - Direct Plan - Growth Option,Axis Mutual Fund,Equity Scheme - ELSS,2022-03-23,75.0377
120503,Axis ELSS Tax Saver Fund - Direct Plan - Growth Option,Axis Mutual Fund,Equity Scheme - ELSS,2022-03-24,74.6781
120503,Axis ELSS Tax Saver Fund - Direct Plan - Growth Option,Axis Mutual Fund,Equity Scheme - ELSS,2022-03-25,74.332
120503,Axis ELSS Tax Saver Fund - Direct Plan - Growth Option,Axis Mutual Fund,Equity Scheme - ELSS,2022-03-28,74.1641
120503,Axis ELSS Tax Saver Fund - Direct Plan - Growth Option,Axis Mutual Fund,Equity Scheme - ELSS,2022-03-29,74.6649
120503,Axis ELSS Tax Saver Fund - Direct Plan - Growth Option,Axis Mutual Fund,Equity Scheme - ELSS,2022-03-30,75.6682
120503,Axis ELSS Tax Saver Fund - Direct Plan - Growth Option,Axis Mutual Fund,Equity Scheme - ELSS,2022-03-31,75.5061
120503,Axis ELSS Tax Saver Fund - Direct Plan - Growth Option,Axis Mutual Fund,Equity Scheme - ELSS,2022-04-01,76.3631
120503,Axis ELSS Tax Saver Fund - Direct Plan - Growth Option,Axis Mutual Fund,Equity Scheme - ELSS,2022-04-04,77.7401
120503,Axis ELSS Tax Saver Fund - Direct Plan - Growth Option,Axis Mutual Fund,Equity Scheme - ELSS,2022-04-05,77.8618
120503,Axis ELSS Tax Saver Fund - Direct Plan - Growth Option,Axis Mutual Fund,Equity Scheme - ELSS,2022-04-06,77.2841
120503,Axis ELSS Tax Saver Fund - Direct Plan - Growth Option,Axis Mutual Fund,Equity Scheme - ELSS,2022-04-07,76.7796
120503,Axis ELSS Tax Saver Fund - Direct Plan - Growth Option,Axis Mutual Fund,Equity Scheme - ELSS,2022-04-08,77.5007
120503,Axis ELSS Tax Saver Fund - Direct Plan - Growth Option,Axis Mutual Fund,Equity Scheme - ELSS,2022-04-11,77.4023
120503,Axis ELSS Tax Saver Fund - Direct Plan - Growth Option,Axis Mutual Fund,Equity Scheme - ELSS,2022-04-12,76.6442
120503,Axis ELSS Tax Saver Fund - Direct Plan - Growth Option,Axis Mutual Fund,Equity Scheme - ELSS,2022-04-13,76.3584
120503,Axis ELSS Tax Saver Fund - Direct Plan - Growth Option,Axis Mutual Fund,Equity Scheme - ELSS,2022-04-18,75.4011
120503,Axis ELSS Tax Saver Fund - Direct Plan - Growth Option,Axis Mutual Fund,Equity Scheme - ELSS,2022-04-19,74.1182
120503,Axis ELSS Tax Saver Fund - Direct Plan - Growth Option,Axis Mutual Fund,Equity Scheme - ELSS,2022-04-20,74.5345
120503,Axis ELSS Tax Saver Fund - Direct Plan - Growth Option,Axis Mutual Fund,Equity Scheme - ELSS,2022-04-21,75.4805
120503,Axis ELSS Tax Saver Fund - Direct Plan - Growth Option,Axis Mutual Fund,Equity Scheme - ELSS,2022-04-22,75.0345
120503,Axis ELSS Tax Saver Fund - Direct Plan - Growth Option,Axis Mutual Fund,Equity Scheme - ELSS,2022-04-25,74.1743
120503,Axis ELSS Tax Saver Fund - Direct Plan - Growth Option,Axis Mutual Fund,Equity Scheme - ELSS,2022-04-26,75.2145
120503,Axis ELSS Tax Saver Fund - Direct Plan - Growth Option,Axis Mutual Fund,Equity Scheme - ELSS,2022-04-27,73.9744
120503,Axis ELSS Tax Saver Fund - Direct Plan - Growth Option,Axis Mutual Fund,Equity Scheme - ELSS,2022-04-28,74.7458
120503,Axis ELSS Tax Saver Fund - Direct Plan - Growth Option,Axis Mutual Fund,Equity Scheme - ELSS,2022-04-29,74.2535
120503,Axis ELSS Tax Saver Fund - Direct Plan - Growth Option,Axis Mutual Fund,Equity Scheme - ELSS,2022-05-02,74.1048
120503,Axis ELSS Tax Saver Fund - Direct Plan - Growth Option,Axis Mutual Fund,Equity Scheme - ELSS,2022-05-04,71.9729
120503,Axis ELSS Tax Saver Fund - Direct Plan - Growth Option,Axis Mutual Fund,Equity Scheme - ELSS,2022-05-05,71.8904
120503,Axis ELSS Tax Saver Fund - Direct Plan - Growth Option,Axis Mutual Fund,Equity Scheme - ELSS,2022-05-06,68.9738
120503,Axis ELSS Tax Saver Fund - Direct Plan - Growth Option,Axis Mutual Fund,Equity Scheme - ELSS,2022-05-09,68.3816
120503,Axis ELSS Tax Saver Fund - Direct Plan - Growth Option,Axis Mutual Fund,Equity Scheme - ELSS,2022-05-10,67.7491
120503,Axis ELSS Tax Saver Fund - Direct Plan - Growth Option,Axis Mutual Fund,Equity Scheme - ELSS,2022-05-11,66.8623
120503,Axis ELSS Tax Saver Fund - Direct Plan - Growth Option,Axis Mutual Fund,Equity Scheme - ELSS,2022-05-12,65.4083
120503,Axis ELSS Tax Saver Fund - Direct Plan - Growth Option,Axis Mutual Fund,Equity Scheme - ELSS,2022-05-13,65.4373
120503,Axis ELSS Tax Saver Fund - Direct Plan - Growth Option,Axis Mutual Fund,Equity Scheme - ELSS,2022-05-16,66.2938
120503,Axis ELSS Tax Saver Fund - Direct Plan - Growth Option,Axis Mutual Fund,Equity Scheme - ELSS,2022-05-17,67.8271
120503,Axis ELSS Tax Saver Fund - Direct Plan - Growth Option,Axis Mutual Fund,Equity Scheme - ELSS,2022-05-18,67.772
120503,Axis ELSS Tax Saver Fund - Direct Plan - Growth Option,Axis Mutual Fund,Equity Scheme - ELSS,2022-05-19,65.8496
120503,Axis ELSS Tax Saver Fund - Direct Plan - Growth Option,Axis Mutual Fund,Equity Scheme - ELSS,2022-05-20,66.8472
120503,Axis ELSS Tax Saver Fund - Direct Plan - Growth Option,Axis Mutual Fund,Equity Scheme - ELSS,2022-05-23,66.6512
120503,Axis ELSS Tax Saver Fund - Direct Plan - Growth Option,Axis Mutual Fund,Equity Scheme - ELSS,2022-05-24,66.3628
120503,Axis ELSS Tax Saver Fund - Direct Plan - Growth Option,Axis Mutual Fund,Equity Scheme - ELSS,2022-05-25,65.4557
120503,Axis ELSS Tax Saver Fund - Direct Plan - Growth Option,Axis Mutual Fund,Equity Scheme - ELSS,2022-05-26,66.161
120503,Axis ELSS Tax Saver Fund - Direct Plan - Growth Option,Axis Mutual Fund,Equity Scheme - ELSS,2022-05-27,67.2291
120503,Axis ELSS Tax Saver Fund - Direct Plan - Growth Option,Axis Mutual Fund,Equity Scheme - ELSS,2022-05-30,68.533
120503,Axis ELSS Tax Saver Fund - Direct Plan - Growth Option,Axis Mutual Fund,Equity Scheme - ELSS,2022-05-31,69.1361
120503,Axis ELSS Tax Saver Fund - Direct Plan - Growth Option,Axis Mutual Fund,Equity Scheme - ELSS,2022-06-01,68.8319
120503,Axis ELSS Tax Saver Fund - Direct Plan - Growth Option,Axis Mutual Fund,Equity Scheme - ELSS,2022-06-02,68.8276
120503,Axis ELSS Tax Saver Fund - Direct Plan - Growth Option,Axis Mutual Fund,Equity Scheme - ELSS,2022-06-03,68.0717
120503,Axis ELSS Tax Saver Fund - Direct Plan - Growth Option,Axis Mutual Fund,Equity Scheme - ELSS,2022-06-06,67.548
120503,Axis ELSS Tax Saver Fund - Direct Plan - Growth Option,Axis Mutual Fund,Equity Scheme - ELSS,2022-06-07,66.7412
120503,Axis ELSS Tax Saver Fund - Direct Plan - Growth Option,Axis Mutual Fund,Equity Scheme - ELSS,2022-06-08,66.9337
120503,Axis ELSS Tax Saver Fund - Direct Plan - Growth Option,Axis Mutual Fund,Equity Scheme - ELSS,2022-06-09,67.2604
120503,Axis ELSS Tax Saver Fund - Direct Plan - Growth Option,Axis Mutual Fund,Equity Scheme - ELSS,2022-06-10,66.1339
120503,Axis ELSS Tax Saver Fund - Direct Plan - Growth Option,Axis Mutual Fund,Equity Scheme - ELSS,2022-06-13,64.4339
120503,Axis ELSS Tax Saver Fund - Direct Plan - Growth Option,Axis Mutual Fund,Equity Scheme - ELSS,2022-06-14,64.3993
120503,Axis ELSS Tax Saver Fund - Direct Plan - Growth Option,Axis Mutual Fund,Equity Scheme - ELSS,2022-06-15,64.8568
120503,Axis ELSS Tax Saver Fund - Direct Plan - Growth Option,Axis Mutual Fund,Equity Scheme - ELSS,2022-06-16,63.7459
120503,Axis ELSS Tax Saver Fund - Direct Plan - Growth Option,Axis Mutual Fund,Equity Scheme - ELSS,2022-06-17,62.9852
120503,Axis ELSS Tax Saver Fund - Direct Plan - Growth Option,Axis Mutual Fund,Equity Scheme - ELSS,2022-06-20,63.378
120503,Axis ELSS Tax Saver Fund - Direct Plan - Growth Option,Axis Mutual Fund,Equity Scheme - ELSS,2022-06-21,64.4233
120503,Axis ELSS Tax Saver Fund - Direct Plan - Growth Option,Axis Mutual Fund,Equity Scheme - ELSS,2022-06-22,63.7074
120503,Axis ELSS Tax Saver Fund - Direct Plan - Growth Option,Axis Mutual Fund,Equity Scheme - ELSS,2022-06-23,64.47
120503,Axis ELSS Tax Saver Fund - Direct Plan - Growth Option,Axis Mutual Fund,Equity Scheme - ELSS,2022-06-24,65.2431
120503,Axis ELSS Tax Saver Fund - Direct Plan - Growth Option,Axis Mutual Fund,Equity Scheme - ELSS,2022-06-27,65.5288
120503,Axis ELSS Tax Saver Fund - Direct Plan - Growth Option,Axis Mutual Fund,Equity Scheme - ELSS,2022-06-28,65.4275
120503,Axis ELSS Tax Saver Fund - Direct Plan - Growth Option,Axis Mutual Fund,Equity Scheme - ELSS,2022-06-29,64.8133
120503,Axis ELSS Tax Saver Fund - Direct Plan - Growth Option,Axis Mutual Fund,Equity Scheme - ELSS,2022-06-30,64.3604
120503,Axis ELSS Tax Saver Fund - Direct Plan - Growth Option,Axis Mutual Fund,Equity Scheme - ELSS,2022-07-01,65.0877
120503,Axis ELSS Tax Saver Fund - Direct Plan - Growth Option,Axis Mutual Fund,Equity Scheme - ELSS,2022-07-04,65.6105
120503,Axis ELSS Tax Saver Fund - Direct Plan - Growth Option,Axis Mutual Fund,Equity Scheme - ELSS,2022-07-05,65.7151
120503,Axis ELSS Tax Saver Fund - Direct Plan - Growth Option,Axis Mutual Fund,Equity Scheme - ELSS,2022-07-06,67.1482
120503,Axis ELSS Tax Saver Fund - Direct Plan - Growth Option,Axis Mutual Fund,Equity Scheme - ELSS,2022-07-07,67.537
120503,Axis ELSS Tax Saver Fund - Direct Plan - Growth Option,Axis Mutual Fund,Equity Scheme - ELSS,2022-07-08,67.7009
120503,Axis ELSS Tax Saver Fund - Direct Plan - Growth Option,Axis Mutual Fund,Equity Scheme - ELSS,2022-07-11,67.7432
120503,Axis ELSS Tax Saver Fund - Direct Plan - Growth Option,Axis Mutual Fund,Equity Scheme - ELSS,2022-07-12,66.9495
120503,Axis ELSS Tax Saver Fund - Direct Plan - Growth Option,Axis Mutual Fund,Equity Scheme - ELSS,2022-07-13,67.1057
120503,Axis ELSS Tax Saver Fund - Direct Plan - Growth Option,Axis Mutual Fund,Equity Scheme - ELSS,2022-07-14,67.0015
120503,Axis ELSS Tax Saver Fund - Direct Plan - Growth Option,Axis Mutual Fund,Equity Scheme - ELSS,2022-07-15,67.5691
120503,Axis ELSS Tax Saver Fund - Direct Plan - Growth Option,Axis Mutual Fund,Equity Scheme - ELSS,2022-07-18,68.6155
120503,Axis ELSS Tax Saver Fund - Direct Plan - Growth Option,Axis Mutual Fund,Equity Scheme - ELSS,2022-07-19,68.925
120503,Axis ELSS Tax Saver Fund - Direct Plan - Growth Option,Axis Mutual Fund,Equity Scheme - ELSS,2022-07-20,69.1252
120503,Axis ELSS Tax Saver Fund - Direct Plan - Growth Option,Axis Mutual Fund,Equity Scheme - ELSS,2022-07-21,69.9609
120503,Axis ELSS Tax Saver Fund - Direct Plan - Growth Option,Axis Mutual Fund,Equity Scheme - ELSS,2022-07-22,69.9601
120503,Axis ELSS Tax Saver Fund - Direct Plan - Growth Option,Axis Mutual Fund,Equity Scheme - ELSS,2022-07-25,69.7673
120503,Axis ELSS Tax Saver Fund - Direct Plan - Growth Option,Axis Mutual Fund,Equity Scheme - ELSS,2022-07-26,69.1326
120503,Axis ELSS Tax Saver Fund - Direct Plan - Growth Option,Axis Mutual Fund,Equity Scheme - ELSS,2022-07-27,69.8525
120503,Axis ELSS Tax Saver Fund - Direct Plan - Growth Option,Axis Mutual Fund,Equity Scheme - ELSS,2022-07-28,71.9063
120503,Axis ELSS Tax Saver Fund - Direct Plan - Growth Option,Axis Mutual Fund,Equity Scheme - ELSS,2022-07-29,72.9947
120503,Axis ELSS Tax Saver Fund - Direct Plan - Growth Option,Axis Mutual Fund,Equity Scheme - ELSS,2022-08-01,73.7095
120503,Axis ELSS Tax Saver Fund - Direct Plan - Growth Option,Axis Mutual Fund,Equity Scheme - ELSS,2022-08-02,74.0304
120503,Axis ELSS Tax Saver Fund - Direct Plan - Growth Option,Axis Mutual Fund,Equity Scheme - ELSS,2022-08-03,73.8828
120503,Axis ELSS Tax Saver Fund - Direct Plan - Growth Option,Axis Mutual Fund,Equity Scheme - ELSS,2022-08-04,74.2272
120503,Axis ELSS Tax Saver Fund - Direct Plan - Growth Option,Axis Mutual Fund,Equity Scheme - ELSS,2022-08-05,74.6044
120503,Axis ELSS Tax Saver Fund - Direct Plan - Growth Option,Axis Mutual Fund,Equity Scheme - ELSS,2022-08-08,74.8976
120503,Axis ELSS Tax Saver Fund - Direct Plan - Growth Option,Axis Mutual Fund,Equity Scheme - ELSS,2022-08-10,74.4544
120503,Axis ELSS Tax Saver Fund - Direct Plan - Growth Option,Axis Mutual Fund,Equity Scheme - ELSS,2022-08-11,75.3237
120503,Axis ELSS Tax Saver Fund - Direct Plan - Growth Option,Axis Mutual Fund,Equity Scheme - ELSS,2022-08-12,75.3228
120503,Axis ELSS Tax Saver Fund - Direct Plan - Growth Option,Axis Mutual Fund,Equity Scheme - ELSS,2022-08-16,75.8512
120503,Axis ELSS Tax Saver Fund - Direct Plan - Growth Option,Axis Mutual Fund,Equity Scheme - ELSS,2022-08-17,76.5286
120503,Axis ELSS Tax Saver Fund - Direct Plan - Growth Option,Axis Mutual Fund,Equity Scheme - ELSS,2022-08-18,76.6729
120503,Axis ELSS Tax Saver Fund - Direct Plan - Growth Option,Axis Mutual Fund,Equity Scheme - ELSS,2022-08-19,75.7918
120503,Axis ELSS Tax Saver Fund - Direct Plan - Growth Option,Axis Mutual Fund,Equity Scheme - ELSS,2022-08-22,74.4093
120503,Axis ELSS Tax Saver Fund - Direct Plan - Growth Option,Axis Mutual Fund,Equity Scheme - ELSS,2022-08-23,74.7255
120503,Axis ELSS Tax Saver Fund - Direct Plan - Growth Option,Axis Mutual Fund,Equity Scheme - ELSS,2022-08-24,75.1045
120503,Axis ELSS Tax Saver Fund - Direct Plan - Growth Option,Axis Mutual Fund,Equity Scheme - ELSS,2022-08-25,74.9546
120503,Axis ELSS Tax Saver Fund - Direct Plan - Growth Option,Axis Mutual Fund,Equity Scheme - ELSS,2022-08-26,75.2754
120503,Axis ELSS Tax Saver Fund - Direct Plan - Growth Option,Axis Mutual Fund,Equity Scheme - ELSS,2022-08-29,74.3321
120503,Axis ELSS Tax Saver Fund - Direct Plan - Growth Option,Axis Mutual Fund,Equity Scheme - ELSS,2022-08-30,76.2211
120503,Axis ELSS Tax Saver Fund - Direct Plan - Growth Option,Axis Mutual Fund,Equity Scheme - ELSS,2022-09-01,76.0456
120503,Axis ELSS Tax Saver Fund - Direct Plan - Growth Option,Axis Mutual Fund,Equity Scheme - ELSS,2022-09-02,76.2954
120503,Axis ELSS Tax Saver Fund - Direct Plan - Growth Option,Axis Mutual Fund,Equity Scheme - ELSS,2022-09-05,76.3428
120503,Axis ELSS Tax Saver Fund - Direct Plan - Growth Option,Axis Mutual Fund,Equity Scheme - ELSS,2022-09-06,75.9521
120503,Axis ELSS Tax Saver Fund - Direct Plan - Growth Option,Axis Mutual Fund,Equity Scheme - ELSS,2022-09-07,76.0521
120503,Axis ELSS Tax Saver Fund - Direct Plan - Growth Option,Axis Mutual Fund,Equity Scheme - ELSS,2022-09-08,76.6277
120503,Axis ELSS Tax Saver Fund - Direct Plan - Growth Option,Axis Mutual Fund,Equity Scheme - ELSS,2022-09-09,76.641
120503,Axis ELSS Tax Saver Fund - Direct Plan - Growth Option,Axis Mutual Fund,Equity Scheme - ELSS,2022-09-12,76.9253
120503,Axis ELSS Tax Saver Fund - Direct Plan - Growth Option,Axis Mutual Fund,Equity Scheme - ELSS,2022-09-13,77.3455
120503,Axis ELSS Tax Saver Fund - Direct Plan - Growth Option,Axis Mutual Fund,Equity Scheme - ELSS,2022-09-14,77.092
120503,Axis ELSS Tax Saver Fund - Direct Plan - Growth Option,Axis Mutual Fund,Equity Scheme - ELSS,2022-09-15,76.9184
120503,Axis ELSS Tax Saver Fund - Direct Plan - Growth Option,Axis Mutual Fund,Equity Scheme - ELSS,2022-09-16,74.951
120503,Axis ELSS Tax Saver Fund - Direct Plan - Growth Option,Axis Mutual Fund,Equity Scheme - ELSS,2022-09-19,75.4771
120503,Axis ELSS Tax Saver Fund - Direct Plan - Growth Option,Axis Mutual Fund,Equity Scheme - ELSS,2022-09-20,76.1536
120503,Axis ELSS Tax Saver Fund - Direct Plan - Growth Option,Axis Mutual Fund,Equity Scheme - ELSS,2022-09-21,75.5546
120503,Axis ELSS Tax Saver Fund - Direct Plan - Growth Option,Axis Mutual Fund,Equity Scheme - ELSS,2022-09-22,75.5508
120503,Axis ELSS Tax Saver Fund - Direct Plan - Growth Option,Axis Mutual Fund,Equity Scheme - ELSS,2022-09-23,74.1328
120503,Axis ELSS Tax Saver Fund - Direct Plan - Growth Option,Axis Mutual Fund,Equity Scheme - ELSS,2022-09-26,72.7149
120503,Axis ELSS Tax Saver Fund - Direct Plan - Growth Option,Axis Mutual Fund,Equity Scheme - ELSS,2022-09-27,72.7936
120503,Axis ELSS Tax Saver Fund - Direct Plan - Growth Option,Axis Mutual Fund,Equity Scheme - ELSS,2022-09-28,72.5238
120503,Axis ELSS Tax Saver Fund - Direct Plan - Growth Option,Axis Mutual Fund,Equity Scheme - ELSS,2022-09-29,72.1439
120503,Axis ELSS Tax Saver Fund - Direct Plan - Growth Option,Axis Mutual Fund,Equity Scheme - ELSS,2022-09-30,73.174
120503,Axis ELSS Tax Saver Fund - Direct Plan - Growth Option,Axis Mutual Fund,Equity Scheme - ELSS,2022-10-03,72.5115
120503,Axis ELSS Tax Saver Fund - Direct Plan - Growth Option,Axis Mutual Fund,Equity Scheme - ELSS,2022-10-04,74.1916
120503,Axis ELSS Tax Saver Fund - Direct Plan - Growth Option,Axis Mutual Fund,Equity Scheme - ELSS,2022-10-06,74.0728
120503,Axis ELSS Tax Saver Fund - Direct Plan - Growth Option,Axis Mutual Fund,Equity Scheme - ELSS,2022-10-07,73.8803
120503,Axis ELSS Tax Saver Fund - Direct Plan - Growth Option,Axis Mutual Fund,Equity Scheme - ELSS,2022-10-10,73.3259
120503,Axis ELSS Tax Saver Fund - Direct Plan - Growth Option,Axis Mutual Fund,Equity Scheme - ELSS,2022-10-11,72.1344
120503,Axis ELSS Tax Saver Fund - Direct Plan - Growth Option,Axis Mutual Fund,Equity Scheme - ELSS,2022-10-12,72.7405
120503,Axis ELSS Tax Saver Fund - Direct Plan - Growth Option,Axis Mutual Fund,Equity Scheme - ELSS,2022-10-13,72.2693
120503,Axis ELSS Tax Saver Fund - Direct Plan - Growth Option,Axis Mutual Fund,Equity Scheme - ELSS,2022-10-14,72.6922
120503,Axis ELSS Tax Saver Fund - Direct Plan - Growth Option,Axis Mutual Fund,Equity Scheme - ELSS,2022-10-17,72.939
120503,Axis ELSS Tax Saver Fund - Direct Plan - Growth Option,Axis Mutual Fund,Equity Scheme - ELSS,2022-10-18,73.3122
120503,Axis ELSS Tax Saver Fund - Direct Plan - Growth Option,Axis Mutual Fund,Equity Scheme - ELSS,2022-10-19,73.525
120503,Axis ELSS Tax Saver Fund - Direct Plan - Growth Option,Axis Mutual Fund,Equity Scheme - ELSS,2022-10-20,74.0023
120503,Axis ELSS Tax Saver Fund - Direct Plan - Growth Option,Axis Mutual Fund,Equity Scheme - ELSS,2022-10-21,73.1574
120503,Axis ELSS Tax Saver Fund - Direct Plan - Growth Option,Axis Mutual Fund,Equity Scheme - ELSS,2022-10-25,73.2124
120503,Axis ELSS Tax Saver Fund - Direct Plan - Growth Option,Axis Mutual Fund,Equity Scheme - ELSS,2022-10-27,73.0833
120503,Axis ELSS Tax Saver Fund - Direct Plan - Growth Option,Axis Mutual Fund,Equity Scheme - ELSS,2022-10-28,73.0108
120503,Axis ELSS Tax Saver Fund - Direct Plan - Growth Option,Axis Mutual Fund,Equity Scheme - ELSS,2022-10-31,73.9984
120503,Axis ELSS Tax Saver Fund - Direct Plan - Growth Option,Axis Mutual Fund,Equity Scheme - ELSS,2022-11-01,74.829
120503,Axis ELSS Tax Saver Fund - Direct Plan - Growth Option,Axis Mutual Fund,Equity Scheme - ELSS,2022-11-02,74.5626
120503,Axis ELSS Tax Saver Fund - Direct Plan - Growth Option,Axis Mutual Fund,Equity Scheme - ELSS,2022-11-03,74.4512
120503,Axis ELSS Tax Saver Fund - Direct Plan - Growth Option,Axis Mutual Fund,Equity Scheme - ELSS,2022-11-04,74.6355
120503,Axis ELSS Tax Saver Fund - Direct Plan - Growth Option,Axis Mutual Fund,Equity Scheme - ELSS,2022-11-07,74.3683
120503,Axis ELSS Tax Saver Fund - Direct Plan - Growth Option,Axis Mutual Fund,Equity Scheme - ELSS,2022-11-09,74.0695
120503,Axis ELSS Tax Saver Fund - Direct Plan - Growth Option,Axis Mutual Fund,Equity Scheme - ELSS,2022-11-10,73.2877
120503,Axis ELSS Tax Saver Fund - Direct Plan - Growth Option,Axis Mutual Fund,Equity Scheme - ELSS,2022-11-11,74.2379
120503,Axis ELSS Tax Saver Fund - Direct Plan - Growth Option,Axis Mutual Fund,Equity Scheme - ELSS,2022-11-14,74.4336
120503,Axis ELSS Tax Saver Fund - Direct Plan - Growth Option,Axis Mutual Fund,Equity Scheme - ELSS,2022-11-15,74.2266
120503,Axis ELSS Tax Saver Fund - Direct Plan - Growth Option,Axis Mutual Fund,Equity Scheme - ELSS,2022-11-16,73.9799
120503,Axis ELSS Tax Saver Fund - Direct Plan - Growth Option,Axis Mutual Fund,Equity Scheme - ELSS,2022-11-17,73.3032
120503,Axis ELSS Tax Saver Fund - Direct Plan - Growth Option,Axis Mutual Fund,Equity Scheme - ELSS,2022-11-18,73.0331
120503,Axis ELSS Tax Saver Fund - Direct Plan - Growth Option,Axis Mutual Fund,Equity Scheme - ELSS,2022-11-21,72.5227
120503,Axis ELSS Tax Saver Fund - Direct Plan - Growth Option,Axis Mutual Fund,Equity Scheme - ELSS,2022-11-22,72.8393
120503,Axis ELSS Tax Saver Fund - Direct Plan - Growth Option,Axis Mutual Fund,Equity Scheme - ELSS,2022-11-23,73.0808
120503,Axis ELSS Tax Saver Fund - Direct Plan - Growth Option,Axis Mutual Fund,Equity Scheme - ELSS,2022-11-24,73.4842
120503,Axis ELSS Tax Saver Fund - Direct Plan - Growth Option,Axis Mutual Fund,Equity Scheme - ELSS,2022-11-25,73.4058
120503,Axis ELSS Tax Saver Fund - Direct Plan - Growth Option,Axis Mutual Fund,Equity Scheme - ELSS,2022-11-28,73.7588
120503,Axis ELSS Tax Saver Fund - Direct Plan - Growth Option,Axis Mutual Fund,Equity Scheme - ELSS,2022-11-29,73.8042
120503,Axis ELSS Tax Saver Fund - Direct Plan - Growth Option,Axis Mutual Fund,Equity Scheme - ELSS,2022-11-30,74.3607
120503,Axis ELSS Tax Saver Fund - Direct Plan - Growth Option,Axis Mutual Fund,Equity Scheme - ELSS,2022-12-01,74.7124
120503,Axis ELSS Tax Saver Fund - Direct Plan - Growth Option,Axis Mutual Fund,Equity Scheme - ELSS,2022-12-02,74.5548
120503,Axis ELSS Tax Saver Fund - Direct Plan - Growth Option,Axis Mutual Fund,Equity Scheme - ELSS,2022-12-05,74.5897
120503,Axis ELSS Tax Saver Fund - Direct Plan - Growth Option,Axis Mutual Fund,Equity Scheme - ELSS,2022-12-06,74.5749
120503,Axis ELSS Tax Saver Fund - Direct Plan - Growth Option,Axis Mutual Fund,Equity Scheme - ELSS,2022-12-07,74.2084
120503,Axis ELSS Tax Saver Fund - Direct Plan - Growth Option,Axis Mutual Fund,Equity Scheme - ELSS,2022-12-08,74.0809
120503,Axis ELSS Tax Saver Fund - Direct Plan - Growth Option,Axis Mutual Fund,Equity Scheme - ELSS,2022-12-09,73.7258
120503,Axis ELSS Tax Saver Fund - Direct Plan - Growth Option,Axis Mutual Fund,Equity Scheme - ELSS,2022-12-12,73.8144
120503,Axis ELSS Tax Saver Fund - Direct Plan - Growth Option,Axis Mutual Fund,Equity Scheme - ELSS,2022-12-13,74.2943
120503,Axis ELSS Tax Saver Fund - Direct Plan - Growth Option,Axis Mutual Fund,Equity Scheme - ELSS,2022-12-14,74.7981
120503,Axis ELSS Tax Saver Fund - Direct Plan - Growth Option,Axis Mutual Fund,Equity Scheme - ELSS,2022-12-15,74.0003
120503,Axis ELSS Tax Saver Fund - Direct Plan - Growth Option,Axis Mutual Fund,Equity Scheme - ELSS,2022-12-16,73.0535
120503,Axis ELSS Tax Saver Fund - Direct Plan - Growth Option,Axis Mutual Fund,Equity Scheme - ELSS,2022-12-19,73.7565
120503,Axis ELSS Tax Saver Fund - Direct Plan - Growth Option,Axis Mutual Fund,Equity Scheme - ELSS,2022-12-20,73.6085
120503,Axis ELSS Tax Saver Fund - Direct Plan - Growth Option,Axis Mutual Fund,Equity Scheme - ELSS,2022-12-21,72.9939
120503,Axis ELSS Tax Saver Fund - Direct Plan - Growth Option,Axis Mutual Fund,Equity Scheme - ELSS,2022-12-22,72.4265
120503,Axis ELSS Tax Saver Fund - Direct Plan - Growth Option,Axis Mutual Fund,Equity Scheme - ELSS,2022-12-23,70.9687
120503,Axis ELSS Tax Saver Fund - Direct Plan - Growth Option,Axis Mutual Fund,Equity Scheme - ELSS,2022-12-26,71.8064
120503,Axis ELSS Tax Saver Fund - Direct Plan - Growth Option,Axis Mutual Fund,Equity Scheme - ELSS,2022-12-27,72.2696
120503,Axis ELSS Tax Saver Fund - Direct Plan - Growth Option,Axis Mutual Fund,Equity Scheme - ELSS,2022-12-28,72.239
120503,Axis ELSS Tax Saver Fund - Direct Plan - Growth Option,Axis Mutual Fund,Equity Scheme - ELSS,2022-12-29,72.326
120503,Axis ELSS Tax Saver Fund - Direct Plan - Growth Option,Axis Mutual Fund,Equity Scheme - ELSS,2022-12-30,72.1133
120503,Axis ELSS Tax Saver Fund - Direct Plan - Growth Option,Axis Mutual Fund,Equity Scheme - ELSS,2023-01-02,72.1487
120503,Axis ELSS Tax Saver Fund - Direct Plan - Growth Option,Axis Mutual Fund,Equity Scheme - ELSS,2023-01-03,72.4388
120503,Axis ELSS Tax Saver Fund - Direct Plan - Growth Option,Axis Mutual Fund,Equity Scheme - ELSS,2023-01-04,71.6233
120503,Axis ELSS Tax Saver Fund - Direct Plan - Growth Option,Axis Mutual Fund,Equity Scheme - ELSS,2023-01-05,70.7817
120503,Axis ELSS Tax Saver Fund - Direct Plan - Growth Option,Axis Mutual Fund,Equity Scheme - ELSS,2023-01-06,70.0052
120503,Axis ELSS Tax Saver Fund - Direct Plan - Growth Option,Axis Mutual Fund,Equity Scheme - ELSS,2023-01-09,70.68
120503,Axis ELSS Tax Saver Fund - Direct Plan - Growth Option,Axis Mutual Fund,Equity Scheme - ELSS,2023-01-10,70.3295
120503,Axis ELSS Tax Saver Fund - Direct Plan - Growth Option,Axis Mutual Fund,Equity Scheme - ELSS,2023-01-11,70.0302
120503,Axis ELSS Tax Saver Fund - Direct Plan - Growth Option,Axis Mutual Fund,Equity Scheme - ELSS,2023-01-12,70.1017
120503,Axis ELSS Tax Saver Fund - Direct Plan - Growth Option,Axis Mutual Fund,Equity Scheme - ELSS,2023-01-13,70.263
120503,Axis ELSS Tax Saver Fund - Direct Plan - Growth Option,Axis Mutual Fund,Equity Scheme - ELSS,2023-01-16,69.659
120503,Axis ELSS Tax Saver Fund - Direct Plan - Growth Option,Axis Mutual Fund,Equity Scheme - ELSS,2023-01-17,69.8692
120503,Axis ELSS Tax Saver Fund - Direct Plan - Growth Option,Axis Mutual Fund,Equity Scheme - ELSS,2023-01-18,70.0482
120503,Axis ELSS Tax Saver Fund - Direct Plan - Growth Option,Axis Mutual Fund,Equity Scheme - ELSS,2023-01-19,69.4972
120503,Axis ELSS Tax Saver Fund - Direct Plan - Growth Option,Axis Mutual Fund,Equity Scheme - ELSS,2023-01-20,69.0239
120503,Axis ELSS Tax Saver Fund - Direct Plan - Growth Option,Axis Mutual Fund,Equity Scheme - ELSS,2023-01-23,69.3624
120503,Axis ELSS Tax Saver Fund - Direct Plan - Growth Option,Axis Mutual Fund,Equity Scheme - ELSS,2023-01-24,69.2382
120503,Axis ELSS Tax Saver Fund - Direct Plan - Growth Option,Axis Mutual Fund,Equity Scheme - ELSS,2023-01-25,68.4487
120503,Axis ELSS Tax Saver Fund - Direct Plan - Growth Option,Axis Mutual Fund,Equity Scheme - ELSS,2023-01-27,68.0593
120503,Axis ELSS Tax Saver Fund - Direct Plan - Growth Option,Axis Mutual Fund,Equity Scheme - ELSS,2023-01-30,68.4819
120503,Axis ELSS Tax Saver Fund - Direct Plan - Growth Option,Axis Mutual Fund,Equity Scheme - ELSS,2023-01-31,68.3442
120503,Axis ELSS Tax Saver Fund - Direct Plan - Growth Option,Axis Mutual Fund,Equity Scheme - ELSS,2023-02-01,68.5751
120503,Axis ELSS Tax Saver Fund - Direct Plan - Growth Option,Axis Mutual Fund,Equity Scheme - ELSS,2023-02-02,68.5272
120503,Axis ELSS Tax Saver Fund - Direct Plan - Growth Option,Axis Mutual Fund,Equity Scheme - ELSS,2023-02-03,68.936
120503,Axis ELSS Tax Saver Fund - Direct Plan - Growth Option,Axis Mutual Fund,Equity Scheme - ELSS,2023-02-06,68.7995
120503,Axis ELSS Tax Saver Fund - Direct Plan - Growth Option,Axis Mutual Fund,Equity Scheme - ELSS,2023-02-07,68.8848
120503,Axis ELSS Tax Saver Fund - Direct Plan - Growth Option,Axis Mutual Fund,Equity Scheme - ELSS,2023-02-08,69.6656
120503,Axis ELSS Tax Saver Fund - Direct Plan - Growth Option,Axis Mutual Fund,Equity Scheme - ELSS,2023-02-09,69.8143
120503,Axis ELSS Tax Saver Fund - Direct Plan - Growth Option,Axis Mutual Fund,Equity Scheme - ELSS,2023-02-10,69.8154
120503,Axis ELSS Tax Saver Fund - Direct Plan - Growth Option,Axis Mutual Fund,Equity Scheme - ELSS,2023-02-13,68.9661
120503,Axis ELSS Tax Saver Fund - Direct Plan - Growth Option,Axis Mutual Fund,Equity Scheme - ELSS,2023-02-14,69.1866
120503,Axis ELSS Tax Saver Fund - Direct Plan - Growth Option,Axis Mutual Fund,Equity Scheme - ELSS,2023-02-15,70.0632
120503,Axis ELSS Tax Saver Fund - Direct Plan - Growth Option,Axis Mutual Fund,Equity Scheme - ELSS,2023-02-16,70.5816
120503,Axis ELSS Tax Saver Fund - Direct Plan - Growth Option,Axis Mutual Fund,Equity Scheme - ELSS,2023-02-17,70.0019
120503,Axis ELSS Tax Saver Fund - Direct Plan - Growth Option,Axis Mutual Fund,Equity Scheme - ELSS,2023-02-20,69.9459
120503,Axis ELSS Tax Saver Fund - Direct Plan - Growth Option,Axis Mutual Fund,Equity Scheme - ELSS,2023-02-21,69.9427
120503,Axis ELSS Tax Saver Fund - Direct Plan - Growth Option,Axis Mutual Fund,Equity Scheme - ELSS,2023-02-22,68.9248
120503,Axis ELSS Tax Saver Fund - Direct Plan - Growth Option,Axis Mutual Fund,Equity Scheme - ELSS,2023-02-23,68.7063
120503,Axis ELSS Tax Saver Fund - Direct Plan - Growth Option,Axis Mutual Fund,Equity Scheme - ELSS,2023-02-24,68.7126
120503,Axis ELSS Tax Saver Fund - Direct Plan - Growth Option,Axis Mutual Fund,Equity Scheme - ELSS,2023-02-27,68.4824
120503,Axis ELSS Tax Saver Fund - Direct Plan - Growth Option,Axis Mutual Fund,Equity Scheme - ELSS,2023-02-28,68.3805
120503,Axis ELSS Tax Saver Fund - Direct Plan - Growth Option,Axis Mutual Fund,Equity Scheme - ELSS,2023-03-01,68.9211
120503,Axis ELSS Tax Saver Fund - Direct Plan - Growth Option,Axis Mutual Fund,Equity Scheme - ELSS,2023-03-02,68.5425
120503,Axis ELSS Tax Saver Fund - Direct Plan - Growth Option,Axis Mutual Fund,Equity Scheme - ELSS,2023-03-03,68.7209
120503,Axis ELSS Tax Saver Fund - Direct Plan - Growth Option,Axis Mutual Fund,Equity Scheme - ELSS,2023-03-06,69.1585
120503,Axis ELSS Tax Saver Fund - Direct Plan - Growth Option,Axis Mutual Fund,Equity Scheme - ELSS,2023-03-08,69.0308
120503,Axis ELSS Tax Saver Fund - Direct Plan - Growth Option,Axis Mutual Fund,Equity Scheme - ELSS,2023-03-09,68.4496
120503,Axis ELSS Tax Saver Fund - Direct Plan - Growth Option,Axis Mutual Fund,Equity Scheme - ELSS,2023-03-10,67.9665
120503,Axis ELSS Tax Saver Fund - Direct Plan - Growth Option,Axis Mutual Fund,Equity Scheme - ELSS,2023-03-13,67.0393
120503,Axis ELSS Tax Saver Fund - Direct Plan - Growth Option,Axis Mutual Fund,Equity Scheme - ELSS,2023-03-14,66.4865
120503,Axis ELSS Tax Saver Fund - Direct Plan - Growth Option,Axis Mutual Fund,Equity Scheme - ELSS,2023-03-15,66.4041
120503,Axis ELSS Tax Saver Fund - Direct Plan - Growth Option,Axis Mutual Fund,Equity Scheme - ELSS,2023-03-16,66.6861
120503,Axis ELSS Tax Saver Fund - Direct Plan - Growth Option,Axis Mutual Fund,Equity Scheme - ELSS,2023-03-17,66.8784
120503,Axis ELSS Tax Saver Fund - Direct Plan - Growth Option,Axis Mutual Fund,Equity Scheme - ELSS,2023-03-20,66.3291
120503,Axis ELSS Tax Saver Fund - Direct Plan - Growth Option,Axis Mutual Fund,Equity Scheme - ELSS,2023-03-21,66.5076
120503,Axis ELSS Tax Saver Fund - Direct Plan - Growth Option,Axis Mutual Fund,Equity Scheme - ELSS,2023-03-22,66.8934
120503,Axis ELSS Tax Saver Fund - Direct Plan - Growth Option,Axis Mutual Fund,Equity Scheme - ELSS,2023-03-23,66.7888
120503,Axis ELSS Tax Saver Fund - Direct Plan - Growth Option,Axis Mutual Fund,Equity Scheme - ELSS,2023-03-24,66.2364
120503,Axis ELSS Tax Saver Fund - Direct Plan - Growth Option,Axis Mutual Fund,Equity Scheme - ELSS,2023-03-27,66.0237
120503,Axis ELSS Tax Saver Fund - Direct Plan - Growth Option,Axis Mutual Fund,Equity Scheme - ELSS,2023-03-28,65.9999
120503,Axis ELSS Tax Saver Fund - Direct Plan - Growth Option,Axis Mutual Fund,Equity Scheme - ELSS,2023-03-29,66.7265
120503,Axis ELSS Tax Saver Fund - Direct Plan - Growth Option,Axis Mutual Fund,Equity Scheme - ELSS,2023-03-31,67.5488
120503,Axis ELSS Tax Saver Fund - Direct Plan - Growth Option,Axis Mutual Fund,Equity Scheme - ELSS,2023-04-03,68.1351
120503,Axis ELSS Tax Saver Fund - Direct Plan - Growth Option,Axis Mutual Fund,Equity Scheme - ELSS,2023-04-05,68.808
120503,Axis ELSS Tax Saver Fund - Direct Plan - Growth Option,Axis Mutual Fund,Equity Scheme - ELSS,2023-04-06,69.073
120503,Axis ELSS Tax Saver Fund - Direct Plan - Growth Option,Axis Mutual Fund,Equity Scheme - ELSS,2023-04-10,68.8753
120503,Axis ELSS Tax Saver Fund - Direct Plan - Growth Option,Axis Mutual Fund,Equity Scheme - ELSS,2023-04-11,69.4778
120503,Axis ELSS Tax Saver Fund - Direct Plan - Growth Option,Axis Mutual Fund,Equity Scheme - ELSS,2023-04-12,69.8881
120503,Axis ELSS Tax Saver Fund - Direct Plan - Growth Option,Axis Mutual Fund,Equity Scheme - ELSS,2023-04-13,70.0008
120503,Axis ELSS Tax Saver Fund - Direct Plan - Growth Option,Axis Mutual Fund,Equity Scheme - ELSS,2023-04-17,69.9252
120503,Axis ELSS Tax Saver Fund - Direct Plan - Growth Option,Axis Mutual Fund,Equity Scheme - ELSS,2023-04-18,70.2852
120503,Axis ELSS Tax Saver Fund - Direct Plan - Growth Option,Axis Mutual Fund,Equity Scheme - ELSS,2023-04-19,70.0991
120503,Axis ELSS Tax Saver Fund - Direct Plan - Growth Option,Axis Mutual Fund,Equity Scheme - ELSS,2023-04-20,69.884
120503,Axis ELSS Tax Saver Fund - Direct Plan - Growth Option,Axis Mutual Fund,Equity Scheme - ELSS,2023-04-21,70.0472
120503,Axis ELSS Tax Saver Fund - Direct Plan - Growth Option,Axis Mutual Fund,Equity Scheme - ELSS,2023-04-24,70.1351
120503,Axis ELSS Tax Saver Fund - Direct Plan - Growth Option,Axis Mutual Fund,Equity Scheme - ELSS,2023-04-25,70.2622
120503,Axis ELSS Tax Saver Fund - Direct Plan - Growth Option,Axis Mutual Fund,Equity Scheme - ELSS,2023-04-26,70.2651
120503,Axis ELSS Tax Saver Fund - Direct Plan - Growth Option,Axis Mutual Fund,Equity Scheme - ELSS,2023-04-27,70.8328
120503,Axis ELSS Tax Saver Fund - Direct Plan - Growth Option,Axis Mutual Fund,Equity Scheme - ELSS,2023-04-28,71.9798
120503,Axis ELSS Tax Saver Fund - Direct Plan - Growth Option,Axis Mutual Fund,Equity Scheme - ELSS,2023-05-02,71.9451
120503,Axis ELSS Tax Saver Fund - Direct Plan - Growth Option,Axis Mutual Fund,Equity Scheme - ELSS,2023-05-03,72.0198
120503,Axis ELSS Tax Saver Fund - Direct Plan - Growth Option,Axis Mutual Fund,Equity Scheme - ELSS,2023-05-04,72.9185
120503,Axis ELSS Tax Saver Fund - Direct Plan - Growth Option,Axis Mutual Fund,Equity Scheme - ELSS,2023-05-05,72.7981
120503,Axis ELSS Tax Saver Fund - Direct Plan - Growth Option,Axis Mutual Fund,Equity Scheme - ELSS,2023-05-08,73.7065
120503,Axis ELSS Tax Saver Fund - Direct Plan - Growth Option,Axis Mutual Fund,Equity Scheme - ELSS,2023-05-09,73.7085
120503,Axis ELSS Tax Saver Fund - Direct Plan - Growth Option,Axis Mutual Fund,Equity Scheme - ELSS,2023-05-10,74.1124
120503,Axis ELSS Tax Saver Fund - Direct Plan - Growth Option,Axis Mutual Fund,Equity Scheme - ELSS,2023-05-11,74.2638
120503,Axis ELSS Tax Saver Fund - Direct Plan - Growth Option,Axis Mutual Fund,Equity Scheme - ELSS,2023-05-12,74.2078
120503,Axis ELSS Tax Saver Fund - Direct Plan - Growth Option,Axis Mutual Fund,Equity Scheme - ELSS,2023-05-15,73.9206
120503,Axis ELSS Tax Saver Fund - Direct Plan - Growth Option,Axis Mutual Fund,Equity Scheme - ELSS,2023-05-16,73.873
120503,Axis ELSS Tax Saver Fund - Direct Plan - Growth Option,Axis Mutual Fund,Equity Scheme - ELSS,2023-05-17,73.2558
120503,Axis ELSS Tax Saver Fund - Direct Plan - Growth Option,Axis Mutual Fund,Equity Scheme - ELSS,2023-05-18,73.0567
120503,Axis ELSS Tax Saver Fund - Direct Plan - Growth Option,Axis Mutual Fund,Equity Scheme - ELSS,2023-05-19,73.2915
120503,Axis ELSS Tax Saver Fund - Direct Plan - Growth Option,Axis Mutual Fund,Equity Scheme - ELSS,2023-05-22,73.7622
120503,Axis ELSS Tax Saver Fund - Direct Plan - Growth Option,Axis Mutual Fund,Equity Scheme - ELSS,2023-05-23,74.1111
120503,Axis ELSS Tax Saver Fund - Direct Plan - Growth Option,Axis Mutual Fund,Equity Scheme - ELSS,2023-05-24,73.9094
120503,Axis ELSS Tax Saver Fund - Direct Plan - Growth Option,Axis Mutual Fund,Equity Scheme - ELSS,2023-05-25,74.2147
120503,Axis ELSS Tax Saver Fund - Direct Plan - Growth Option,Axis Mutual Fund,Equity Scheme - ELSS,2023-05-26,75.2549
120503,Axis ELSS Tax Saver Fund - Direct Plan - Growth Option,Axis Mutual Fund,Equity Scheme - ELSS,2023-05-29,75.5785
120503,Axis ELSS Tax Saver Fund - Direct Plan - Growth Option,Axis Mutual Fund,Equity Scheme - ELSS,2023-05-30,75.6253
120503,Axis ELSS Tax Saver Fund - Direct Plan - Growth Option,Axis Mutual Fund,Equity Scheme - ELSS,2023-05-31,75.5768
120503,Axis ELSS Tax Saver Fund - Direct Plan - Growth Option,Axis Mutual Fund,Equity Scheme - ELSS,2023-06-01,75.9464
120503,Axis ELSS Tax Saver Fund - Direct Plan - Growth Option,Axis Mutual Fund,Equity Scheme - ELSS,2023-06-02,76.1186
120503,Axis ELSS Tax Saver Fund - Direct Plan - Growth Option,Axis Mutual Fund,Equity Scheme - ELSS,2023-06-05,76.1444
120503,Axis ELSS Tax Saver Fund - Direct Plan - Growth Option,Axis Mutual Fund,Equity Scheme - ELSS,2023-06-06,76.5604
120503,Axis ELSS Tax Saver Fund - Direct Plan - Growth Option,Axis Mutual Fund,Equity Scheme - ELSS,2023-06-07,77.6009
120503,Axis ELSS Tax Saver Fund - Direct Plan - Growth Option,Axis Mutual Fund,Equity Scheme - ELSS,2023-06-08,76.8357
120503,Axis ELSS Tax Saver Fund - Direct Plan - Growth Option,Axis Mutual Fund,Equity Scheme - ELSS,2023-06-09,76.9204
120503,Axis ELSS Tax Saver Fund - Direct Plan - Growth Option,Axis Mutual Fund,Equity Scheme - ELSS,2023-06-12,77.4286
120503,Axis ELSS Tax Saver Fund - Direct Plan - Growth Option,Axis Mutual Fund,Equity Scheme - ELSS,2023-06-13,77.9565
120503,Axis ELSS Tax Saver Fund - Direct Plan - Growth Option,Axis Mutual Fund,Equity Scheme - ELSS,2023-06-14,77.9651
120503,Axis ELSS Tax Saver Fund - Direct Plan - Growth Option,Axis Mutual Fund,Equity Scheme - ELSS,2023-06-15,78.5273
120503,Axis ELSS Tax Saver Fund - Direct Plan - Growth Option,Axis Mutual Fund,Equity Scheme - ELSS,2023-06-16,79.3826
120503,Axis ELSS Tax Saver Fund - Direct Plan - Growth Option,Axis Mutual Fund,Equity Scheme - ELSS,2023-06-19,79.3349
120503,Axis ELSS Tax Saver Fund - Direct Plan - Growth Option,Axis Mutual Fund,Equity Scheme - ELSS,2023-06-20,79.259
120503,Axis ELSS Tax Saver Fund - Direct Plan - Growth Option,Axis Mutual Fund,Equity Scheme - ELSS,2023-06-21,79.2999
120503,Axis ELSS Tax Saver Fund - Direct Plan - Growth Option,Axis Mutual Fund,Equity Scheme - ELSS,2023-06-22,78.3375
120503,Axis ELSS Tax Saver Fund - Direct Plan - Growth Option,Axis Mutual Fund,Equity Scheme - ELSS,2023-06-23,77.6483
120503,Axis ELSS Tax Saver Fund - Direct Plan - Growth Option,Axis Mutual Fund,Equity Scheme - ELSS,2023-06-26,77.8
120503,Axis ELSS Tax Saver Fund - Direct Plan - Growth Option,Axis Mutual Fund,Equity Scheme - ELSS,2023-06-27,78.1501
120503,Axis ELSS Tax Saver Fund - Direct Plan - Growth Option,Axis Mutual Fund,Equity Scheme - ELSS,2023-06-28,78.6424
120503,Axis ELSS Tax Saver Fund - Direct Plan - Growth Option,Axis Mutual Fund,Equity Scheme - ELSS,2023-06-30,79.0815
120503,Axis ELSS Tax Saver Fund - Direct Plan - Growth Option,Axis Mutual Fund,Equity Scheme - ELSS,2023-07-03,79.1417
120503,Axis ELSS Tax Saver Fund - Direct Plan - Growth Option,Axis Mutual Fund,Equity Scheme - ELSS,2023-07-04,79.7879
120503,Axis ELSS Tax Saver Fund - Direct Plan - Growth Option,Axis Mutual Fund,Equity Scheme - ELSS,2023-07-05,79.9962
120503,Axis ELSS Tax Saver Fund - Direct Plan - Growth Option,Axis Mutual Fund,Equity Scheme - ELSS,2023-07-06,80.3788
120503,Axis ELSS Tax Saver Fund - Direct Plan - Growth Option,Axis Mutual Fund,Equity Scheme - ELSS,2023-07-07,79.6889
120503,Axis ELSS Tax Saver Fund - Direct Plan - Growth Option,Axis Mutual Fund,Equity Scheme - ELSS,2023-07-10,78.8891
120503,Axis ELSS Tax Saver Fund - Direct Plan - Growth Option,Axis Mutual Fund,Equity Scheme - ELSS,2023-07-11,79.1498
120503,Axis ELSS Tax Saver Fund - Direct Plan - Growth Option,Axis Mutual Fund,Equity Scheme - ELSS,2023-07-12,79.3202
120503,Axis ELSS Tax Saver Fund - Direct Plan - Growth Option,Axis Mutual Fund,Equity Scheme - ELSS,2023-07-13,79.508
120503,Axis ELSS Tax Saver Fund - Direct Plan - Growth Option,Axis Mutual Fund,Equity Scheme - ELSS,2023-07-14,80.2997
120503,Axis ELSS Tax Saver Fund - Direct Plan - Growth Option,Axis Mutual Fund,Equity Scheme - ELSS,2023-07-17,80.1899
120503,Axis ELSS Tax Saver Fund - Direct Plan - Growth Option,Axis Mutual Fund,Equity Scheme - ELSS,2023-07-18,79.8305
120503,Axis ELSS Tax Saver Fund - Direct Plan - Growth Option,Axis Mutual Fund,Equity Scheme - ELSS,2023-07-19,80.4138
120503,Axis ELSS Tax Saver Fund - Direct Plan - Growth Option,Axis Mutual Fund,Equity Scheme - ELSS,2023-07-20,80.242
120503,Axis ELSS Tax Saver Fund - Direct Plan - Growth Option,Axis Mutual Fund,Equity Scheme - ELSS,2023-07-21,79.9104
120503,Axis ELSS Tax Saver Fund - Direct Plan - Growth Option,Axis Mutual Fund,Equity Scheme - ELSS,2023-07-24,79.672
120503,Axis ELSS Tax Saver Fund - Direct Plan - Growth Option,Axis Mutual Fund,Equity Scheme - ELSS,2023-07-25,79.7352
120503,Axis ELSS Tax Saver Fund - Direct Plan - Growth Option,Axis Mutual Fund,Equity Scheme - ELSS,2023-07-26,79.7424
120503,Axis ELSS Tax Saver Fund - Direct Plan - Growth Option,Axis Mutual Fund,Equity Scheme - ELSS,2023-07-27,79.2279
120503,Axis ELSS Tax Saver Fund - Direct Plan - Growth Option,Axis Mutual Fund,Equity Scheme - ELSS,2023-07-28,79.5813
120503,Axis ELSS Tax Saver Fund - Direct Plan - Growth Option,Axis Mutual Fund,Equity Scheme - ELSS,2023-07-31,79.6969
120503,Axis ELSS Tax Saver Fund - Direct Plan - Growth Option,Axis Mutual Fund,Equity Scheme - ELSS,2023-08-01,79.8018
120503,Axis ELSS Tax Saver Fund - Direct Plan - Growth Option,Axis Mutual Fund,Equity Scheme - ELSS,2023-08-02,79.1648
120503,Axis ELSS Tax Saver Fund - Direct Plan - Growth Option,Axis Mutual Fund,Equity Scheme - ELSS,2023-08-03,78.6486
120503,Axis ELSS Tax Saver Fund - Direct Plan - Growth Option,Axis Mutual Fund,Equity Scheme - ELSS,2023-08-04,79.4055
120503,Axis ELSS Tax Saver Fund - Direct Plan - Growth Option,Axis Mutual Fund,Equity Scheme - ELSS,2023-08-07,79.6001
120503,Axis ELSS Tax Saver Fund - Direct Plan - Growth Option,Axis Mutual Fund,Equity Scheme - ELSS,2023-08-08,79.3359
120503,Axis ELSS Tax Saver Fund - Direct Plan - Growth Option,Axis Mutual Fund,Equity Scheme - ELSS,2023-08-09,79.1715
120503,Axis ELSS Tax Saver Fund - Direct Plan - Growth Option,Axis Mutual Fund,Equity Scheme - ELSS,2023-08-10,78.8457
120503,Axis ELSS Tax Saver Fund - Direct Plan - Growth Option,Axis Mutual Fund,Equity Scheme - ELSS,2023-08-11,78.0866
120503,Axis ELSS Tax Saver Fund - Direct Plan - Growth Option,Axis Mutual Fund,Equity Scheme - ELSS,2023-08-14,77.6284
120503,Axis ELSS Tax Saver Fund - Direct Plan - Growth Option,Axis Mutual Fund,Equity Scheme - ELSS,2023-08-16,77.5465
120503,Axis ELSS Tax Saver Fund - Direct Plan - Growth Option,Axis Mutual Fund,Equity Scheme - ELSS,2023-08-17,77.1435
120503,Axis ELSS Tax Saver Fund - Direct Plan - Growth Option,Axis Mutual Fund,Equity Scheme - ELSS,2023-08-18,76.6833
120503,Axis ELSS Tax Saver Fund - Direct Plan - Growth Option,Axis Mutual Fund,Equity Scheme - ELSS,2023-08-21,77.3089
120503,Axis ELSS Tax Saver Fund - Direct Plan - Growth Option,Axis Mutual Fund,Equity Scheme - ELSS,2023-08-22,77.6152
120503,Axis ELSS Tax Saver Fund - Direct Plan - Growth Option,Axis Mutual Fund,Equity Scheme - ELSS,2023-08-23,77.7681
120503,Axis ELSS Tax Saver Fund - Direct Plan - Growth Option,Axis Mutual Fund,Equity Scheme - ELSS,2023-08-24,77.9647
120503,Axis ELSS Tax Saver Fund - Direct Plan - Growth Option,Axis Mutual Fund,Equity Scheme - ELSS,2023-08-25,77.7906
120503,Axis ELSS Tax Saver Fund - Direct Plan - Growth Option,Axis Mutual Fund,Equity Scheme - ELSS,2023-08-28,77.9343
120503,Axis ELSS Tax Saver Fund - Direct Plan - Growth Option,Axis Mutual Fund,Equity Scheme - ELSS,2023-08-29,78.4579
120503,Axis ELSS Tax Saver Fund - Direct Plan - Growth Option,Axis Mutual Fund,Equity Scheme - ELSS,2023-08-30,78.8146
120503,Axis ELSS Tax Saver Fund - Direct Plan - Growth Option,Axis Mutual Fund,Equity Scheme - ELSS,2023-08-31,78.33
120503,Axis ELSS Tax Saver Fund - Direct Plan - Growth Option,Axis Mutual Fund,Equity Scheme - ELSS,2023-09-01,78.7931
120503,Axis ELSS Tax Saver Fund - Direct Plan - Growth Option,Axis Mutual Fund,Equity Scheme - ELSS,2023-09-04,79.2103
120503,Axis ELSS Tax Saver Fund - Direct Plan - Growth Option,Axis Mutual Fund,Equity Scheme - ELSS,2023-09-05,79.6322
120503,Axis ELSS Tax Saver Fund - Direct Plan - Growth Option,Axis Mutual Fund,Equity Scheme - ELSS,2023-09-06,79.9096
120503,Axis ELSS Tax Saver Fund - Direct Plan - Growth Option,Axis Mutual Fund,Equity Scheme - ELSS,2023-09-07,80.2445
120503,Axis ELSS Tax Saver Fund - Direct Plan - Growth Option,Axis Mutual Fund,Equity Scheme - ELSS,2023-09-08,80.6406
120503,Axis ELSS Tax Saver Fund - Direct Plan - Growth Option,Axis Mutual Fund,Equity Scheme - ELSS,2023-09-11,81.2572
120503,Axis ELSS Tax Saver Fund - Direct Plan - Growth Option,Axis Mutual Fund,Equity Scheme - ELSS,2023-09-12,80.9115
120503,Axis ELSS Tax Saver Fund - Direct Plan - Growth Option,Axis Mutual Fund,Equity Scheme - ELSS,2023-09-13,80.88
120503,Axis ELSS Tax Saver Fund - Direct Plan - Growth Option,Axis Mutual Fund,Equity Scheme - ELSS,2023-09-14,81.4094
120503,Axis ELSS Tax Saver Fund - Direct Plan - Growth Option,Axis Mutual Fund,Equity Scheme - ELSS,2023-09-15,81.6974
120503,Axis ELSS Tax Saver Fund - Direct Plan - Growth Option,Axis Mutual Fund,Equity Scheme - ELSS,2023-09-18,81.6682
120503,Axis ELSS Tax Saver Fund - Direct Plan - Growth Option,Axis Mutual Fund,Equity Scheme - ELSS,2023-09-20,81.0945
120503,Axis ELSS Tax Saver Fund - Direct Plan - Growth Option,Axis Mutual Fund,Equity Scheme - ELSS,2023-09-21,80.4578
120503,Axis ELSS Tax Saver Fund - Direct Plan - Growth Option,Axis Mutual Fund,Equity Scheme - ELSS,2023-09-22,80.1359
120503,Axis ELSS Tax Saver Fund - Direct Plan - Growth Option,Axis Mutual Fund,Equity Scheme - ELSS,2023-09-25,80.5412
120503,Axis ELSS Tax Saver Fund - Direct Plan - Growth Option,Axis Mutual Fund,Equity Scheme - ELSS,2023-09-26,80.8138
120503,Axis ELSS Tax Saver Fund - Direct Plan - Growth Option,Axis Mutual Fund,Equity Scheme - ELSS,2023-09-27,80.9407
120503,Axis ELSS Tax Saver Fund - Direct Plan - Growth Option,Axis Mutual Fund,Equity Scheme - ELSS,2023-09-29,80.2623
120503,Axis ELSS Tax Saver Fund - Direct Plan - Growth Option,Axis Mutual Fund,Equity Scheme - ELSS,2023-10-03,80.4898
120503,Axis ELSS Tax Saver Fund - Direct Plan - Growth Option,Axis Mutual Fund,Equity Scheme - ELSS,2023-10-04,80.1873
120503,Axis ELSS Tax Saver Fund - Direct Plan - Growth Option,Axis Mutual Fund,Equity Scheme - ELSS,2023-10-05,80.5885
120503,Axis ELSS Tax Saver Fund - Direct Plan - Growth Option,Axis Mutual Fund,Equity Scheme - ELSS,2023-10-06,81.281
120503,Axis ELSS Tax Saver Fund - Direct Plan - Growth Option,Axis Mutual Fund,Equity Scheme - ELSS,2023-10-09,80.6672
120503,Axis ELSS Tax Saver Fund - Direct Plan - Growth Option,Axis Mutual Fund,Equity Scheme - ELSS,2023-10-10,81.3312
120503,Axis ELSS Tax Saver Fund - Direct Plan - Growth Option,Axis Mutual Fund,Equity Scheme - ELSS,2023-10-11,81.9337
120503,Axis ELSS Tax Saver Fund - Direct Plan - Growth Option,Axis Mutual Fund,Equity Scheme - ELSS,2023-10-12,81.5568
120503,Axis ELSS Tax Saver Fund - Direct Plan - Growth Option,Axis Mutual Fund,Equity Scheme - ELSS,2023-10-13,81.8571
120503,Axis ELSS Tax Saver Fund - Direct Plan - Growth Option,Axis Mutual Fund,Equity Scheme - ELSS,2023-10-16,81.4291
120503,Axis ELSS Tax Saver Fund - Direct Plan - Growth Option,Axis Mutual Fund,Equity Scheme - ELSS,2023-10-17,81.6217
120503,Axis ELSS Tax Saver Fund - Direct Plan - Growth Option,Axis Mutual Fund,Equity Scheme - ELSS,2023-10-18,81.0883
120503,Axis ELSS Tax Saver Fund - Direct Plan - Growth Option,Axis Mutual Fund,Equity Scheme - ELSS,2023-10-19,80.7616
120503,Axis ELSS Tax Saver Fund - Direct Plan - Growth Option,Axis Mutual Fund,Equity Scheme - ELSS,2023-10-20,80.6656
120503,Axis ELSS Tax Saver Fund - Direct Plan - Growth Option,Axis Mutual Fund,Equity Scheme - ELSS,2023-10-23,79.3914
120503,Axis ELSS Tax Saver Fund - Direct Plan - Growth Option,Axis Mutual Fund,Equity Scheme - ELSS,2023-10-25,78.9728
120503,Axis ELSS Tax Saver Fund - Direct Plan - Growth Option,Axis Mutual Fund,Equity Scheme - ELSS,2023-10-26,77.8286
120503,Axis ELSS Tax Saver Fund - Direct Plan - Growth Option,Axis Mutual Fund,Equity Scheme - ELSS,2023-10-27,78.5618
120503,Axis ELSS Tax Saver Fund - Direct Plan - Growth Option,Axis Mutual Fund,Equity Scheme - ELSS,2023-10-30,78.6548
120503,Axis ELSS Tax Saver Fund - Direct Plan - Growth Option,Axis Mutual Fund,Equity Scheme - ELSS,2023-10-31,78.7876
120503,Axis ELSS Tax Saver Fund - Direct Plan - Growth Option,Axis Mutual Fund,Equity Scheme - ELSS,2023-11-01,78.4438
120503,Axis ELSS Tax Saver Fund - Direct Plan - Growth Option,Axis Mutual Fund,Equity Scheme - ELSS,2023-11-02,79.0811
120503,Axis ELSS Tax Saver Fund - Direct Plan - Growth Option,Axis Mutual Fund,Equity Scheme - ELSS,2023-11-03,79.4676
120503,Axis ELSS Tax Saver Fund - Direct Plan - Growth Option,Axis Mutual Fund,Equity Scheme - ELSS,2023-11-06,80.2539
120503,Axis ELSS Tax Saver Fund - Direct Plan - Growth Option,Axis Mutual Fund,Equity Scheme - ELSS,2023-11-07,80.4516
120503,Axis ELSS Tax Saver Fund - Direct Plan - Growth Option,Axis Mutual Fund,Equity Scheme - ELSS,2023-11-08,80.8372
120503,Axis ELSS Tax Saver Fund - Direct Plan - Growth Option,Axis Mutual Fund,Equity Scheme - ELSS,2023-11-09,80.9422
120503,Axis ELSS Tax Saver Fund - Direct Plan - Growth Option,Axis Mutual Fund,Equity Scheme - ELSS,2023-11-10,81.0978
120503,Axis ELSS Tax Saver Fund - Direct Plan - Growth Option,Axis Mutual Fund,Equity Scheme - ELSS,2023-11-13,81.1712
120503,Axis ELSS Tax Saver Fund - Direct Plan - Growth Option,Axis Mutual Fund,Equity Scheme - ELSS,2023-11-15,81.9033
120503,Axis ELSS Tax Saver Fund - Direct Plan - Growth Option,Axis Mutual Fund,Equity Scheme - ELSS,2023-11-16,82.5266
120503,Axis ELSS Tax Saver Fund - Direct Plan - Growth Option,Axis Mutual Fund,Equity Scheme - ELSS,2023-11-17,82.6567
120503,Axis ELSS Tax Saver Fund - Direct Plan - Growth Option,Axis Mutual Fund,Equity Scheme - ELSS,2023-11-20,82.2374
120503,Axis ELSS Tax Saver Fund - Direct Plan - Growth Option,Axis Mutual Fund,Equity Scheme - ELSS,2023-11-21,82.3562
120503,Axis ELSS Tax Saver Fund - Direct Plan - Growth Option,Axis Mutual Fund,Equity Scheme - ELSS,2023-11-22,82.7354
120503,Axis ELSS Tax Saver Fund - Direct Plan - Growth Option,Axis Mutual Fund,Equity Scheme - ELSS,2023-11-23,82.3248
120503,Axis ELSS Tax Saver Fund - Direct Plan - Growth Option,Axis Mutual Fund,Equity Scheme - ELSS,2023-11-24,82.1289
120503,Axis ELSS Tax Saver Fund - Direct Plan - Growth Option,Axis Mutual Fund,Equity Scheme - ELSS,2023-11-28,82.5944
120503,Axis ELSS Tax Saver Fund - Direct Plan - Growth Option,Axis Mutual Fund,Equity Scheme - ELSS,2023-11-29,83.5921
120503,Axis ELSS Tax Saver Fund - Direct Plan - Growth Option,Axis Mutual Fund,Equity Scheme - ELSS,2023-11-30,84.2614
120503,Axis ELSS Tax Saver Fund - Direct Plan - Growth Option,Axis Mutual Fund,Equity Scheme - ELSS,2023-12-01,84.5496
120503,Axis ELSS Tax Saver Fund - Direct Plan - Growth Option,Axis Mutual Fund,Equity Scheme - ELSS,2023-12-04,85.3715
120503,Axis ELSS Tax Saver Fund - Direct Plan - Growth Option,Axis Mutual Fund,Equity Scheme - ELSS,2023-12-05,85.591
120503,Axis ELSS Tax Saver Fund - Direct Plan - Growth Option,Axis Mutual Fund,Equity Scheme - ELSS,2023-12-06,86.0435
120503,Axis ELSS Tax Saver Fund - Direct Plan - Growth Option,Axis Mutual Fund,Equity Scheme - ELSS,2023-12-07,86.3885
120503,Axis ELSS Tax Saver Fund - Direct Plan - Growth Option,Axis Mutual Fund,Equity Scheme - ELSS,2023-12-08,85.9606
120503,Axis ELSS Tax Saver Fund - Direct Plan - Growth Option,Axis Mutual Fund,Equity Scheme - ELSS,2023-12-11,86.2758
120503,Axis ELSS Tax Saver Fund - Direct Plan - Growth Option,Axis Mutual Fund,Equity Scheme - ELSS,2023-12-12,85.7571
120503,Axis ELSS Tax Saver Fund - Direct Plan - Growth Option,Axis Mutual Fund,Equity Scheme - ELSS,2023-12-13,85.5812
120503,Axis ELSS Tax Saver Fund - Direct Plan - Growth Option,Axis Mutual Fund,Equity Scheme - ELSS,2023-12-14,86.9194
120503,Axis ELSS Tax Saver Fund - Direct Plan - Growth Option,Axis Mutual Fund,Equity Scheme - ELSS,2023-12-15,87.4489
120503,Axis ELSS Tax Saver Fund - Direct Plan - Growth Option,Axis Mutual Fund,Equity Scheme - ELSS,2023-12-18,87.7642
120503,Axis ELSS Tax Saver Fund - Direct Plan - Growth Option,Axis Mutual Fund,Equity Scheme - ELSS,2023-12-19,87.7026
120503,Axis ELSS Tax Saver Fund - Direct Plan - Growth Option,Axis Mutual Fund,Equity Scheme - ELSS,2023-12-20,85.8692
120503,Axis ELSS Tax Saver Fund - Direct Plan - Growth Option,Axis Mutual Fund,Equity Scheme - ELSS,2023-12-21,86.3297
120503,Axis ELSS Tax Saver Fund - Direct Plan - Growth Option,Axis Mutual Fund,Equity Scheme - ELSS,2023-12-22,86.9823
120503,Axis ELSS Tax Saver Fund - Direct Plan - Growth Option,Axis Mutual Fund,Equity Scheme - ELSS,2023-12-26,87.1531
120503,Axis ELSS Tax Saver Fund - Direct Plan - Growth Option,Axis Mutual Fund,Equity Scheme - ELSS,2023-12-27,87.8865
120503,Axis ELSS Tax Saver Fund - Direct Plan - Growth Option,Axis Mutual Fund,Equity Scheme - ELSS,2023-12-28,88.2002
120503,Axis ELSS Tax Saver Fund - Direct Plan - Growth Option,Axis Mutual Fund,Equity Scheme - ELSS,2023-12-29,88.6224
120503,Axis ELSS Tax Saver Fund - Direct Plan - Growth Option,Axis Mutual Fund,Equity Scheme - ELSS,2024-01-01,88.5872
120503,Axis ELSS Tax Saver Fund - Direct Plan - Growth Option,Axis Mutual Fund,Equity Scheme - ELSS,2024-01-02,88.7896
120503,Axis ELSS Tax Saver Fund - Direct Plan - Growth Option,Axis Mutual Fund,Equity Scheme - ELSS,2024-01-03,88.276
120503,Axis ELSS Tax Saver Fund - Direct Plan - Growth Option,Axis Mutual Fund,Equity Scheme - ELSS,2024-01-04,89.3141
120503,Axis ELSS Tax Saver Fund - Direct Plan - Growth Option,Axis Mutual Fund,Equity Scheme - ELSS,2024-01-05,89.3931
120503,Axis ELSS Tax Saver Fund - Direct Plan - Growth Option,Axis Mutual Fund,Equity Scheme - ELSS,2024-01-08,88.4806
120503,Axis ELSS Tax Saver Fund - Direct Plan - Growth Option,Axis Mutual Fund,Equity Scheme - ELSS,2024-01-09,88.7379
120503,Axis ELSS Tax Saver Fund - Direct Plan - Growth Option,Axis Mutual Fund,Equity Scheme - ELSS,2024-01-10,88.6949
120503,Axis ELSS Tax Saver Fund - Direct Plan - Growth Option,Axis Mutual Fund,Equity Scheme - ELSS,2024-01-11,88.8697
120503,Axis ELSS Tax Saver Fund - Direct Plan - Growth Option,Axis Mutual Fund,Equity Scheme - ELSS,2024-01-12,89.2661
120503,Axis ELSS Tax Saver Fund - Direct Plan - Growth Option,Axis Mutual Fund,Equity Scheme - ELSS,2024-01-15,89.4426
120503,Axis ELSS Tax Saver Fund - Direct Plan - Growth Option,Axis Mutual Fund,Equity Scheme - ELSS,2024-01-16,89.0802
120503,Axis ELSS Tax Saver Fund - Direct Plan - Growth Option,Axis Mutual Fund,Equity Scheme - ELSS,2024-01-17,87.7973
120503,Axis ELSS Tax Saver Fund - Direct Plan - Growth Option,Axis Mutual Fund,Equity Scheme - ELSS,2024-01-18,87.3317
120503,Axis ELSS Tax Saver Fund - Direct Plan - Growth Option,Axis Mutual Fund,Equity Scheme - ELSS,2024-01-19,87.7628
120503,Axis ELSS Tax Saver Fund - Direct Plan - Growth Option,Axis Mutual Fund,Equity Scheme - ELSS,2024-01-23,86.1726
120503,Axis ELSS Tax Saver Fund - Direct Plan - Growth Option,Axis Mutual Fund,Equity Scheme - ELSS,2024-01-24,87.1611
120503,Axis ELSS Tax Saver Fund - Direct Plan - Growth Option,Axis Mutual Fund,Equity Scheme - ELSS,2024-01-25,86.7929
120503,Axis ELSS Tax Saver Fund - Direct Plan - Growth Option,Axis Mutual Fund,Equity Scheme - ELSS,2024-01-29,87.625
120503,Axis ELSS Tax Saver Fund - Direct Plan - Growth Option,Axis Mutual Fund,Equity Scheme - ELSS,2024-01-30,86.7464
120503,Axis ELSS Tax Saver Fund - Direct Plan - Growth Option,Axis Mutual Fund,Equity Scheme - ELSS,2024-01-31,87.6883
120503,Axis ELSS Tax Saver Fund - Direct Plan - Growth Option,Axis Mutual Fund,Equity Scheme - ELSS,2024-02-01,87.5274
120503,Axis ELSS Tax Saver Fund - Direct Plan - Growth Option,Axis Mutual Fund,Equity Scheme - ELSS,2024-02-02,88.0783
120503,Axis ELSS Tax Saver Fund - Direct Plan - Growth Option,Axis Mutual Fund,Equity Scheme - ELSS,2024-02-05,87.9175
120503,Axis ELSS Tax Saver Fund - Direct Plan - Growth Option,Axis Mutual Fund,Equity Scheme - ELSS,2024-02-06,88.8898
120503,Axis ELSS Tax Saver Fund - Direct Plan - Growth Option,Axis Mutual Fund,Equity Scheme - ELSS,2024-02-07,89.1219
120503,Axis ELSS Tax Saver Fund - Direct Plan - Growth Option,Axis Mutual Fund,Equity Scheme - ELSS,2024-02-08,88.8906
120503,Axis ELSS Tax Saver Fund - Direct Plan - Growth Option,Axis Mutual Fund,Equity Scheme - ELSS,2024-02-09,88.9904
120503,Axis ELSS Tax Saver Fund - Direct Plan - Growth Option,Axis Mutual Fund,Equity Scheme - ELSS,2024-02-12,88.4978
120503,Axis ELSS Tax Saver Fund - Direct Plan - Growth Option,Axis Mutual Fund,Equity Scheme - ELSS,2024-02-13,88.5891
120503,Axis ELSS Tax Saver Fund - Direct Plan - Growth Option,Axis Mutual Fund,Equity Scheme - ELSS,2024-02-14,88.6018
120503,Axis ELSS Tax Saver Fund - Direct Plan - Growth Option,Axis Mutual Fund,Equity Scheme - ELSS,2024-02-15,89.2836
120503,Axis ELSS Tax Saver Fund - Direct Plan - Growth Option,Axis Mutual Fund,Equity Scheme - ELSS,2024-02-16,89.9501
120503,Axis ELSS Tax Saver Fund - Direct Plan - Growth Option,Axis Mutual Fund,Equity Scheme - ELSS,2024-02-19,90.4864
120503,Axis ELSS Tax Saver Fund - Direct Plan - Growth Option,Axis Mutual Fund,Equity Scheme - ELSS,2024-02-20,90.5408
120503,Axis ELSS Tax Saver Fund - Direct Plan - Growth Option,Axis Mutual Fund,Equity Scheme - ELSS,2024-02-21,89.9277
120503,Axis ELSS Tax Saver Fund - Direct Plan - Growth Option,Axis Mutual Fund,Equity Scheme - ELSS,2024-02-22,90.5233
120503,Axis ELSS Tax Saver Fund - Direct Plan - Growth Option,Axis Mutual Fund,Equity Scheme - ELSS,2024-02-23,91.0211
120503,Axis ELSS Tax Saver Fund - Direct Plan - Growth Option,Axis Mutual Fund,Equity Scheme - ELSS,2024-02-26,90.4475
120503,Axis ELSS Tax Saver Fund - Direct Plan - Growth Option,Axis Mutual Fund,Equity Scheme - ELSS,2024-02-27,90.9648
120503,Axis ELSS Tax Saver Fund - Direct Plan - Growth Option,Axis Mutual Fund,Equity Scheme - ELSS,2024-02-28,89.799
120503,Axis ELSS Tax Saver Fund - Direct Plan - Growth Option,Axis Mutual Fund,Equity Scheme - ELSS,2024-02-29,89.9973
120503,Axis ELSS Tax Saver Fund - Direct Plan - Growth Option,Axis Mutual Fund,Equity Scheme - ELSS,2024-03-01,90.8589
120503,Axis ELSS Tax Saver Fund - Direct Plan - Growth Option,Axis Mutual Fund,Equity Scheme - ELSS,2024-03-04,90.746
120503,Axis ELSS Tax Saver Fund - Direct Plan - Growth Option,Axis Mutual Fund,Equity Scheme - ELSS,2024-03-05,90.0501
120503,Axis ELSS Tax Saver Fund - Direct Plan - Growth Option,Axis Mutual Fund,Equity Scheme - ELSS,2024-03-06,90.5435
120503,Axis ELSS Tax Saver Fund - Direct Plan - Growth Option,Axis Mutual Fund,Equity Scheme - ELSS,2024-03-07,90.9543
120503,Axis ELSS Tax Saver Fund - Direct Plan - Growth Option,Axis Mutual Fund,Equity Scheme - ELSS,2024-03-11,91.2347
120503,Axis ELSS Tax Saver Fund - Direct Plan - Growth Option,Axis Mutual Fund,Equity Scheme - ELSS,2024-03-12,91.1882
120503,Axis ELSS Tax Saver Fund - Direct Plan - Growth Option,Axis Mutual Fund,Equity Scheme - ELSS,2024-03-13,89.3397
120503,Axis ELSS Tax Saver Fund - Direct Plan - Growth Option,Axis Mutual Fund,Equity Scheme - ELSS,2024-03-14,90.2709
120503,Axis ELSS Tax Saver Fund - Direct Plan - Growth Option,Axis Mutual Fund,Equity Scheme - ELSS,2024-03-15,90.1664
120503,Axis ELSS Tax Saver Fund - Direct Plan - Growth Option,Axis Mutual Fund,Equity Scheme - ELSS,2024-03-18,90.5286
120503,Axis ELSS Tax Saver Fund - Direct Plan - Growth Option,Axis Mutual Fund,Equity Scheme - ELSS,2024-03-19,90.1635
120503,Axis ELSS Tax Saver Fund - Direct Plan - Growth Option,Axis Mutual Fund,Equity Scheme - ELSS,2024-03-20,90.1357
120503,Axis ELSS Tax Saver Fund - Direct Plan - Growth Option,Axis Mutual Fund,Equity Scheme - ELSS,2024-03-21,91.6362
120503,Axis ELSS Tax Saver Fund - Direct Plan - Growth Option,Axis Mutual Fund,Equity Scheme - ELSS,2024-03-22,92.3497
120503,Axis ELSS Tax Saver Fund - Direct Plan - Growth Option,Axis Mutual Fund,Equity Scheme - ELSS,2024-03-26,93.5808
120503,Axis ELSS Tax Saver Fund - Direct Plan - Growth Option,Axis Mutual Fund,Equity Scheme - ELSS,2024-03-27,93.9876
120503,Axis ELSS Tax Saver Fund - Direct Plan - Growth Option,Axis Mutual Fund,Equity Scheme - ELSS,2024-03-28,94.7358
120503,Axis ELSS Tax Saver Fund - Direct Plan - Growth Option,Axis Mutual Fund,Equity Scheme - ELSS,2024-03-31,94.7314
120503,Axis ELSS Tax Saver Fund - Direct Plan - Growth Option,Axis Mutual Fund,Equity Scheme - ELSS,2024-04-01,95.504
120503,Axis ELSS Tax Saver Fund - Direct Plan - Growth Option,Axis Mutual Fund,Equity Scheme - ELSS,2024-04-02,95.7608
120503,Axis ELSS Tax Saver Fund - Direct Plan - Growth Option,Axis Mutual Fund,Equity Scheme - ELSS,2024-04-03,95.9101
120503,Axis ELSS Tax Saver Fund - Direct Plan - Growth Option,Axis Mutual Fund,Equity Scheme - ELSS,2024-04-04,96.4476
120503,Axis ELSS Tax Saver Fund - Direct Plan - Growth Option,Axis Mutual Fund,Equity Scheme - ELSS,2024-04-05,96.6215
120503,Axis ELSS Tax Saver Fund - Direct Plan - Growth Option,Axis Mutual Fund,Equity Scheme - ELSS,2024-04-08,97.5362
120503,Axis ELSS Tax Saver Fund - Direct Plan - Growth Option,Axis Mutual Fund,Equity Scheme - ELSS,2024-04-09,97.5888
120503,Axis ELSS Tax Saver Fund - Direct Plan - Growth Option,Axis Mutual Fund,Equity Scheme - ELSS,2024-04-10,97.6149
120503,Axis ELSS Tax Saver Fund - Direct Plan - Growth Option,Axis Mutual Fund,Equity Scheme - ELSS,2024-04-12,97.352
120503,Axis ELSS Tax Saver Fund - Direct Plan - Growth Option,Axis Mutual Fund,Equity Scheme - ELSS,2024-04-15,95.7903
120503,Axis ELSS Tax Saver Fund - Direct Plan - Growth Option,Axis Mutual Fund,Equity Scheme - ELSS,2024-04-16,95.2528
120503,Axis ELSS Tax Saver Fund - Direct Plan - Growth Option,Axis Mutual Fund,Equity Scheme - ELSS,2024-04-18,94.7785
120503,Axis ELSS Tax Saver Fund - Direct Plan - Growth Option,Axis Mutual Fund,Equity Scheme - ELSS,2024-04-19,95.0403
120503,Axis ELSS Tax Saver Fund - Direct Plan - Growth Option,Axis Mutual Fund,Equity Scheme - ELSS,2024-04-22,95.5704
120503,Axis ELSS Tax Saver Fund - Direct Plan - Growth Option,Axis Mutual Fund,Equity Scheme - ELSS,2024-04-23,95.9438
120503,Axis ELSS Tax Saver Fund - Direct Plan - Growth Option,Axis Mutual Fund,Equity Scheme - ELSS,2024-04-24,96.3725
120503,Axis ELSS Tax Saver Fund - Direct Plan - Growth Option,Axis Mutual Fund,Equity Scheme - ELSS,2024-04-25,96.2399
120503,Axis ELSS Tax Saver Fund - Direct Plan - Growth Option,Axis Mutual Fund,Equity Scheme - ELSS,2024-04-26,95.5204
120503,Axis ELSS Tax Saver Fund - Direct Plan - Growth Option,Axis Mutual Fund,Equity Scheme - ELSS,2024-04-29,96.2744
120503,Axis ELSS Tax Saver Fund - Direct Plan - Growth Option,Axis Mutual Fund,Equity Scheme - ELSS,2024-04-30,96.3277
120503,Axis ELSS Tax Saver Fund - Direct Plan - Growth Option,Axis Mutual Fund,Equity Scheme - ELSS,2024-05-02,96.6825
120503,Axis ELSS Tax Saver Fund - Direct Plan - Growth Option,Axis Mutual Fund,Equity Scheme - ELSS,2024-05-03,96.2268
120503,Axis ELSS Tax Saver Fund - Direct Plan - Growth Option,Axis Mutual Fund,Equity Scheme - ELSS,2024-05-06,96.1226
120503,Axis ELSS Tax Saver Fund - Direct Plan - Growth Option,Axis Mutual Fund,Equity Scheme - ELSS,2024-05-07,95.2615
120503,Axis ELSS Tax Saver Fund - Direct Plan - Growth Option,Axis Mutual Fund,Equity Scheme - ELSS,2024-05-08,95.1781
120503,Axis ELSS Tax Saver Fund - Direct Plan - Growth Option,Axis Mutual Fund,Equity Scheme - ELSS,2024-05-09,94.1648
120503,Axis ELSS Tax Saver Fund - Direct Plan - Growth Option,Axis Mutual Fund,Equity Scheme - ELSS,2024-05-10,94.944
120503,Axis ELSS Tax Saver Fund - Direct Plan - Growth Option,Axis Mutual Fund,Equity Scheme - ELSS,2024-05-13,94.9181
120503,Axis ELSS Tax Saver Fund - Direct Plan - Growth Option,Axis Mutual Fund,Equity Scheme - ELSS,2024-05-14,95.0867
120503,Axis ELSS Tax Saver Fund - Direct Plan - Growth Option,Axis Mutual Fund,Equity Scheme - ELSS,2024-05-15,95.3403
120503,Axis ELSS Tax Saver Fund - Direct Plan - Growth Option,Axis Mutual Fund,Equity Scheme - ELSS,2024-05-16,95.8039
120503,Axis ELSS Tax Saver Fund - Direct Plan - Growth Option,Axis Mutual Fund,Equity Scheme - ELSS,2024-05-17,96.5667
120503,Axis ELSS Tax Saver Fund - Direct Plan - Growth Option,Axis Mutual Fund,Equity Scheme - ELSS,2024-05-21,96.6377
120503,Axis ELSS Tax Saver Fund - Direct Plan - Growth Option,Axis Mutual Fund,Equity Scheme - ELSS,2024-05-22,96.6311
120503,Axis ELSS Tax Saver Fund - Direct Plan - Growth Option,Axis Mutual Fund,Equity Scheme - ELSS,2024-05-23,97.6268
120503,Axis ELSS Tax Saver Fund - Direct Plan - Growth Option,Axis Mutual Fund,Equity Scheme - ELSS,2024-05-24,97.1641
120503,Axis ELSS Tax Saver Fund - Direct Plan - Growth Option,Axis Mutual Fund,Equity Scheme - ELSS,2024-05-27,97.2496
120503,Axis ELSS Tax Saver Fund - Direct Plan - Growth Option,Axis Mutual Fund,Equity Scheme - ELSS,2024-05-28,96.9662
120503,Axis ELSS Tax Saver Fund - Direct Plan - Growth Option,Axis Mutual Fund,Equity Scheme - ELSS,2024-05-29,96.422
120503,Axis ELSS Tax Saver Fund - Direct Plan - Growth Option,Axis Mutual Fund,Equity Scheme - ELSS,2024-05-30,95.26
120503,Axis ELSS Tax Saver Fund - Direct Plan - Growth Option,Axis Mutual Fund,Equity Scheme - ELSS,2024-05-31,95.3435
120503,Axis ELSS Tax Saver Fund - Direct Plan - Growth Option,Axis Mutual Fund,Equity Scheme - ELSS,2024-06-03,97.572
120503,Axis ELSS Tax Saver Fund - Direct Plan - Growth Option,Axis Mutual Fund,Equity Scheme - ELSS,2024-06-04,93.8529
120503,Axis ELSS Tax Saver Fund - Direct Plan - Growth Option,Axis Mutual Fund,Equity Scheme - ELSS,2024-06-05,97.1538
120503,Axis ELSS Tax Saver Fund - Direct Plan - Growth Option,Axis Mutual Fund,Equity Scheme - ELSS,2024-06-06,97.7973
120503,Axis ELSS Tax Saver Fund - Direct Plan - Growth Option,Axis Mutual Fund,Equity Scheme - ELSS,2024-06-07,99.5188
120503,Axis ELSS Tax Saver Fund - Direct Plan - Growth Option,Axis Mutual Fund,Equity Scheme - ELSS,2024-06-10,99.7429
120503,Axis ELSS Tax Saver Fund - Direct Plan - Growth Option,Axis Mutual Fund,Equity Scheme - ELSS,2024-06-11,99.8719
120503,Axis ELSS Tax Saver Fund - Direct Plan - Growth Option,Axis Mutual Fund,Equity Scheme - ELSS,2024-06-12,100.2724
120503,Axis ELSS Tax Saver Fund - Direct Plan - Growth Option,Axis Mutual Fund,Equity Scheme - ELSS,2024-06-13,101.0481
120503,Axis ELSS Tax Saver Fund - Direct Plan - Growth Option,Axis Mutual Fund,Equity Scheme - ELSS,2024-06-14,101.7146
120503,Axis ELSS Tax Saver Fund - Direct Plan - Growth Option,Axis Mutual Fund,Equity Scheme - ELSS,2024-06-18,102.2403
120503,Axis ELSS Tax Saver Fund - Direct Plan - Growth Option,Axis Mutual Fund,Equity Scheme - ELSS,2024-06-19,101.7992
120503,Axis ELSS Tax Saver Fund - Direct Plan - Growth Option,Axis Mutual Fund,Equity Scheme - ELSS,2024-06-20,101.8546
120503,Axis ELSS Tax Saver Fund - Direct Plan - Growth Option,Axis Mutual Fund,Equity Scheme - ELSS,2024-06-21,101.2079
120503,Axis ELSS Tax Saver Fund - Direct Plan - Growth Option,Axis Mutual Fund,Equity Scheme - ELSS,2024-06-24,101.9085
120503,Axis ELSS Tax Saver Fund - Direct Plan - Growth Option,Axis Mutual Fund,Equity Scheme - ELSS,2024-06-25,102.2506
120503,Axis ELSS Tax Saver Fund - Direct Plan - Growth Option,Axis Mutual Fund,Equity Scheme - ELSS,2024-06-26,102.4418
120503,Axis ELSS Tax Saver Fund - Direct Plan - Growth Option,Axis Mutual Fund,Equity Scheme - ELSS,2024-06-27,103.0033
120503,Axis ELSS Tax Saver Fund - Direct Plan - Growth Option,Axis Mutual Fund,Equity Scheme - ELSS,2024-06-28,102.6191
120503,Axis ELSS Tax Saver Fund - Direct Plan - Growth Option,Axis Mutual Fund,Equity Scheme - ELSS,2024-07-01,103.1944
120503,Axis ELSS Tax Saver Fund - Direct Plan - Growth Option,Axis Mutual Fund,Equity Scheme - ELSS,2024-07-02,102.868
120503,Axis ELSS Tax Saver Fund - Direct Plan - Growth Option,Axis Mutual Fund,Equity Scheme - ELSS,2024-07-03,103.5393
120503,Axis ELSS Tax Saver Fund - Direct Plan - Growth Option,Axis Mutual Fund,Equity Scheme - ELSS,2024-07-04,103.5511
120503,Axis ELSS Tax Saver Fund - Direct Plan - Growth Option,Axis Mutual Fund,Equity Scheme - ELSS,2024-07-05,103.8188
120503,Axis ELSS Tax Saver Fund - Direct Plan - Growth Option,Axis Mutual Fund,Equity Scheme - ELSS,2024-07-08,103.2534
120503,Axis ELSS Tax Saver Fund - Direct Plan - Growth Option,Axis Mutual Fund,Equity Scheme - ELSS,2024-07-09,103.826
120503,Axis ELSS Tax Saver Fund - Direct Plan - Growth Option,Axis Mutual Fund,Equity Scheme - ELSS,2024-07-10,103.6139
120503,Axis ELSS Tax Saver Fund - Direct Plan - Growth Option,Axis Mutual Fund,Equity Scheme - ELSS,2024-07-11,103.391
120503,Axis ELSS Tax Saver Fund - Direct Plan - Growth Option,Axis Mutual Fund,Equity Scheme - ELSS,2024-07-12,103.8648
120503,Axis ELSS Tax Saver Fund - Direct Plan - Growth Option,Axis Mutual Fund,Equity Scheme - ELSS,2024-07-15,104.2503
120503,Axis ELSS Tax Saver Fund - Direct Plan - Growth Option,Axis Mutual Fund,Equity Scheme - ELSS,2024-07-16,104.2689
120503,Axis ELSS Tax Saver Fund - Direct Plan - Growth Option,Axis Mutual Fund,Equity Scheme - ELSS,2024-07-18,104.7371
120503,Axis ELSS Tax Saver Fund - Direct Plan - Growth Option,Axis Mutual Fund,Equity Scheme - ELSS,2024-07-19,103.1529
120503,Axis ELSS Tax Saver Fund - Direct Plan - Growth Option,Axis Mutual Fund,Equity Scheme - ELSS,2024-07-22,103.7408
120503,Axis ELSS Tax Saver Fund - Direct Plan - Growth Option,Axis Mutual Fund,Equity Scheme - ELSS,2024-07-23,103.4111
120503,Axis ELSS Tax Saver Fund - Direct Plan - Growth Option,Axis Mutual Fund,Equity Scheme - ELSS,2024-07-24,103.5237
120503,Axis ELSS Tax Saver Fund - Direct Plan - Growth Option,Axis Mutual Fund,Equity Scheme - ELSS,2024-07-25,103.9297
120503,Axis ELSS Tax Saver Fund - Direct Plan - Growth Option,Axis Mutual Fund,Equity Scheme - ELSS,2024-07-26,105.5663
120503,Axis ELSS Tax Saver Fund - Direct Plan - Growth Option,Axis Mutual Fund,Equity Scheme - ELSS,2024-07-29,106.152
120503,Axis ELSS Tax Saver Fund - Direct Plan - Growth Option,Axis Mutual Fund,Equity Scheme - ELSS,2024-07-30,106.1309
120503,Axis ELSS Tax Saver Fund - Direct Plan - Growth Option,Axis Mutual Fund,Equity Scheme - ELSS,2024-07-31,107.2541
120503,Axis ELSS Tax Saver Fund - Direct Plan - Growth Option,Axis Mutual Fund,Equity Scheme - ELSS,2024-08-01,106.8677
120503,Axis ELSS Tax Saver Fund - Direct Plan - Growth Option,Axis Mutual Fund,Equity Scheme - ELSS,2024-08-02,106.2855
120503,Axis ELSS Tax Saver Fund - Direct Plan - Growth Option,Axis Mutual Fund,Equity Scheme - ELSS,2024-08-05,103.3697
120503,Axis ELSS Tax Saver Fund - Direct Plan - Growth Option,Axis Mutual Fund,Equity Scheme - ELSS,2024-08-06,102.7567
120503,Axis ELSS Tax Saver Fund - Direct Plan - Growth Option,Axis Mutual Fund,Equity Scheme - ELSS,2024-08-07,104.7231
120503,Axis ELSS Tax Saver Fund - Direct Plan - Growth Option,Axis Mutual Fund,Equity Scheme - ELSS,2024-08-08,104.0397
120503,Axis ELSS Tax Saver Fund - Direct Plan - Growth Option,Axis Mutual Fund,Equity Scheme - ELSS,2024-08-09,105.1196
120503,Axis ELSS Tax Saver Fund - Direct Plan - Growth Option,Axis Mutual Fund,Equity Scheme - ELSS,2024-08-12,104.7072
120503,Axis ELSS Tax Saver Fund - Direct Plan - Growth Option,Axis Mutual Fund,Equity Scheme - ELSS,2024-08-13,103.6796
120503,Axis ELSS Tax Saver Fund - Direct Plan - Growth Option,Axis Mutual Fund,Equity Scheme - ELSS,2024-08-14,103.5686
120503,Axis ELSS Tax Saver Fund - Direct Plan - Growth Option,Axis Mutual Fund,Equity Scheme - ELSS,2024-08-16,105.3212
120503,Axis ELSS Tax Saver Fund - Direct Plan - Growth Option,Axis Mutual Fund,Equity Scheme - ELSS,2024-08-19,105.1849
120503,Axis ELSS Tax Saver Fund - Direct Plan - Growth Option,Axis Mutual Fund,Equity Scheme - ELSS,2024-08-20,106.4228
120503,Axis ELSS Tax Saver Fund - Direct Plan - Growth Option,Axis Mutual Fund,Equity Scheme - ELSS,2024-08-21,106.4116
120503,Axis ELSS Tax Saver Fund - Direct Plan - Growth Option,Axis Mutual Fund,Equity Scheme - ELSS,2024-08-22,106.7491
120503,Axis ELSS Tax Saver Fund - Direct Plan - Growth Option,Axis Mutual Fund,Equity Scheme - ELSS,2024-08-23,106.6293
120503,Axis ELSS Tax Saver Fund - Direct Plan - Growth Option,Axis Mutual Fund,Equity Scheme - ELSS,2024-08-26,107.2803
120503,Axis ELSS Tax Saver Fund - Direct Plan - Growth Option,Axis Mutual Fund,Equity Scheme - ELSS,2024-08-27,107.7123
120503,Axis ELSS Tax Saver Fund - Direct Plan - Growth Option,Axis Mutual Fund,Equity Scheme - ELSS,2024-08-28,107.8057
120503,Axis ELSS Tax Saver Fund - Direct Plan - Growth Option,Axis Mutual Fund,Equity Scheme - ELSS,2024-08-29,107.8731
120503,Axis ELSS Tax Saver Fund - Direct Plan - Growth Option,Axis Mutual Fund,Equity Scheme - ELSS,2024-08-30,108.8193
120503,Axis ELSS Tax Saver Fund - Direct Plan - Growth Option,Axis Mutual Fund,Equity Scheme - ELSS,2024-08-31,108.8172
120503,Axis ELSS Tax Saver Fund - Direct Plan - Growth Option,Axis Mutual Fund,Equity Scheme - ELSS,2024-09-02,108.9623
120503,Axis ELSS Tax Saver Fund - Direct Plan - Growth Option,Axis Mutual Fund,Equity Scheme - ELSS,2024-09-03,108.8271
120503,Axis ELSS Tax Saver Fund - Direct Plan - Growth Option,Axis Mutual Fund,Equity Scheme - ELSS,2024-09-04,108.8874
120503,Axis ELSS Tax Saver Fund - Direct Plan - Growth Option,Axis Mutual Fund,Equity Scheme - ELSS,2024-09-05,108.8654
120503,Axis ELSS Tax Saver Fund - Direct Plan - Growth Option,Axis Mutual Fund,Equity Scheme - ELSS,2024-09-06,108.1266
120503,Axis ELSS Tax Saver Fund - Direct Plan - Growth Option,Axis Mutual Fund,Equity Scheme - ELSS,2024-09-09,108.295
120503,Axis ELSS Tax Saver Fund - Direct Plan - Growth Option,Axis Mutual Fund,Equity Scheme - ELSS,2024-09-10,108.8255
120503,Axis ELSS Tax Saver Fund - Direct Plan - Growth Option,Axis Mutual Fund,Equity Scheme - ELSS,2024-09-11,108.7761
120503,Axis ELSS Tax Saver Fund - Direct Plan - Growth Option,Axis Mutual Fund,Equity Scheme - ELSS,2024-09-12,110.5163
120503,Axis ELSS Tax Saver Fund - Direct Plan - Growth Option,Axis Mutual Fund,Equity Scheme - ELSS,2024-09-13,110.5442
120503,Axis ELSS Tax Saver Fund - Direct Plan - Growth Option,Axis Mutual Fund,Equity Scheme - ELSS,2024-09-16,110.7179
120503,Axis ELSS Tax Saver Fund - Direct Plan - Growth Option,Axis Mutual Fund,Equity Scheme - ELSS,2024-09-17,110.9778
120503,Axis ELSS Tax Saver Fund - Direct Plan - Growth Option,Axis Mutual Fund,Equity Scheme - ELSS,2024-09-18,111.2418
120503,Axis ELSS Tax Saver Fund - Direct Plan - Growth Option,Axis Mutual Fund,Equity Scheme - ELSS,2024-09-19,111.1788
120503,Axis ELSS Tax Saver Fund - Direct Plan - Growth Option,Axis Mutual Fund,Equity Scheme - ELSS,2024-09-20,112.7908
120503,Axis ELSS Tax Saver Fund - Direct Plan - Growth Option,Axis Mutual Fund,Equity Scheme - ELSS,2024-09-23,113.547
120503,Axis ELSS Tax Saver Fund - Direct Plan - Growth Option,Axis Mutual Fund,Equity Scheme - ELSS,2024-09-24,113.5942
120503,Axis ELSS Tax Saver Fund - Direct Plan - Growth Option,Axis Mutual Fund,Equity Scheme - ELSS,2024-09-25,113.1368
120503,Axis ELSS Tax Saver Fund - Direct Plan - Growth Option,Axis Mutual Fund,Equity Scheme - ELSS,2024-09-26,113.6849
120503,Axis ELSS Tax Saver Fund - Direct Plan - Growth Option,Axis Mutual Fund,Equity Scheme - ELSS,2024-09-27,113.6083
120503,Axis ELSS Tax Saver Fund - Direct Plan - Growth Option,Axis Mutual Fund,Equity Scheme - ELSS,2024-09-30,112.3338
120503,Axis ELSS Tax Saver Fund - Direct Plan - Growth Option,Axis Mutual Fund,Equity Scheme - ELSS,2024-10-01,112.3285
120503,Axis ELSS Tax Saver Fund - Direct Plan - Growth Option,Axis Mutual Fund,Equity Scheme - ELSS,2024-10-03,110.1986
120503,Axis ELSS Tax Saver Fund - Direct Plan - Growth Option,Axis Mutual Fund,Equity Scheme - ELSS,2024-10-04,109.2162
120503,Axis ELSS Tax Saver Fund - Direct Plan - Growth Option,Axis Mutual Fund,Equity Scheme - ELSS,2024-10-07,107.8549
120503,Axis ELSS Tax Saver Fund - Direct Plan - Growth Option,Axis Mutual Fund,Equity Scheme - ELSS,2024-10-08,109.2294
120503,Axis ELSS Tax Saver Fund - Direct Plan - Growth Option,Axis Mutual Fund,Equity Scheme - ELSS,2024-10-09,110.5143
120503,Axis ELSS Tax Saver Fund - Direct Plan - Growth Option,Axis Mutual Fund,Equity Scheme - ELSS,2024-10-10,110.2257
120503,Axis ELSS Tax Saver Fund - Direct Plan - Growth Option,Axis Mutual Fund,Equity Scheme - ELSS,2024-10-11,110.2456
120503,Axis ELSS Tax Saver Fund - Direct Plan - Growth Option,Axis Mutual Fund,Equity Scheme - ELSS,2024-10-14,110.681
120503,Axis ELSS Tax Saver Fund - Direct Plan - Growth Option,Axis Mutual Fund,Equity Scheme - ELSS,2024-10-15,110.569
120503,Axis ELSS Tax Saver Fund - Direct Plan - Growth Option,Axis Mutual Fund,Equity Scheme - ELSS,2024-10-16,110.0784
120503,Axis ELSS Tax Saver Fund - Direct Plan - Growth Option,Axis Mutual Fund,Equity Scheme - ELSS,2024-10-17,108.5302
120503,Axis ELSS Tax Saver Fund - Direct Plan - Growth Option,Axis Mutual Fund,Equity Scheme - ELSS,2024-10-18,108.7862
120503,Axis ELSS Tax Saver Fund - Direct Plan - Growth Option,Axis Mutual Fund,Equity Scheme - ELSS,2024-10-21,108.0928
120503,Axis ELSS Tax Saver Fund - Direct Plan - Growth Option,Axis Mutual Fund,Equity Scheme - ELSS,2024-10-22,106.4297
120503,Axis ELSS Tax Saver Fund - Direct Plan - Growth Option,Axis Mutual Fund,Equity Scheme - ELSS,2024-10-23,106.768
120503,Axis ELSS Tax Saver Fund - Direct Plan - Growth Option,Axis Mutual Fund,Equity Scheme - ELSS,2024-10-24,106.5309
120503,Axis ELSS Tax Saver Fund - Direct Plan - Growth Option,Axis Mutual Fund,Equity Scheme - ELSS,2024-10-25,105.8433
120503,Axis ELSS Tax Saver Fund - Direct Plan - Growth Option,Axis Mutual Fund,Equity Scheme - ELSS,2024-10-28,105.3964
120503,Axis ELSS Tax Saver Fund - Direct Plan - Growth Option,Axis Mutual Fund,Equity Scheme - ELSS,2024-10-29,105.9613
120503,Axis ELSS Tax Saver Fund - Direct Plan - Growth Option,Axis Mutual Fund,Equity Scheme - ELSS,2024-10-30,105.6041
120503,Axis ELSS Tax Saver Fund - Direct Plan - Growth Option,Axis Mutual Fund,Equity Scheme - ELSS,2024-10-31,105.222
120503,Axis ELSS Tax Saver Fund - Direct Plan - Growth Option,Axis Mutual Fund,Equity Scheme - ELSS,2024-11-04,104.8151
120503,Axis ELSS Tax Saver Fund - Direct Plan - Growth Option,Axis Mutual Fund,Equity Scheme - ELSS,2024-11-05,104.9973
120503,Axis ELSS Tax Saver Fund - Direct Plan - Growth Option,Axis Mutual Fund,Equity Scheme - ELSS,2024-11-06,106.7263
120503,Axis ELSS Tax Saver Fund - Direct Plan - Growth Option,Axis Mutual Fund,Equity Scheme - ELSS,2024-11-07,105.9354
120503,Axis ELSS Tax Saver Fund - Direct Plan - Growth Option,Axis Mutual Fund,Equity Scheme - ELSS,2024-11-08,105.3856
120503,Axis ELSS Tax Saver Fund - Direct Plan - Growth Option,Axis Mutual Fund,Equity Scheme - ELSS,2024-11-11,105.1594
120503,Axis ELSS Tax Saver Fund - Direct Plan - Growth Option,Axis Mutual Fund,Equity Scheme - ELSS,2024-11-12,104.013
120503,Axis ELSS Tax Saver Fund - Direct Plan - Growth Option,Axis Mutual Fund,Equity Scheme - ELSS,2024-11-13,102.2523
120503,Axis ELSS Tax Saver Fund - Direct Plan - Growth Option,Axis Mutual Fund,Equity Scheme - ELSS,2024-11-14,102.3533
120503,Axis ELSS Tax Saver Fund - Direct Plan - Growth Option,Axis Mutual Fund,Equity Scheme - ELSS,2024-11-18,102.287
120503,Axis ELSS Tax Saver Fund - Direct Plan - Growth Option,Axis Mutual Fund,Equity Scheme - ELSS,2024-11-19,102.9426
120503,Axis ELSS Tax Saver Fund - Direct Plan - Growth Option,Axis Mutual Fund,Equity Scheme - ELSS,2024-11-21,102.6084
120503,Axis ELSS Tax Saver Fund - Direct Plan - Growth Option,Axis Mutual Fund,Equity Scheme - ELSS,2024-11-22,104.0153
120503,Axis ELSS Tax Saver Fund - Direct Plan - Growth Option,Axis Mutual Fund,Equity Scheme - ELSS,2024-11-25,105.6098
120503,Axis ELSS Tax Saver Fund - Direct Plan - Growth Option,Axis Mutual Fund,Equity Scheme - ELSS,2024-11-26,105.3089
120503,Axis ELSS Tax Saver Fund - Direct Plan - Growth Option,Axis Mutual Fund,Equity Scheme - ELSS,2024-11-27,105.5935
120503,Axis ELSS Tax Saver Fund - Direct Plan - Growth Option,Axis Mutual Fund,Equity Scheme - ELSS,2024-11-28,104.5539
120503,Axis ELSS Tax Saver Fund - Direct Plan - Growth Option,Axis Mutual Fund,Equity Scheme - ELSS,2024-11-29,105.2259
120503,Axis ELSS Tax Saver Fund - Direct Plan - Growth Option,Axis Mutual Fund,Equity Scheme - ELSS,2024-11-30,105.2243
120503,Axis ELSS Tax Saver Fund - Direct Plan - Growth Option,Axis Mutual Fund,Equity Scheme - ELSS,2024-12-02,106.339
120503,Axis ELSS Tax Saver Fund - Direct Plan - Growth Option,Axis Mutual Fund,Equity Scheme - ELSS,2024-12-03,107.207
120503,Axis ELSS Tax Saver Fund - Direct Plan - Growth Option,Axis Mutual Fund,Equity Scheme - ELSS,2024-12-04,107.6559
120503,Axis ELSS Tax Saver Fund - Direct Plan - Growth Option,Axis Mutual Fund,Equity Scheme - ELSS,2024-12-05,108.3787
120503,Axis ELSS Tax Saver Fund - Direct Plan - Growth Option,Axis Mutual Fund,Equity Scheme - ELSS,2024-12-06,108.4356
120503,Axis ELSS Tax Saver Fund - Direct Plan - Growth Option,Axis Mutual Fund,Equity Scheme - ELSS,2024-12-09,108.3583
120503,Axis ELSS Tax Saver Fund - Direct Plan - Growth Option,Axis Mutual Fund,Equity Scheme - ELSS,2024-12-10,108.5727
120503,Axis ELSS Tax Saver Fund - Direct Plan - Growth Option,Axis Mutual Fund,Equity Scheme - ELSS,2024-12-11,108.7957
120503,Axis ELSS Tax Saver Fund - Direct Plan - Growth Option,Axis Mutual Fund,Equity Scheme - ELSS,2024-12-12,108.5429
120503,Axis ELSS Tax Saver Fund - Direct Plan - Growth Option,Axis Mutual Fund,Equity Scheme - ELSS,2024-12-13,108.8347
120503,Axis ELSS Tax Saver Fund - Direct Plan - Growth Option,Axis Mutual Fund,Equity Scheme - ELSS,2024-12-16,108.7447
120503,Axis ELSS Tax Saver Fund - Direct Plan - Growth Option,Axis Mutual Fund,Equity Scheme - ELSS,2024-12-17,107.6416
120503,Axis ELSS Tax Saver Fund - Direct Plan - Growth Option,Axis Mutual Fund,Equity Scheme - ELSS,2024-12-18,107.2865
120503,Axis ELSS Tax Saver Fund - Direct Plan - Growth Option,Axis Mutual Fund,Equity Scheme - ELSS,2024-12-19,106.5383
120503,Axis ELSS Tax Saver Fund - Direct Plan - Growth Option,Axis Mutual Fund,Equity Scheme - ELSS,2024-12-20,104.3714
120503,Axis ELSS Tax Saver Fund - Direct Plan - Growth Option,Axis Mutual Fund,Equity Scheme - ELSS,2024-12-23,104.9395
120503,Axis ELSS Tax Saver Fund - Direct Plan - Growth Option,Axis Mutual Fund,Equity Scheme - ELSS,2024-12-24,104.7647
120503,Axis ELSS Tax Saver Fund - Direct Plan - Growth Option,Axis Mutual Fund,Equity Scheme - ELSS,2024-12-26,104.9719
120503,Axis ELSS Tax Saver Fund - Direct Plan - Growth Option,Axis Mutual Fund,Equity Scheme - ELSS,2024-12-27,105.0556
120503,Axis ELSS Tax Saver Fund - Direct Plan - Growth Option,Axis Mutual Fund,Equity Scheme - ELSS,2024-12-30,104.8623
120503,Axis ELSS Tax Saver Fund - Direct Plan - Growth Option,Axis Mutual Fund,Equity Scheme - ELSS,2024-12-31,104.8418
120503,Axis ELSS Tax Saver Fund - Direct Plan - Growth Option,Axis Mutual Fund,Equity Scheme - ELSS,2025-01-01,105.2098
120503,Axis ELSS Tax Saver Fund - Direct Plan - Growth Option,Axis Mutual Fund,Equity Scheme - ELSS,2025-01-02,107.1106
120503,Axis ELSS Tax Saver Fund - Direct Plan - Growth Option,Axis Mutual Fund,Equity Scheme - ELSS,2025-01-03,106.6103
120503,Axis ELSS Tax Saver Fund - Direct Plan - Growth Option,Axis Mutual Fund,Equity Scheme - ELSS,2025-01-06,104.6558
120503,Axis ELSS Tax Saver Fund - Direct Plan - Growth Option,Axis Mutual Fund,Equity Scheme - ELSS,2025-01-07,104.7743
120503,Axis ELSS Tax Saver Fund - Direct Plan - Growth Option,Axis Mutual Fund,Equity Scheme - ELSS,2025-01-08,103.8402
120503,Axis ELSS Tax Saver Fund - Direct Plan - Growth Option,Axis Mutual Fund,Equity Scheme - ELSS,2025-01-09,103.1098
120503,Axis ELSS Tax Saver Fund - Direct Plan - Growth Option,Axis Mutual Fund,Equity Scheme - ELSS,2025-01-10,102.1012
120503,Axis ELSS Tax Saver Fund - Direct Plan - Growth Option,Axis Mutual Fund,Equity Scheme - ELSS,2025-01-13,99.3562
120503,Axis ELSS Tax Saver Fund - Direct Plan - Growth Option,Axis Mutual Fund,Equity Scheme - ELSS,2025-01-14,100.491
120503,Axis ELSS Tax Saver Fund - Direct Plan - Growth Option,Axis Mutual Fund,Equity Scheme - ELSS,2025-01-15,100.6352
120503,Axis ELSS Tax Saver Fund - Direct Plan - Growth Option,Axis Mutual Fund,Equity Scheme - ELSS,2025-01-16,101.4904
120503,Axis ELSS Tax Saver Fund - Direct Plan - Growth Option,Axis Mutual Fund,Equity Scheme - ELSS,2025-01-17,101.1868
120503,Axis ELSS Tax Saver Fund - Direct Plan - Growth Option,Axis Mutual Fund,Equity Scheme - ELSS,2025-01-20,101.7412
120503,Axis ELSS Tax Saver Fund - Direct Plan - Growth Option,Axis Mutual Fund,Equity Scheme - ELSS,2025-01-21,99.7482
120503,Axis ELSS Tax Saver Fund - Direct Plan - Growth Option,Axis Mutual Fund,Equity Scheme - ELSS,2025-01-22,99.589
120503,Axis ELSS Tax Saver Fund - Direct Plan - Growth Option,Axis Mutual Fund,Equity Scheme - ELSS,2025-01-23,100.7177
120503,Axis ELSS Tax Saver Fund - Direct Plan - Growth Option,Axis Mutual Fund,Equity Scheme - ELSS,2025-01-24,99.8878
120503,Axis ELSS Tax Saver Fund - Direct Plan - Growth Option,Axis Mutual Fund,Equity Scheme - ELSS,2025-01-27,98.2629
120503,Axis ELSS Tax Saver Fund - Direct Plan - Growth Option,Axis Mutual Fund,Equity Scheme - ELSS,2025-01-28,98.499
120503,Axis ELSS Tax Saver Fund - Direct Plan - Growth Option,Axis Mutual Fund,Equity Scheme - ELSS,2025-01-29,100.3048
120503,Axis ELSS Tax Saver Fund - Direct Plan - Growth Option,Axis Mutual Fund,Equity Scheme - ELSS,2025-01-30,100.5817
120503,Axis ELSS Tax Saver Fund - Direct Plan - Growth Option,Axis Mutual Fund,Equity Scheme - ELSS,2025-01-31,101.3764
120503,Axis ELSS Tax Saver Fund - Direct Plan - Growth Option,Axis Mutual Fund,Equity Scheme - ELSS,2025-02-03,101.8419
120503,Axis ELSS Tax Saver Fund - Direct Plan - Growth Option,Axis Mutual Fund,Equity Scheme - ELSS,2025-02-04,103.0829
120503,Axis ELSS Tax Saver Fund - Direct Plan - Growth Option,Axis Mutual Fund,Equity Scheme - ELSS,2025-02-05,103.119
120503,Axis ELSS Tax Saver Fund - Direct Plan - Growth Option,Axis Mutual Fund,Equity Scheme - ELSS,2025-02-06,102.6583
120503,Axis ELSS Tax Saver Fund - Direct Plan - Growth Option,Axis Mutual Fund,Equity Scheme - ELSS,2025-02-07,102.7818
120503,Axis ELSS Tax Saver Fund - Direct Plan - Growth Option,Axis Mutual Fund,Equity Scheme - ELSS,2025-02-10,101.4198
120503,Axis ELSS Tax Saver Fund - Direct Plan - Growth Option,Axis Mutual Fund,Equity Scheme - ELSS,2025-02-11,99.5049
120503,Axis ELSS Tax Saver Fund - Direct Plan - Growth Option,Axis Mutual Fund,Equity Scheme - ELSS,2025-02-12,99.4579
120503,Axis ELSS Tax Saver Fund - Direct Plan - Growth Option,Axis Mutual Fund,Equity Scheme - ELSS,2025-02-13,99.6044
120503,Axis ELSS Tax Saver Fund - Direct Plan - Growth Option,Axis Mutual Fund,Equity Scheme - ELSS,2025-02-14,98.4378
120503,Axis ELSS Tax Saver Fund - Direct Plan - Growth Option,Axis Mutual Fund,Equity Scheme - ELSS,2025-02-17,98.3385
120503,Axis ELSS Tax Saver Fund - Direct Plan - Growth Option,Axis Mutual Fund,Equity Scheme - ELSS,2025-02-18,98.3192
120503,Axis ELSS Tax Saver Fund - Direct Plan - Growth Option,Axis Mutual Fund,Equity Scheme - ELSS,2025-02-19,98.672
120503,Axis ELSS Tax Saver Fund - Direct Plan - Growth Option,Axis Mutual Fund,Equity Scheme - ELSS,2025-02-20,98.9287
120503,Axis ELSS Tax Saver Fund - Direct Plan - Growth Option,Axis Mutual Fund,Equity Scheme - ELSS,2025-02-21,98.1576
120503,Axis ELSS Tax Saver Fund - Direct Plan - Growth Option,Axis Mutual Fund,Equity Scheme - ELSS,2025-02-24,97.2366
120503,Axis ELSS Tax Saver Fund - Direct Plan - Growth Option,Axis Mutual Fund,Equity Scheme - ELSS,2025-02-25,97.3105
120503,Axis ELSS Tax Saver Fund - Direct Plan - Growth Option,Axis Mutual Fund,Equity Scheme - ELSS,2025-02-27,96.8975
120503,Axis ELSS Tax Saver Fund - Direct Plan - Growth Option,Axis Mutual Fund,Equity Scheme - ELSS,2025-02-28,94.9501
120503,Axis ELSS Tax Saver Fund - Direct Plan - Growth Option,Axis Mutual Fund,Equity Scheme - ELSS,2025-03-03,95.4362
120503,Axis ELSS Tax Saver Fund - Direct Plan - Growth Option,Axis Mutual Fund,Equity Scheme - ELSS,2025-03-04,95.5268
120503,Axis ELSS Tax Saver Fund - Direct Plan - Growth Option,Axis Mutual Fund,Equity Scheme - ELSS,2025-03-05,96.6508
120503,Axis ELSS Tax Saver Fund - Direct Plan - Growth Option,Axis Mutual Fund,Equity Scheme - ELSS,2025-03-06,97.2896
120503,Axis ELSS Tax Saver Fund - Direct Plan - Growth Option,Axis Mutual Fund,Equity Scheme - ELSS,2025-03-07,97.102
120503,Axis ELSS Tax Saver Fund - Direct Plan - Growth Option,Axis Mutual Fund,Equity Scheme - ELSS,2025-03-10,96.3467
120503,Axis ELSS Tax Saver Fund - Direct Plan - Growth Option,Axis Mutual Fund,Equity Scheme - ELSS,2025-03-11,96.6916
120503,Axis ELSS Tax Saver Fund - Direct Plan - Growth Option,Axis Mutual Fund,Equity Scheme - ELSS,2025-03-12,96.5719
120503,Axis ELSS Tax Saver Fund - Direct Plan - Growth Option,Axis Mutual Fund,Equity Scheme - ELSS,2025-03-13,96.1511
120503,Axis ELSS Tax Saver Fund - Direct Plan - Growth Option,Axis Mutual Fund,Equity Scheme - ELSS,2025-03-17,96.9284
120503,Axis ELSS Tax Saver Fund - Direct Plan - Growth Option,Axis Mutual Fund,Equity Scheme - ELSS,2025-03-18,98.7757
120503,Axis ELSS Tax Saver Fund - Direct Plan - Growth Option,Axis Mutual Fund,Equity Scheme - ELSS,2025-03-19,99.6691
120503,Axis ELSS Tax Saver Fund - Direct Plan - Growth Option,Axis Mutual Fund,Equity Scheme - ELSS,2025-03-20,100.6482
120503,Axis ELSS Tax Saver Fund - Direct Plan - Growth Option,Axis Mutual Fund,Equity Scheme - ELSS,2025-03-21,101.6223
120503,Axis ELSS Tax Saver Fund - Direct Plan - Growth Option,Axis Mutual Fund,Equity Scheme - ELSS,2025-03-24,102.5148
120503,Axis ELSS Tax Saver Fund - Direct Plan - Growth Option,Axis Mutual Fund,Equity Scheme - ELSS,2025-03-25,102.1034
120503,Axis ELSS Tax Saver Fund - Direct Plan - Growth Option,Axis Mutual Fund,Equity Scheme - ELSS,2025-03-26,101.5005
120503,Axis ELSS Tax Saver Fund - Direct Plan - Growth Option,Axis Mutual Fund,Equity Scheme - ELSS,2025-03-27,101.9948
120503,Axis ELSS Tax Saver Fund - Direct Plan - Growth Option,Axis Mutual Fund,Equity Scheme - ELSS,2025-03-28,101.5135
120503,Axis ELSS Tax Saver Fund - Direct Plan - Growth Option,Axis Mutual Fund,Equity Scheme - ELSS,2025-03-31,101.5097
120503,Axis ELSS Tax Saver Fund - Direct Plan - Growth Option,Axis Mutual Fund,Equity Scheme - ELSS,2025-04-01,100.0834
120503,Axis ELSS Tax Saver Fund - Direct Plan - Growth Option,Axis Mutual Fund,Equity Scheme - ELSS,2025-04-02,101.0307
120503,Axis ELSS Tax Saver Fund - Direct Plan - Growth Option,Axis Mutual Fund,Equity Scheme - ELSS,2025-04-03,100.777
120503,Axis ELSS Tax Saver Fund - Direct Plan - Growth Option,Axis Mutual Fund,Equity Scheme - ELSS,2025-04-04,99.3327
120503,Axis ELSS Tax Saver Fund - Direct Plan - Growth Option,Axis Mutual Fund,Equity Scheme - ELSS,2025-04-07,96.4224
120503,Axis ELSS Tax Saver Fund - Direct Plan - Growth Option,Axis Mutual Fund,Equity Scheme - ELSS,2025-04-08,98.1202
120503,Axis ELSS Tax Saver Fund - Direct Plan - Growth Option,Axis Mutual Fund,Equity Scheme - ELSS,2025-04-09,97.7243
120503,Axis ELSS Tax Saver Fund - Direct Plan - Growth Option,Axis Mutual Fund,Equity Scheme - ELSS,2025-04-11,99.4468
120503,Axis ELSS Tax Saver Fund - Direct Plan - Growth Option,Axis Mutual Fund,Equity Scheme - ELSS,2025-04-15,101.8933
120503,Axis ELSS Tax Saver Fund - Direct Plan - Growth Option,Axis Mutual Fund,Equity Scheme - ELSS,2025-04-16,102.318
120503,Axis ELSS Tax Saver Fund - Direct Plan - Growth Option,Axis Mutual Fund,Equity Scheme - ELSS,2025-04-17,103.6475
120503,Axis ELSS Tax Saver Fund - Direct Plan - Growth Option,Axis Mutual Fund,Equity Scheme - ELSS,2025-04-21,104.8758
120503,Axis ELSS Tax Saver Fund - Direct Plan - Growth Option,Axis Mutual Fund,Equity Scheme - ELSS,2025-04-22,105.2172
120503,Axis ELSS Tax Saver Fund - Direct Plan - Growth Option,Axis Mutual Fund,Equity Scheme - ELSS,2025-04-23,105.8792
120503,Axis ELSS Tax Saver Fund - Direct Plan - Growth Option,Axis Mutual Fund,Equity Scheme - ELSS,2025-04-24,105.5627
120503,Axis ELSS Tax Saver Fund - Direct Plan - Growth Option,Axis Mutual Fund,Equity Scheme - ELSS,2025-04-25,104.075
120503,Axis ELSS Tax Saver Fund - Direct Plan - Growth Option,Axis Mutual Fund,Equity Scheme - ELSS,2025-04-28,104.9692
120503,Axis ELSS Tax Saver Fund - Direct Plan - Growth Option,Axis Mutual Fund,Equity Scheme - ELSS,2025-04-29,104.8552
120503,Axis ELSS Tax Saver Fund - Direct Plan - Growth Option,Axis Mutual Fund,Equity Scheme - ELSS,2025-04-30,104.6451
120503,Axis ELSS Tax Saver Fund - Direct Plan - Growth Option,Axis Mutual Fund,Equity Scheme - ELSS,2025-05-02,104.4724
120503,Axis ELSS Tax Saver Fund - Direct Plan - Growth Option,Axis Mutual Fund,Equity Scheme - ELSS,2025-05-05,105.2187
120503,Axis ELSS Tax Saver Fund - Direct Plan - Growth Option,Axis Mutual Fund,Equity Scheme - ELSS,2025-05-06,104.2762
120503,Axis ELSS Tax Saver Fund - Direct Plan - Growth Option,Axis Mutual Fund,Equity Scheme - ELSS,2025-05-07,104.8398
120503,Axis ELSS Tax Saver Fund - Direct Plan - Growth Option,Axis Mutual Fund,Equity Scheme - ELSS,2025-05-08,103.5049
120503,Axis ELSS Tax Saver Fund - Direct Plan - Growth Option,Axis Mutual Fund,Equity Scheme - ELSS,2025-05-09,102.6314
120503,Axis ELSS Tax Saver Fund - Direct Plan - Growth Option,Axis Mutual Fund,Equity Scheme - ELSS,2025-05-12,106.1881
120503,Axis ELSS Tax Saver Fund - Direct Plan - Growth Option,Axis Mutual Fund,Equity Scheme - ELSS,2025-05-13,105.499
120503,Axis ELSS Tax Saver Fund - Direct Plan - Growth Option,Axis Mutual Fund,Equity Scheme - ELSS,2025-05-14,106.0607
120503,Axis ELSS Tax Saver Fund - Direct Plan - Growth Option,Axis Mutual Fund,Equity Scheme - ELSS,2025-05-15,107.2349
120503,Axis ELSS Tax Saver Fund - Direct Plan - Growth Option,Axis Mutual Fund,Equity Scheme - ELSS,2025-05-16,107.4778
120503,Axis ELSS Tax Saver Fund - Direct Plan - Growth Option,Axis Mutual Fund,Equity Scheme - ELSS,2025-05-19,107.379
120503,Axis ELSS Tax Saver Fund - Direct Plan - Growth Option,Axis Mutual Fund,Equity Scheme - ELSS,2025-05-20,105.8304
120503,Axis ELSS Tax Saver Fund - Direct Plan - Growth Option,Axis Mutual Fund,Equity Scheme - ELSS,2025-05-21,106.6077
120503,Axis ELSS Tax Saver Fund - Direct Plan - Growth Option,Axis Mutual Fund,Equity Scheme - ELSS,2025-05-22,106.1852
120503,Axis ELSS Tax Saver Fund - Direct Plan - Growth Option,Axis Mutual Fund,Equity Scheme - ELSS,2025-05-23,107.0146
120503,Axis ELSS Tax Saver Fund - Direct Plan - Growth Option,Axis Mutual Fund,Equity Scheme - ELSS,2025-05-26,107.4818
120503,Axis ELSS Tax Saver Fund - Direct Plan - Growth Option,Axis Mutual Fund,Equity Scheme - ELSS,2025-05-27,107.03
120503,Axis ELSS Tax Saver Fund - Direct Plan - Growth Option,Axis Mutual Fund,Equity Scheme - ELSS,2025-05-28,106.7675
120503,Axis ELSS Tax Saver Fund - Direct Plan - Growth Option,Axis Mutual Fund,Equity Scheme - ELSS,2025-05-29,107.1679
120503,Axis ELSS Tax Saver Fund - Direct Plan - Growth Option,Axis Mutual Fund,Equity Scheme - ELSS,2025-05-30,106.9783
120503,Axis ELSS Tax Saver Fund - Direct Plan - Growth Option,Axis Mutual Fund,Equity Scheme - ELSS,2025-05-31,106.9766
120503,Axis ELSS Tax Saver Fund - Direct Plan - Growth Option,Axis Mutual Fund,Equity Scheme - ELSS,2025-06-02,107.0707
120503,Axis ELSS Tax Saver Fund - Direct Plan - Growth Option,Axis Mutual Fund,Equity Scheme - ELSS,2025-06-03,106.5283
120503,Axis ELSS Tax Saver Fund - Direct Plan - Growth Option,Axis Mutual Fund,Equity Scheme - ELSS,2025-06-04,107.0655
120503,Axis ELSS Tax Saver Fund - Direct Plan - Growth Option,Axis Mutual Fund,Equity Scheme - ELSS,2025-06-05,107.5533
120503,Axis ELSS Tax Saver Fund - Direct Plan - Growth Option,Axis Mutual Fund,Equity Scheme - ELSS,2025-06-06,108.4007
120503,Axis ELSS Tax Saver Fund - Direct Plan - Growth Option,Axis Mutual Fund,Equity Scheme - ELSS,2025-06-09,108.9621
120503,Axis ELSS Tax Saver Fund - Direct Plan - Growth Option,Axis Mutual Fund,Equity Scheme - ELSS,2025-06-10,108.8321
120503,Axis ELSS Tax Saver Fund - Direct Plan - Growth Option,Axis Mutual Fund,Equity Scheme - ELSS,2025-06-11,108.7816
120503,Axis ELSS Tax Saver Fund - Direct Plan - Growth Option,Axis Mutual Fund,Equity Scheme - ELSS,2025-06-12,107.5691
120503,Axis ELSS Tax Saver Fund - Direct Plan - Growth Option,Axis Mutual Fund,Equity Scheme - ELSS,2025-06-13,107.014
120503,Axis ELSS Tax Saver Fund - Direct Plan - Growth Option,Axis Mutual Fund,Equity Scheme - ELSS,2025-06-16,107.9842
120503,Axis ELSS Tax Saver Fund - Direct Plan - Growth Option,Axis Mutual Fund,Equity Scheme - ELSS,2025-06-17,107.5374
120503,Axis ELSS Tax Saver Fund - Direct Plan - Growth Option,Axis Mutual Fund,Equity Scheme - ELSS,2025-06-18,107.2775
120503,Axis ELSS Tax Saver Fund - Direct Plan - Growth Option,Axis Mutual Fund,Equity Scheme - ELSS,2025-06-19,106.6482
120503,Axis ELSS Tax Saver Fund - Direct Plan - Growth Option,Axis Mutual Fund,Equity Scheme - ELSS,2025-06-20,108.1514
120503,Axis ELSS Tax Saver Fund - Direct Plan - Growth Option,Axis Mutual Fund,Equity Scheme - ELSS,2025-06-23,107.9543
120503,Axis ELSS Tax Saver Fund - Direct Plan - Growth Option,Axis Mutual Fund,Equity Scheme - ELSS,2025-06-24,108.5319
120503,Axis ELSS Tax Saver Fund - Direct Plan - Growth Option,Axis Mutual Fund,Equity Scheme - ELSS,2025-06-25,109.3692
120503,Axis ELSS Tax Saver Fund - Direct Plan - Growth Option,Axis Mutual Fund,Equity Scheme - ELSS,2025-06-26,110.2355
120503,Axis ELSS Tax Saver Fund - Direct Plan - Growth Option,Axis Mutual Fund,Equity Scheme - ELSS,2025-06-27,110.74
120503,Axis ELSS Tax Saver Fund - Direct Plan - Growth Option,Axis Mutual Fund,Equity Scheme - ELSS,2025-06-30,110.6845
120503,Axis ELSS Tax Saver Fund - Direct Plan - Growth Option,Axis Mutual Fund,Equity Scheme - ELSS,2025-07-01,110.588
120503,Axis ELSS Tax Saver Fund - Direct Plan - Growth Option,Axis Mutual Fund,Equity Scheme - ELSS,2025-07-02,110.2267
120503,Axis ELSS Tax Saver Fund - Direct Plan - Growth Option,Axis Mutual Fund,Equity Scheme - ELSS,2025-07-03,109.8742
120503,Axis ELSS Tax Saver Fund - Direct Plan - Growth Option,Axis Mutual Fund,Equity Scheme - ELSS,2025-07-04,110.133
120503,Axis ELSS Tax Saver Fund - Direct Plan - Growth Option,Axis Mutual Fund,Equity Scheme - ELSS,2025-07-07,109.9783
120503,Axis ELSS Tax Saver Fund - Direct Plan - Growth Option,Axis Mutual Fund,Equity Scheme - ELSS,2025-07-08,110.1649
120503,Axis ELSS Tax Saver Fund - Direct Plan - Growth Option,Axis Mutual Fund,Equity Scheme - ELSS,2025-07-09,110.2936
120503,Axis ELSS Tax Saver Fund - Direct Plan - Growth Option,Axis Mutual Fund,Equity Scheme - ELSS,2025-07-10,109.7323
120503,Axis ELSS Tax Saver Fund - Direct Plan - Growth Option,Axis Mutual Fund,Equity Scheme - ELSS,2025-07-11,108.6737
120503,Axis ELSS Tax Saver Fund - Direct Plan - Growth Option,Axis Mutual Fund,Equity Scheme - ELSS,2025-07-14,108.827
120503,Axis ELSS Tax Saver Fund - Direct Plan - Growth Option,Axis Mutual Fund,Equity Scheme - ELSS,2025-07-15,109.4895
120503,Axis ELSS Tax Saver Fund - Direct Plan - Growth Option,Axis Mutual Fund,Equity Scheme - ELSS,2025-07-16,109.4752
120503,Axis ELSS Tax Saver Fund - Direct Plan - Growth Option,Axis Mutual Fund,Equity Scheme - ELSS,2025-07-17,109.3117
120503,Axis ELSS Tax Saver Fund - Direct Plan - Growth Option,Axis Mutual Fund,Equity Scheme - ELSS,2025-07-18,108.78
120503,Axis ELSS Tax Saver Fund - Direct Plan - Growth Option,Axis Mutual Fund,Equity Scheme - ELSS,2025-07-21,109.7098
120503,Axis ELSS Tax Saver Fund - Direct Plan - Growth Option,Axis Mutual Fund,Equity Scheme - ELSS,2025-07-22,109.7437
120503,Axis ELSS Tax Saver Fund - Direct Plan - Growth Option,Axis Mutual Fund,Equity Scheme - ELSS,2025-07-23,110.268
120503,Axis ELSS Tax Saver Fund - Direct Plan - Growth Option,Axis Mutual Fund,Equity Scheme - ELSS,2025-07-24,109.8416
120503,Axis ELSS Tax Saver Fund - Direct Plan - Growth Option,Axis Mutual Fund,Equity Scheme - ELSS,2025-07-25,108.763
120503,Axis ELSS Tax Saver Fund - Direct Plan - Growth Option,Axis Mutual Fund,Equity Scheme - ELSS,2025-07-28,107.8724
120503,Axis ELSS Tax Saver Fund - Direct Plan - Growth Option,Axis Mutual Fund,Equity Scheme - ELSS,2025-07-29,108.5168
120503,Axis ELSS Tax Saver Fund - Direct Plan - Growth Option,Axis Mutual Fund,Equity Scheme - ELSS,2025-07-30,108.8599
120503,Axis ELSS Tax Saver Fund - Direct Plan - Growth Option,Axis Mutual Fund,Equity Scheme - ELSS,2025-07-31,108.4305
120503,Axis ELSS Tax Saver Fund - Direct Plan - Growth Option,Axis Mutual Fund,Equity Scheme - ELSS,2025-08-01,107.3597
120503,Axis ELSS Tax Saver Fund - Direct Plan - Growth Option,Axis Mutual Fund,Equity Scheme - ELSS,2025-08-04,108.1149
120503,Axis ELSS Tax Saver Fund - Direct Plan - Growth Option,Axis Mutual Fund,Equity Scheme - ELSS,2025-08-05,108.0923
120503,Axis ELSS Tax Saver Fund - Direct Plan - Growth Option,Axis Mutual Fund,Equity Scheme - ELSS,2025-08-06,107.5084
120503,Axis ELSS Tax Saver Fund - Direct Plan - Growth Option,Axis Mutual Fund,Equity Scheme - ELSS,2025-08-07,107.8011
120503,Axis ELSS Tax Saver Fund - Direct Plan - Growth Option,Axis Mutual Fund,Equity Scheme - ELSS,2025-08-08,106.5285
120503,Axis ELSS Tax Saver Fund - Direct Plan - Growth Option,Axis Mutual Fund,Equity Scheme - ELSS,2025-08-11,107.3883
120503,Axis ELSS Tax Saver Fund - Direct Plan - Growth Option,Axis Mutual Fund,Equity Scheme - ELSS,2025-08-12,106.9215
120503,Axis ELSS Tax Saver Fund - Direct Plan - Growth Option,Axis Mutual Fund,Equity Scheme - ELSS,2025-08-13,107.7607
120503,Axis ELSS Tax Saver Fund - Direct Plan - Growth Option,Axis Mutual Fund,Equity Scheme - ELSS,2025-08-14,107.8455
120503,Axis ELSS Tax Saver Fund - Direct Plan - Growth Option,Axis Mutual Fund,Equity Scheme - ELSS,2025-08-18,109.045
120503,Axis ELSS Tax Saver Fund - Direct Plan - Growth Option,Axis Mutual Fund,Equity Scheme - ELSS,2025-08-19,109.5723
120503,Axis ELSS Tax Saver Fund - Direct Plan - Growth Option,Axis Mutual Fund,Equity Scheme - ELSS,2025-08-20,110.0113
120503,Axis ELSS Tax Saver Fund - Direct Plan - Growth Option,Axis Mutual Fund,Equity Scheme - ELSS,2025-08-21,110.1151
120503,Axis ELSS Tax Saver Fund - Direct Plan - Growth Option,Axis Mutual Fund,Equity Scheme - ELSS,2025-08-22,109.6513
120503,Axis ELSS Tax Saver Fund - Direct Plan - Growth Option,Axis Mutual Fund,Equity Scheme - ELSS,2025-08-25,109.9294
120503,Axis ELSS Tax Saver Fund - Direct Plan - Growth Option,Axis Mutual Fund,Equity Scheme - ELSS,2025-08-26,108.7132
120503,Axis ELSS Tax Saver Fund - Direct Plan - Growth Option,Axis Mutual Fund,Equity Scheme - ELSS,2025-08-28,107.4756
120503,Axis ELSS Tax Saver Fund - Direct Plan - Growth Option,Axis Mutual Fund,Equity Scheme - ELSS,2025-08-29,107.1259
120503,Axis ELSS Tax Saver Fund - Direct Plan - Growth Option,Axis Mutual Fund,Equity Scheme - ELSS,2025-08-31,107.1217
120503,Axis ELSS Tax Saver Fund - Direct Plan - Growth Option,Axis Mutual Fund,Equity Scheme - ELSS,2025-09-01,108.3462
120503,Axis ELSS Tax Saver Fund - Direct Plan - Growth Option,Axis Mutual Fund,Equity Scheme - ELSS,2025-09-02,108.2047
120503,Axis ELSS Tax Saver Fund - Direct Plan - Growth Option,Axis Mutual Fund,Equity Scheme - ELSS,2025-09-03,108.7666
120503,Axis ELSS Tax Saver Fund - Direct Plan - Growth Option,Axis Mutual Fund,Equity Scheme - ELSS,2025-09-04,108.9265
120503,Axis ELSS Tax Saver Fund - Direct Plan - Growth Option,Axis Mutual Fund,Equity Scheme - ELSS,2025-09-05,108.7583
120503,Axis ELSS Tax Saver Fund - Direct Plan - Growth Option,Axis Mutual Fund,Equity Scheme - ELSS,2025-09-08,108.9657
120503,Axis ELSS Tax Saver Fund - Direct Plan - Growth Option,Axis Mutual Fund,Equity Scheme - ELSS,2025-09-09,109.2062
120503,Axis ELSS Tax Saver Fund - Direct Plan - Growth Option,Axis Mutual Fund,Equity Scheme - ELSS,2025-09-10,109.7209
120503,Axis ELSS Tax Saver Fund - Direct Plan - Growth Option,Axis Mutual Fund,Equity Scheme - ELSS,2025-09-11,109.7409
120503,Axis ELSS Tax Saver Fund - Direct Plan - Growth Option,Axis Mutual Fund,Equity Scheme - ELSS,2025-09-12,110.0814
120503,Axis ELSS Tax Saver Fund - Direct Plan - Growth Option,Axis Mutual Fund,Equity Scheme - ELSS,2025-09-15,110.1522
120503,Axis ELSS Tax Saver Fund - Direct Plan - Growth Option,Axis Mutual Fund,Equity Scheme - ELSS,2025-09-16,110.8008
120503,Axis ELSS Tax Saver Fund - Direct Plan - Growth Option,Axis Mutual Fund,Equity Scheme - ELSS,2025-09-17,111.2323
120503,Axis ELSS Tax Saver Fund - Direct Plan - Growth Option,Axis Mutual Fund,Equity Scheme - ELSS,2025-09-18,111.5335
120503,Axis ELSS Tax Saver Fund - Direct Plan - Growth Option,Axis Mutual Fund,Equity Scheme - ELSS,2025-09-19,111.231
120503,Axis ELSS Tax Saver Fund - Direct Plan - Growth Option,Axis Mutual Fund,Equity Scheme - ELSS,2025-09-22,110.7182
120503,Axis ELSS Tax Saver Fund - Direct Plan - Growth Option,Axis Mutual Fund,Equity Scheme - ELSS,2025-09-23,110.3401
120503,Axis ELSS Tax Saver Fund - Direct Plan - Growth Option,Axis Mutual Fund,Equity Scheme - ELSS,2025-09-24,109.7608
120503,Axis ELSS Tax Saver Fund - Direct Plan - Growth Option,Axis Mutual Fund,Equity Scheme - ELSS,2025-09-25,108.9191
120503,Axis ELSS Tax Saver Fund - Direct Plan - Growth Option,Axis Mutual Fund,Equity Scheme - ELSS,2025-09-26,107.2246
120503,Axis ELSS Tax Saver Fund - Direct Plan - Growth Option,Axis Mutual Fund,Equity Scheme - ELSS,2025-09-30,107.3134
120503,Axis ELSS Tax Saver Fund - Direct Plan - Growth Option,Axis Mutual Fund,Equity Scheme - ELSS,2025-10-01,107.8239
120503,Axis ELSS Tax Saver Fund - Direct Plan - Growth Option,Axis Mutual Fund,Equity Scheme - ELSS,2025-10-03,108.1386
120503,Axis ELSS Tax Saver Fund - Direct Plan - Growth Option,Axis Mutual Fund,Equity Scheme - ELSS,2025-10-06,108.9326
120503,Axis ELSS Tax Saver Fund - Direct Plan - Growth Option,Axis Mutual Fund,Equity Scheme - ELSS,2025-10-07,109.3201
120503,Axis ELSS Tax Saver Fund - Direct Plan - Growth Option,Axis Mutual Fund,Equity Scheme - ELSS,2025-10-08,109.065
120503,Axis ELSS Tax Saver Fund - Direct Plan - Growth Option,Axis Mutual Fund,Equity Scheme - ELSS,2025-10-09,109.5882
120503,Axis ELSS Tax Saver Fund - Direct Plan - Growth Option,Axis Mutual Fund,Equity Scheme - ELSS,2025-10-10,109.959
120503,Axis ELSS Tax Saver Fund - Direct Plan - Growth Option,Axis Mutual Fund,Equity Scheme - ELSS,2025-10-13,109.9552
120503,Axis ELSS Tax Saver Fund - Direct Plan - Growth Option,Axis Mutual Fund,Equity Scheme - ELSS,2025-10-14,109.6634
120503,Axis ELSS Tax Saver Fund - Direct Plan - Growth Option,Axis Mutual Fund,Equity Scheme - ELSS,2025-10-15,110.7365
120503,Axis ELSS Tax Saver Fund - Direct Plan - Growth Option,Axis Mutual Fund,Equity Scheme - ELSS,2025-10-16,111.5399
120503,Axis ELSS Tax Saver Fund - Direct Plan - Growth Option,Axis Mutual Fund,Equity Scheme - ELSS,2025-10-17,111.7489
120503,Axis ELSS Tax Saver Fund - Direct Plan - Growth Option,Axis Mutual Fund,Equity Scheme - ELSS,2025-10-20,111.9025
120503,Axis ELSS Tax Saver Fund - Direct Plan - Growth Option,Axis Mutual Fund,Equity Scheme - ELSS,2025-10-23,111.8587
120503,Axis ELSS Tax Saver Fund - Direct Plan - Growth Option,Axis Mutual Fund,Equity Scheme - ELSS,2025-10-24,111.6549
120503,Axis ELSS Tax Saver Fund - Direct Plan - Growth Option,Axis Mutual Fund,Equity Scheme - ELSS,2025-10-27,112.2705
120503,Axis ELSS Tax Saver Fund - Direct Plan - Growth Option,Axis Mutual Fund,Equity Scheme - ELSS,2025-10-28,111.9031
120503,Axis ELSS Tax Saver Fund - Direct Plan - Growth Option,Axis Mutual Fund,Equity Scheme - ELSS,2025-10-29,112.4068
120503,Axis ELSS Tax Saver Fund - Direct Plan - Growth Option,Axis Mutual Fund,Equity Scheme - ELSS,2025-10-30,111.8699
120503,Axis ELSS Tax Saver Fund - Direct Plan - Growth Option,Axis Mutual Fund,Equity Scheme - ELSS,2025-10-31,111.0948
120503,Axis ELSS Tax Saver Fund - Direct Plan - Growth Option,Axis Mutual Fund,Equity Scheme - ELSS,2025-11-03,111.7992
120503,Axis ELSS Tax Saver Fund - Direct Plan - Growth Option,Axis Mutual Fund,Equity Scheme - ELSS,2025-11-04,111.4046
120503,Axis ELSS Tax Saver Fund - Direct Plan - Growth Option,Axis Mutual Fund,Equity Scheme - ELSS,2025-11-06,110.4409
120503,Axis ELSS Tax Saver Fund - Direct Plan - Growth Option,Axis Mutual Fund,Equity Scheme - ELSS,2025-11-07,110.4431
120503,Axis ELSS Tax Saver Fund - Direct Plan - Growth Option,Axis Mutual Fund,Equity Scheme - ELSS,2025-11-10,110.9776
120503,Axis ELSS Tax Saver Fund - Direct Plan - Growth Option,Axis Mutual Fund,Equity Scheme - ELSS,2025-11-11,111.1622
120503,Axis ELSS Tax Saver Fund - Direct Plan - Growth Option,Axis Mutual Fund,Equity Scheme - ELSS,2025-11-12,111.5788
120503,Axis ELSS Tax Saver Fund - Direct Plan - Growth Option,Axis Mutual Fund,Equity Scheme - ELSS,2025-11-13,111.4226
120503,Axis ELSS Tax Saver Fund - Direct Plan - Growth Option,Axis Mutual Fund,Equity Scheme - ELSS,2025-11-14,111.2034
120503,Axis ELSS Tax Saver Fund - Direct Plan - Growth Option,Axis Mutual Fund,Equity Scheme - ELSS,2025-11-17,111.7933
120503,Axis ELSS Tax Saver Fund - Direct Plan - Growth Option,Axis Mutual Fund,Equity Scheme - ELSS,2025-11-18,111.1769
120503,Axis ELSS Tax Saver Fund - Direct Plan - Growth Option,Axis Mutual Fund,Equity Scheme - ELSS,2025-11-19,111.7018
120503,Axis ELSS Tax Saver Fund - Direct Plan - Growth Option,Axis Mutual Fund,Equity Scheme - ELSS,2025-11-20,112.0795
120503,Axis ELSS Tax Saver Fund - Direct Plan - Growth Option,Axis Mutual Fund,Equity Scheme - ELSS,2025-11-21,111.1918
120503,Axis ELSS Tax Saver Fund - Direct Plan - Growth Option,Axis Mutual Fund,Equity Scheme - ELSS,2025-11-24,110.661
120503,Axis ELSS Tax Saver Fund - Direct Plan - Growth Option,Axis Mutual Fund,Equity Scheme - ELSS,2025-11-25,110.5608
120503,Axis ELSS Tax Saver Fund - Direct Plan - Growth Option,Axis Mutual Fund,Equity Scheme - ELSS,2025-11-26,111.8355
120503,Axis ELSS Tax Saver Fund - Direct Plan - Growth Option,Axis Mutual Fund,Equity Scheme - ELSS,2025-11-27,111.8115
120503,Axis ELSS Tax Saver Fund - Direct Plan - Growth Option,Axis Mutual Fund,Equity Scheme - ELSS,2025-11-28,111.8357
120503,Axis ELSS Tax Saver Fund - Direct Plan - Growth Option,Axis Mutual Fund,Equity Scheme - ELSS,2025-11-30,111.8311
120503,Axis ELSS Tax Saver Fund - Direct Plan - Growth Option,Axis Mutual Fund,Equity Scheme - ELSS,2025-12-01,111.6365
120503,Axis ELSS Tax Saver Fund - Direct Plan - Growth Option,Axis Mutual Fund,Equity Scheme - ELSS,2025-12-02,111.2677
120503,Axis ELSS Tax Saver Fund - Direct Plan - Growth Option,Axis Mutual Fund,Equity Scheme - ELSS,2025-12-03,110.7813
120503,Axis ELSS Tax Saver Fund - Direct Plan - Growth Option,Axis Mutual Fund,Equity Scheme - ELSS,2025-12-04,110.8486
120503,Axis ELSS Tax Saver Fund - Direct Plan - Growth Option,Axis Mutual Fund,Equity Scheme - ELSS,2025-12-05,111.1487
120503,Axis ELSS Tax Saver Fund - Direct Plan - Growth Option,Axis Mutual Fund,Equity Scheme - ELSS,2025-12-08,109.6141
120503,Axis ELSS Tax Saver Fund - Direct Plan - Growth Option,Axis Mutual Fund,Equity Scheme - ELSS,2025-12-09,109.7035
120503,Axis ELSS Tax Saver Fund - Direct Plan - Growth Option,Axis Mutual Fund,Equity Scheme - ELSS,2025-12-10,109.0886
120503,Axis ELSS Tax Saver Fund - Direct Plan - Growth Option,Axis Mutual Fund,Equity Scheme - ELSS,2025-12-11,109.7762
120503,Axis ELSS Tax Saver Fund - Direct Plan - Growth Option,Axis Mutual Fund,Equity Scheme - ELSS,2025-12-12,110.519
120503,Axis ELSS Tax Saver Fund - Direct Plan - Growth Option,Axis Mutual Fund,Equity Scheme - ELSS,2025-12-15,110.3582
120503,Axis ELSS Tax Saver Fund - Direct Plan - Growth Option,Axis Mutual Fund,Equity Scheme - ELSS,2025-12-16,109.7392
120503,Axis ELSS Tax Saver Fund - Direct Plan - Growth Option,Axis Mutual Fund,Equity Scheme - ELSS,2025-12-17,109.3091
120503,Axis ELSS Tax Saver Fund - Direct Plan - Growth Option,Axis Mutual Fund,Equity Scheme - ELSS,2025-12-18,109.2532
120503,Axis ELSS Tax Saver Fund - Direct Plan - Growth Option,Axis Mutual Fund,Equity Scheme - ELSS,2025-12-19,110.1534
120503,Axis ELSS Tax Saver Fund - Direct Plan - Growth Option,Axis Mutual Fund,Equity Scheme - ELSS,2025-12-22,110.7862
120503,Axis ELSS Tax Saver Fund - Direct Plan - Growth Option,Axis Mutual Fund,Equity Scheme - ELSS,2025-12-23,110.852
120503,Axis ELSS Tax Saver Fund - Direct Plan - Growth Option,Axis Mutual Fund,Equity Scheme - ELSS,2025-12-24,110.6485
120503,Axis ELSS Tax Saver Fund - Direct Plan - Growth Option,Axis Mutual Fund,Equity Scheme - ELSS,2025-12-26,110.2666
120503,Axis ELSS Tax Saver Fund - Direct Plan - Growth Option,Axis Mutual Fund,Equity Scheme - ELSS,2025-12-29,109.8211
120503,Axis ELSS Tax Saver Fund - Direct Plan - Growth Option,Axis Mutual Fund,Equity Scheme - ELSS,2025-12-30,109.5506
120503,Axis ELSS Tax Saver Fund - Direct Plan - Growth Option,Axis Mutual Fund,Equity Scheme - ELSS,2025-12-31,110.2419
120503,Axis ELSS Tax Saver Fund - Direct Plan - Growth Option,Axis Mutual Fund,Equity Scheme - ELSS,2026-01-01,110.5516
120503,Axis ELSS Tax Saver Fund - Direct Plan - Growth Option,Axis Mutual Fund,Equity Scheme - ELSS,2026-01-02,111.5357
120503,Axis ELSS Tax Saver Fund - Direct Plan - Growth Option,Axis Mutual Fund,Equity Scheme - ELSS,2026-01-05,111.1802
120503,Axis ELSS Tax Saver Fund - Direct Plan - Growth Option,Axis Mutual Fund,Equity Scheme - ELSS,2026-01-06,111.2492
120503,Axis ELSS Tax Saver Fund - Direct Plan - Growth Option,Axis Mutual Fund,Equity Scheme - ELSS,2026-01-07,111.3106
120503,Axis ELSS Tax Saver Fund - Direct Plan - Growth Option,Axis Mutual Fund,Equity Scheme - ELSS,2026-01-08,110.0573
120503,Axis ELSS Tax Saver Fund - Direct Plan - Growth Option,Axis Mutual Fund,Equity Scheme - ELSS,2026-01-09,108.8498
120503,Axis ELSS Tax Saver Fund - Direct Plan - Growth Option,Axis Mutual Fund,Equity Scheme - ELSS,2026-01-12,108.8931
120503,Axis ELSS Tax Saver Fund - Direct Plan - Growth Option,Axis Mutual Fund,Equity Scheme - ELSS,2026-01-13,108.8425
120503,Axis ELSS Tax Saver Fund - Direct Plan - Growth Option,Axis Mutual Fund,Equity Scheme - ELSS,2026-01-14,108.5048
120503,Axis ELSS Tax Saver Fund - Direct Plan - Growth Option,Axis Mutual Fund,Equity Scheme - ELSS,2026-01-16,108.6446
120503,Axis ELSS Tax Saver Fund - Direct Plan - Growth Option,Axis Mutual Fund,Equity Scheme - ELSS,2026-01-19,108.3617
120503,Axis ELSS Tax Saver Fund - Direct Plan - Growth Option,Axis Mutual Fund,Equity Scheme - ELSS,2026-01-20,106.5056
120503,Axis ELSS Tax Saver Fund - Direct Plan - Growth Option,Axis Mutual Fund,Equity Scheme - ELSS,2026-01-21,106.0731
120503,Axis ELSS Tax Saver Fund - Direct Plan - Growth Option,Axis Mutual Fund,Equity Scheme - ELSS,2026-01-22,106.8714
120503,Axis ELSS Tax Saver Fund - Direct Plan - Growth Option,Axis Mutual Fund,Equity Scheme - ELSS,2026-01-23,105.7171
120503,Axis ELSS Tax Saver Fund - Direct Plan - Growth Option,Axis Mutual Fund,Equity Scheme - ELSS,2026-01-27,105.945
120503,Axis ELSS Tax Saver Fund - Direct Plan - Growth Option,Axis Mutual Fund,Equity Scheme - ELSS,2026-01-28,107.0296
120503,Axis ELSS Tax Saver Fund - Direct Plan - Growth Option,Axis Mutual Fund,Equity Scheme - ELSS,2026-01-29,107.1759
120503,Axis ELSS Tax Saver Fund - Direct Plan - Growth Option,Axis Mutual Fund,Equity Scheme - ELSS,2026-01-30,107.1918
120503,Axis ELSS Tax Saver Fund - Direct Plan - Growth Option,Axis Mutual Fund,Equity Scheme - ELSS,2026-01-31,107.1897
120503,Axis ELSS Tax Saver Fund - Direct Plan - Growth Option,Axis Mutual Fund,Equity Scheme - ELSS,2026-02-02,106.1596
120503,Axis ELSS Tax Saver Fund - Direct Plan - Growth Option,Axis Mutual Fund,Equity Scheme - ELSS,2026-02-03,109.0955
120503,Axis ELSS Tax Saver Fund - Direct Plan - Growth Option,Axis Mutual Fund,Equity Scheme - ELSS,2026-02-04,109.288
120503,Axis ELSS Tax Saver Fund - Direct Plan - Growth Option,Axis Mutual Fund,Equity Scheme - ELSS,2026-02-05,109.0137
120503,Axis ELSS Tax Saver Fund - Direct Plan - Growth Option,Axis Mutual Fund,Equity Scheme - ELSS,2026-02-06,109.1756
120503,Axis ELSS Tax Saver Fund - Direct Plan - Growth Option,Axis Mutual Fund,Equity Scheme - ELSS,2026-02-09,110.3845
120503,Axis ELSS Tax Saver Fund - Direct Plan - Growth Option,Axis Mutual Fund,Equity Scheme - ELSS,2026-02-10,110.6519
120503,Axis ELSS Tax Saver Fund - Direct Plan - Growth Option,Axis Mutual Fund,Equity Scheme - ELSS,2026-02-11,110.8392
120503,Axis ELSS Tax Saver Fund - Direct Plan - Growth Option,Axis Mutual Fund,Equity Scheme - ELSS,2026-02-12,110.5365
120503,Axis ELSS Tax Saver Fund - Direct Plan - Growth Option,Axis Mutual Fund,Equity Scheme - ELSS,2026-02-13,109.3409
120503,Axis ELSS Tax Saver Fund - Direct Plan - Growth Option,Axis Mutual Fund,Equity Scheme - ELSS,2026-02-16,109.8444
120503,Axis ELSS Tax Saver Fund - Direct Plan - Growth Option,Axis Mutual Fund,Equity Scheme - ELSS,2026-02-17,110.0806
120503,Axis ELSS Tax Saver Fund - Direct Plan - Growth Option,Axis Mutual Fund,Equity Scheme - ELSS,2026-02-18,110.6303
120503,Axis ELSS Tax Saver Fund - Direct Plan - Growth Option,Axis Mutual Fund,Equity Scheme - ELSS,2026-02-19,109.0091
120503,Axis ELSS Tax Saver Fund - Direct Plan - Growth Option,Axis Mutual Fund,Equity Scheme - ELSS,2026-02-20,109.5273
120503,Axis ELSS Tax Saver Fund - Direct Plan - Growth Option,Axis Mutual Fund,Equity Scheme - ELSS,2026-02-23,110.291
120503,Axis ELSS Tax Saver Fund - Direct Plan - Growth Option,Axis Mutual Fund,Equity Scheme - ELSS,2026-02-24,109.3681
120503,Axis ELSS Tax Saver Fund - Direct Plan - Growth Option,Axis Mutual Fund,Equity Scheme - ELSS,2026-02-25,109.9293
120503,Axis ELSS Tax Saver Fund - Direct Plan - Growth Option,Axis Mutual Fund,Equity Scheme - ELSS,2026-02-26,110.2945
120503,Axis ELSS Tax Saver Fund - Direct Plan - Growth Option,Axis Mutual Fund,Equity Scheme - ELSS,2026-02-27,108.9345
120503,Axis ELSS Tax Saver Fund - Direct Plan - Growth Option,Axis Mutual Fund,Equity Scheme - ELSS,2026-02-28,108.9325
120503,Axis ELSS Tax Saver Fund - Direct Plan - Growth Option,Axis Mutual Fund,Equity Scheme - ELSS,2026-03-02,107.5231
120503,Axis ELSS Tax Saver Fund - Direct Plan - Growth Option,Axis Mutual Fund,Equity Scheme - ELSS,2026-03-04,105.4928
120503,Axis ELSS Tax Saver Fund - Direct Plan - Growth Option,Axis Mutual Fund,Equity Scheme - ELSS,2026-03-05,106.7297
120503,Axis ELSS Tax Saver Fund - Direct Plan - Growth Option,Axis Mutual Fund,Equity Scheme - ELSS,2026-03-06,105.405
120503,Axis ELSS Tax Saver Fund - Direct Plan - Growth Option,Axis Mutual Fund,Equity Scheme - ELSS,2026-03-09,103.3882
120503,Axis ELSS Tax Saver Fund - Direct Plan - Growth Option,Axis Mutual Fund,Equity Scheme - ELSS,2026-03-10,104.7593
120503,Axis ELSS Tax Saver Fund - Direct Plan - Growth Option,Axis Mutual Fund,Equity Scheme - ELSS,2026-03-11,102.9776
120503,Axis ELSS Tax Saver Fund - Direct Plan - Growth Option,Axis Mutual Fund,Equity Scheme - ELSS,2026-03-12,101.9718
120503,Axis ELSS Tax Saver Fund - Direct Plan - Growth Option,Axis Mutual Fund,Equity Scheme - ELSS,2026-03-13,99.7111
120503,Axis ELSS Tax Saver Fund - Direct Plan - Growth Option,Axis Mutual Fund,Equity Scheme - ELSS,2026-03-16,100.396
120503,Axis ELSS Tax Saver Fund - Direct Plan - Growth Option,Axis Mutual Fund,Equity Scheme - ELSS,2026-03-17,101.2496
120503,Axis ELSS Tax Saver Fund - Direct Plan - Growth Option,Axis Mutual Fund,Equity Scheme - ELSS,2026-03-18,102.4592
120503,Axis ELSS Tax Saver Fund - Direct Plan - Growth Option,Axis Mutual Fund,Equity Scheme - ELSS,2026-03-19,99.1597
120503,Axis ELSS Tax Saver Fund - Direct Plan - Growth Option,Axis Mutual Fund,Equity Scheme - ELSS,2026-03-20,99.6142
120503,Axis ELSS Tax Saver Fund - Direct Plan - Growth Option,Axis Mutual Fund,Equity Scheme - ELSS,2026-03-23,96.713
120503,Axis ELSS Tax Saver Fund - Direct Plan - Growth Option,Axis Mutual Fund,Equity Scheme - ELSS,2026-03-24,98.6597
120503,Axis ELSS Tax Saver Fund - Direct Plan - Growth Option,Axis Mutual Fund,Equity Scheme - ELSS,2026-03-25,100.7319
120503,Axis ELSS Tax Saver Fund - Direct Plan - Growth Option,Axis Mutual Fund,Equity Scheme - ELSS,2026-03-27,98.6739
120503,Axis ELSS Tax Saver Fund - Direct Plan - Growth Option,Axis Mutual Fund,Equity Scheme - ELSS,2026-03-30,96.2768
120503,Axis ELSS Tax Saver Fund - Direct Plan - Growth Option,Axis Mutual Fund,Equity Scheme - ELSS,2026-03-31,96.2753
120503,Axis ELSS Tax Saver Fund - Direct Plan - Growth Option,Axis Mutual Fund,Equity Scheme - ELSS,2026-04-01,97.7184
120503,Axis ELSS Tax Saver Fund - Direct Plan - Growth Option,Axis Mutual Fund,Equity Scheme - ELSS,2026-04-02,97.52
120503,Axis ELSS Tax Saver Fund - Direct Plan - Growth Option,Axis Mutual Fund,Equity Scheme - ELSS,2026-04-06,98.8014
120503,Axis ELSS Tax Saver Fund - Direct Plan - Growth Option,Axis Mutual Fund,Equity Scheme - ELSS,2026-04-07,99.3876
120503,Axis ELSS Tax Saver Fund - Direct Plan - Growth Option,Axis Mutual Fund,Equity Scheme - ELSS,2026-04-08,103.2833
120503,Axis ELSS Tax Saver Fund - Direct Plan - Growth Option,Axis Mutual Fund,Equity Scheme - ELSS,2026-04-09,102.5494
120503,Axis ELSS Tax Saver Fund - Direct Plan - Growth Option,Axis Mutual Fund,Equity Scheme - ELSS,2026-04-10,104.1348
120503,Axis ELSS Tax Saver Fund - Direct Plan - Growth Option,Axis Mutual Fund,Equity Scheme - ELSS,2026-04-13,103.2303
120503,Axis ELSS Tax Saver Fund - Direct Plan - Growth Option,Axis Mutual Fund,Equity Scheme - ELSS,2026-04-15,104.9259
120503,Axis ELSS Tax Saver Fund - Direct Plan - Growth Option,Axis Mutual Fund,Equity Scheme - ELSS,2026-04-16,105.117
120503,Axis ELSS Tax Saver Fund - Direct Plan - Growth Option,Axis Mutual Fund,Equity Scheme - ELSS,2026-04-17,105.9826
120503,Axis ELSS Tax Saver Fund - Direct Plan - Growth Option,Axis Mutual Fund,Equity Scheme - ELSS,2026-04-20,106.2063
120503,Axis ELSS Tax Saver Fund - Direct Plan - Growth Option,Axis Mutual Fund,Equity Scheme - ELSS,2026-04-21,107.2434
120503,Axis ELSS Tax Saver Fund - Direct Plan - Growth Option,Axis Mutual Fund,Equity Scheme - ELSS,2026-04-22,106.8299
120503,Axis ELSS Tax Saver Fund - Direct Plan - Growth Option,Axis Mutual Fund,Equity Scheme - ELSS,2026-04-23,106.1301
120503,Axis ELSS Tax Saver Fund - Direct Plan - Growth Option,Axis Mutual Fund,Equity Scheme - ELSS,2026-04-24,105.0928
120503,Axis ELSS Tax Saver Fund - Direct Plan - Growth Option,Axis Mutual Fund,Equity Scheme - ELSS,2026-04-27,106.0528
120503,Axis ELSS Tax Saver Fund - Direct Plan - Growth Option,Axis Mutual Fund,Equity Scheme - ELSS,2026-04-28,105.6212
120503,Axis ELSS Tax Saver Fund - Direct Plan - Growth Option,Axis Mutual Fund,Equity Scheme - ELSS,2026-04-29,106.0698
120503,Axis ELSS Tax Saver Fund - Direct Plan - Growth Option,Axis Mutual Fund,Equity Scheme - ELSS,2026-04-30,105.2845
120503,Axis ELSS Tax Saver Fund - Direct Plan - Growth Option,Axis Mutual Fund,Equity Scheme - ELSS,2026-05-04,105.7449
120503,Axis ELSS Tax Saver Fund - Direct Plan - Growth Option,Axis Mutual Fund,Equity Scheme - ELSS,2026-05-05,105.8387
120503,Axis ELSS Tax Saver Fund - Direct Plan - Growth Option,Axis Mutual Fund,Equity Scheme - ELSS,2026-05-06,107.3354
120503,Axis ELSS Tax Saver Fund - Direct Plan - Growth Option,Axis Mutual Fund,Equity Scheme - ELSS,2026-05-07,107.6729
120503,Axis ELSS Tax Saver Fund - Direct Plan - Growth Option,Axis Mutual Fund,Equity Scheme - ELSS,2026-05-08,107.15
120503,Axis ELSS Tax Saver Fund - Direct Plan - Growth Option,Axis Mutual Fund,Equity Scheme - ELSS,2026-05-11,105.6066
120503,Axis ELSS Tax Saver Fund - Direct Plan - Growth Option,Axis Mutual Fund,Equity Scheme - ELSS,2026-05-12,103.3384
120503,Axis ELSS Tax Saver Fund - Direct Plan - Growth Option,Axis Mutual Fund,Equity Scheme - ELSS,2026-05-13,103.396
120503,Axis ELSS Tax Saver Fund - Direct Plan - Growth Option,Axis Mutual Fund,Equity Scheme - ELSS,2026-05-14,104.5531
120503,Axis ELSS Tax Saver Fund - Direct Plan - Growth Option,Axis Mutual Fund,Equity Scheme - ELSS,2026-05-15,104.2918
120503,Axis ELSS Tax Saver Fund - Direct Plan - Growth Option,Axis Mutual Fund,Equity Scheme - ELSS,2026-05-18,104.1556
120503,Axis ELSS Tax Saver Fund - Direct Plan - Growth Option,Axis Mutual Fund,Equity Scheme - ELSS,2026-05-19,104.2767
120503,Axis ELSS Tax Saver Fund - Direct Plan - Growth Option,Axis Mutual Fund,Equity Scheme - ELSS,2026-05-20,104.6046
120503,Axis ELSS Tax Saver Fund - Direct Plan - Growth Option,Axis Mutual Fund,Equity Scheme - ELSS,2026-05-21,104.4915
120503,Axis ELSS Tax Saver Fund - Direct Plan - Growth Option,Axis Mutual Fund,Equity Scheme - ELSS,2026-05-22,104.7708
120503,Axis ELSS Tax Saver Fund - Direct Plan - Growth Option,Axis Mutual Fund,Equity Scheme - ELSS,2026-05-25,105.9217
120503,Axis ELSS Tax Saver Fund - Direct Plan - Growth Option,Axis Mutual Fund,Equity Scheme - ELSS,2026-05-26,105.5115
120503,Axis ELSS Tax Saver Fund - Direct Plan - Growth Option,Axis Mutual Fund,Equity Scheme - ELSS,2026-05-27,105.9296
120503,Axis ELSS Tax Saver Fund - Direct Plan - Growth Option,Axis Mutual Fund,Equity Scheme - ELSS,2026-05-29,104.3129
120503,Axis ELSS Tax Saver Fund - Direct Plan - Growth Option,Axis Mutual Fund,Equity Scheme - ELSS,2026-05-31,104.3083
120503,Axis ELSS Tax Saver Fund - Direct Plan - Growth Option,Axis Mutual Fund,Equity Scheme - ELSS,2026-06-01,103.0948
