scheme_code,scheme_name,fund_house,scheme_category,date,nav
119551,Aditya Birla Sun Life Banking & PSU Debt Fund  - DIRECT - IDCW,Aditya Birla Sun Life Mutual Fund,Debt Scheme - Banking and PSU Fund,2019-02-22,151.2599
119551,Aditya Birla Sun Life Banking & PSU Debt Fund  - DIRECT - IDCW,Aditya Birla Sun Life Mutual Fund,Debt Scheme - Banking and PSU Fund,2019-02-25,151.3599
119551,Aditya Birla Sun Life Banking & PSU Debt Fund  - DIRECT - IDCW,Aditya Birla Sun Life Mutual Fund,Debt Scheme - Banking and PSU Fund,2019-02-26,151.362
119551,Aditya Birla Sun Life Banking & PSU Debt Fund  - DIRECT - IDCW,Aditya Birla Sun Life Mutual Fund,Debt Scheme - Banking and PSU Fund,2019-02-27,151.2991
119551,Aditya Birla Sun Life Banking & PSU Debt Fund  - DIRECT - IDCW,Aditya Birla Sun Life Mutual Fund,Debt Scheme - Banking and PSU Fund,2019-02-28,151.357
119551,Aditya Birla Sun Life Banking & PSU Debt Fund  - DIRECT - IDCW,Aditya Birla Sun Life Mutual Fund,Debt Scheme - Banking and PSU Fund,2019-03-01,151.443
119551,Aditya Birla Sun Life Banking & PSU Debt Fund  - DIRECT - IDCW,Aditya Birla Sun Life Mutual Fund,Debt Scheme - Banking and PSU Fund,2019-03-05,151.6357
119551,Aditya Birla Sun Life Banking & PSU Debt Fund  - DIRECT - IDCW,Aditya Birla Sun Life Mutual Fund,Debt Scheme - Banking and PSU Fund,2019-03-06,151.7285
119551,Aditya Birla Sun Life Banking & PSU Debt Fund  - DIRECT - IDCW,Aditya Birla Sun Life Mutual Fund,Debt Scheme - Banking and PSU Fund,2019-03-07,151.8551
119551,Aditya Birla Sun Life Banking & PSU Debt Fund  - DIRECT - IDCW,Aditya Birla Sun Life Mutual Fund,Debt Scheme - Banking and PSU Fund,2019-03-08,151.9735
119551,Aditya Birla Sun Life Banking & PSU Debt Fund  - DIRECT - IDCW,Aditya Birla Sun Life Mutual Fund,Debt Scheme - Banking and PSU Fund,2019-03-11,152.1524
119551,Aditya Birla Sun Life Banking & PSU Debt Fund  - DIRECT - IDCW,Aditya Birla Sun Life Mutual Fund,Debt Scheme - Banking and PSU Fund,2019-03-12,152.2662
119551,Aditya Birla Sun Life Banking & PSU Debt Fund  - DIRECT - IDCW,Aditya Birla Sun Life Mutual Fund,Debt Scheme - Banking and PSU Fund,2019-03-13,152.2831
119551,Aditya Birla Sun Life Banking & PSU Debt Fund  - DIRECT - IDCW,Aditya Birla Sun Life Mutual Fund,Debt Scheme - Banking and PSU Fund,2019-03-14,152.4552
119551,Aditya Birla Sun Life Banking & PSU Debt Fund  - DIRECT - IDCW,Aditya Birla Sun Life Mutual Fund,Debt Scheme - Banking and PSU Fund,2019-03-15,152.5838
119551,Aditya Birla Sun Life Banking & PSU Debt Fund  - DIRECT - IDCW,Aditya Birla Sun Life Mutual Fund,Debt Scheme - Banking and PSU Fund,2019-03-18,152.7412
119551,Aditya Birla Sun Life Banking & PSU Debt Fund  - DIRECT - IDCW,Aditya Birla Sun Life Mutual Fund,Debt Scheme - Banking and PSU Fund,2019-03-19,152.7005
119551,Aditya Birla Sun Life Banking & PSU Debt Fund  - DIRECT - IDCW,Aditya Birla Sun Life Mutual Fund,Debt Scheme - Banking and PSU Fund,2019-03-20,152.7699
119551,Aditya Birla Sun Life Banking & PSU Debt Fund  - DIRECT - IDCW,Aditya Birla Sun Life Mutual Fund,Debt Scheme - Banking and PSU Fund,2019-03-22,152.9006
119551,Aditya Birla Sun Life Banking & PSU Debt Fund  - DIRECT - IDCW,Aditya Birla Sun Life Mutual Fund,Debt Scheme - Banking and PSU Fund,2019-03-25,142.4171
119551,Aditya Birla Sun Life Banking & PSU Debt Fund  - DIRECT - IDCW,Aditya Birla Sun Life Mutual Fund,Debt Scheme - Banking and PSU Fund,2019-03-26,142.4063
119551,Aditya Birla Sun Life Banking & PSU Debt Fund  - DIRECT - IDCW,Aditya Birla Sun Life Mutual Fund,Debt Scheme - Banking and PSU Fund,2019-03-27,142.4266
119551,Aditya Birla Sun Life Banking & PSU Debt Fund  - DIRECT - IDCW,Aditya Birla Sun Life Mutual Fund,Debt Scheme - Banking and PSU Fund,2019-03-28,142.444
119551,Aditya Birla Sun Life Banking & PSU Debt Fund  - DIRECT - IDCW,Aditya Birla Sun Life Mutual Fund,Debt Scheme - Banking and PSU Fund,2019-03-29,142.8143
119551,Aditya Birla Sun Life Banking & PSU Debt Fund  - DIRECT - IDCW,Aditya Birla Sun Life Mutual Fund,Debt Scheme - Banking and PSU Fund,2019-04-02,143.2454
119551,Aditya Birla Sun Life Banking & PSU Debt Fund  - DIRECT - IDCW,Aditya Birla Sun Life Mutual Fund,Debt Scheme - Banking and PSU Fund,2019-04-03,143.216
119551,Aditya Birla Sun Life Banking & PSU Debt Fund  - DIRECT - IDCW,Aditya Birla Sun Life Mutual Fund,Debt Scheme - Banking and PSU Fund,2019-04-04,143.0993
119551,Aditya Birla Sun Life Banking & PSU Debt Fund  - DIRECT - IDCW,Aditya Birla Sun Life Mutual Fund,Debt Scheme - Banking and PSU Fund,2019-04-05,142.9577
119551,Aditya Birla Sun Life Banking & PSU Debt Fund  - DIRECT - IDCW,Aditya Birla Sun Life Mutual Fund,Debt Scheme - Banking and PSU Fund,2019-04-08,142.8229
119551,Aditya Birla Sun Life Banking & PSU Debt Fund  - DIRECT - IDCW,Aditya Birla Sun Life Mutual Fund,Debt Scheme - Banking and PSU Fund,2019-04-09,142.8298
119551,Aditya Birla Sun Life Banking & PSU Debt Fund  - DIRECT - IDCW,Aditya Birla Sun Life Mutual Fund,Debt Scheme - Banking and PSU Fund,2019-04-10,142.9046
119551,Aditya Birla Sun Life Banking & PSU Debt Fund  - DIRECT - IDCW,Aditya Birla Sun Life Mutual Fund,Debt Scheme - Banking and PSU Fund,2019-04-11,142.8471
119551,Aditya Birla Sun Life Banking & PSU Debt Fund  - DIRECT - IDCW,Aditya Birla Sun Life Mutual Fund,Debt Scheme - Banking and PSU Fund,2019-04-12,142.8054
119551,Aditya Birla Sun Life Banking & PSU Debt Fund  - DIRECT - IDCW,Aditya Birla Sun Life Mutual Fund,Debt Scheme - Banking and PSU Fund,2019-04-15,142.7628
119551,Aditya Birla Sun Life Banking & PSU Debt Fund  - DIRECT - IDCW,Aditya Birla Sun Life Mutual Fund,Debt Scheme - Banking and PSU Fund,2019-04-16,142.7755
119551,Aditya Birla Sun Life Banking & PSU Debt Fund  - DIRECT - IDCW,Aditya Birla Sun Life Mutual Fund,Debt Scheme - Banking and PSU Fund,2019-04-18,142.8003
119551,Aditya Birla Sun Life Banking & PSU Debt Fund  - DIRECT - IDCW,Aditya Birla Sun Life Mutual Fund,Debt Scheme - Banking and PSU Fund,2019-04-22,142.7099
119551,Aditya Birla Sun Life Banking & PSU Debt Fund  - DIRECT - IDCW,Aditya Birla Sun Life Mutual Fund,Debt Scheme - Banking and PSU Fund,2019-04-23,142.717
119551,Aditya Birla Sun Life Banking & PSU Debt Fund  - DIRECT - IDCW,Aditya Birla Sun Life Mutual Fund,Debt Scheme - Banking and PSU Fund,2019-04-24,142.817
119551,Aditya Birla Sun Life Banking & PSU Debt Fund  - DIRECT - IDCW,Aditya Birla Sun Life Mutual Fund,Debt Scheme - Banking and PSU Fund,2019-04-25,142.7254
119551,Aditya Birla Sun Life Banking & PSU Debt Fund  - DIRECT - IDCW,Aditya Birla Sun Life Mutual Fund,Debt Scheme - Banking and PSU Fund,2019-04-26,142.8116
119551,Aditya Birla Sun Life Banking & PSU Debt Fund  - DIRECT - IDCW,Aditya Birla Sun Life Mutual Fund,Debt Scheme - Banking and PSU Fund,2019-04-30,142.9462
119551,Aditya Birla Sun Life Banking & PSU Debt Fund  - DIRECT - IDCW,Aditya Birla Sun Life Mutual Fund,Debt Scheme - Banking and PSU Fund,2019-05-02,142.9669
119551,Aditya Birla Sun Life Banking & PSU Debt Fund  - DIRECT - IDCW,Aditya Birla Sun Life Mutual Fund,Debt Scheme - Banking and PSU Fund,2019-05-03,142.9162
119551,Aditya Birla Sun Life Banking & PSU Debt Fund  - DIRECT - IDCW,Aditya Birla Sun Life Mutual Fund,Debt Scheme - Banking and PSU Fund,2019-05-06,143.0201
119551,Aditya Birla Sun Life Banking & PSU Debt Fund  - DIRECT - IDCW,Aditya Birla Sun Life Mutual Fund,Debt Scheme - Banking and PSU Fund,2019-05-07,143.0787
119551,Aditya Birla Sun Life Banking & PSU Debt Fund  - DIRECT - IDCW,Aditya Birla Sun Life Mutual Fund,Debt Scheme - Banking and PSU Fund,2019-05-08,143.1504
119551,Aditya Birla Sun Life Banking & PSU Debt Fund  - DIRECT - IDCW,Aditya Birla Sun Life Mutual Fund,Debt Scheme - Banking and PSU Fund,2019-05-09,143.18
119551,Aditya Birla Sun Life Banking & PSU Debt Fund  - DIRECT - IDCW,Aditya Birla Sun Life Mutual Fund,Debt Scheme - Banking and PSU Fund,2019-05-10,143.2079
119551,Aditya Birla Sun Life Banking & PSU Debt Fund  - DIRECT - IDCW,Aditya Birla Sun Life Mutual Fund,Debt Scheme - Banking and PSU Fund,2019-05-13,143.3346
119551,Aditya Birla Sun Life Banking & PSU Debt Fund  - DIRECT - IDCW,Aditya Birla Sun Life Mutual Fund,Debt Scheme - Banking and PSU Fund,2019-05-14,143.4783
119551,Aditya Birla Sun Life Banking & PSU Debt Fund  - DIRECT - IDCW,Aditya Birla Sun Life Mutual Fund,Debt Scheme - Banking and PSU Fund,2019-05-15,143.5038
119551,Aditya Birla Sun Life Banking & PSU Debt Fund  - DIRECT - IDCW,Aditya Birla Sun Life Mutual Fund,Debt Scheme - Banking and PSU Fund,2019-05-16,143.5546
119551,Aditya Birla Sun Life Banking & PSU Debt Fund  - DIRECT - IDCW,Aditya Birla Sun Life Mutual Fund,Debt Scheme - Banking and PSU Fund,2019-05-17,143.6887
119551,Aditya Birla Sun Life Banking & PSU Debt Fund  - DIRECT - IDCW,Aditya Birla Sun Life Mutual Fund,Debt Scheme - Banking and PSU Fund,2019-05-20,143.9976
119551,Aditya Birla Sun Life Banking & PSU Debt Fund  - DIRECT - IDCW,Aditya Birla Sun Life Mutual Fund,Debt Scheme - Banking and PSU Fund,2019-05-21,144.0003
119551,Aditya Birla Sun Life Banking & PSU Debt Fund  - DIRECT - IDCW,Aditya Birla Sun Life Mutual Fund,Debt Scheme - Banking and PSU Fund,2019-05-22,144.0646
119551,Aditya Birla Sun Life Banking & PSU Debt Fund  - DIRECT - IDCW,Aditya Birla Sun Life Mutual Fund,Debt Scheme - Banking and PSU Fund,2019-05-23,144.3538
119551,Aditya Birla Sun Life Banking & PSU Debt Fund  - DIRECT - IDCW,Aditya Birla Sun Life Mutual Fund,Debt Scheme - Banking and PSU Fund,2019-05-24,144.51
119551,Aditya Birla Sun Life Banking & PSU Debt Fund  - DIRECT - IDCW,Aditya Birla Sun Life Mutual Fund,Debt Scheme - Banking and PSU Fund,2019-05-27,145.0011
119551,Aditya Birla Sun Life Banking & PSU Debt Fund  - DIRECT - IDCW,Aditya Birla Sun Life Mutual Fund,Debt Scheme - Banking and PSU Fund,2019-05-28,145.1418
119551,Aditya Birla Sun Life Banking & PSU Debt Fund  - DIRECT - IDCW,Aditya Birla Sun Life Mutual Fund,Debt Scheme - Banking and PSU Fund,2019-05-29,145.1587
119551,Aditya Birla Sun Life Banking & PSU Debt Fund  - DIRECT - IDCW,Aditya Birla Sun Life Mutual Fund,Debt Scheme - Banking and PSU Fund,2019-05-30,145.1312
119551,Aditya Birla Sun Life Banking & PSU Debt Fund  - DIRECT - IDCW,Aditya Birla Sun Life Mutual Fund,Debt Scheme - Banking and PSU Fund,2019-05-31,145.5041
119551,Aditya Birla Sun Life Banking & PSU Debt Fund  - DIRECT - IDCW,Aditya Birla Sun Life Mutual Fund,Debt Scheme - Banking and PSU Fund,2019-06-03,145.7548
119551,Aditya Birla Sun Life Banking & PSU Debt Fund  - DIRECT - IDCW,Aditya Birla Sun Life Mutual Fund,Debt Scheme - Banking and PSU Fund,2019-06-04,145.6843
119551,Aditya Birla Sun Life Banking & PSU Debt Fund  - DIRECT - IDCW,Aditya Birla Sun Life Mutual Fund,Debt Scheme - Banking and PSU Fund,2019-06-06,146.0295
119551,Aditya Birla Sun Life Banking & PSU Debt Fund  - DIRECT - IDCW,Aditya Birla Sun Life Mutual Fund,Debt Scheme - Banking and PSU Fund,2019-06-07,145.8035
119551,Aditya Birla Sun Life Banking & PSU Debt Fund  - DIRECT - IDCW,Aditya Birla Sun Life Mutual Fund,Debt Scheme - Banking and PSU Fund,2019-06-10,145.5955
119551,Aditya Birla Sun Life Banking & PSU Debt Fund  - DIRECT - IDCW,Aditya Birla Sun Life Mutual Fund,Debt Scheme - Banking and PSU Fund,2019-06-11,145.6404
119551,Aditya Birla Sun Life Banking & PSU Debt Fund  - DIRECT - IDCW,Aditya Birla Sun Life Mutual Fund,Debt Scheme - Banking and PSU Fund,2019-06-12,145.775
119551,Aditya Birla Sun Life Banking & PSU Debt Fund  - DIRECT - IDCW,Aditya Birla Sun Life Mutual Fund,Debt Scheme - Banking and PSU Fund,2019-06-13,145.8517
119551,Aditya Birla Sun Life Banking & PSU Debt Fund  - DIRECT - IDCW,Aditya Birla Sun Life Mutual Fund,Debt Scheme - Banking and PSU Fund,2019-06-14,146.087
119551,Aditya Birla Sun Life Banking & PSU Debt Fund  - DIRECT - IDCW,Aditya Birla Sun Life Mutual Fund,Debt Scheme - Banking and PSU Fund,2019-06-17,146.1223
119551,Aditya Birla Sun Life Banking & PSU Debt Fund  - DIRECT - IDCW,Aditya Birla Sun Life Mutual Fund,Debt Scheme - Banking and PSU Fund,2019-06-18,146.4654
119551,Aditya Birla Sun Life Banking & PSU Debt Fund  - DIRECT - IDCW,Aditya Birla Sun Life Mutual Fund,Debt Scheme - Banking and PSU Fund,2019-06-19,146.5025
119551,Aditya Birla Sun Life Banking & PSU Debt Fund  - DIRECT - IDCW,Aditya Birla Sun Life Mutual Fund,Debt Scheme - Banking and PSU Fund,2019-06-20,146.6796
119551,Aditya Birla Sun Life Banking & PSU Debt Fund  - DIRECT - IDCW,Aditya Birla Sun Life Mutual Fund,Debt Scheme - Banking and PSU Fund,2019-06-21,146.4745
119551,Aditya Birla Sun Life Banking & PSU Debt Fund  - DIRECT - IDCW,Aditya Birla Sun Life Mutual Fund,Debt Scheme - Banking and PSU Fund,2019-06-24,146.4771
119551,Aditya Birla Sun Life Banking & PSU Debt Fund  - DIRECT - IDCW,Aditya Birla Sun Life Mutual Fund,Debt Scheme - Banking and PSU Fund,2019-06-25,146.3663
119551,Aditya Birla Sun Life Banking & PSU Debt Fund  - DIRECT - IDCW,Aditya Birla Sun Life Mutual Fund,Debt Scheme - Banking and PSU Fund,2019-06-26,146.2151
119551,Aditya Birla Sun Life Banking & PSU Debt Fund  - DIRECT - IDCW,Aditya Birla Sun Life Mutual Fund,Debt Scheme - Banking and PSU Fund,2019-06-27,146.3061
119551,Aditya Birla Sun Life Banking & PSU Debt Fund  - DIRECT - IDCW,Aditya Birla Sun Life Mutual Fund,Debt Scheme - Banking and PSU Fund,2019-06-28,146.3797
119551,Aditya Birla Sun Life Banking & PSU Debt Fund  - DIRECT - IDCW,Aditya Birla Sun Life Mutual Fund,Debt Scheme - Banking and PSU Fund,2019-07-01,146.3903
119551,Aditya Birla Sun Life Banking & PSU Debt Fund  - DIRECT - IDCW,Aditya Birla Sun Life Mutual Fund,Debt Scheme - Banking and PSU Fund,2019-07-02,146.4817
119551,Aditya Birla Sun Life Banking & PSU Debt Fund  - DIRECT - IDCW,Aditya Birla Sun Life Mutual Fund,Debt Scheme - Banking and PSU Fund,2019-07-03,146.678
119551,Aditya Birla Sun Life Banking & PSU Debt Fund  - DIRECT - IDCW,Aditya Birla Sun Life Mutual Fund,Debt Scheme - Banking and PSU Fund,2019-07-04,146.9134
119551,Aditya Birla Sun Life Banking & PSU Debt Fund  - DIRECT - IDCW,Aditya Birla Sun Life Mutual Fund,Debt Scheme - Banking and PSU Fund,2019-07-05,147.2972
119551,Aditya Birla Sun Life Banking & PSU Debt Fund  - DIRECT - IDCW,Aditya Birla Sun Life Mutual Fund,Debt Scheme - Banking and PSU Fund,2019-07-08,147.8277
119551,Aditya Birla Sun Life Banking & PSU Debt Fund  - DIRECT - IDCW,Aditya Birla Sun Life Mutual Fund,Debt Scheme - Banking and PSU Fund,2019-07-09,147.8228
119551,Aditya Birla Sun Life Banking & PSU Debt Fund  - DIRECT - IDCW,Aditya Birla Sun Life Mutual Fund,Debt Scheme - Banking and PSU Fund,2019-07-10,148.0034
119551,Aditya Birla Sun Life Banking & PSU Debt Fund  - DIRECT - IDCW,Aditya Birla Sun Life Mutual Fund,Debt Scheme - Banking and PSU Fund,2019-07-11,148.2166
119551,Aditya Birla Sun Life Banking & PSU Debt Fund  - DIRECT - IDCW,Aditya Birla Sun Life Mutual Fund,Debt Scheme - Banking and PSU Fund,2019-07-12,148.2944
119551,Aditya Birla Sun Life Banking & PSU Debt Fund  - DIRECT - IDCW,Aditya Birla Sun Life Mutual Fund,Debt Scheme - Banking and PSU Fund,2019-07-15,148.5678
119551,Aditya Birla Sun Life Banking & PSU Debt Fund  - DIRECT - IDCW,Aditya Birla Sun Life Mutual Fund,Debt Scheme - Banking and PSU Fund,2019-07-16,148.9102
119551,Aditya Birla Sun Life Banking & PSU Debt Fund  - DIRECT - IDCW,Aditya Birla Sun Life Mutual Fund,Debt Scheme - Banking and PSU Fund,2019-07-17,148.8778
119551,Aditya Birla Sun Life Banking & PSU Debt Fund  - DIRECT - IDCW,Aditya Birla Sun Life Mutual Fund,Debt Scheme - Banking and PSU Fund,2019-07-18,148.8109
119551,Aditya Birla Sun Life Banking & PSU Debt Fund  - DIRECT - IDCW,Aditya Birla Sun Life Mutual Fund,Debt Scheme - Banking and PSU Fund,2019-07-19,148.8542
119551,Aditya Birla Sun Life Banking & PSU Debt Fund  - DIRECT - IDCW,Aditya Birla Sun Life Mutual Fund,Debt Scheme - Banking and PSU Fund,2019-07-22,148.7174
119551,Aditya Birla Sun Life Banking & PSU Debt Fund  - DIRECT - IDCW,Aditya Birla Sun Life Mutual Fund,Debt Scheme - Banking and PSU Fund,2019-07-23,148.6097
119551,Aditya Birla Sun Life Banking & PSU Debt Fund  - DIRECT - IDCW,Aditya Birla Sun Life Mutual Fund,Debt Scheme - Banking and PSU Fund,2019-07-24,148.6858
119551,Aditya Birla Sun Life Banking & PSU Debt Fund  - DIRECT - IDCW,Aditya Birla Sun Life Mutual Fund,Debt Scheme - Banking and PSU Fund,2019-07-25,148.3413
119551,Aditya Birla Sun Life Banking & PSU Debt Fund  - DIRECT - IDCW,Aditya Birla Sun Life Mutual Fund,Debt Scheme - Banking and PSU Fund,2019-07-26,148.3704
119551,Aditya Birla Sun Life Banking & PSU Debt Fund  - DIRECT - IDCW,Aditya Birla Sun Life Mutual Fund,Debt Scheme - Banking and PSU Fund,2019-07-29,148.7487
119551,Aditya Birla Sun Life Banking & PSU Debt Fund  - DIRECT - IDCW,Aditya Birla Sun Life Mutual Fund,Debt Scheme - Banking and PSU Fund,2019-07-30,148.892
119551,Aditya Birla Sun Life Banking & PSU Debt Fund  - DIRECT - IDCW,Aditya Birla Sun Life Mutual Fund,Debt Scheme - Banking and PSU Fund,2019-07-31,149.0512
119551,Aditya Birla Sun Life Banking & PSU Debt Fund  - DIRECT - IDCW,Aditya Birla Sun Life Mutual Fund,Debt Scheme - Banking and PSU Fund,2019-08-01,149.0367
119551,Aditya Birla Sun Life Banking & PSU Debt Fund  - DIRECT - IDCW,Aditya Birla Sun Life Mutual Fund,Debt Scheme - Banking and PSU Fund,2019-08-02,149.3724
119551,Aditya Birla Sun Life Banking & PSU Debt Fund  - DIRECT - IDCW,Aditya Birla Sun Life Mutual Fund,Debt Scheme - Banking and PSU Fund,2019-08-05,149.2155
119551,Aditya Birla Sun Life Banking & PSU Debt Fund  - DIRECT - IDCW,Aditya Birla Sun Life Mutual Fund,Debt Scheme - Banking and PSU Fund,2019-08-06,149.4147
119551,Aditya Birla Sun Life Banking & PSU Debt Fund  - DIRECT - IDCW,Aditya Birla Sun Life Mutual Fund,Debt Scheme - Banking and PSU Fund,2019-08-07,149.5577
119551,Aditya Birla Sun Life Banking & PSU Debt Fund  - DIRECT - IDCW,Aditya Birla Sun Life Mutual Fund,Debt Scheme - Banking and PSU Fund,2019-08-08,149.6843
119551,Aditya Birla Sun Life Banking & PSU Debt Fund  - DIRECT - IDCW,Aditya Birla Sun Life Mutual Fund,Debt Scheme - Banking and PSU Fund,2019-08-09,149.4248
119551,Aditya Birla Sun Life Banking & PSU Debt Fund  - DIRECT - IDCW,Aditya Birla Sun Life Mutual Fund,Debt Scheme - Banking and PSU Fund,2019-08-13,149.4511
119551,Aditya Birla Sun Life Banking & PSU Debt Fund  - DIRECT - IDCW,Aditya Birla Sun Life Mutual Fund,Debt Scheme - Banking and PSU Fund,2019-08-14,149.0809
119551,Aditya Birla Sun Life Banking & PSU Debt Fund  - DIRECT - IDCW,Aditya Birla Sun Life Mutual Fund,Debt Scheme - Banking and PSU Fund,2019-08-16,149.3311
119551,Aditya Birla Sun Life Banking & PSU Debt Fund  - DIRECT - IDCW,Aditya Birla Sun Life Mutual Fund,Debt Scheme - Banking and PSU Fund,2019-08-19,149.373
119551,Aditya Birla Sun Life Banking & PSU Debt Fund  - DIRECT - IDCW,Aditya Birla Sun Life Mutual Fund,Debt Scheme - Banking and PSU Fund,2019-08-20,149.4864
119551,Aditya Birla Sun Life Banking & PSU Debt Fund  - DIRECT - IDCW,Aditya Birla Sun Life Mutual Fund,Debt Scheme - Banking and PSU Fund,2019-08-21,149.6765
119551,Aditya Birla Sun Life Banking & PSU Debt Fund  - DIRECT - IDCW,Aditya Birla Sun Life Mutual Fund,Debt Scheme - Banking and PSU Fund,2019-08-22,149.8404
119551,Aditya Birla Sun Life Banking & PSU Debt Fund  - DIRECT - IDCW,Aditya Birla Sun Life Mutual Fund,Debt Scheme - Banking and PSU Fund,2019-08-23,149.9347
119551,Aditya Birla Sun Life Banking & PSU Debt Fund  - DIRECT - IDCW,Aditya Birla Sun Life Mutual Fund,Debt Scheme - Banking and PSU Fund,2019-08-26,150.2418
119551,Aditya Birla Sun Life Banking & PSU Debt Fund  - DIRECT - IDCW,Aditya Birla Sun Life Mutual Fund,Debt Scheme - Banking and PSU Fund,2019-08-27,150.2496
119551,Aditya Birla Sun Life Banking & PSU Debt Fund  - DIRECT - IDCW,Aditya Birla Sun Life Mutual Fund,Debt Scheme - Banking and PSU Fund,2019-08-28,150.1914
119551,Aditya Birla Sun Life Banking & PSU Debt Fund  - DIRECT - IDCW,Aditya Birla Sun Life Mutual Fund,Debt Scheme - Banking and PSU Fund,2019-08-29,150.0625
119551,Aditya Birla Sun Life Banking & PSU Debt Fund  - DIRECT - IDCW,Aditya Birla Sun Life Mutual Fund,Debt Scheme - Banking and PSU Fund,2019-08-30,150.1076
119551,Aditya Birla Sun Life Banking & PSU Debt Fund  - DIRECT - IDCW,Aditya Birla Sun Life Mutual Fund,Debt Scheme - Banking and PSU Fund,2019-09-03,150.4088
119551,Aditya Birla Sun Life Banking & PSU Debt Fund  - DIRECT - IDCW,Aditya Birla Sun Life Mutual Fund,Debt Scheme - Banking and PSU Fund,2019-09-04,150.4906
119551,Aditya Birla Sun Life Banking & PSU Debt Fund  - DIRECT - IDCW,Aditya Birla Sun Life Mutual Fund,Debt Scheme - Banking and PSU Fund,2019-09-05,150.4076
119551,Aditya Birla Sun Life Banking & PSU Debt Fund  - DIRECT - IDCW,Aditya Birla Sun Life Mutual Fund,Debt Scheme - Banking and PSU Fund,2019-09-06,150.3414
119551,Aditya Birla Sun Life Banking & PSU Debt Fund  - DIRECT - IDCW,Aditya Birla Sun Life Mutual Fund,Debt Scheme - Banking and PSU Fund,2019-09-09,150.5778
119551,Aditya Birla Sun Life Banking & PSU Debt Fund  - DIRECT - IDCW,Aditya Birla Sun Life Mutual Fund,Debt Scheme - Banking and PSU Fund,2019-09-11,150.4797
119551,Aditya Birla Sun Life Banking & PSU Debt Fund  - DIRECT - IDCW,Aditya Birla Sun Life Mutual Fund,Debt Scheme - Banking and PSU Fund,2019-09-12,150.3828
119551,Aditya Birla Sun Life Banking & PSU Debt Fund  - DIRECT - IDCW,Aditya Birla Sun Life Mutual Fund,Debt Scheme - Banking and PSU Fund,2019-09-13,150.4937
119551,Aditya Birla Sun Life Banking & PSU Debt Fund  - DIRECT - IDCW,Aditya Birla Sun Life Mutual Fund,Debt Scheme - Banking and PSU Fund,2019-09-16,150.4476
119551,Aditya Birla Sun Life Banking & PSU Debt Fund  - DIRECT - IDCW,Aditya Birla Sun Life Mutual Fund,Debt Scheme - Banking and PSU Fund,2019-09-17,150.3688
119551,Aditya Birla Sun Life Banking & PSU Debt Fund  - DIRECT - IDCW,Aditya Birla Sun Life Mutual Fund,Debt Scheme - Banking and PSU Fund,2019-09-18,150.6191
119551,Aditya Birla Sun Life Banking & PSU Debt Fund  - DIRECT - IDCW,Aditya Birla Sun Life Mutual Fund,Debt Scheme - Banking and PSU Fund,2019-09-19,150.6828
119551,Aditya Birla Sun Life Banking & PSU Debt Fund  - DIRECT - IDCW,Aditya Birla Sun Life Mutual Fund,Debt Scheme - Banking and PSU Fund,2019-09-20,150.0993
119551,Aditya Birla Sun Life Banking & PSU Debt Fund  - DIRECT - IDCW,Aditya Birla Sun Life Mutual Fund,Debt Scheme - Banking and PSU Fund,2019-09-23,150.1778
119551,Aditya Birla Sun Life Banking & PSU Debt Fund  - DIRECT - IDCW,Aditya Birla Sun Life Mutual Fund,Debt Scheme - Banking and PSU Fund,2019-09-24,150.1503
119551,Aditya Birla Sun Life Banking & PSU Debt Fund  - DIRECT - IDCW,Aditya Birla Sun Life Mutual Fund,Debt Scheme - Banking and PSU Fund,2019-09-25,150.1731
119551,Aditya Birla Sun Life Banking & PSU Debt Fund  - DIRECT - IDCW,Aditya Birla Sun Life Mutual Fund,Debt Scheme - Banking and PSU Fund,2019-09-26,150.2039
119551,Aditya Birla Sun Life Banking & PSU Debt Fund  - DIRECT - IDCW,Aditya Birla Sun Life Mutual Fund,Debt Scheme - Banking and PSU Fund,2019-09-27,150.2231
119551,Aditya Birla Sun Life Banking & PSU Debt Fund  - DIRECT - IDCW,Aditya Birla Sun Life Mutual Fund,Debt Scheme - Banking and PSU Fund,2019-09-30,150.4539
119551,Aditya Birla Sun Life Banking & PSU Debt Fund  - DIRECT - IDCW,Aditya Birla Sun Life Mutual Fund,Debt Scheme - Banking and PSU Fund,2019-10-01,150.5812
119551,Aditya Birla Sun Life Banking & PSU Debt Fund  - DIRECT - IDCW,Aditya Birla Sun Life Mutual Fund,Debt Scheme - Banking and PSU Fund,2019-10-03,150.7936
119551,Aditya Birla Sun Life Banking & PSU Debt Fund  - DIRECT - IDCW,Aditya Birla Sun Life Mutual Fund,Debt Scheme - Banking and PSU Fund,2019-10-04,150.7287
119551,Aditya Birla Sun Life Banking & PSU Debt Fund  - DIRECT - IDCW,Aditya Birla Sun Life Mutual Fund,Debt Scheme - Banking and PSU Fund,2019-10-07,150.8064
119551,Aditya Birla Sun Life Banking & PSU Debt Fund  - DIRECT - IDCW,Aditya Birla Sun Life Mutual Fund,Debt Scheme - Banking and PSU Fund,2019-10-09,150.861
119551,Aditya Birla Sun Life Banking & PSU Debt Fund  - DIRECT - IDCW,Aditya Birla Sun Life Mutual Fund,Debt Scheme - Banking and PSU Fund,2019-10-10,150.8965
119551,Aditya Birla Sun Life Banking & PSU Debt Fund  - DIRECT - IDCW,Aditya Birla Sun Life Mutual Fund,Debt Scheme - Banking and PSU Fund,2019-10-11,150.938
119551,Aditya Birla Sun Life Banking & PSU Debt Fund  - DIRECT - IDCW,Aditya Birla Sun Life Mutual Fund,Debt Scheme - Banking and PSU Fund,2019-10-14,151.0676
119551,Aditya Birla Sun Life Banking & PSU Debt Fund  - DIRECT - IDCW,Aditya Birla Sun Life Mutual Fund,Debt Scheme - Banking and PSU Fund,2019-10-15,151.1294
119551,Aditya Birla Sun Life Banking & PSU Debt Fund  - DIRECT - IDCW,Aditya Birla Sun Life Mutual Fund,Debt Scheme - Banking and PSU Fund,2019-10-16,151.2289
119551,Aditya Birla Sun Life Banking & PSU Debt Fund  - DIRECT - IDCW,Aditya Birla Sun Life Mutual Fund,Debt Scheme - Banking and PSU Fund,2019-10-17,151.266
119551,Aditya Birla Sun Life Banking & PSU Debt Fund  - DIRECT - IDCW,Aditya Birla Sun Life Mutual Fund,Debt Scheme - Banking and PSU Fund,2019-10-18,151.4029
119551,Aditya Birla Sun Life Banking & PSU Debt Fund  - DIRECT - IDCW,Aditya Birla Sun Life Mutual Fund,Debt Scheme - Banking and PSU Fund,2019-10-22,151.5632
119551,Aditya Birla Sun Life Banking & PSU Debt Fund  - DIRECT - IDCW,Aditya Birla Sun Life Mutual Fund,Debt Scheme - Banking and PSU Fund,2019-10-23,151.6974
119551,Aditya Birla Sun Life Banking & PSU Debt Fund  - DIRECT - IDCW,Aditya Birla Sun Life Mutual Fund,Debt Scheme - Banking and PSU Fund,2019-10-24,151.7896
119551,Aditya Birla Sun Life Banking & PSU Debt Fund  - DIRECT - IDCW,Aditya Birla Sun Life Mutual Fund,Debt Scheme - Banking and PSU Fund,2019-10-25,151.8433
119551,Aditya Birla Sun Life Banking & PSU Debt Fund  - DIRECT - IDCW,Aditya Birla Sun Life Mutual Fund,Debt Scheme - Banking and PSU Fund,2019-10-29,151.965
119551,Aditya Birla Sun Life Banking & PSU Debt Fund  - DIRECT - IDCW,Aditya Birla Sun Life Mutual Fund,Debt Scheme - Banking and PSU Fund,2019-10-30,152.1072
119551,Aditya Birla Sun Life Banking & PSU Debt Fund  - DIRECT - IDCW,Aditya Birla Sun Life Mutual Fund,Debt Scheme - Banking and PSU Fund,2019-10-31,152.3324
119551,Aditya Birla Sun Life Banking & PSU Debt Fund  - DIRECT - IDCW,Aditya Birla Sun Life Mutual Fund,Debt Scheme - Banking and PSU Fund,2019-11-01,152.4285
119551,Aditya Birla Sun Life Banking & PSU Debt Fund  - DIRECT - IDCW,Aditya Birla Sun Life Mutual Fund,Debt Scheme - Banking and PSU Fund,2019-11-04,152.4901
119551,Aditya Birla Sun Life Banking & PSU Debt Fund  - DIRECT - IDCW,Aditya Birla Sun Life Mutual Fund,Debt Scheme - Banking and PSU Fund,2019-11-05,152.4692
119551,Aditya Birla Sun Life Banking & PSU Debt Fund  - DIRECT - IDCW,Aditya Birla Sun Life Mutual Fund,Debt Scheme - Banking and PSU Fund,2019-11-06,152.4607
119551,Aditya Birla Sun Life Banking & PSU Debt Fund  - DIRECT - IDCW,Aditya Birla Sun Life Mutual Fund,Debt Scheme - Banking and PSU Fund,2019-11-07,152.4911
119551,Aditya Birla Sun Life Banking & PSU Debt Fund  - DIRECT - IDCW,Aditya Birla Sun Life Mutual Fund,Debt Scheme - Banking and PSU Fund,2019-11-08,152.3985
119551,Aditya Birla Sun Life Banking & PSU Debt Fund  - DIRECT - IDCW,Aditya Birla Sun Life Mutual Fund,Debt Scheme - Banking and PSU Fund,2019-11-11,152.4214
119551,Aditya Birla Sun Life Banking & PSU Debt Fund  - DIRECT - IDCW,Aditya Birla Sun Life Mutual Fund,Debt Scheme - Banking and PSU Fund,2019-11-13,152.5581
119551,Aditya Birla Sun Life Banking & PSU Debt Fund  - DIRECT - IDCW,Aditya Birla Sun Life Mutual Fund,Debt Scheme - Banking and PSU Fund,2019-11-14,152.6957
119551,Aditya Birla Sun Life Banking & PSU Debt Fund  - DIRECT - IDCW,Aditya Birla Sun Life Mutual Fund,Debt Scheme - Banking and PSU Fund,2019-11-15,152.7979
119551,Aditya Birla Sun Life Banking & PSU Debt Fund  - DIRECT - IDCW,Aditya Birla Sun Life Mutual Fund,Debt Scheme - Banking and PSU Fund,2019-11-18,152.9316
119551,Aditya Birla Sun Life Banking & PSU Debt Fund  - DIRECT - IDCW,Aditya Birla Sun Life Mutual Fund,Debt Scheme - Banking and PSU Fund,2019-11-19,152.9853
119551,Aditya Birla Sun Life Banking & PSU Debt Fund  - DIRECT - IDCW,Aditya Birla Sun Life Mutual Fund,Debt Scheme - Banking and PSU Fund,2019-11-20,153.0708
119551,Aditya Birla Sun Life Banking & PSU Debt Fund  - DIRECT - IDCW,Aditya Birla Sun Life Mutual Fund,Debt Scheme - Banking and PSU Fund,2019-11-21,153.0927
119551,Aditya Birla Sun Life Banking & PSU Debt Fund  - DIRECT - IDCW,Aditya Birla Sun Life Mutual Fund,Debt Scheme - Banking and PSU Fund,2019-11-22,153.1436
119551,Aditya Birla Sun Life Banking & PSU Debt Fund  - DIRECT - IDCW,Aditya Birla Sun Life Mutual Fund,Debt Scheme - Banking and PSU Fund,2019-11-25,153.296
119551,Aditya Birla Sun Life Banking & PSU Debt Fund  - DIRECT - IDCW,Aditya Birla Sun Life Mutual Fund,Debt Scheme - Banking and PSU Fund,2019-11-26,153.3485
119551,Aditya Birla Sun Life Banking & PSU Debt Fund  - DIRECT - IDCW,Aditya Birla Sun Life Mutual Fund,Debt Scheme - Banking and PSU Fund,2019-11-27,153.3903
119551,Aditya Birla Sun Life Banking & PSU Debt Fund  - DIRECT - IDCW,Aditya Birla Sun Life Mutual Fund,Debt Scheme - Banking and PSU Fund,2019-11-28,153.4934
119551,Aditya Birla Sun Life Banking & PSU Debt Fund  - DIRECT - IDCW,Aditya Birla Sun Life Mutual Fund,Debt Scheme - Banking and PSU Fund,2019-11-29,153.5381
119551,Aditya Birla Sun Life Banking & PSU Debt Fund  - DIRECT - IDCW,Aditya Birla Sun Life Mutual Fund,Debt Scheme - Banking and PSU Fund,2019-12-02,153.6046
119551,Aditya Birla Sun Life Banking & PSU Debt Fund  - DIRECT - IDCW,Aditya Birla Sun Life Mutual Fund,Debt Scheme - Banking and PSU Fund,2019-12-03,153.6259
119551,Aditya Birla Sun Life Banking & PSU Debt Fund  - DIRECT - IDCW,Aditya Birla Sun Life Mutual Fund,Debt Scheme - Banking and PSU Fund,2019-12-04,153.7405
119551,Aditya Birla Sun Life Banking & PSU Debt Fund  - DIRECT - IDCW,Aditya Birla Sun Life Mutual Fund,Debt Scheme - Banking and PSU Fund,2019-12-05,153.2483
119551,Aditya Birla Sun Life Banking & PSU Debt Fund  - DIRECT - IDCW,Aditya Birla Sun Life Mutual Fund,Debt Scheme - Banking and PSU Fund,2019-12-06,153.1405
119551,Aditya Birla Sun Life Banking & PSU Debt Fund  - DIRECT - IDCW,Aditya Birla Sun Life Mutual Fund,Debt Scheme - Banking and PSU Fund,2019-12-09,153.1183
119551,Aditya Birla Sun Life Banking & PSU Debt Fund  - DIRECT - IDCW,Aditya Birla Sun Life Mutual Fund,Debt Scheme - Banking and PSU Fund,2019-12-10,153.0738
119551,Aditya Birla Sun Life Banking & PSU Debt Fund  - DIRECT - IDCW,Aditya Birla Sun Life Mutual Fund,Debt Scheme - Banking and PSU Fund,2019-12-11,152.9832
119551,Aditya Birla Sun Life Banking & PSU Debt Fund  - DIRECT - IDCW,Aditya Birla Sun Life Mutual Fund,Debt Scheme - Banking and PSU Fund,2019-12-12,152.9682
119551,Aditya Birla Sun Life Banking & PSU Debt Fund  - DIRECT - IDCW,Aditya Birla Sun Life Mutual Fund,Debt Scheme - Banking and PSU Fund,2019-12-13,152.8576
119551,Aditya Birla Sun Life Banking & PSU Debt Fund  - DIRECT - IDCW,Aditya Birla Sun Life Mutual Fund,Debt Scheme - Banking and PSU Fund,2019-12-16,152.9814
119551,Aditya Birla Sun Life Banking & PSU Debt Fund  - DIRECT - IDCW,Aditya Birla Sun Life Mutual Fund,Debt Scheme - Banking and PSU Fund,2019-12-17,153.0346
119551,Aditya Birla Sun Life Banking & PSU Debt Fund  - DIRECT - IDCW,Aditya Birla Sun Life Mutual Fund,Debt Scheme - Banking and PSU Fund,2019-12-18,153.1337
119551,Aditya Birla Sun Life Banking & PSU Debt Fund  - DIRECT - IDCW,Aditya Birla Sun Life Mutual Fund,Debt Scheme - Banking and PSU Fund,2019-12-19,153.1526
119551,Aditya Birla Sun Life Banking & PSU Debt Fund  - DIRECT - IDCW,Aditya Birla Sun Life Mutual Fund,Debt Scheme - Banking and PSU Fund,2019-12-20,153.4572
119551,Aditya Birla Sun Life Banking & PSU Debt Fund  - DIRECT - IDCW,Aditya Birla Sun Life Mutual Fund,Debt Scheme - Banking and PSU Fund,2019-12-23,153.5537
119551,Aditya Birla Sun Life Banking & PSU Debt Fund  - DIRECT - IDCW,Aditya Birla Sun Life Mutual Fund,Debt Scheme - Banking and PSU Fund,2019-12-24,153.5626
119551,Aditya Birla Sun Life Banking & PSU Debt Fund  - DIRECT - IDCW,Aditya Birla Sun Life Mutual Fund,Debt Scheme - Banking and PSU Fund,2019-12-26,153.5576
119551,Aditya Birla Sun Life Banking & PSU Debt Fund  - DIRECT - IDCW,Aditya Birla Sun Life Mutual Fund,Debt Scheme - Banking and PSU Fund,2019-12-27,153.6346
119551,Aditya Birla Sun Life Banking & PSU Debt Fund  - DIRECT - IDCW,Aditya Birla Sun Life Mutual Fund,Debt Scheme - Banking and PSU Fund,2019-12-30,153.701
119551,Aditya Birla Sun Life Banking & PSU Debt Fund  - DIRECT - IDCW,Aditya Birla Sun Life Mutual Fund,Debt Scheme - Banking and PSU Fund,2019-12-31,153.7054
119551,Aditya Birla Sun Life Banking & PSU Debt Fund  - DIRECT - IDCW,Aditya Birla Sun Life Mutual Fund,Debt Scheme - Banking and PSU Fund,2020-01-01,153.8193
119551,Aditya Birla Sun Life Banking & PSU Debt Fund  - DIRECT - IDCW,Aditya Birla Sun Life Mutual Fund,Debt Scheme - Banking and PSU Fund,2020-01-02,153.8742
119551,Aditya Birla Sun Life Banking & PSU Debt Fund  - DIRECT - IDCW,Aditya Birla Sun Life Mutual Fund,Debt Scheme - Banking and PSU Fund,2020-01-03,154.0323
119551,Aditya Birla Sun Life Banking & PSU Debt Fund  - DIRECT - IDCW,Aditya Birla Sun Life Mutual Fund,Debt Scheme - Banking and PSU Fund,2020-01-06,154.0036
119551,Aditya Birla Sun Life Banking & PSU Debt Fund  - DIRECT - IDCW,Aditya Birla Sun Life Mutual Fund,Debt Scheme - Banking and PSU Fund,2020-01-07,154.0751
119551,Aditya Birla Sun Life Banking & PSU Debt Fund  - DIRECT - IDCW,Aditya Birla Sun Life Mutual Fund,Debt Scheme - Banking and PSU Fund,2020-01-08,154.127
119551,Aditya Birla Sun Life Banking & PSU Debt Fund  - DIRECT - IDCW,Aditya Birla Sun Life Mutual Fund,Debt Scheme - Banking and PSU Fund,2020-01-09,154.2202
119551,Aditya Birla Sun Life Banking & PSU Debt Fund  - DIRECT - IDCW,Aditya Birla Sun Life Mutual Fund,Debt Scheme - Banking and PSU Fund,2020-01-10,154.1672
119551,Aditya Birla Sun Life Banking & PSU Debt Fund  - DIRECT - IDCW,Aditya Birla Sun Life Mutual Fund,Debt Scheme - Banking and PSU Fund,2020-01-13,154.2362
119551,Aditya Birla Sun Life Banking & PSU Debt Fund  - DIRECT - IDCW,Aditya Birla Sun Life Mutual Fund,Debt Scheme - Banking and PSU Fund,2020-01-14,154.1151
119551,Aditya Birla Sun Life Banking & PSU Debt Fund  - DIRECT - IDCW,Aditya Birla Sun Life Mutual Fund,Debt Scheme - Banking and PSU Fund,2020-01-15,154.1889
119551,Aditya Birla Sun Life Banking & PSU Debt Fund  - DIRECT - IDCW,Aditya Birla Sun Life Mutual Fund,Debt Scheme - Banking and PSU Fund,2020-01-16,154.2713
119551,Aditya Birla Sun Life Banking & PSU Debt Fund  - DIRECT - IDCW,Aditya Birla Sun Life Mutual Fund,Debt Scheme - Banking and PSU Fund,2020-01-17,154.3249
119551,Aditya Birla Sun Life Banking & PSU Debt Fund  - DIRECT - IDCW,Aditya Birla Sun Life Mutual Fund,Debt Scheme - Banking and PSU Fund,2020-01-20,154.4228
119551,Aditya Birla Sun Life Banking & PSU Debt Fund  - DIRECT - IDCW,Aditya Birla Sun Life Mutual Fund,Debt Scheme - Banking and PSU Fund,2020-01-21,154.4776
119551,Aditya Birla Sun Life Banking & PSU Debt Fund  - DIRECT - IDCW,Aditya Birla Sun Life Mutual Fund,Debt Scheme - Banking and PSU Fund,2020-01-22,154.5903
119551,Aditya Birla Sun Life Banking & PSU Debt Fund  - DIRECT - IDCW,Aditya Birla Sun Life Mutual Fund,Debt Scheme - Banking and PSU Fund,2020-01-23,154.6714
119551,Aditya Birla Sun Life Banking & PSU Debt Fund  - DIRECT - IDCW,Aditya Birla Sun Life Mutual Fund,Debt Scheme - Banking and PSU Fund,2020-01-24,154.749
119551,Aditya Birla Sun Life Banking & PSU Debt Fund  - DIRECT - IDCW,Aditya Birla Sun Life Mutual Fund,Debt Scheme - Banking and PSU Fund,2020-01-27,154.8703
119551,Aditya Birla Sun Life Banking & PSU Debt Fund  - DIRECT - IDCW,Aditya Birla Sun Life Mutual Fund,Debt Scheme - Banking and PSU Fund,2020-01-28,154.9202
119551,Aditya Birla Sun Life Banking & PSU Debt Fund  - DIRECT - IDCW,Aditya Birla Sun Life Mutual Fund,Debt Scheme - Banking and PSU Fund,2020-01-29,154.8904
119551,Aditya Birla Sun Life Banking & PSU Debt Fund  - DIRECT - IDCW,Aditya Birla Sun Life Mutual Fund,Debt Scheme - Banking and PSU Fund,2020-01-30,154.9146
119551,Aditya Birla Sun Life Banking & PSU Debt Fund  - DIRECT - IDCW,Aditya Birla Sun Life Mutual Fund,Debt Scheme - Banking and PSU Fund,2020-01-31,154.9392
119551,Aditya Birla Sun Life Banking & PSU Debt Fund  - DIRECT - IDCW,Aditya Birla Sun Life Mutual Fund,Debt Scheme - Banking and PSU Fund,2020-02-03,155.2432
119551,Aditya Birla Sun Life Banking & PSU Debt Fund  - DIRECT - IDCW,Aditya Birla Sun Life Mutual Fund,Debt Scheme - Banking and PSU Fund,2020-02-04,155.3587
119551,Aditya Birla Sun Life Banking & PSU Debt Fund  - DIRECT - IDCW,Aditya Birla Sun Life Mutual Fund,Debt Scheme - Banking and PSU Fund,2020-02-05,155.3768
119551,Aditya Birla Sun Life Banking & PSU Debt Fund  - DIRECT - IDCW,Aditya Birla Sun Life Mutual Fund,Debt Scheme - Banking and PSU Fund,2020-02-06,155.9182
119551,Aditya Birla Sun Life Banking & PSU Debt Fund  - DIRECT - IDCW,Aditya Birla Sun Life Mutual Fund,Debt Scheme - Banking and PSU Fund,2020-02-07,156.3627
119551,Aditya Birla Sun Life Banking & PSU Debt Fund  - DIRECT - IDCW,Aditya Birla Sun Life Mutual Fund,Debt Scheme - Banking and PSU Fund,2020-02-10,156.5138
119551,Aditya Birla Sun Life Banking & PSU Debt Fund  - DIRECT - IDCW,Aditya Birla Sun Life Mutual Fund,Debt Scheme - Banking and PSU Fund,2020-02-11,156.5581
119551,Aditya Birla Sun Life Banking & PSU Debt Fund  - DIRECT - IDCW,Aditya Birla Sun Life Mutual Fund,Debt Scheme - Banking and PSU Fund,2020-02-12,156.5516
119551,Aditya Birla Sun Life Banking & PSU Debt Fund  - DIRECT - IDCW,Aditya Birla Sun Life Mutual Fund,Debt Scheme - Banking and PSU Fund,2020-02-13,156.7233
119551,Aditya Birla Sun Life Banking & PSU Debt Fund  - DIRECT - IDCW,Aditya Birla Sun Life Mutual Fund,Debt Scheme - Banking and PSU Fund,2020-02-14,156.828
119551,Aditya Birla Sun Life Banking & PSU Debt Fund  - DIRECT - IDCW,Aditya Birla Sun Life Mutual Fund,Debt Scheme - Banking and PSU Fund,2020-02-17,157.0124
119551,Aditya Birla Sun Life Banking & PSU Debt Fund  - DIRECT - IDCW,Aditya Birla Sun Life Mutual Fund,Debt Scheme - Banking and PSU Fund,2020-02-18,156.9444
119551,Aditya Birla Sun Life Banking & PSU Debt Fund  - DIRECT - IDCW,Aditya Birla Sun Life Mutual Fund,Debt Scheme - Banking and PSU Fund,2020-02-20,156.9353
119551,Aditya Birla Sun Life Banking & PSU Debt Fund  - DIRECT - IDCW,Aditya Birla Sun Life Mutual Fund,Debt Scheme - Banking and PSU Fund,2020-02-24,157.1105
119551,Aditya Birla Sun Life Banking & PSU Debt Fund  - DIRECT - IDCW,Aditya Birla Sun Life Mutual Fund,Debt Scheme - Banking and PSU Fund,2020-02-25,157.0423
119551,Aditya Birla Sun Life Banking & PSU Debt Fund  - DIRECT - IDCW,Aditya Birla Sun Life Mutual Fund,Debt Scheme - Banking and PSU Fund,2020-02-26,147.7681
119551,Aditya Birla Sun Life Banking & PSU Debt Fund  - DIRECT - IDCW,Aditya Birla Sun Life Mutual Fund,Debt Scheme - Banking and PSU Fund,2020-02-27,147.6783
119551,Aditya Birla Sun Life Banking & PSU Debt Fund  - DIRECT - IDCW,Aditya Birla Sun Life Mutual Fund,Debt Scheme - Banking and PSU Fund,2020-02-28,147.542
119551,Aditya Birla Sun Life Banking & PSU Debt Fund  - DIRECT - IDCW,Aditya Birla Sun Life Mutual Fund,Debt Scheme - Banking and PSU Fund,2020-03-02,147.6198
119551,Aditya Birla Sun Life Banking & PSU Debt Fund  - DIRECT - IDCW,Aditya Birla Sun Life Mutual Fund,Debt Scheme - Banking and PSU Fund,2020-03-03,147.6457
119551,Aditya Birla Sun Life Banking & PSU Debt Fund  - DIRECT - IDCW,Aditya Birla Sun Life Mutual Fund,Debt Scheme - Banking and PSU Fund,2020-03-04,148.0648
119551,Aditya Birla Sun Life Banking & PSU Debt Fund  - DIRECT - IDCW,Aditya Birla Sun Life Mutual Fund,Debt Scheme - Banking and PSU Fund,2020-03-05,148.039
119551,Aditya Birla Sun Life Banking & PSU Debt Fund  - DIRECT - IDCW,Aditya Birla Sun Life Mutual Fund,Debt Scheme - Banking and PSU Fund,2020-03-06,148.22
119551,Aditya Birla Sun Life Banking & PSU Debt Fund  - DIRECT - IDCW,Aditya Birla Sun Life Mutual Fund,Debt Scheme - Banking and PSU Fund,2020-03-09,148.1911
119551,Aditya Birla Sun Life Banking & PSU Debt Fund  - DIRECT - IDCW,Aditya Birla Sun Life Mutual Fund,Debt Scheme - Banking and PSU Fund,2020-03-11,147.9299
119551,Aditya Birla Sun Life Banking & PSU Debt Fund  - DIRECT - IDCW,Aditya Birla Sun Life Mutual Fund,Debt Scheme - Banking and PSU Fund,2020-03-12,147.1302
119551,Aditya Birla Sun Life Banking & PSU Debt Fund  - DIRECT - IDCW,Aditya Birla Sun Life Mutual Fund,Debt Scheme - Banking and PSU Fund,2020-03-13,146.4248
119551,Aditya Birla Sun Life Banking & PSU Debt Fund  - DIRECT - IDCW,Aditya Birla Sun Life Mutual Fund,Debt Scheme - Banking and PSU Fund,2020-03-16,146.3857
119551,Aditya Birla Sun Life Banking & PSU Debt Fund  - DIRECT - IDCW,Aditya Birla Sun Life Mutual Fund,Debt Scheme - Banking and PSU Fund,2020-03-17,145.7796
119551,Aditya Birla Sun Life Banking & PSU Debt Fund  - DIRECT - IDCW,Aditya Birla Sun Life Mutual Fund,Debt Scheme - Banking and PSU Fund,2020-03-18,145.1779
119551,Aditya Birla Sun Life Banking & PSU Debt Fund  - DIRECT - IDCW,Aditya Birla Sun Life Mutual Fund,Debt Scheme - Banking and PSU Fund,2020-03-19,143.9765
119551,Aditya Birla Sun Life Banking & PSU Debt Fund  - DIRECT - IDCW,Aditya Birla Sun Life Mutual Fund,Debt Scheme - Banking and PSU Fund,2020-03-20,144.6272
119551,Aditya Birla Sun Life Banking & PSU Debt Fund  - DIRECT - IDCW,Aditya Birla Sun Life Mutual Fund,Debt Scheme - Banking and PSU Fund,2020-03-23,143.7194
119551,Aditya Birla Sun Life Banking & PSU Debt Fund  - DIRECT - IDCW,Aditya Birla Sun Life Mutual Fund,Debt Scheme - Banking and PSU Fund,2020-03-24,143.8304
119551,Aditya Birla Sun Life Banking & PSU Debt Fund  - DIRECT - IDCW,Aditya Birla Sun Life Mutual Fund,Debt Scheme - Banking and PSU Fund,2020-03-26,144.1796
119551,Aditya Birla Sun Life Banking & PSU Debt Fund  - DIRECT - IDCW,Aditya Birla Sun Life Mutual Fund,Debt Scheme - Banking and PSU Fund,2020-03-27,147.851
119551,Aditya Birla Sun Life Banking & PSU Debt Fund  - DIRECT - IDCW,Aditya Birla Sun Life Mutual Fund,Debt Scheme - Banking and PSU Fund,2020-03-30,147.6988
119551,Aditya Birla Sun Life Banking & PSU Debt Fund  - DIRECT - IDCW,Aditya Birla Sun Life Mutual Fund,Debt Scheme - Banking and PSU Fund,2020-03-31,148.1709
119551,Aditya Birla Sun Life Banking & PSU Debt Fund  - DIRECT - IDCW,Aditya Birla Sun Life Mutual Fund,Debt Scheme - Banking and PSU Fund,2020-04-03,147.8815
119551,Aditya Birla Sun Life Banking & PSU Debt Fund  - DIRECT - IDCW,Aditya Birla Sun Life Mutual Fund,Debt Scheme - Banking and PSU Fund,2020-04-07,147.1769
119551,Aditya Birla Sun Life Banking & PSU Debt Fund  - DIRECT - IDCW,Aditya Birla Sun Life Mutual Fund,Debt Scheme - Banking and PSU Fund,2020-04-08,146.4112
119551,Aditya Birla Sun Life Banking & PSU Debt Fund  - DIRECT - IDCW,Aditya Birla Sun Life Mutual Fund,Debt Scheme - Banking and PSU Fund,2020-04-09,146.4196
119551,Aditya Birla Sun Life Banking & PSU Debt Fund  - DIRECT - IDCW,Aditya Birla Sun Life Mutual Fund,Debt Scheme - Banking and PSU Fund,2020-04-13,146.5785
119551,Aditya Birla Sun Life Banking & PSU Debt Fund  - DIRECT - IDCW,Aditya Birla Sun Life Mutual Fund,Debt Scheme - Banking and PSU Fund,2020-04-15,146.8633
119551,Aditya Birla Sun Life Banking & PSU Debt Fund  - DIRECT - IDCW,Aditya Birla Sun Life Mutual Fund,Debt Scheme - Banking and PSU Fund,2020-04-16,147.1239
119551,Aditya Birla Sun Life Banking & PSU Debt Fund  - DIRECT - IDCW,Aditya Birla Sun Life Mutual Fund,Debt Scheme - Banking and PSU Fund,2020-04-17,147.947
119551,Aditya Birla Sun Life Banking & PSU Debt Fund  - DIRECT - IDCW,Aditya Birla Sun Life Mutual Fund,Debt Scheme - Banking and PSU Fund,2020-04-20,148.7201
119551,Aditya Birla Sun Life Banking & PSU Debt Fund  - DIRECT - IDCW,Aditya Birla Sun Life Mutual Fund,Debt Scheme - Banking and PSU Fund,2020-04-21,149.0212
119551,Aditya Birla Sun Life Banking & PSU Debt Fund  - DIRECT - IDCW,Aditya Birla Sun Life Mutual Fund,Debt Scheme - Banking and PSU Fund,2020-04-22,149.0793
119551,Aditya Birla Sun Life Banking & PSU Debt Fund  - DIRECT - IDCW,Aditya Birla Sun Life Mutual Fund,Debt Scheme - Banking and PSU Fund,2020-04-23,149.5527
119551,Aditya Birla Sun Life Banking & PSU Debt Fund  - DIRECT - IDCW,Aditya Birla Sun Life Mutual Fund,Debt Scheme - Banking and PSU Fund,2020-04-24,148.6647
119551,Aditya Birla Sun Life Banking & PSU Debt Fund  - DIRECT - IDCW,Aditya Birla Sun Life Mutual Fund,Debt Scheme - Banking and PSU Fund,2020-04-27,148.6922
119551,Aditya Birla Sun Life Banking & PSU Debt Fund  - DIRECT - IDCW,Aditya Birla Sun Life Mutual Fund,Debt Scheme - Banking and PSU Fund,2020-04-28,148.5148
119551,Aditya Birla Sun Life Banking & PSU Debt Fund  - DIRECT - IDCW,Aditya Birla Sun Life Mutual Fund,Debt Scheme - Banking and PSU Fund,2020-04-29,148.549
119551,Aditya Birla Sun Life Banking & PSU Debt Fund  - DIRECT - IDCW,Aditya Birla Sun Life Mutual Fund,Debt Scheme - Banking and PSU Fund,2020-04-30,148.6556
119551,Aditya Birla Sun Life Banking & PSU Debt Fund  - DIRECT - IDCW,Aditya Birla Sun Life Mutual Fund,Debt Scheme - Banking and PSU Fund,2020-05-04,149.0855
119551,Aditya Birla Sun Life Banking & PSU Debt Fund  - DIRECT - IDCW,Aditya Birla Sun Life Mutual Fund,Debt Scheme - Banking and PSU Fund,2020-05-05,149.4229
119551,Aditya Birla Sun Life Banking & PSU Debt Fund  - DIRECT - IDCW,Aditya Birla Sun Life Mutual Fund,Debt Scheme - Banking and PSU Fund,2020-05-06,149.8549
119551,Aditya Birla Sun Life Banking & PSU Debt Fund  - DIRECT - IDCW,Aditya Birla Sun Life Mutual Fund,Debt Scheme - Banking and PSU Fund,2020-05-08,150.1326
119551,Aditya Birla Sun Life Banking & PSU Debt Fund  - DIRECT - IDCW,Aditya Birla Sun Life Mutual Fund,Debt Scheme - Banking and PSU Fund,2020-05-11,149.6699
119551,Aditya Birla Sun Life Banking & PSU Debt Fund  - DIRECT - IDCW,Aditya Birla Sun Life Mutual Fund,Debt Scheme - Banking and PSU Fund,2020-05-12,149.9687
119551,Aditya Birla Sun Life Banking & PSU Debt Fund  - DIRECT - IDCW,Aditya Birla Sun Life Mutual Fund,Debt Scheme - Banking and PSU Fund,2020-05-13,150.1633
119551,Aditya Birla Sun Life Banking & PSU Debt Fund  - DIRECT - IDCW,Aditya Birla Sun Life Mutual Fund,Debt Scheme - Banking and PSU Fund,2020-05-14,150.5497
119551,Aditya Birla Sun Life Banking & PSU Debt Fund  - DIRECT - IDCW,Aditya Birla Sun Life Mutual Fund,Debt Scheme - Banking and PSU Fund,2020-05-15,150.5483
119551,Aditya Birla Sun Life Banking & PSU Debt Fund  - DIRECT - IDCW,Aditya Birla Sun Life Mutual Fund,Debt Scheme - Banking and PSU Fund,2020-05-18,150.7375
119551,Aditya Birla Sun Life Banking & PSU Debt Fund  - DIRECT - IDCW,Aditya Birla Sun Life Mutual Fund,Debt Scheme - Banking and PSU Fund,2020-05-19,150.8998
119551,Aditya Birla Sun Life Banking & PSU Debt Fund  - DIRECT - IDCW,Aditya Birla Sun Life Mutual Fund,Debt Scheme - Banking and PSU Fund,2020-05-20,151.0347
119551,Aditya Birla Sun Life Banking & PSU Debt Fund  - DIRECT - IDCW,Aditya Birla Sun Life Mutual Fund,Debt Scheme - Banking and PSU Fund,2020-05-21,151.1568
119551,Aditya Birla Sun Life Banking & PSU Debt Fund  - DIRECT - IDCW,Aditya Birla Sun Life Mutual Fund,Debt Scheme - Banking and PSU Fund,2020-05-22,151.835
119551,Aditya Birla Sun Life Banking & PSU Debt Fund  - DIRECT - IDCW,Aditya Birla Sun Life Mutual Fund,Debt Scheme - Banking and PSU Fund,2020-05-26,151.9123
119551,Aditya Birla Sun Life Banking & PSU Debt Fund  - DIRECT - IDCW,Aditya Birla Sun Life Mutual Fund,Debt Scheme - Banking and PSU Fund,2020-05-27,151.8831
119551,Aditya Birla Sun Life Banking & PSU Debt Fund  - DIRECT - IDCW,Aditya Birla Sun Life Mutual Fund,Debt Scheme - Banking and PSU Fund,2020-05-28,151.8499
119551,Aditya Birla Sun Life Banking & PSU Debt Fund  - DIRECT - IDCW,Aditya Birla Sun Life Mutual Fund,Debt Scheme - Banking and PSU Fund,2020-05-29,151.8458
119551,Aditya Birla Sun Life Banking & PSU Debt Fund  - DIRECT - IDCW,Aditya Birla Sun Life Mutual Fund,Debt Scheme - Banking and PSU Fund,2020-06-01,151.7027
119551,Aditya Birla Sun Life Banking & PSU Debt Fund  - DIRECT - IDCW,Aditya Birla Sun Life Mutual Fund,Debt Scheme - Banking and PSU Fund,2020-06-02,151.5887
119551,Aditya Birla Sun Life Banking & PSU Debt Fund  - DIRECT - IDCW,Aditya Birla Sun Life Mutual Fund,Debt Scheme - Banking and PSU Fund,2020-06-03,151.7291
119551,Aditya Birla Sun Life Banking & PSU Debt Fund  - DIRECT - IDCW,Aditya Birla Sun Life Mutual Fund,Debt Scheme - Banking and PSU Fund,2020-06-04,151.7144
119551,Aditya Birla Sun Life Banking & PSU Debt Fund  - DIRECT - IDCW,Aditya Birla Sun Life Mutual Fund,Debt Scheme - Banking and PSU Fund,2020-06-05,151.7947
119551,Aditya Birla Sun Life Banking & PSU Debt Fund  - DIRECT - IDCW,Aditya Birla Sun Life Mutual Fund,Debt Scheme - Banking and PSU Fund,2020-06-08,151.7545
119551,Aditya Birla Sun Life Banking & PSU Debt Fund  - DIRECT - IDCW,Aditya Birla Sun Life Mutual Fund,Debt Scheme - Banking and PSU Fund,2020-06-09,151.8323
119551,Aditya Birla Sun Life Banking & PSU Debt Fund  - DIRECT - IDCW,Aditya Birla Sun Life Mutual Fund,Debt Scheme - Banking and PSU Fund,2020-06-10,151.9285
119551,Aditya Birla Sun Life Banking & PSU Debt Fund  - DIRECT - IDCW,Aditya Birla Sun Life Mutual Fund,Debt Scheme - Banking and PSU Fund,2020-06-11,152.0797
119551,Aditya Birla Sun Life Banking & PSU Debt Fund  - DIRECT - IDCW,Aditya Birla Sun Life Mutual Fund,Debt Scheme - Banking and PSU Fund,2020-06-12,152.1202
119551,Aditya Birla Sun Life Banking & PSU Debt Fund  - DIRECT - IDCW,Aditya Birla Sun Life Mutual Fund,Debt Scheme - Banking and PSU Fund,2020-06-15,152.2922
119551,Aditya Birla Sun Life Banking & PSU Debt Fund  - DIRECT - IDCW,Aditya Birla Sun Life Mutual Fund,Debt Scheme - Banking and PSU Fund,2020-06-16,152.463
119551,Aditya Birla Sun Life Banking & PSU Debt Fund  - DIRECT - IDCW,Aditya Birla Sun Life Mutual Fund,Debt Scheme - Banking and PSU Fund,2020-06-17,152.6873
119551,Aditya Birla Sun Life Banking & PSU Debt Fund  - DIRECT - IDCW,Aditya Birla Sun Life Mutual Fund,Debt Scheme - Banking and PSU Fund,2020-06-18,152.9942
119551,Aditya Birla Sun Life Banking & PSU Debt Fund  - DIRECT - IDCW,Aditya Birla Sun Life Mutual Fund,Debt Scheme - Banking and PSU Fund,2020-06-19,153.2792
119551,Aditya Birla Sun Life Banking & PSU Debt Fund  - DIRECT - IDCW,Aditya Birla Sun Life Mutual Fund,Debt Scheme - Banking and PSU Fund,2020-06-22,153.438
119551,Aditya Birla Sun Life Banking & PSU Debt Fund  - DIRECT - IDCW,Aditya Birla Sun Life Mutual Fund,Debt Scheme - Banking and PSU Fund,2020-06-23,153.6661
119551,Aditya Birla Sun Life Banking & PSU Debt Fund  - DIRECT - IDCW,Aditya Birla Sun Life Mutual Fund,Debt Scheme - Banking and PSU Fund,2020-06-24,153.6871
119551,Aditya Birla Sun Life Banking & PSU Debt Fund  - DIRECT - IDCW,Aditya Birla Sun Life Mutual Fund,Debt Scheme - Banking and PSU Fund,2020-06-25,153.8658
119551,Aditya Birla Sun Life Banking & PSU Debt Fund  - DIRECT - IDCW,Aditya Birla Sun Life Mutual Fund,Debt Scheme - Banking and PSU Fund,2020-06-26,154.0384
119551,Aditya Birla Sun Life Banking & PSU Debt Fund  - DIRECT - IDCW,Aditya Birla Sun Life Mutual Fund,Debt Scheme - Banking and PSU Fund,2020-06-29,154.1954
119551,Aditya Birla Sun Life Banking & PSU Debt Fund  - DIRECT - IDCW,Aditya Birla Sun Life Mutual Fund,Debt Scheme - Banking and PSU Fund,2020-06-30,154.3407
119551,Aditya Birla Sun Life Banking & PSU Debt Fund  - DIRECT - IDCW,Aditya Birla Sun Life Mutual Fund,Debt Scheme - Banking and PSU Fund,2020-07-01,154.4707
119551,Aditya Birla Sun Life Banking & PSU Debt Fund  - DIRECT - IDCW,Aditya Birla Sun Life Mutual Fund,Debt Scheme - Banking and PSU Fund,2020-07-02,154.6381
119551,Aditya Birla Sun Life Banking & PSU Debt Fund  - DIRECT - IDCW,Aditya Birla Sun Life Mutual Fund,Debt Scheme - Banking and PSU Fund,2020-07-03,154.7628
119551,Aditya Birla Sun Life Banking & PSU Debt Fund  - DIRECT - IDCW,Aditya Birla Sun Life Mutual Fund,Debt Scheme - Banking and PSU Fund,2020-07-06,154.9799
119551,Aditya Birla Sun Life Banking & PSU Debt Fund  - DIRECT - IDCW,Aditya Birla Sun Life Mutual Fund,Debt Scheme - Banking and PSU Fund,2020-07-07,155.2208
119551,Aditya Birla Sun Life Banking & PSU Debt Fund  - DIRECT - IDCW,Aditya Birla Sun Life Mutual Fund,Debt Scheme - Banking and PSU Fund,2020-07-08,155.4959
119551,Aditya Birla Sun Life Banking & PSU Debt Fund  - DIRECT - IDCW,Aditya Birla Sun Life Mutual Fund,Debt Scheme - Banking and PSU Fund,2020-07-09,155.6112
119551,Aditya Birla Sun Life Banking & PSU Debt Fund  - DIRECT - IDCW,Aditya Birla Sun Life Mutual Fund,Debt Scheme - Banking and PSU Fund,2020-07-10,155.929
119551,Aditya Birla Sun Life Banking & PSU Debt Fund  - DIRECT - IDCW,Aditya Birla Sun Life Mutual Fund,Debt Scheme - Banking and PSU Fund,2020-07-13,156.0307
119551,Aditya Birla Sun Life Banking & PSU Debt Fund  - DIRECT - IDCW,Aditya Birla Sun Life Mutual Fund,Debt Scheme - Banking and PSU Fund,2020-07-14,155.9369
119551,Aditya Birla Sun Life Banking & PSU Debt Fund  - DIRECT - IDCW,Aditya Birla Sun Life Mutual Fund,Debt Scheme - Banking and PSU Fund,2020-07-15,156.1332
119551,Aditya Birla Sun Life Banking & PSU Debt Fund  - DIRECT - IDCW,Aditya Birla Sun Life Mutual Fund,Debt Scheme - Banking and PSU Fund,2020-07-16,156.1683
119551,Aditya Birla Sun Life Banking & PSU Debt Fund  - DIRECT - IDCW,Aditya Birla Sun Life Mutual Fund,Debt Scheme - Banking and PSU Fund,2020-07-17,156.2261
119551,Aditya Birla Sun Life Banking & PSU Debt Fund  - DIRECT - IDCW,Aditya Birla Sun Life Mutual Fund,Debt Scheme - Banking and PSU Fund,2020-07-20,156.312
119551,Aditya Birla Sun Life Banking & PSU Debt Fund  - DIRECT - IDCW,Aditya Birla Sun Life Mutual Fund,Debt Scheme - Banking and PSU Fund,2020-07-21,156.218
119551,Aditya Birla Sun Life Banking & PSU Debt Fund  - DIRECT - IDCW,Aditya Birla Sun Life Mutual Fund,Debt Scheme - Banking and PSU Fund,2020-07-22,156.1462
119551,Aditya Birla Sun Life Banking & PSU Debt Fund  - DIRECT - IDCW,Aditya Birla Sun Life Mutual Fund,Debt Scheme - Banking and PSU Fund,2020-07-23,156.2261
119551,Aditya Birla Sun Life Banking & PSU Debt Fund  - DIRECT - IDCW,Aditya Birla Sun Life Mutual Fund,Debt Scheme - Banking and PSU Fund,2020-07-24,156.2363
119551,Aditya Birla Sun Life Banking & PSU Debt Fund  - DIRECT - IDCW,Aditya Birla Sun Life Mutual Fund,Debt Scheme - Banking and PSU Fund,2020-07-27,156.1419
119551,Aditya Birla Sun Life Banking & PSU Debt Fund  - DIRECT - IDCW,Aditya Birla Sun Life Mutual Fund,Debt Scheme - Banking and PSU Fund,2020-07-28,156.0234
119551,Aditya Birla Sun Life Banking & PSU Debt Fund  - DIRECT - IDCW,Aditya Birla Sun Life Mutual Fund,Debt Scheme - Banking and PSU Fund,2020-07-29,156.0698
119551,Aditya Birla Sun Life Banking & PSU Debt Fund  - DIRECT - IDCW,Aditya Birla Sun Life Mutual Fund,Debt Scheme - Banking and PSU Fund,2020-07-30,156.1385
119551,Aditya Birla Sun Life Banking & PSU Debt Fund  - DIRECT - IDCW,Aditya Birla Sun Life Mutual Fund,Debt Scheme - Banking and PSU Fund,2020-07-31,156.2908
119551,Aditya Birla Sun Life Banking & PSU Debt Fund  - DIRECT - IDCW,Aditya Birla Sun Life Mutual Fund,Debt Scheme - Banking and PSU Fund,2020-08-03,156.3569
119551,Aditya Birla Sun Life Banking & PSU Debt Fund  - DIRECT - IDCW,Aditya Birla Sun Life Mutual Fund,Debt Scheme - Banking and PSU Fund,2020-08-04,156.4151
119551,Aditya Birla Sun Life Banking & PSU Debt Fund  - DIRECT - IDCW,Aditya Birla Sun Life Mutual Fund,Debt Scheme - Banking and PSU Fund,2020-08-05,156.4515
119551,Aditya Birla Sun Life Banking & PSU Debt Fund  - DIRECT - IDCW,Aditya Birla Sun Life Mutual Fund,Debt Scheme - Banking and PSU Fund,2020-08-06,156.273
119551,Aditya Birla Sun Life Banking & PSU Debt Fund  - DIRECT - IDCW,Aditya Birla Sun Life Mutual Fund,Debt Scheme - Banking and PSU Fund,2020-08-07,156.1963
119551,Aditya Birla Sun Life Banking & PSU Debt Fund  - DIRECT - IDCW,Aditya Birla Sun Life Mutual Fund,Debt Scheme - Banking and PSU Fund,2020-08-10,156.1579
119551,Aditya Birla Sun Life Banking & PSU Debt Fund  - DIRECT - IDCW,Aditya Birla Sun Life Mutual Fund,Debt Scheme - Banking and PSU Fund,2020-08-11,156.1703
119551,Aditya Birla Sun Life Banking & PSU Debt Fund  - DIRECT - IDCW,Aditya Birla Sun Life Mutual Fund,Debt Scheme - Banking and PSU Fund,2020-08-12,156.1023
119551,Aditya Birla Sun Life Banking & PSU Debt Fund  - DIRECT - IDCW,Aditya Birla Sun Life Mutual Fund,Debt Scheme - Banking and PSU Fund,2020-08-13,156.2204
119551,Aditya Birla Sun Life Banking & PSU Debt Fund  - DIRECT - IDCW,Aditya Birla Sun Life Mutual Fund,Debt Scheme - Banking and PSU Fund,2020-08-14,156.1109
119551,Aditya Birla Sun Life Banking & PSU Debt Fund  - DIRECT - IDCW,Aditya Birla Sun Life Mutual Fund,Debt Scheme - Banking and PSU Fund,2020-08-17,156.1178
119551,Aditya Birla Sun Life Banking & PSU Debt Fund  - DIRECT - IDCW,Aditya Birla Sun Life Mutual Fund,Debt Scheme - Banking and PSU Fund,2020-08-18,156.0848
119551,Aditya Birla Sun Life Banking & PSU Debt Fund  - DIRECT - IDCW,Aditya Birla Sun Life Mutual Fund,Debt Scheme - Banking and PSU Fund,2020-08-19,156.0408
119551,Aditya Birla Sun Life Banking & PSU Debt Fund  - DIRECT - IDCW,Aditya Birla Sun Life Mutual Fund,Debt Scheme - Banking and PSU Fund,2020-08-20,156.1183
119551,Aditya Birla Sun Life Banking & PSU Debt Fund  - DIRECT - IDCW,Aditya Birla Sun Life Mutual Fund,Debt Scheme - Banking and PSU Fund,2020-08-21,155.6426
119551,Aditya Birla Sun Life Banking & PSU Debt Fund  - DIRECT - IDCW,Aditya Birla Sun Life Mutual Fund,Debt Scheme - Banking and PSU Fund,2020-08-24,155.3393
119551,Aditya Birla Sun Life Banking & PSU Debt Fund  - DIRECT - IDCW,Aditya Birla Sun Life Mutual Fund,Debt Scheme - Banking and PSU Fund,2020-08-25,155.4841
119551,Aditya Birla Sun Life Banking & PSU Debt Fund  - DIRECT - IDCW,Aditya Birla Sun Life Mutual Fund,Debt Scheme - Banking and PSU Fund,2020-08-26,155.3989
119551,Aditya Birla Sun Life Banking & PSU Debt Fund  - DIRECT - IDCW,Aditya Birla Sun Life Mutual Fund,Debt Scheme - Banking and PSU Fund,2020-08-27,155.293
119551,Aditya Birla Sun Life Banking & PSU Debt Fund  - DIRECT - IDCW,Aditya Birla Sun Life Mutual Fund,Debt Scheme - Banking and PSU Fund,2020-08-28,155.1542
119551,Aditya Birla Sun Life Banking & PSU Debt Fund  - DIRECT - IDCW,Aditya Birla Sun Life Mutual Fund,Debt Scheme - Banking and PSU Fund,2020-08-31,155.7972
119551,Aditya Birla Sun Life Banking & PSU Debt Fund  - DIRECT - IDCW,Aditya Birla Sun Life Mutual Fund,Debt Scheme - Banking and PSU Fund,2020-09-01,156.4621
119551,Aditya Birla Sun Life Banking & PSU Debt Fund  - DIRECT - IDCW,Aditya Birla Sun Life Mutual Fund,Debt Scheme - Banking and PSU Fund,2020-09-02,156.5163
119551,Aditya Birla Sun Life Banking & PSU Debt Fund  - DIRECT - IDCW,Aditya Birla Sun Life Mutual Fund,Debt Scheme - Banking and PSU Fund,2020-09-03,156.7417
119551,Aditya Birla Sun Life Banking & PSU Debt Fund  - DIRECT - IDCW,Aditya Birla Sun Life Mutual Fund,Debt Scheme - Banking and PSU Fund,2020-09-04,156.774
119551,Aditya Birla Sun Life Banking & PSU Debt Fund  - DIRECT - IDCW,Aditya Birla Sun Life Mutual Fund,Debt Scheme - Banking and PSU Fund,2020-09-07,156.5535
119551,Aditya Birla Sun Life Banking & PSU Debt Fund  - DIRECT - IDCW,Aditya Birla Sun Life Mutual Fund,Debt Scheme - Banking and PSU Fund,2020-09-08,156.1916
119551,Aditya Birla Sun Life Banking & PSU Debt Fund  - DIRECT - IDCW,Aditya Birla Sun Life Mutual Fund,Debt Scheme - Banking and PSU Fund,2020-09-09,156.2123
119551,Aditya Birla Sun Life Banking & PSU Debt Fund  - DIRECT - IDCW,Aditya Birla Sun Life Mutual Fund,Debt Scheme - Banking and PSU Fund,2020-09-10,156.1513
119551,Aditya Birla Sun Life Banking & PSU Debt Fund  - DIRECT - IDCW,Aditya Birla Sun Life Mutual Fund,Debt Scheme - Banking and PSU Fund,2020-09-11,156.1152
119551,Aditya Birla Sun Life Banking & PSU Debt Fund  - DIRECT - IDCW,Aditya Birla Sun Life Mutual Fund,Debt Scheme - Banking and PSU Fund,2020-09-14,156.1284
119551,Aditya Birla Sun Life Banking & PSU Debt Fund  - DIRECT - IDCW,Aditya Birla Sun Life Mutual Fund,Debt Scheme - Banking and PSU Fund,2020-09-15,156.0004
119551,Aditya Birla Sun Life Banking & PSU Debt Fund  - DIRECT - IDCW,Aditya Birla Sun Life Mutual Fund,Debt Scheme - Banking and PSU Fund,2020-09-16,156.1146
119551,Aditya Birla Sun Life Banking & PSU Debt Fund  - DIRECT - IDCW,Aditya Birla Sun Life Mutual Fund,Debt Scheme - Banking and PSU Fund,2020-09-17,156.1649
119551,Aditya Birla Sun Life Banking & PSU Debt Fund  - DIRECT - IDCW,Aditya Birla Sun Life Mutual Fund,Debt Scheme - Banking and PSU Fund,2020-09-18,156.2039
119551,Aditya Birla Sun Life Banking & PSU Debt Fund  - DIRECT - IDCW,Aditya Birla Sun Life Mutual Fund,Debt Scheme - Banking and PSU Fund,2020-09-21,156.2995
119551,Aditya Birla Sun Life Banking & PSU Debt Fund  - DIRECT - IDCW,Aditya Birla Sun Life Mutual Fund,Debt Scheme - Banking and PSU Fund,2020-09-22,156.3459
119551,Aditya Birla Sun Life Banking & PSU Debt Fund  - DIRECT - IDCW,Aditya Birla Sun Life Mutual Fund,Debt Scheme - Banking and PSU Fund,2020-09-23,156.4026
119551,Aditya Birla Sun Life Banking & PSU Debt Fund  - DIRECT - IDCW,Aditya Birla Sun Life Mutual Fund,Debt Scheme - Banking and PSU Fund,2020-09-24,156.37
119551,Aditya Birla Sun Life Banking & PSU Debt Fund  - DIRECT - IDCW,Aditya Birla Sun Life Mutual Fund,Debt Scheme - Banking and PSU Fund,2020-09-25,156.3293
119551,Aditya Birla Sun Life Banking & PSU Debt Fund  - DIRECT - IDCW,Aditya Birla Sun Life Mutual Fund,Debt Scheme - Banking and PSU Fund,2020-09-28,156.3511
119551,Aditya Birla Sun Life Banking & PSU Debt Fund  - DIRECT - IDCW,Aditya Birla Sun Life Mutual Fund,Debt Scheme - Banking and PSU Fund,2020-09-29,156.3187
119551,Aditya Birla Sun Life Banking & PSU Debt Fund  - DIRECT - IDCW,Aditya Birla Sun Life Mutual Fund,Debt Scheme - Banking and PSU Fund,2020-09-30,156.4483
119551,Aditya Birla Sun Life Banking & PSU Debt Fund  - DIRECT - IDCW,Aditya Birla Sun Life Mutual Fund,Debt Scheme - Banking and PSU Fund,2020-10-01,156.6388
119551,Aditya Birla Sun Life Banking & PSU Debt Fund  - DIRECT - IDCW,Aditya Birla Sun Life Mutual Fund,Debt Scheme - Banking and PSU Fund,2020-10-05,156.763
119551,Aditya Birla Sun Life Banking & PSU Debt Fund  - DIRECT - IDCW,Aditya Birla Sun Life Mutual Fund,Debt Scheme - Banking and PSU Fund,2020-10-06,156.8394
119551,Aditya Birla Sun Life Banking & PSU Debt Fund  - DIRECT - IDCW,Aditya Birla Sun Life Mutual Fund,Debt Scheme - Banking and PSU Fund,2020-10-07,156.9459
119551,Aditya Birla Sun Life Banking & PSU Debt Fund  - DIRECT - IDCW,Aditya Birla Sun Life Mutual Fund,Debt Scheme - Banking and PSU Fund,2020-10-08,157.086
119551,Aditya Birla Sun Life Banking & PSU Debt Fund  - DIRECT - IDCW,Aditya Birla Sun Life Mutual Fund,Debt Scheme - Banking and PSU Fund,2020-10-09,157.7498
119551,Aditya Birla Sun Life Banking & PSU Debt Fund  - DIRECT - IDCW,Aditya Birla Sun Life Mutual Fund,Debt Scheme - Banking and PSU Fund,2020-10-12,157.882
119551,Aditya Birla Sun Life Banking & PSU Debt Fund  - DIRECT - IDCW,Aditya Birla Sun Life Mutual Fund,Debt Scheme - Banking and PSU Fund,2020-10-13,158.0762
119551,Aditya Birla Sun Life Banking & PSU Debt Fund  - DIRECT - IDCW,Aditya Birla Sun Life Mutual Fund,Debt Scheme - Banking and PSU Fund,2020-10-14,158.1982
119551,Aditya Birla Sun Life Banking & PSU Debt Fund  - DIRECT - IDCW,Aditya Birla Sun Life Mutual Fund,Debt Scheme - Banking and PSU Fund,2020-10-15,158.3381
119551,Aditya Birla Sun Life Banking & PSU Debt Fund  - DIRECT - IDCW,Aditya Birla Sun Life Mutual Fund,Debt Scheme - Banking and PSU Fund,2020-10-16,158.3327
119551,Aditya Birla Sun Life Banking & PSU Debt Fund  - DIRECT - IDCW,Aditya Birla Sun Life Mutual Fund,Debt Scheme - Banking and PSU Fund,2020-10-19,158.4601
119551,Aditya Birla Sun Life Banking & PSU Debt Fund  - DIRECT - IDCW,Aditya Birla Sun Life Mutual Fund,Debt Scheme - Banking and PSU Fund,2020-10-20,158.5896
119551,Aditya Birla Sun Life Banking & PSU Debt Fund  - DIRECT - IDCW,Aditya Birla Sun Life Mutual Fund,Debt Scheme - Banking and PSU Fund,2020-10-21,158.5983
119551,Aditya Birla Sun Life Banking & PSU Debt Fund  - DIRECT - IDCW,Aditya Birla Sun Life Mutual Fund,Debt Scheme - Banking and PSU Fund,2020-10-22,158.5705
119551,Aditya Birla Sun Life Banking & PSU Debt Fund  - DIRECT - IDCW,Aditya Birla Sun Life Mutual Fund,Debt Scheme - Banking and PSU Fund,2020-10-23,158.6936
119551,Aditya Birla Sun Life Banking & PSU Debt Fund  - DIRECT - IDCW,Aditya Birla Sun Life Mutual Fund,Debt Scheme - Banking and PSU Fund,2020-10-26,158.8975
119551,Aditya Birla Sun Life Banking & PSU Debt Fund  - DIRECT - IDCW,Aditya Birla Sun Life Mutual Fund,Debt Scheme - Banking and PSU Fund,2020-10-27,158.8713
119551,Aditya Birla Sun Life Banking & PSU Debt Fund  - DIRECT - IDCW,Aditya Birla Sun Life Mutual Fund,Debt Scheme - Banking and PSU Fund,2020-10-28,158.857
119551,Aditya Birla Sun Life Banking & PSU Debt Fund  - DIRECT - IDCW,Aditya Birla Sun Life Mutual Fund,Debt Scheme - Banking and PSU Fund,2020-10-29,158.8367
119551,Aditya Birla Sun Life Banking & PSU Debt Fund  - DIRECT - IDCW,Aditya Birla Sun Life Mutual Fund,Debt Scheme - Banking and PSU Fund,2020-11-02,158.9295
119551,Aditya Birla Sun Life Banking & PSU Debt Fund  - DIRECT - IDCW,Aditya Birla Sun Life Mutual Fund,Debt Scheme - Banking and PSU Fund,2020-11-03,158.9366
119551,Aditya Birla Sun Life Banking & PSU Debt Fund  - DIRECT - IDCW,Aditya Birla Sun Life Mutual Fund,Debt Scheme - Banking and PSU Fund,2020-11-04,158.9374
119551,Aditya Birla Sun Life Banking & PSU Debt Fund  - DIRECT - IDCW,Aditya Birla Sun Life Mutual Fund,Debt Scheme - Banking and PSU Fund,2020-11-05,159.1355
119551,Aditya Birla Sun Life Banking & PSU Debt Fund  - DIRECT - IDCW,Aditya Birla Sun Life Mutual Fund,Debt Scheme - Banking and PSU Fund,2020-11-06,159.2468
119551,Aditya Birla Sun Life Banking & PSU Debt Fund  - DIRECT - IDCW,Aditya Birla Sun Life Mutual Fund,Debt Scheme - Banking and PSU Fund,2020-11-09,159.2568
119551,Aditya Birla Sun Life Banking & PSU Debt Fund  - DIRECT - IDCW,Aditya Birla Sun Life Mutual Fund,Debt Scheme - Banking and PSU Fund,2020-11-10,159.229
119551,Aditya Birla Sun Life Banking & PSU Debt Fund  - DIRECT - IDCW,Aditya Birla Sun Life Mutual Fund,Debt Scheme - Banking and PSU Fund,2020-11-11,159.2531
119551,Aditya Birla Sun Life Banking & PSU Debt Fund  - DIRECT - IDCW,Aditya Birla Sun Life Mutual Fund,Debt Scheme - Banking and PSU Fund,2020-11-12,159.3624
119551,Aditya Birla Sun Life Banking & PSU Debt Fund  - DIRECT - IDCW,Aditya Birla Sun Life Mutual Fund,Debt Scheme - Banking and PSU Fund,2020-11-13,159.4146
119551,Aditya Birla Sun Life Banking & PSU Debt Fund  - DIRECT - IDCW,Aditya Birla Sun Life Mutual Fund,Debt Scheme - Banking and PSU Fund,2020-11-17,159.5333
119551,Aditya Birla Sun Life Banking & PSU Debt Fund  - DIRECT - IDCW,Aditya Birla Sun Life Mutual Fund,Debt Scheme - Banking and PSU Fund,2020-11-18,159.5898
119551,Aditya Birla Sun Life Banking & PSU Debt Fund  - DIRECT - IDCW,Aditya Birla Sun Life Mutual Fund,Debt Scheme - Banking and PSU Fund,2020-11-19,159.7636
119551,Aditya Birla Sun Life Banking & PSU Debt Fund  - DIRECT - IDCW,Aditya Birla Sun Life Mutual Fund,Debt Scheme - Banking and PSU Fund,2020-11-20,159.8527
119551,Aditya Birla Sun Life Banking & PSU Debt Fund  - DIRECT - IDCW,Aditya Birla Sun Life Mutual Fund,Debt Scheme - Banking and PSU Fund,2020-11-23,159.9304
119551,Aditya Birla Sun Life Banking & PSU Debt Fund  - DIRECT - IDCW,Aditya Birla Sun Life Mutual Fund,Debt Scheme - Banking and PSU Fund,2020-11-24,159.983
119551,Aditya Birla Sun Life Banking & PSU Debt Fund  - DIRECT - IDCW,Aditya Birla Sun Life Mutual Fund,Debt Scheme - Banking and PSU Fund,2020-11-25,160.1039
119551,Aditya Birla Sun Life Banking & PSU Debt Fund  - DIRECT - IDCW,Aditya Birla Sun Life Mutual Fund,Debt Scheme - Banking and PSU Fund,2020-11-26,160.2708
119551,Aditya Birla Sun Life Banking & PSU Debt Fund  - DIRECT - IDCW,Aditya Birla Sun Life Mutual Fund,Debt Scheme - Banking and PSU Fund,2020-11-27,160.2778
119551,Aditya Birla Sun Life Banking & PSU Debt Fund  - DIRECT - IDCW,Aditya Birla Sun Life Mutual Fund,Debt Scheme - Banking and PSU Fund,2020-12-01,160.2519
119551,Aditya Birla Sun Life Banking & PSU Debt Fund  - DIRECT - IDCW,Aditya Birla Sun Life Mutual Fund,Debt Scheme - Banking and PSU Fund,2020-12-02,160.1204
119551,Aditya Birla Sun Life Banking & PSU Debt Fund  - DIRECT - IDCW,Aditya Birla Sun Life Mutual Fund,Debt Scheme - Banking and PSU Fund,2020-12-03,160.1281
119551,Aditya Birla Sun Life Banking & PSU Debt Fund  - DIRECT - IDCW,Aditya Birla Sun Life Mutual Fund,Debt Scheme - Banking and PSU Fund,2020-12-04,160.3103
119551,Aditya Birla Sun Life Banking & PSU Debt Fund  - DIRECT - IDCW,Aditya Birla Sun Life Mutual Fund,Debt Scheme - Banking and PSU Fund,2020-12-07,160.3502
119551,Aditya Birla Sun Life Banking & PSU Debt Fund  - DIRECT - IDCW,Aditya Birla Sun Life Mutual Fund,Debt Scheme - Banking and PSU Fund,2020-12-08,160.3514
119551,Aditya Birla Sun Life Banking & PSU Debt Fund  - DIRECT - IDCW,Aditya Birla Sun Life Mutual Fund,Debt Scheme - Banking and PSU Fund,2020-12-09,160.3147
119551,Aditya Birla Sun Life Banking & PSU Debt Fund  - DIRECT - IDCW,Aditya Birla Sun Life Mutual Fund,Debt Scheme - Banking and PSU Fund,2020-12-10,160.344
119551,Aditya Birla Sun Life Banking & PSU Debt Fund  - DIRECT - IDCW,Aditya Birla Sun Life Mutual Fund,Debt Scheme - Banking and PSU Fund,2020-12-11,160.2922
119551,Aditya Birla Sun Life Banking & PSU Debt Fund  - DIRECT - IDCW,Aditya Birla Sun Life Mutual Fund,Debt Scheme - Banking and PSU Fund,2020-12-14,160.3316
119551,Aditya Birla Sun Life Banking & PSU Debt Fund  - DIRECT - IDCW,Aditya Birla Sun Life Mutual Fund,Debt Scheme - Banking and PSU Fund,2020-12-15,160.3865
119551,Aditya Birla Sun Life Banking & PSU Debt Fund  - DIRECT - IDCW,Aditya Birla Sun Life Mutual Fund,Debt Scheme - Banking and PSU Fund,2020-12-16,160.3832
119551,Aditya Birla Sun Life Banking & PSU Debt Fund  - DIRECT - IDCW,Aditya Birla Sun Life Mutual Fund,Debt Scheme - Banking and PSU Fund,2020-12-17,160.4015
119551,Aditya Birla Sun Life Banking & PSU Debt Fund  - DIRECT - IDCW,Aditya Birla Sun Life Mutual Fund,Debt Scheme - Banking and PSU Fund,2020-12-18,160.4386
119551,Aditya Birla Sun Life Banking & PSU Debt Fund  - DIRECT - IDCW,Aditya Birla Sun Life Mutual Fund,Debt Scheme - Banking and PSU Fund,2020-12-21,160.3923
119551,Aditya Birla Sun Life Banking & PSU Debt Fund  - DIRECT - IDCW,Aditya Birla Sun Life Mutual Fund,Debt Scheme - Banking and PSU Fund,2020-12-22,160.403
119551,Aditya Birla Sun Life Banking & PSU Debt Fund  - DIRECT - IDCW,Aditya Birla Sun Life Mutual Fund,Debt Scheme - Banking and PSU Fund,2020-12-23,160.4658
119551,Aditya Birla Sun Life Banking & PSU Debt Fund  - DIRECT - IDCW,Aditya Birla Sun Life Mutual Fund,Debt Scheme - Banking and PSU Fund,2020-12-24,160.516
119551,Aditya Birla Sun Life Banking & PSU Debt Fund  - DIRECT - IDCW,Aditya Birla Sun Life Mutual Fund,Debt Scheme - Banking and PSU Fund,2020-12-28,160.6676
119551,Aditya Birla Sun Life Banking & PSU Debt Fund  - DIRECT - IDCW,Aditya Birla Sun Life Mutual Fund,Debt Scheme - Banking and PSU Fund,2020-12-29,160.7133
119551,Aditya Birla Sun Life Banking & PSU Debt Fund  - DIRECT - IDCW,Aditya Birla Sun Life Mutual Fund,Debt Scheme - Banking and PSU Fund,2020-12-30,160.7819
119551,Aditya Birla Sun Life Banking & PSU Debt Fund  - DIRECT - IDCW,Aditya Birla Sun Life Mutual Fund,Debt Scheme - Banking and PSU Fund,2020-12-31,160.8071
119551,Aditya Birla Sun Life Banking & PSU Debt Fund  - DIRECT - IDCW,Aditya Birla Sun Life Mutual Fund,Debt Scheme - Banking and PSU Fund,2021-01-01,160.8997
119551,Aditya Birla Sun Life Banking & PSU Debt Fund  - DIRECT - IDCW,Aditya Birla Sun Life Mutual Fund,Debt Scheme - Banking and PSU Fund,2021-01-04,161.0439
119551,Aditya Birla Sun Life Banking & PSU Debt Fund  - DIRECT - IDCW,Aditya Birla Sun Life Mutual Fund,Debt Scheme - Banking and PSU Fund,2021-01-05,161.2313
119551,Aditya Birla Sun Life Banking & PSU Debt Fund  - DIRECT - IDCW,Aditya Birla Sun Life Mutual Fund,Debt Scheme - Banking and PSU Fund,2021-01-06,161.2295
119551,Aditya Birla Sun Life Banking & PSU Debt Fund  - DIRECT - IDCW,Aditya Birla Sun Life Mutual Fund,Debt Scheme - Banking and PSU Fund,2021-01-07,161.2821
119551,Aditya Birla Sun Life Banking & PSU Debt Fund  - DIRECT - IDCW,Aditya Birla Sun Life Mutual Fund,Debt Scheme - Banking and PSU Fund,2021-01-08,161.3775
119551,Aditya Birla Sun Life Banking & PSU Debt Fund  - DIRECT - IDCW,Aditya Birla Sun Life Mutual Fund,Debt Scheme - Banking and PSU Fund,2021-01-11,161.1259
119551,Aditya Birla Sun Life Banking & PSU Debt Fund  - DIRECT - IDCW,Aditya Birla Sun Life Mutual Fund,Debt Scheme - Banking and PSU Fund,2021-01-12,160.9495
119551,Aditya Birla Sun Life Banking & PSU Debt Fund  - DIRECT - IDCW,Aditya Birla Sun Life Mutual Fund,Debt Scheme - Banking and PSU Fund,2021-01-13,160.9046
119551,Aditya Birla Sun Life Banking & PSU Debt Fund  - DIRECT - IDCW,Aditya Birla Sun Life Mutual Fund,Debt Scheme - Banking and PSU Fund,2021-01-14,160.6885
119551,Aditya Birla Sun Life Banking & PSU Debt Fund  - DIRECT - IDCW,Aditya Birla Sun Life Mutual Fund,Debt Scheme - Banking and PSU Fund,2021-01-15,160.6112
119551,Aditya Birla Sun Life Banking & PSU Debt Fund  - DIRECT - IDCW,Aditya Birla Sun Life Mutual Fund,Debt Scheme - Banking and PSU Fund,2021-01-18,160.3776
119551,Aditya Birla Sun Life Banking & PSU Debt Fund  - DIRECT - IDCW,Aditya Birla Sun Life Mutual Fund,Debt Scheme - Banking and PSU Fund,2021-01-19,160.3918
119551,Aditya Birla Sun Life Banking & PSU Debt Fund  - DIRECT - IDCW,Aditya Birla Sun Life Mutual Fund,Debt Scheme - Banking and PSU Fund,2021-01-20,160.4846
119551,Aditya Birla Sun Life Banking & PSU Debt Fund  - DIRECT - IDCW,Aditya Birla Sun Life Mutual Fund,Debt Scheme - Banking and PSU Fund,2021-01-21,160.5205
119551,Aditya Birla Sun Life Banking & PSU Debt Fund  - DIRECT - IDCW,Aditya Birla Sun Life Mutual Fund,Debt Scheme - Banking and PSU Fund,2021-01-22,160.4748
119551,Aditya Birla Sun Life Banking & PSU Debt Fund  - DIRECT - IDCW,Aditya Birla Sun Life Mutual Fund,Debt Scheme - Banking and PSU Fund,2021-01-25,160.5232
119551,Aditya Birla Sun Life Banking & PSU Debt Fund  - DIRECT - IDCW,Aditya Birla Sun Life Mutual Fund,Debt Scheme - Banking and PSU Fund,2021-01-27,160.5509
119551,Aditya Birla Sun Life Banking & PSU Debt Fund  - DIRECT - IDCW,Aditya Birla Sun Life Mutual Fund,Debt Scheme - Banking and PSU Fund,2021-01-28,160.5833
119551,Aditya Birla Sun Life Banking & PSU Debt Fund  - DIRECT - IDCW,Aditya Birla Sun Life Mutual Fund,Debt Scheme - Banking and PSU Fund,2021-01-29,160.5977
119551,Aditya Birla Sun Life Banking & PSU Debt Fund  - DIRECT - IDCW,Aditya Birla Sun Life Mutual Fund,Debt Scheme - Banking and PSU Fund,2021-02-01,160.0612
119551,Aditya Birla Sun Life Banking & PSU Debt Fund  - DIRECT - IDCW,Aditya Birla Sun Life Mutual Fund,Debt Scheme - Banking and PSU Fund,2021-02-02,159.6745
119551,Aditya Birla Sun Life Banking & PSU Debt Fund  - DIRECT - IDCW,Aditya Birla Sun Life Mutual Fund,Debt Scheme - Banking and PSU Fund,2021-02-03,159.7469
119551,Aditya Birla Sun Life Banking & PSU Debt Fund  - DIRECT - IDCW,Aditya Birla Sun Life Mutual Fund,Debt Scheme - Banking and PSU Fund,2021-02-04,159.7473
119551,Aditya Birla Sun Life Banking & PSU Debt Fund  - DIRECT - IDCW,Aditya Birla Sun Life Mutual Fund,Debt Scheme - Banking and PSU Fund,2021-02-05,159.5631
119551,Aditya Birla Sun Life Banking & PSU Debt Fund  - DIRECT - IDCW,Aditya Birla Sun Life Mutual Fund,Debt Scheme - Banking and PSU Fund,2021-02-08,159.6672
119551,Aditya Birla Sun Life Banking & PSU Debt Fund  - DIRECT - IDCW,Aditya Birla Sun Life Mutual Fund,Debt Scheme - Banking and PSU Fund,2021-02-09,159.5233
119551,Aditya Birla Sun Life Banking & PSU Debt Fund  - DIRECT - IDCW,Aditya Birla Sun Life Mutual Fund,Debt Scheme - Banking and PSU Fund,2021-02-10,159.5324
119551,Aditya Birla Sun Life Banking & PSU Debt Fund  - DIRECT - IDCW,Aditya Birla Sun Life Mutual Fund,Debt Scheme - Banking and PSU Fund,2021-02-11,159.676
119551,Aditya Birla Sun Life Banking & PSU Debt Fund  - DIRECT - IDCW,Aditya Birla Sun Life Mutual Fund,Debt Scheme - Banking and PSU Fund,2021-02-12,159.745
119551,Aditya Birla Sun Life Banking & PSU Debt Fund  - DIRECT - IDCW,Aditya Birla Sun Life Mutual Fund,Debt Scheme - Banking and PSU Fund,2021-02-15,159.817
119551,Aditya Birla Sun Life Banking & PSU Debt Fund  - DIRECT - IDCW,Aditya Birla Sun Life Mutual Fund,Debt Scheme - Banking and PSU Fund,2021-02-16,159.8868
119551,Aditya Birla Sun Life Banking & PSU Debt Fund  - DIRECT - IDCW,Aditya Birla Sun Life Mutual Fund,Debt Scheme - Banking and PSU Fund,2021-02-17,159.8489
119551,Aditya Birla Sun Life Banking & PSU Debt Fund  - DIRECT - IDCW,Aditya Birla Sun Life Mutual Fund,Debt Scheme - Banking and PSU Fund,2021-02-18,159.7964
119551,Aditya Birla Sun Life Banking & PSU Debt Fund  - DIRECT - IDCW,Aditya Birla Sun Life Mutual Fund,Debt Scheme - Banking and PSU Fund,2021-02-22,159.5796
119551,Aditya Birla Sun Life Banking & PSU Debt Fund  - DIRECT - IDCW,Aditya Birla Sun Life Mutual Fund,Debt Scheme - Banking and PSU Fund,2021-02-23,159.4945
119551,Aditya Birla Sun Life Banking & PSU Debt Fund  - DIRECT - IDCW,Aditya Birla Sun Life Mutual Fund,Debt Scheme - Banking and PSU Fund,2021-02-24,159.5155
119551,Aditya Birla Sun Life Banking & PSU Debt Fund  - DIRECT - IDCW,Aditya Birla Sun Life Mutual Fund,Debt Scheme - Banking and PSU Fund,2021-02-25,159.5286
119551,Aditya Birla Sun Life Banking & PSU Debt Fund  - DIRECT - IDCW,Aditya Birla Sun Life Mutual Fund,Debt Scheme - Banking and PSU Fund,2021-02-26,151.4836
119551,Aditya Birla Sun Life Banking & PSU Debt Fund  - DIRECT - IDCW,Aditya Birla Sun Life Mutual Fund,Debt Scheme - Banking and PSU Fund,2021-03-01,151.5474
119551,Aditya Birla Sun Life Banking & PSU Debt Fund  - DIRECT - IDCW,Aditya Birla Sun Life Mutual Fund,Debt Scheme - Banking and PSU Fund,2021-03-02,151.6292
119551,Aditya Birla Sun Life Banking & PSU Debt Fund  - DIRECT - IDCW,Aditya Birla Sun Life Mutual Fund,Debt Scheme - Banking and PSU Fund,2021-03-03,151.6682
119551,Aditya Birla Sun Life Banking & PSU Debt Fund  - DIRECT - IDCW,Aditya Birla Sun Life Mutual Fund,Debt Scheme - Banking and PSU Fund,2021-03-04,151.6971
119551,Aditya Birla Sun Life Banking & PSU Debt Fund  - DIRECT - IDCW,Aditya Birla Sun Life Mutual Fund,Debt Scheme - Banking and PSU Fund,2021-03-05,151.6682
119551,Aditya Birla Sun Life Banking & PSU Debt Fund  - DIRECT - IDCW,Aditya Birla Sun Life Mutual Fund,Debt Scheme - Banking and PSU Fund,2021-03-08,151.7216
119551,Aditya Birla Sun Life Banking & PSU Debt Fund  - DIRECT - IDCW,Aditya Birla Sun Life Mutual Fund,Debt Scheme - Banking and PSU Fund,2021-03-09,151.7148
119551,Aditya Birla Sun Life Banking & PSU Debt Fund  - DIRECT - IDCW,Aditya Birla Sun Life Mutual Fund,Debt Scheme - Banking and PSU Fund,2021-03-10,151.712
119551,Aditya Birla Sun Life Banking & PSU Debt Fund  - DIRECT - IDCW,Aditya Birla Sun Life Mutual Fund,Debt Scheme - Banking and PSU Fund,2021-03-12,151.6323
119551,Aditya Birla Sun Life Banking & PSU Debt Fund  - DIRECT - IDCW,Aditya Birla Sun Life Mutual Fund,Debt Scheme - Banking and PSU Fund,2021-03-15,151.3381
119551,Aditya Birla Sun Life Banking & PSU Debt Fund  - DIRECT - IDCW,Aditya Birla Sun Life Mutual Fund,Debt Scheme - Banking and PSU Fund,2021-03-16,151.3172
119551,Aditya Birla Sun Life Banking & PSU Debt Fund  - DIRECT - IDCW,Aditya Birla Sun Life Mutual Fund,Debt Scheme - Banking and PSU Fund,2021-03-17,151.3473
119551,Aditya Birla Sun Life Banking & PSU Debt Fund  - DIRECT - IDCW,Aditya Birla Sun Life Mutual Fund,Debt Scheme - Banking and PSU Fund,2021-03-18,151.3901
119551,Aditya Birla Sun Life Banking & PSU Debt Fund  - DIRECT - IDCW,Aditya Birla Sun Life Mutual Fund,Debt Scheme - Banking and PSU Fund,2021-03-19,151.6387
119551,Aditya Birla Sun Life Banking & PSU Debt Fund  - DIRECT - IDCW,Aditya Birla Sun Life Mutual Fund,Debt Scheme - Banking and PSU Fund,2021-03-22,151.8479
119551,Aditya Birla Sun Life Banking & PSU Debt Fund  - DIRECT - IDCW,Aditya Birla Sun Life Mutual Fund,Debt Scheme - Banking and PSU Fund,2021-03-23,152.2243
119551,Aditya Birla Sun Life Banking & PSU Debt Fund  - DIRECT - IDCW,Aditya Birla Sun Life Mutual Fund,Debt Scheme - Banking and PSU Fund,2021-03-24,152.3847
119551,Aditya Birla Sun Life Banking & PSU Debt Fund  - DIRECT - IDCW,Aditya Birla Sun Life Mutual Fund,Debt Scheme - Banking and PSU Fund,2021-03-25,152.4514
119551,Aditya Birla Sun Life Banking & PSU Debt Fund  - DIRECT - IDCW,Aditya Birla Sun Life Mutual Fund,Debt Scheme - Banking and PSU Fund,2021-03-26,152.5344
119551,Aditya Birla Sun Life Banking & PSU Debt Fund  - DIRECT - IDCW,Aditya Birla Sun Life Mutual Fund,Debt Scheme - Banking and PSU Fund,2021-03-30,152.6579
119551,Aditya Birla Sun Life Banking & PSU Debt Fund  - DIRECT - IDCW,Aditya Birla Sun Life Mutual Fund,Debt Scheme - Banking and PSU Fund,2021-03-31,152.7457
119551,Aditya Birla Sun Life Banking & PSU Debt Fund  - DIRECT - IDCW,Aditya Birla Sun Life Mutual Fund,Debt Scheme - Banking and PSU Fund,2021-04-05,153.0069
119551,Aditya Birla Sun Life Banking & PSU Debt Fund  - DIRECT - IDCW,Aditya Birla Sun Life Mutual Fund,Debt Scheme - Banking and PSU Fund,2021-04-06,153.2101
119551,Aditya Birla Sun Life Banking & PSU Debt Fund  - DIRECT - IDCW,Aditya Birla Sun Life Mutual Fund,Debt Scheme - Banking and PSU Fund,2021-04-07,153.1454
119551,Aditya Birla Sun Life Banking & PSU Debt Fund  - DIRECT - IDCW,Aditya Birla Sun Life Mutual Fund,Debt Scheme - Banking and PSU Fund,2021-04-08,153.1697
119551,Aditya Birla Sun Life Banking & PSU Debt Fund  - DIRECT - IDCW,Aditya Birla Sun Life Mutual Fund,Debt Scheme - Banking and PSU Fund,2021-04-09,153.2609
119551,Aditya Birla Sun Life Banking & PSU Debt Fund  - DIRECT - IDCW,Aditya Birla Sun Life Mutual Fund,Debt Scheme - Banking and PSU Fund,2021-04-12,153.3259
119551,Aditya Birla Sun Life Banking & PSU Debt Fund  - DIRECT - IDCW,Aditya Birla Sun Life Mutual Fund,Debt Scheme - Banking and PSU Fund,2021-04-15,153.2182
119551,Aditya Birla Sun Life Banking & PSU Debt Fund  - DIRECT - IDCW,Aditya Birla Sun Life Mutual Fund,Debt Scheme - Banking and PSU Fund,2021-04-16,153.1445
119551,Aditya Birla Sun Life Banking & PSU Debt Fund  - DIRECT - IDCW,Aditya Birla Sun Life Mutual Fund,Debt Scheme - Banking and PSU Fund,2021-04-19,153.2788
119551,Aditya Birla Sun Life Banking & PSU Debt Fund  - DIRECT - IDCW,Aditya Birla Sun Life Mutual Fund,Debt Scheme - Banking and PSU Fund,2021-04-20,153.322
119551,Aditya Birla Sun Life Banking & PSU Debt Fund  - DIRECT - IDCW,Aditya Birla Sun Life Mutual Fund,Debt Scheme - Banking and PSU Fund,2021-04-22,153.3766
119551,Aditya Birla Sun Life Banking & PSU Debt Fund  - DIRECT - IDCW,Aditya Birla Sun Life Mutual Fund,Debt Scheme - Banking and PSU Fund,2021-04-23,153.459
119551,Aditya Birla Sun Life Banking & PSU Debt Fund  - DIRECT - IDCW,Aditya Birla Sun Life Mutual Fund,Debt Scheme - Banking and PSU Fund,2021-04-26,153.6353
119551,Aditya Birla Sun Life Banking & PSU Debt Fund  - DIRECT - IDCW,Aditya Birla Sun Life Mutual Fund,Debt Scheme - Banking and PSU Fund,2021-04-27,153.7634
119551,Aditya Birla Sun Life Banking & PSU Debt Fund  - DIRECT - IDCW,Aditya Birla Sun Life Mutual Fund,Debt Scheme - Banking and PSU Fund,2021-04-28,153.8557
119551,Aditya Birla Sun Life Banking & PSU Debt Fund  - DIRECT - IDCW,Aditya Birla Sun Life Mutual Fund,Debt Scheme - Banking and PSU Fund,2021-04-29,153.8646
119551,Aditya Birla Sun Life Banking & PSU Debt Fund  - DIRECT - IDCW,Aditya Birla Sun Life Mutual Fund,Debt Scheme - Banking and PSU Fund,2021-04-30,153.951
119551,Aditya Birla Sun Life Banking & PSU Debt Fund  - DIRECT - IDCW,Aditya Birla Sun Life Mutual Fund,Debt Scheme - Banking and PSU Fund,2021-05-03,154.0501
119551,Aditya Birla Sun Life Banking & PSU Debt Fund  - DIRECT - IDCW,Aditya Birla Sun Life Mutual Fund,Debt Scheme - Banking and PSU Fund,2021-05-04,154.0742
119551,Aditya Birla Sun Life Banking & PSU Debt Fund  - DIRECT - IDCW,Aditya Birla Sun Life Mutual Fund,Debt Scheme - Banking and PSU Fund,2021-05-05,154.1232
119551,Aditya Birla Sun Life Banking & PSU Debt Fund  - DIRECT - IDCW,Aditya Birla Sun Life Mutual Fund,Debt Scheme - Banking and PSU Fund,2021-05-06,154.1495
119551,Aditya Birla Sun Life Banking & PSU Debt Fund  - DIRECT - IDCW,Aditya Birla Sun Life Mutual Fund,Debt Scheme - Banking and PSU Fund,2021-05-07,154.1903
119551,Aditya Birla Sun Life Banking & PSU Debt Fund  - DIRECT - IDCW,Aditya Birla Sun Life Mutual Fund,Debt Scheme - Banking and PSU Fund,2021-05-10,154.2372
119551,Aditya Birla Sun Life Banking & PSU Debt Fund  - DIRECT - IDCW,Aditya Birla Sun Life Mutual Fund,Debt Scheme - Banking and PSU Fund,2021-05-11,154.341
119551,Aditya Birla Sun Life Banking & PSU Debt Fund  - DIRECT - IDCW,Aditya Birla Sun Life Mutual Fund,Debt Scheme - Banking and PSU Fund,2021-05-12,154.3311
119551,Aditya Birla Sun Life Banking & PSU Debt Fund  - DIRECT - IDCW,Aditya Birla Sun Life Mutual Fund,Debt Scheme - Banking and PSU Fund,2021-05-14,154.3309
119551,Aditya Birla Sun Life Banking & PSU Debt Fund  - DIRECT - IDCW,Aditya Birla Sun Life Mutual Fund,Debt Scheme - Banking and PSU Fund,2021-05-17,154.4002
119551,Aditya Birla Sun Life Banking & PSU Debt Fund  - DIRECT - IDCW,Aditya Birla Sun Life Mutual Fund,Debt Scheme - Banking and PSU Fund,2021-05-18,154.4638
119551,Aditya Birla Sun Life Banking & PSU Debt Fund  - DIRECT - IDCW,Aditya Birla Sun Life Mutual Fund,Debt Scheme - Banking and PSU Fund,2021-05-19,154.599
119551,Aditya Birla Sun Life Banking & PSU Debt Fund  - DIRECT - IDCW,Aditya Birla Sun Life Mutual Fund,Debt Scheme - Banking and PSU Fund,2021-05-20,154.6073
119551,Aditya Birla Sun Life Banking & PSU Debt Fund  - DIRECT - IDCW,Aditya Birla Sun Life Mutual Fund,Debt Scheme - Banking and PSU Fund,2021-05-21,154.6417
119551,Aditya Birla Sun Life Banking & PSU Debt Fund  - DIRECT - IDCW,Aditya Birla Sun Life Mutual Fund,Debt Scheme - Banking and PSU Fund,2021-05-24,154.7069
119551,Aditya Birla Sun Life Banking & PSU Debt Fund  - DIRECT - IDCW,Aditya Birla Sun Life Mutual Fund,Debt Scheme - Banking and PSU Fund,2021-05-25,154.783
119551,Aditya Birla Sun Life Banking & PSU Debt Fund  - DIRECT - IDCW,Aditya Birla Sun Life Mutual Fund,Debt Scheme - Banking and PSU Fund,2021-05-27,154.8336
119551,Aditya Birla Sun Life Banking & PSU Debt Fund  - DIRECT - IDCW,Aditya Birla Sun Life Mutual Fund,Debt Scheme - Banking and PSU Fund,2021-05-28,154.8325
119551,Aditya Birla Sun Life Banking & PSU Debt Fund  - DIRECT - IDCW,Aditya Birla Sun Life Mutual Fund,Debt Scheme - Banking and PSU Fund,2021-05-31,154.8591
119551,Aditya Birla Sun Life Banking & PSU Debt Fund  - DIRECT - IDCW,Aditya Birla Sun Life Mutual Fund,Debt Scheme - Banking and PSU Fund,2021-06-01,154.8506
119551,Aditya Birla Sun Life Banking & PSU Debt Fund  - DIRECT - IDCW,Aditya Birla Sun Life Mutual Fund,Debt Scheme - Banking and PSU Fund,2021-06-02,154.8632
119551,Aditya Birla Sun Life Banking & PSU Debt Fund  - DIRECT - IDCW,Aditya Birla Sun Life Mutual Fund,Debt Scheme - Banking and PSU Fund,2021-06-03,154.9384
119551,Aditya Birla Sun Life Banking & PSU Debt Fund  - DIRECT - IDCW,Aditya Birla Sun Life Mutual Fund,Debt Scheme - Banking and PSU Fund,2021-06-04,154.9869
119551,Aditya Birla Sun Life Banking & PSU Debt Fund  - DIRECT - IDCW,Aditya Birla Sun Life Mutual Fund,Debt Scheme - Banking and PSU Fund,2021-06-07,155.1117
119551,Aditya Birla Sun Life Banking & PSU Debt Fund  - DIRECT - IDCW,Aditya Birla Sun Life Mutual Fund,Debt Scheme - Banking and PSU Fund,2021-06-08,155.1383
119551,Aditya Birla Sun Life Banking & PSU Debt Fund  - DIRECT - IDCW,Aditya Birla Sun Life Mutual Fund,Debt Scheme - Banking and PSU Fund,2021-06-09,155.2699
119551,Aditya Birla Sun Life Banking & PSU Debt Fund  - DIRECT - IDCW,Aditya Birla Sun Life Mutual Fund,Debt Scheme - Banking and PSU Fund,2021-06-10,155.3161
119551,Aditya Birla Sun Life Banking & PSU Debt Fund  - DIRECT - IDCW,Aditya Birla Sun Life Mutual Fund,Debt Scheme - Banking and PSU Fund,2021-06-11,155.3755
119551,Aditya Birla Sun Life Banking & PSU Debt Fund  - DIRECT - IDCW,Aditya Birla Sun Life Mutual Fund,Debt Scheme - Banking and PSU Fund,2021-06-14,155.429
119551,Aditya Birla Sun Life Banking & PSU Debt Fund  - DIRECT - IDCW,Aditya Birla Sun Life Mutual Fund,Debt Scheme - Banking and PSU Fund,2021-06-15,155.2961
119551,Aditya Birla Sun Life Banking & PSU Debt Fund  - DIRECT - IDCW,Aditya Birla Sun Life Mutual Fund,Debt Scheme - Banking and PSU Fund,2021-06-16,155.0843
119551,Aditya Birla Sun Life Banking & PSU Debt Fund  - DIRECT - IDCW,Aditya Birla Sun Life Mutual Fund,Debt Scheme - Banking and PSU Fund,2021-06-17,155.0726
119551,Aditya Birla Sun Life Banking & PSU Debt Fund  - DIRECT - IDCW,Aditya Birla Sun Life Mutual Fund,Debt Scheme - Banking and PSU Fund,2021-06-18,155.1221
119551,Aditya Birla Sun Life Banking & PSU Debt Fund  - DIRECT - IDCW,Aditya Birla Sun Life Mutual Fund,Debt Scheme - Banking and PSU Fund,2021-06-21,155.1952
119551,Aditya Birla Sun Life Banking & PSU Debt Fund  - DIRECT - IDCW,Aditya Birla Sun Life Mutual Fund,Debt Scheme - Banking and PSU Fund,2021-06-22,155.1506
119551,Aditya Birla Sun Life Banking & PSU Debt Fund  - DIRECT - IDCW,Aditya Birla Sun Life Mutual Fund,Debt Scheme - Banking and PSU Fund,2021-06-23,155.1573
119551,Aditya Birla Sun Life Banking & PSU Debt Fund  - DIRECT - IDCW,Aditya Birla Sun Life Mutual Fund,Debt Scheme - Banking and PSU Fund,2021-06-24,155.1814
119551,Aditya Birla Sun Life Banking & PSU Debt Fund  - DIRECT - IDCW,Aditya Birla Sun Life Mutual Fund,Debt Scheme - Banking and PSU Fund,2021-06-25,155.1462
119551,Aditya Birla Sun Life Banking & PSU Debt Fund  - DIRECT - IDCW,Aditya Birla Sun Life Mutual Fund,Debt Scheme - Banking and PSU Fund,2021-06-28,155.1258
119551,Aditya Birla Sun Life Banking & PSU Debt Fund  - DIRECT - IDCW,Aditya Birla Sun Life Mutual Fund,Debt Scheme - Banking and PSU Fund,2021-06-29,155.1137
119551,Aditya Birla Sun Life Banking & PSU Debt Fund  - DIRECT - IDCW,Aditya Birla Sun Life Mutual Fund,Debt Scheme - Banking and PSU Fund,2021-06-30,141.9021
119551,Aditya Birla Sun Life Banking & PSU Debt Fund  - DIRECT - IDCW,Aditya Birla Sun Life Mutual Fund,Debt Scheme - Banking and PSU Fund,2021-07-01,141.9515
119551,Aditya Birla Sun Life Banking & PSU Debt Fund  - DIRECT - IDCW,Aditya Birla Sun Life Mutual Fund,Debt Scheme - Banking and PSU Fund,2021-07-02,141.9245
119551,Aditya Birla Sun Life Banking & PSU Debt Fund  - DIRECT - IDCW,Aditya Birla Sun Life Mutual Fund,Debt Scheme - Banking and PSU Fund,2021-07-05,142.0229
119551,Aditya Birla Sun Life Banking & PSU Debt Fund  - DIRECT - IDCW,Aditya Birla Sun Life Mutual Fund,Debt Scheme - Banking and PSU Fund,2021-07-06,141.942
119551,Aditya Birla Sun Life Banking & PSU Debt Fund  - DIRECT - IDCW,Aditya Birla Sun Life Mutual Fund,Debt Scheme - Banking and PSU Fund,2021-07-07,142.0218
119551,Aditya Birla Sun Life Banking & PSU Debt Fund  - DIRECT - IDCW,Aditya Birla Sun Life Mutual Fund,Debt Scheme - Banking and PSU Fund,2021-07-08,142.1696
119551,Aditya Birla Sun Life Banking & PSU Debt Fund  - DIRECT - IDCW,Aditya Birla Sun Life Mutual Fund,Debt Scheme - Banking and PSU Fund,2021-07-09,142.2029
119551,Aditya Birla Sun Life Banking & PSU Debt Fund  - DIRECT - IDCW,Aditya Birla Sun Life Mutual Fund,Debt Scheme - Banking and PSU Fund,2021-07-12,142.1602
119551,Aditya Birla Sun Life Banking & PSU Debt Fund  - DIRECT - IDCW,Aditya Birla Sun Life Mutual Fund,Debt Scheme - Banking and PSU Fund,2021-07-13,142.2948
119551,Aditya Birla Sun Life Banking & PSU Debt Fund  - DIRECT - IDCW,Aditya Birla Sun Life Mutual Fund,Debt Scheme - Banking and PSU Fund,2021-07-14,142.2968
119551,Aditya Birla Sun Life Banking & PSU Debt Fund  - DIRECT - IDCW,Aditya Birla Sun Life Mutual Fund,Debt Scheme - Banking and PSU Fund,2021-07-15,142.3806
119551,Aditya Birla Sun Life Banking & PSU Debt Fund  - DIRECT - IDCW,Aditya Birla Sun Life Mutual Fund,Debt Scheme - Banking and PSU Fund,2021-07-16,142.5092
119551,Aditya Birla Sun Life Banking & PSU Debt Fund  - DIRECT - IDCW,Aditya Birla Sun Life Mutual Fund,Debt Scheme - Banking and PSU Fund,2021-07-19,142.5654
119551,Aditya Birla Sun Life Banking & PSU Debt Fund  - DIRECT - IDCW,Aditya Birla Sun Life Mutual Fund,Debt Scheme - Banking and PSU Fund,2021-07-20,142.6213
119551,Aditya Birla Sun Life Banking & PSU Debt Fund  - DIRECT - IDCW,Aditya Birla Sun Life Mutual Fund,Debt Scheme - Banking and PSU Fund,2021-07-22,142.6239
119551,Aditya Birla Sun Life Banking & PSU Debt Fund  - DIRECT - IDCW,Aditya Birla Sun Life Mutual Fund,Debt Scheme - Banking and PSU Fund,2021-07-23,142.6218
119551,Aditya Birla Sun Life Banking & PSU Debt Fund  - DIRECT - IDCW,Aditya Birla Sun Life Mutual Fund,Debt Scheme - Banking and PSU Fund,2021-07-26,142.719
119551,Aditya Birla Sun Life Banking & PSU Debt Fund  - DIRECT - IDCW,Aditya Birla Sun Life Mutual Fund,Debt Scheme - Banking and PSU Fund,2021-07-27,142.7747
119551,Aditya Birla Sun Life Banking & PSU Debt Fund  - DIRECT - IDCW,Aditya Birla Sun Life Mutual Fund,Debt Scheme - Banking and PSU Fund,2021-07-28,142.8006
119551,Aditya Birla Sun Life Banking & PSU Debt Fund  - DIRECT - IDCW,Aditya Birla Sun Life Mutual Fund,Debt Scheme - Banking and PSU Fund,2021-07-29,142.8184
119551,Aditya Birla Sun Life Banking & PSU Debt Fund  - DIRECT - IDCW,Aditya Birla Sun Life Mutual Fund,Debt Scheme - Banking and PSU Fund,2021-07-30,142.839
119551,Aditya Birla Sun Life Banking & PSU Debt Fund  - DIRECT - IDCW,Aditya Birla Sun Life Mutual Fund,Debt Scheme - Banking and PSU Fund,2021-08-02,142.9005
119551,Aditya Birla Sun Life Banking & PSU Debt Fund  - DIRECT - IDCW,Aditya Birla Sun Life Mutual Fund,Debt Scheme - Banking and PSU Fund,2021-08-03,142.9404
119551,Aditya Birla Sun Life Banking & PSU Debt Fund  - DIRECT - IDCW,Aditya Birla Sun Life Mutual Fund,Debt Scheme - Banking and PSU Fund,2021-08-04,142.9647
119551,Aditya Birla Sun Life Banking & PSU Debt Fund  - DIRECT - IDCW,Aditya Birla Sun Life Mutual Fund,Debt Scheme - Banking and PSU Fund,2021-08-05,143.021
119551,Aditya Birla Sun Life Banking & PSU Debt Fund  - DIRECT - IDCW,Aditya Birla Sun Life Mutual Fund,Debt Scheme - Banking and PSU Fund,2021-08-06,142.91
119551,Aditya Birla Sun Life Banking & PSU Debt Fund  - DIRECT - IDCW,Aditya Birla Sun Life Mutual Fund,Debt Scheme - Banking and PSU Fund,2021-08-09,142.9661
119551,Aditya Birla Sun Life Banking & PSU Debt Fund  - DIRECT - IDCW,Aditya Birla Sun Life Mutual Fund,Debt Scheme - Banking and PSU Fund,2021-08-10,143.0486
119551,Aditya Birla Sun Life Banking & PSU Debt Fund  - DIRECT - IDCW,Aditya Birla Sun Life Mutual Fund,Debt Scheme - Banking and PSU Fund,2021-08-11,143.0625
119551,Aditya Birla Sun Life Banking & PSU Debt Fund  - DIRECT - IDCW,Aditya Birla Sun Life Mutual Fund,Debt Scheme - Banking and PSU Fund,2021-08-12,143.136
119551,Aditya Birla Sun Life Banking & PSU Debt Fund  - DIRECT - IDCW,Aditya Birla Sun Life Mutual Fund,Debt Scheme - Banking and PSU Fund,2021-08-13,143.2392
119551,Aditya Birla Sun Life Banking & PSU Debt Fund  - DIRECT - IDCW,Aditya Birla Sun Life Mutual Fund,Debt Scheme - Banking and PSU Fund,2021-08-17,143.3696
119551,Aditya Birla Sun Life Banking & PSU Debt Fund  - DIRECT - IDCW,Aditya Birla Sun Life Mutual Fund,Debt Scheme - Banking and PSU Fund,2021-08-18,143.4818
119551,Aditya Birla Sun Life Banking & PSU Debt Fund  - DIRECT - IDCW,Aditya Birla Sun Life Mutual Fund,Debt Scheme - Banking and PSU Fund,2021-08-20,143.5164
119551,Aditya Birla Sun Life Banking & PSU Debt Fund  - DIRECT - IDCW,Aditya Birla Sun Life Mutual Fund,Debt Scheme - Banking and PSU Fund,2021-08-23,143.5597
119551,Aditya Birla Sun Life Banking & PSU Debt Fund  - DIRECT - IDCW,Aditya Birla Sun Life Mutual Fund,Debt Scheme - Banking and PSU Fund,2021-08-24,143.5629
119551,Aditya Birla Sun Life Banking & PSU Debt Fund  - DIRECT - IDCW,Aditya Birla Sun Life Mutual Fund,Debt Scheme - Banking and PSU Fund,2021-08-25,143.5853
119551,Aditya Birla Sun Life Banking & PSU Debt Fund  - DIRECT - IDCW,Aditya Birla Sun Life Mutual Fund,Debt Scheme - Banking and PSU Fund,2021-08-26,143.5893
119551,Aditya Birla Sun Life Banking & PSU Debt Fund  - DIRECT - IDCW,Aditya Birla Sun Life Mutual Fund,Debt Scheme - Banking and PSU Fund,2021-08-27,143.6277
119551,Aditya Birla Sun Life Banking & PSU Debt Fund  - DIRECT - IDCW,Aditya Birla Sun Life Mutual Fund,Debt Scheme - Banking and PSU Fund,2021-08-30,143.7535
119551,Aditya Birla Sun Life Banking & PSU Debt Fund  - DIRECT - IDCW,Aditya Birla Sun Life Mutual Fund,Debt Scheme - Banking and PSU Fund,2021-08-31,143.7984
119551,Aditya Birla Sun Life Banking & PSU Debt Fund  - DIRECT - IDCW,Aditya Birla Sun Life Mutual Fund,Debt Scheme - Banking and PSU Fund,2021-09-01,143.8746
119551,Aditya Birla Sun Life Banking & PSU Debt Fund  - DIRECT - IDCW,Aditya Birla Sun Life Mutual Fund,Debt Scheme - Banking and PSU Fund,2021-09-02,143.9444
119551,Aditya Birla Sun Life Banking & PSU Debt Fund  - DIRECT - IDCW,Aditya Birla Sun Life Mutual Fund,Debt Scheme - Banking and PSU Fund,2021-09-03,143.9699
119551,Aditya Birla Sun Life Banking & PSU Debt Fund  - DIRECT - IDCW,Aditya Birla Sun Life Mutual Fund,Debt Scheme - Banking and PSU Fund,2021-09-06,144.0148
119551,Aditya Birla Sun Life Banking & PSU Debt Fund  - DIRECT - IDCW,Aditya Birla Sun Life Mutual Fund,Debt Scheme - Banking and PSU Fund,2021-09-07,144.0042
119551,Aditya Birla Sun Life Banking & PSU Debt Fund  - DIRECT - IDCW,Aditya Birla Sun Life Mutual Fund,Debt Scheme - Banking and PSU Fund,2021-09-08,144.0275
119551,Aditya Birla Sun Life Banking & PSU Debt Fund  - DIRECT - IDCW,Aditya Birla Sun Life Mutual Fund,Debt Scheme - Banking and PSU Fund,2021-09-09,144.0574
119551,Aditya Birla Sun Life Banking & PSU Debt Fund  - DIRECT - IDCW,Aditya Birla Sun Life Mutual Fund,Debt Scheme - Banking and PSU Fund,2021-09-13,144.1118
119551,Aditya Birla Sun Life Banking & PSU Debt Fund  - DIRECT - IDCW,Aditya Birla Sun Life Mutual Fund,Debt Scheme - Banking and PSU Fund,2021-09-14,144.1251
119551,Aditya Birla Sun Life Banking & PSU Debt Fund  - DIRECT - IDCW,Aditya Birla Sun Life Mutual Fund,Debt Scheme - Banking and PSU Fund,2021-09-15,131.1996
119551,Aditya Birla Sun Life Banking & PSU Debt Fund  - DIRECT - IDCW,Aditya Birla Sun Life Mutual Fund,Debt Scheme - Banking and PSU Fund,2021-09-16,131.2345
119551,Aditya Birla Sun Life Banking & PSU Debt Fund  - DIRECT - IDCW,Aditya Birla Sun Life Mutual Fund,Debt Scheme - Banking and PSU Fund,2021-09-17,131.2591
119551,Aditya Birla Sun Life Banking & PSU Debt Fund  - DIRECT - IDCW,Aditya Birla Sun Life Mutual Fund,Debt Scheme - Banking and PSU Fund,2021-09-20,131.3222
119551,Aditya Birla Sun Life Banking & PSU Debt Fund  - DIRECT - IDCW,Aditya Birla Sun Life Mutual Fund,Debt Scheme - Banking and PSU Fund,2021-09-21,131.3316
119551,Aditya Birla Sun Life Banking & PSU Debt Fund  - DIRECT - IDCW,Aditya Birla Sun Life Mutual Fund,Debt Scheme - Banking and PSU Fund,2021-09-22,131.3513
119551,Aditya Birla Sun Life Banking & PSU Debt Fund  - DIRECT - IDCW,Aditya Birla Sun Life Mutual Fund,Debt Scheme - Banking and PSU Fund,2021-09-23,131.3554
119551,Aditya Birla Sun Life Banking & PSU Debt Fund  - DIRECT - IDCW,Aditya Birla Sun Life Mutual Fund,Debt Scheme - Banking and PSU Fund,2021-09-24,131.2694
119551,Aditya Birla Sun Life Banking & PSU Debt Fund  - DIRECT - IDCW,Aditya Birla Sun Life Mutual Fund,Debt Scheme - Banking and PSU Fund,2021-09-27,131.258
119551,Aditya Birla Sun Life Banking & PSU Debt Fund  - DIRECT - IDCW,Aditya Birla Sun Life Mutual Fund,Debt Scheme - Banking and PSU Fund,2021-09-28,131.3044
119551,Aditya Birla Sun Life Banking & PSU Debt Fund  - DIRECT - IDCW,Aditya Birla Sun Life Mutual Fund,Debt Scheme - Banking and PSU Fund,2021-09-29,131.2328
119551,Aditya Birla Sun Life Banking & PSU Debt Fund  - DIRECT - IDCW,Aditya Birla Sun Life Mutual Fund,Debt Scheme - Banking and PSU Fund,2021-09-30,131.2526
119551,Aditya Birla Sun Life Banking & PSU Debt Fund  - DIRECT - IDCW,Aditya Birla Sun Life Mutual Fund,Debt Scheme - Banking and PSU Fund,2021-10-01,131.2393
119551,Aditya Birla Sun Life Banking & PSU Debt Fund  - DIRECT - IDCW,Aditya Birla Sun Life Mutual Fund,Debt Scheme - Banking and PSU Fund,2021-10-04,131.3094
119551,Aditya Birla Sun Life Banking & PSU Debt Fund  - DIRECT - IDCW,Aditya Birla Sun Life Mutual Fund,Debt Scheme - Banking and PSU Fund,2021-10-05,131.2616
119551,Aditya Birla Sun Life Banking & PSU Debt Fund  - DIRECT - IDCW,Aditya Birla Sun Life Mutual Fund,Debt Scheme - Banking and PSU Fund,2021-10-06,131.2459
119551,Aditya Birla Sun Life Banking & PSU Debt Fund  - DIRECT - IDCW,Aditya Birla Sun Life Mutual Fund,Debt Scheme - Banking and PSU Fund,2021-10-07,131.2265
119551,Aditya Birla Sun Life Banking & PSU Debt Fund  - DIRECT - IDCW,Aditya Birla Sun Life Mutual Fund,Debt Scheme - Banking and PSU Fund,2021-10-08,131.2335
119551,Aditya Birla Sun Life Banking & PSU Debt Fund  - DIRECT - IDCW,Aditya Birla Sun Life Mutual Fund,Debt Scheme - Banking and PSU Fund,2021-10-11,131.2562
119551,Aditya Birla Sun Life Banking & PSU Debt Fund  - DIRECT - IDCW,Aditya Birla Sun Life Mutual Fund,Debt Scheme - Banking and PSU Fund,2021-10-12,131.2981
119551,Aditya Birla Sun Life Banking & PSU Debt Fund  - DIRECT - IDCW,Aditya Birla Sun Life Mutual Fund,Debt Scheme - Banking and PSU Fund,2021-10-13,131.3582
119551,Aditya Birla Sun Life Banking & PSU Debt Fund  - DIRECT - IDCW,Aditya Birla Sun Life Mutual Fund,Debt Scheme - Banking and PSU Fund,2021-10-14,131.3603
119551,Aditya Birla Sun Life Banking & PSU Debt Fund  - DIRECT - IDCW,Aditya Birla Sun Life Mutual Fund,Debt Scheme - Banking and PSU Fund,2021-10-18,131.3686
119551,Aditya Birla Sun Life Banking & PSU Debt Fund  - DIRECT - IDCW,Aditya Birla Sun Life Mutual Fund,Debt Scheme - Banking and PSU Fund,2021-10-20,131.3437
119551,Aditya Birla Sun Life Banking & PSU Debt Fund  - DIRECT - IDCW,Aditya Birla Sun Life Mutual Fund,Debt Scheme - Banking and PSU Fund,2021-10-21,131.4413
119551,Aditya Birla Sun Life Banking & PSU Debt Fund  - DIRECT - IDCW,Aditya Birla Sun Life Mutual Fund,Debt Scheme - Banking and PSU Fund,2021-10-22,131.4697
119551,Aditya Birla Sun Life Banking & PSU Debt Fund  - DIRECT - IDCW,Aditya Birla Sun Life Mutual Fund,Debt Scheme - Banking and PSU Fund,2021-10-25,131.5009
119551,Aditya Birla Sun Life Banking & PSU Debt Fund  - DIRECT - IDCW,Aditya Birla Sun Life Mutual Fund,Debt Scheme - Banking and PSU Fund,2021-10-26,131.4286
119551,Aditya Birla Sun Life Banking & PSU Debt Fund  - DIRECT - IDCW,Aditya Birla Sun Life Mutual Fund,Debt Scheme - Banking and PSU Fund,2021-10-27,131.4254
119551,Aditya Birla Sun Life Banking & PSU Debt Fund  - DIRECT - IDCW,Aditya Birla Sun Life Mutual Fund,Debt Scheme - Banking and PSU Fund,2021-10-28,131.396
119551,Aditya Birla Sun Life Banking & PSU Debt Fund  - DIRECT - IDCW,Aditya Birla Sun Life Mutual Fund,Debt Scheme - Banking and PSU Fund,2021-10-29,131.3687
119551,Aditya Birla Sun Life Banking & PSU Debt Fund  - DIRECT - IDCW,Aditya Birla Sun Life Mutual Fund,Debt Scheme - Banking and PSU Fund,2021-11-01,131.3951
119551,Aditya Birla Sun Life Banking & PSU Debt Fund  - DIRECT - IDCW,Aditya Birla Sun Life Mutual Fund,Debt Scheme - Banking and PSU Fund,2021-11-02,131.3907
119551,Aditya Birla Sun Life Banking & PSU Debt Fund  - DIRECT - IDCW,Aditya Birla Sun Life Mutual Fund,Debt Scheme - Banking and PSU Fund,2021-11-03,131.4386
119551,Aditya Birla Sun Life Banking & PSU Debt Fund  - DIRECT - IDCW,Aditya Birla Sun Life Mutual Fund,Debt Scheme - Banking and PSU Fund,2021-11-08,131.6163
119551,Aditya Birla Sun Life Banking & PSU Debt Fund  - DIRECT - IDCW,Aditya Birla Sun Life Mutual Fund,Debt Scheme - Banking and PSU Fund,2021-11-09,131.6599
119551,Aditya Birla Sun Life Banking & PSU Debt Fund  - DIRECT - IDCW,Aditya Birla Sun Life Mutual Fund,Debt Scheme - Banking and PSU Fund,2021-11-10,131.659
119551,Aditya Birla Sun Life Banking & PSU Debt Fund  - DIRECT - IDCW,Aditya Birla Sun Life Mutual Fund,Debt Scheme - Banking and PSU Fund,2021-11-11,131.6866
119551,Aditya Birla Sun Life Banking & PSU Debt Fund  - DIRECT - IDCW,Aditya Birla Sun Life Mutual Fund,Debt Scheme - Banking and PSU Fund,2021-11-12,131.6894
119551,Aditya Birla Sun Life Banking & PSU Debt Fund  - DIRECT - IDCW,Aditya Birla Sun Life Mutual Fund,Debt Scheme - Banking and PSU Fund,2021-11-15,131.7417
119551,Aditya Birla Sun Life Banking & PSU Debt Fund  - DIRECT - IDCW,Aditya Birla Sun Life Mutual Fund,Debt Scheme - Banking and PSU Fund,2021-11-16,131.7479
119551,Aditya Birla Sun Life Banking & PSU Debt Fund  - DIRECT - IDCW,Aditya Birla Sun Life Mutual Fund,Debt Scheme - Banking and PSU Fund,2021-11-17,131.7489
119551,Aditya Birla Sun Life Banking & PSU Debt Fund  - DIRECT - IDCW,Aditya Birla Sun Life Mutual Fund,Debt Scheme - Banking and PSU Fund,2021-11-18,131.7944
119551,Aditya Birla Sun Life Banking & PSU Debt Fund  - DIRECT - IDCW,Aditya Birla Sun Life Mutual Fund,Debt Scheme - Banking and PSU Fund,2021-11-22,131.858
119551,Aditya Birla Sun Life Banking & PSU Debt Fund  - DIRECT - IDCW,Aditya Birla Sun Life Mutual Fund,Debt Scheme - Banking and PSU Fund,2021-11-23,131.8686
119551,Aditya Birla Sun Life Banking & PSU Debt Fund  - DIRECT - IDCW,Aditya Birla Sun Life Mutual Fund,Debt Scheme - Banking and PSU Fund,2021-11-24,131.8645
119551,Aditya Birla Sun Life Banking & PSU Debt Fund  - DIRECT - IDCW,Aditya Birla Sun Life Mutual Fund,Debt Scheme - Banking and PSU Fund,2021-11-25,131.8704
119551,Aditya Birla Sun Life Banking & PSU Debt Fund  - DIRECT - IDCW,Aditya Birla Sun Life Mutual Fund,Debt Scheme - Banking and PSU Fund,2021-11-26,131.8818
119551,Aditya Birla Sun Life Banking & PSU Debt Fund  - DIRECT - IDCW,Aditya Birla Sun Life Mutual Fund,Debt Scheme - Banking and PSU Fund,2021-11-29,131.9194
119551,Aditya Birla Sun Life Banking & PSU Debt Fund  - DIRECT - IDCW,Aditya Birla Sun Life Mutual Fund,Debt Scheme - Banking and PSU Fund,2021-11-30,131.9668
119551,Aditya Birla Sun Life Banking & PSU Debt Fund  - DIRECT - IDCW,Aditya Birla Sun Life Mutual Fund,Debt Scheme - Banking and PSU Fund,2021-12-01,131.9697
119551,Aditya Birla Sun Life Banking & PSU Debt Fund  - DIRECT - IDCW,Aditya Birla Sun Life Mutual Fund,Debt Scheme - Banking and PSU Fund,2021-12-02,132.0146
119551,Aditya Birla Sun Life Banking & PSU Debt Fund  - DIRECT - IDCW,Aditya Birla Sun Life Mutual Fund,Debt Scheme - Banking and PSU Fund,2021-12-03,132.0162
119551,Aditya Birla Sun Life Banking & PSU Debt Fund  - DIRECT - IDCW,Aditya Birla Sun Life Mutual Fund,Debt Scheme - Banking and PSU Fund,2021-12-06,132.0903
119551,Aditya Birla Sun Life Banking & PSU Debt Fund  - DIRECT - IDCW,Aditya Birla Sun Life Mutual Fund,Debt Scheme - Banking and PSU Fund,2021-12-07,132.0998
119551,Aditya Birla Sun Life Banking & PSU Debt Fund  - DIRECT - IDCW,Aditya Birla Sun Life Mutual Fund,Debt Scheme - Banking and PSU Fund,2021-12-08,132.1611
119551,Aditya Birla Sun Life Banking & PSU Debt Fund  - DIRECT - IDCW,Aditya Birla Sun Life Mutual Fund,Debt Scheme - Banking and PSU Fund,2021-12-09,132.162
119551,Aditya Birla Sun Life Banking & PSU Debt Fund  - DIRECT - IDCW,Aditya Birla Sun Life Mutual Fund,Debt Scheme - Banking and PSU Fund,2021-12-10,132.1656
119551,Aditya Birla Sun Life Banking & PSU Debt Fund  - DIRECT - IDCW,Aditya Birla Sun Life Mutual Fund,Debt Scheme - Banking and PSU Fund,2021-12-13,132.1789
119551,Aditya Birla Sun Life Banking & PSU Debt Fund  - DIRECT - IDCW,Aditya Birla Sun Life Mutual Fund,Debt Scheme - Banking and PSU Fund,2021-12-14,132.2368
119551,Aditya Birla Sun Life Banking & PSU Debt Fund  - DIRECT - IDCW,Aditya Birla Sun Life Mutual Fund,Debt Scheme - Banking and PSU Fund,2021-12-15,132.2563
119551,Aditya Birla Sun Life Banking & PSU Debt Fund  - DIRECT - IDCW,Aditya Birla Sun Life Mutual Fund,Debt Scheme - Banking and PSU Fund,2021-12-16,132.2637
119551,Aditya Birla Sun Life Banking & PSU Debt Fund  - DIRECT - IDCW,Aditya Birla Sun Life Mutual Fund,Debt Scheme - Banking and PSU Fund,2021-12-17,132.2288
119551,Aditya Birla Sun Life Banking & PSU Debt Fund  - DIRECT - IDCW,Aditya Birla Sun Life Mutual Fund,Debt Scheme - Banking and PSU Fund,2021-12-20,132.1983
119551,Aditya Birla Sun Life Banking & PSU Debt Fund  - DIRECT - IDCW,Aditya Birla Sun Life Mutual Fund,Debt Scheme - Banking and PSU Fund,2021-12-21,132.1135
119551,Aditya Birla Sun Life Banking & PSU Debt Fund  - DIRECT - IDCW,Aditya Birla Sun Life Mutual Fund,Debt Scheme - Banking and PSU Fund,2021-12-22,120.8645
119551,Aditya Birla Sun Life Banking & PSU Debt Fund  - DIRECT - IDCW,Aditya Birla Sun Life Mutual Fund,Debt Scheme - Banking and PSU Fund,2021-12-23,120.8813
119551,Aditya Birla Sun Life Banking & PSU Debt Fund  - DIRECT - IDCW,Aditya Birla Sun Life Mutual Fund,Debt Scheme - Banking and PSU Fund,2021-12-24,120.886
119551,Aditya Birla Sun Life Banking & PSU Debt Fund  - DIRECT - IDCW,Aditya Birla Sun Life Mutual Fund,Debt Scheme - Banking and PSU Fund,2021-12-27,120.9367
119551,Aditya Birla Sun Life Banking & PSU Debt Fund  - DIRECT - IDCW,Aditya Birla Sun Life Mutual Fund,Debt Scheme - Banking and PSU Fund,2021-12-28,120.8977
119551,Aditya Birla Sun Life Banking & PSU Debt Fund  - DIRECT - IDCW,Aditya Birla Sun Life Mutual Fund,Debt Scheme - Banking and PSU Fund,2021-12-29,120.9039
119551,Aditya Birla Sun Life Banking & PSU Debt Fund  - DIRECT - IDCW,Aditya Birla Sun Life Mutual Fund,Debt Scheme - Banking and PSU Fund,2021-12-30,120.9049
119551,Aditya Birla Sun Life Banking & PSU Debt Fund  - DIRECT - IDCW,Aditya Birla Sun Life Mutual Fund,Debt Scheme - Banking and PSU Fund,2021-12-31,120.9424
119551,Aditya Birla Sun Life Banking & PSU Debt Fund  - DIRECT - IDCW,Aditya Birla Sun Life Mutual Fund,Debt Scheme - Banking and PSU Fund,2022-01-03,120.9791
119551,Aditya Birla Sun Life Banking & PSU Debt Fund  - DIRECT - IDCW,Aditya Birla Sun Life Mutual Fund,Debt Scheme - Banking and PSU Fund,2022-01-04,120.9326
119551,Aditya Birla Sun Life Banking & PSU Debt Fund  - DIRECT - IDCW,Aditya Birla Sun Life Mutual Fund,Debt Scheme - Banking and PSU Fund,2022-01-05,120.9314
119551,Aditya Birla Sun Life Banking & PSU Debt Fund  - DIRECT - IDCW,Aditya Birla Sun Life Mutual Fund,Debt Scheme - Banking and PSU Fund,2022-01-06,120.9577
119551,Aditya Birla Sun Life Banking & PSU Debt Fund  - DIRECT - IDCW,Aditya Birla Sun Life Mutual Fund,Debt Scheme - Banking and PSU Fund,2022-01-07,120.9547
119551,Aditya Birla Sun Life Banking & PSU Debt Fund  - DIRECT - IDCW,Aditya Birla Sun Life Mutual Fund,Debt Scheme - Banking and PSU Fund,2022-01-10,120.9198
119551,Aditya Birla Sun Life Banking & PSU Debt Fund  - DIRECT - IDCW,Aditya Birla Sun Life Mutual Fund,Debt Scheme - Banking and PSU Fund,2022-01-11,120.9723
119551,Aditya Birla Sun Life Banking & PSU Debt Fund  - DIRECT - IDCW,Aditya Birla Sun Life Mutual Fund,Debt Scheme - Banking and PSU Fund,2022-01-12,121.0236
119551,Aditya Birla Sun Life Banking & PSU Debt Fund  - DIRECT - IDCW,Aditya Birla Sun Life Mutual Fund,Debt Scheme - Banking and PSU Fund,2022-01-13,121.0679
119551,Aditya Birla Sun Life Banking & PSU Debt Fund  - DIRECT - IDCW,Aditya Birla Sun Life Mutual Fund,Debt Scheme - Banking and PSU Fund,2022-01-14,121.0906
119551,Aditya Birla Sun Life Banking & PSU Debt Fund  - DIRECT - IDCW,Aditya Birla Sun Life Mutual Fund,Debt Scheme - Banking and PSU Fund,2022-01-17,121.0746
119551,Aditya Birla Sun Life Banking & PSU Debt Fund  - DIRECT - IDCW,Aditya Birla Sun Life Mutual Fund,Debt Scheme - Banking and PSU Fund,2022-01-18,121.0769
119551,Aditya Birla Sun Life Banking & PSU Debt Fund  - DIRECT - IDCW,Aditya Birla Sun Life Mutual Fund,Debt Scheme - Banking and PSU Fund,2022-01-19,121.0829
119551,Aditya Birla Sun Life Banking & PSU Debt Fund  - DIRECT - IDCW,Aditya Birla Sun Life Mutual Fund,Debt Scheme - Banking and PSU Fund,2022-01-20,121.1056
119551,Aditya Birla Sun Life Banking & PSU Debt Fund  - DIRECT - IDCW,Aditya Birla Sun Life Mutual Fund,Debt Scheme - Banking and PSU Fund,2022-01-21,121.133
119551,Aditya Birla Sun Life Banking & PSU Debt Fund  - DIRECT - IDCW,Aditya Birla Sun Life Mutual Fund,Debt Scheme - Banking and PSU Fund,2022-01-24,121.1248
119551,Aditya Birla Sun Life Banking & PSU Debt Fund  - DIRECT - IDCW,Aditya Birla Sun Life Mutual Fund,Debt Scheme - Banking and PSU Fund,2022-01-25,121.1535
119551,Aditya Birla Sun Life Banking & PSU Debt Fund  - DIRECT - IDCW,Aditya Birla Sun Life Mutual Fund,Debt Scheme - Banking and PSU Fund,2022-01-27,121.1095
119551,Aditya Birla Sun Life Banking & PSU Debt Fund  - DIRECT - IDCW,Aditya Birla Sun Life Mutual Fund,Debt Scheme - Banking and PSU Fund,2022-01-28,121.1287
119551,Aditya Birla Sun Life Banking & PSU Debt Fund  - DIRECT - IDCW,Aditya Birla Sun Life Mutual Fund,Debt Scheme - Banking and PSU Fund,2022-01-31,121.2264
119551,Aditya Birla Sun Life Banking & PSU Debt Fund  - DIRECT - IDCW,Aditya Birla Sun Life Mutual Fund,Debt Scheme - Banking and PSU Fund,2022-02-01,121.041
119551,Aditya Birla Sun Life Banking & PSU Debt Fund  - DIRECT - IDCW,Aditya Birla Sun Life Mutual Fund,Debt Scheme - Banking and PSU Fund,2022-02-02,120.9797
119551,Aditya Birla Sun Life Banking & PSU Debt Fund  - DIRECT - IDCW,Aditya Birla Sun Life Mutual Fund,Debt Scheme - Banking and PSU Fund,2022-02-03,121.0079
119551,Aditya Birla Sun Life Banking & PSU Debt Fund  - DIRECT - IDCW,Aditya Birla Sun Life Mutual Fund,Debt Scheme - Banking and PSU Fund,2022-02-04,121.0091
119551,Aditya Birla Sun Life Banking & PSU Debt Fund  - DIRECT - IDCW,Aditya Birla Sun Life Mutual Fund,Debt Scheme - Banking and PSU Fund,2022-02-08,121.1629
119551,Aditya Birla Sun Life Banking & PSU Debt Fund  - DIRECT - IDCW,Aditya Birla Sun Life Mutual Fund,Debt Scheme - Banking and PSU Fund,2022-02-09,121.2257
119551,Aditya Birla Sun Life Banking & PSU Debt Fund  - DIRECT - IDCW,Aditya Birla Sun Life Mutual Fund,Debt Scheme - Banking and PSU Fund,2022-02-10,121.4458
119551,Aditya Birla Sun Life Banking & PSU Debt Fund  - DIRECT - IDCW,Aditya Birla Sun Life Mutual Fund,Debt Scheme - Banking and PSU Fund,2022-02-11,121.5265
119551,Aditya Birla Sun Life Banking & PSU Debt Fund  - DIRECT - IDCW,Aditya Birla Sun Life Mutual Fund,Debt Scheme - Banking and PSU Fund,2022-02-14,121.6236
119551,Aditya Birla Sun Life Banking & PSU Debt Fund  - DIRECT - IDCW,Aditya Birla Sun Life Mutual Fund,Debt Scheme - Banking and PSU Fund,2022-02-15,121.6181
119551,Aditya Birla Sun Life Banking & PSU Debt Fund  - DIRECT - IDCW,Aditya Birla Sun Life Mutual Fund,Debt Scheme - Banking and PSU Fund,2022-02-16,121.6448
119551,Aditya Birla Sun Life Banking & PSU Debt Fund  - DIRECT - IDCW,Aditya Birla Sun Life Mutual Fund,Debt Scheme - Banking and PSU Fund,2022-02-17,121.6561
119551,Aditya Birla Sun Life Banking & PSU Debt Fund  - DIRECT - IDCW,Aditya Birla Sun Life Mutual Fund,Debt Scheme - Banking and PSU Fund,2022-02-18,121.6824
119551,Aditya Birla Sun Life Banking & PSU Debt Fund  - DIRECT - IDCW,Aditya Birla Sun Life Mutual Fund,Debt Scheme - Banking and PSU Fund,2022-02-21,121.7193
119551,Aditya Birla Sun Life Banking & PSU Debt Fund  - DIRECT - IDCW,Aditya Birla Sun Life Mutual Fund,Debt Scheme - Banking and PSU Fund,2022-02-22,121.6893
119551,Aditya Birla Sun Life Banking & PSU Debt Fund  - DIRECT - IDCW,Aditya Birla Sun Life Mutual Fund,Debt Scheme - Banking and PSU Fund,2022-02-23,121.7264
119551,Aditya Birla Sun Life Banking & PSU Debt Fund  - DIRECT - IDCW,Aditya Birla Sun Life Mutual Fund,Debt Scheme - Banking and PSU Fund,2022-02-24,121.7161
119551,Aditya Birla Sun Life Banking & PSU Debt Fund  - DIRECT - IDCW,Aditya Birla Sun Life Mutual Fund,Debt Scheme - Banking and PSU Fund,2022-02-25,121.7161
119551,Aditya Birla Sun Life Banking & PSU Debt Fund  - DIRECT - IDCW,Aditya Birla Sun Life Mutual Fund,Debt Scheme - Banking and PSU Fund,2022-02-28,121.7348
119551,Aditya Birla Sun Life Banking & PSU Debt Fund  - DIRECT - IDCW,Aditya Birla Sun Life Mutual Fund,Debt Scheme - Banking and PSU Fund,2022-03-02,121.665
119551,Aditya Birla Sun Life Banking & PSU Debt Fund  - DIRECT - IDCW,Aditya Birla Sun Life Mutual Fund,Debt Scheme - Banking and PSU Fund,2022-03-03,121.6296
119551,Aditya Birla Sun Life Banking & PSU Debt Fund  - DIRECT - IDCW,Aditya Birla Sun Life Mutual Fund,Debt Scheme - Banking and PSU Fund,2022-03-04,121.6603
119551,Aditya Birla Sun Life Banking & PSU Debt Fund  - DIRECT - IDCW,Aditya Birla Sun Life Mutual Fund,Debt Scheme - Banking and PSU Fund,2022-03-07,121.6023
119551,Aditya Birla Sun Life Banking & PSU Debt Fund  - DIRECT - IDCW,Aditya Birla Sun Life Mutual Fund,Debt Scheme - Banking and PSU Fund,2022-03-08,121.5935
119551,Aditya Birla Sun Life Banking & PSU Debt Fund  - DIRECT - IDCW,Aditya Birla Sun Life Mutual Fund,Debt Scheme - Banking and PSU Fund,2022-03-09,121.6144
119551,Aditya Birla Sun Life Banking & PSU Debt Fund  - DIRECT - IDCW,Aditya Birla Sun Life Mutual Fund,Debt Scheme - Banking and PSU Fund,2022-03-10,121.6699
119551,Aditya Birla Sun Life Banking & PSU Debt Fund  - DIRECT - IDCW,Aditya Birla Sun Life Mutual Fund,Debt Scheme - Banking and PSU Fund,2022-03-11,121.6652
119551,Aditya Birla Sun Life Banking & PSU Debt Fund  - DIRECT - IDCW,Aditya Birla Sun Life Mutual Fund,Debt Scheme - Banking and PSU Fund,2022-03-14,121.7179
119551,Aditya Birla Sun Life Banking & PSU Debt Fund  - DIRECT - IDCW,Aditya Birla Sun Life Mutual Fund,Debt Scheme - Banking and PSU Fund,2022-03-15,121.8177
119551,Aditya Birla Sun Life Banking & PSU Debt Fund  - DIRECT - IDCW,Aditya Birla Sun Life Mutual Fund,Debt Scheme - Banking and PSU Fund,2022-03-16,121.7919
119551,Aditya Birla Sun Life Banking & PSU Debt Fund  - DIRECT - IDCW,Aditya Birla Sun Life Mutual Fund,Debt Scheme - Banking and PSU Fund,2022-03-17,121.8816
119551,Aditya Birla Sun Life Banking & PSU Debt Fund  - DIRECT - IDCW,Aditya Birla Sun Life Mutual Fund,Debt Scheme - Banking and PSU Fund,2022-03-21,121.9474
119551,Aditya Birla Sun Life Banking & PSU Debt Fund  - DIRECT - IDCW,Aditya Birla Sun Life Mutual Fund,Debt Scheme - Banking and PSU Fund,2022-03-22,121.9441
119551,Aditya Birla Sun Life Banking & PSU Debt Fund  - DIRECT - IDCW,Aditya Birla Sun Life Mutual Fund,Debt Scheme - Banking and PSU Fund,2022-03-23,112.8231
119551,Aditya Birla Sun Life Banking & PSU Debt Fund  - DIRECT - IDCW,Aditya Birla Sun Life Mutual Fund,Debt Scheme - Banking and PSU Fund,2022-03-24,112.8542
119551,Aditya Birla Sun Life Banking & PSU Debt Fund  - DIRECT - IDCW,Aditya Birla Sun Life Mutual Fund,Debt Scheme - Banking and PSU Fund,2022-03-25,112.9034
119551,Aditya Birla Sun Life Banking & PSU Debt Fund  - DIRECT - IDCW,Aditya Birla Sun Life Mutual Fund,Debt Scheme - Banking and PSU Fund,2022-03-28,112.9448
119551,Aditya Birla Sun Life Banking & PSU Debt Fund  - DIRECT - IDCW,Aditya Birla Sun Life Mutual Fund,Debt Scheme - Banking and PSU Fund,2022-03-29,112.9912
119551,Aditya Birla Sun Life Banking & PSU Debt Fund  - DIRECT - IDCW,Aditya Birla Sun Life Mutual Fund,Debt Scheme - Banking and PSU Fund,2022-03-30,113.0255
119551,Aditya Birla Sun Life Banking & PSU Debt Fund  - DIRECT - IDCW,Aditya Birla Sun Life Mutual Fund,Debt Scheme - Banking and PSU Fund,2022-03-31,113.0782
119551,Aditya Birla Sun Life Banking & PSU Debt Fund  - DIRECT - IDCW,Aditya Birla Sun Life Mutual Fund,Debt Scheme - Banking and PSU Fund,2022-04-04,113.1171
119551,Aditya Birla Sun Life Banking & PSU Debt Fund  - DIRECT - IDCW,Aditya Birla Sun Life Mutual Fund,Debt Scheme - Banking and PSU Fund,2022-04-05,113.1661
119551,Aditya Birla Sun Life Banking & PSU Debt Fund  - DIRECT - IDCW,Aditya Birla Sun Life Mutual Fund,Debt Scheme - Banking and PSU Fund,2022-04-06,113.1607
119551,Aditya Birla Sun Life Banking & PSU Debt Fund  - DIRECT - IDCW,Aditya Birla Sun Life Mutual Fund,Debt Scheme - Banking and PSU Fund,2022-04-07,113.1825
119551,Aditya Birla Sun Life Banking & PSU Debt Fund  - DIRECT - IDCW,Aditya Birla Sun Life Mutual Fund,Debt Scheme - Banking and PSU Fund,2022-04-08,112.9062
119551,Aditya Birla Sun Life Banking & PSU Debt Fund  - DIRECT - IDCW,Aditya Birla Sun Life Mutual Fund,Debt Scheme - Banking and PSU Fund,2022-04-11,112.8479
119551,Aditya Birla Sun Life Banking & PSU Debt Fund  - DIRECT - IDCW,Aditya Birla Sun Life Mutual Fund,Debt Scheme - Banking and PSU Fund,2022-04-12,112.8405
119551,Aditya Birla Sun Life Banking & PSU Debt Fund  - DIRECT - IDCW,Aditya Birla Sun Life Mutual Fund,Debt Scheme - Banking and PSU Fund,2022-04-13,112.6844
119551,Aditya Birla Sun Life Banking & PSU Debt Fund  - DIRECT - IDCW,Aditya Birla Sun Life Mutual Fund,Debt Scheme - Banking and PSU Fund,2022-04-18,112.8584
119551,Aditya Birla Sun Life Banking & PSU Debt Fund  - DIRECT - IDCW,Aditya Birla Sun Life Mutual Fund,Debt Scheme - Banking and PSU Fund,2022-04-19,112.9046
119551,Aditya Birla Sun Life Banking & PSU Debt Fund  - DIRECT - IDCW,Aditya Birla Sun Life Mutual Fund,Debt Scheme - Banking and PSU Fund,2022-04-20,112.936
119551,Aditya Birla Sun Life Banking & PSU Debt Fund  - DIRECT - IDCW,Aditya Birla Sun Life Mutual Fund,Debt Scheme - Banking and PSU Fund,2022-04-21,112.956
119551,Aditya Birla Sun Life Banking & PSU Debt Fund  - DIRECT - IDCW,Aditya Birla Sun Life Mutual Fund,Debt Scheme - Banking and PSU Fund,2022-04-22,112.959
119551,Aditya Birla Sun Life Banking & PSU Debt Fund  - DIRECT - IDCW,Aditya Birla Sun Life Mutual Fund,Debt Scheme - Banking and PSU Fund,2022-04-25,113.0615
119551,Aditya Birla Sun Life Banking & PSU Debt Fund  - DIRECT - IDCW,Aditya Birla Sun Life Mutual Fund,Debt Scheme - Banking and PSU Fund,2022-04-26,113.0579
119551,Aditya Birla Sun Life Banking & PSU Debt Fund  - DIRECT - IDCW,Aditya Birla Sun Life Mutual Fund,Debt Scheme - Banking and PSU Fund,2022-04-27,113.0954
119551,Aditya Birla Sun Life Banking & PSU Debt Fund  - DIRECT - IDCW,Aditya Birla Sun Life Mutual Fund,Debt Scheme - Banking and PSU Fund,2022-04-28,113.0848
119551,Aditya Birla Sun Life Banking & PSU Debt Fund  - DIRECT - IDCW,Aditya Birla Sun Life Mutual Fund,Debt Scheme - Banking and PSU Fund,2022-04-29,113.0956
119551,Aditya Birla Sun Life Banking & PSU Debt Fund  - DIRECT - IDCW,Aditya Birla Sun Life Mutual Fund,Debt Scheme - Banking and PSU Fund,2022-05-02,113.1319
119551,Aditya Birla Sun Life Banking & PSU Debt Fund  - DIRECT - IDCW,Aditya Birla Sun Life Mutual Fund,Debt Scheme - Banking and PSU Fund,2022-05-04,112.4331
119551,Aditya Birla Sun Life Banking & PSU Debt Fund  - DIRECT - IDCW,Aditya Birla Sun Life Mutual Fund,Debt Scheme - Banking and PSU Fund,2022-05-05,112.3588
119551,Aditya Birla Sun Life Banking & PSU Debt Fund  - DIRECT - IDCW,Aditya Birla Sun Life Mutual Fund,Debt Scheme - Banking and PSU Fund,2022-05-06,112.244
119551,Aditya Birla Sun Life Banking & PSU Debt Fund  - DIRECT - IDCW,Aditya Birla Sun Life Mutual Fund,Debt Scheme - Banking and PSU Fund,2022-05-09,112.2672
119551,Aditya Birla Sun Life Banking & PSU Debt Fund  - DIRECT - IDCW,Aditya Birla Sun Life Mutual Fund,Debt Scheme - Banking and PSU Fund,2022-05-10,112.3479
119551,Aditya Birla Sun Life Banking & PSU Debt Fund  - DIRECT - IDCW,Aditya Birla Sun Life Mutual Fund,Debt Scheme - Banking and PSU Fund,2022-05-11,112.3991
119551,Aditya Birla Sun Life Banking & PSU Debt Fund  - DIRECT - IDCW,Aditya Birla Sun Life Mutual Fund,Debt Scheme - Banking and PSU Fund,2022-05-12,112.433
119551,Aditya Birla Sun Life Banking & PSU Debt Fund  - DIRECT - IDCW,Aditya Birla Sun Life Mutual Fund,Debt Scheme - Banking and PSU Fund,2022-05-13,112.3647
119551,Aditya Birla Sun Life Banking & PSU Debt Fund  - DIRECT - IDCW,Aditya Birla Sun Life Mutual Fund,Debt Scheme - Banking and PSU Fund,2022-05-17,112.4137
119551,Aditya Birla Sun Life Banking & PSU Debt Fund  - DIRECT - IDCW,Aditya Birla Sun Life Mutual Fund,Debt Scheme - Banking and PSU Fund,2022-05-18,112.4368
119551,Aditya Birla Sun Life Banking & PSU Debt Fund  - DIRECT - IDCW,Aditya Birla Sun Life Mutual Fund,Debt Scheme - Banking and PSU Fund,2022-05-19,112.4539
119551,Aditya Birla Sun Life Banking & PSU Debt Fund  - DIRECT - IDCW,Aditya Birla Sun Life Mutual Fund,Debt Scheme - Banking and PSU Fund,2022-05-20,112.4374
119551,Aditya Birla Sun Life Banking & PSU Debt Fund  - DIRECT - IDCW,Aditya Birla Sun Life Mutual Fund,Debt Scheme - Banking and PSU Fund,2022-05-23,112.5061
119551,Aditya Birla Sun Life Banking & PSU Debt Fund  - DIRECT - IDCW,Aditya Birla Sun Life Mutual Fund,Debt Scheme - Banking and PSU Fund,2022-05-24,112.5432
119551,Aditya Birla Sun Life Banking & PSU Debt Fund  - DIRECT - IDCW,Aditya Birla Sun Life Mutual Fund,Debt Scheme - Banking and PSU Fund,2022-05-25,112.5511
119551,Aditya Birla Sun Life Banking & PSU Debt Fund  - DIRECT - IDCW,Aditya Birla Sun Life Mutual Fund,Debt Scheme - Banking and PSU Fund,2022-05-26,112.5751
119551,Aditya Birla Sun Life Banking & PSU Debt Fund  - DIRECT - IDCW,Aditya Birla Sun Life Mutual Fund,Debt Scheme - Banking and PSU Fund,2022-05-27,112.5875
119551,Aditya Birla Sun Life Banking & PSU Debt Fund  - DIRECT - IDCW,Aditya Birla Sun Life Mutual Fund,Debt Scheme - Banking and PSU Fund,2022-05-30,112.6166
119551,Aditya Birla Sun Life Banking & PSU Debt Fund  - DIRECT - IDCW,Aditya Birla Sun Life Mutual Fund,Debt Scheme - Banking and PSU Fund,2022-05-31,112.6801
119551,Aditya Birla Sun Life Banking & PSU Debt Fund  - DIRECT - IDCW,Aditya Birla Sun Life Mutual Fund,Debt Scheme - Banking and PSU Fund,2022-06-01,112.5519
119551,Aditya Birla Sun Life Banking & PSU Debt Fund  - DIRECT - IDCW,Aditya Birla Sun Life Mutual Fund,Debt Scheme - Banking and PSU Fund,2022-06-02,112.579
119551,Aditya Birla Sun Life Banking & PSU Debt Fund  - DIRECT - IDCW,Aditya Birla Sun Life Mutual Fund,Debt Scheme - Banking and PSU Fund,2022-06-03,112.5469
119551,Aditya Birla Sun Life Banking & PSU Debt Fund  - DIRECT - IDCW,Aditya Birla Sun Life Mutual Fund,Debt Scheme - Banking and PSU Fund,2022-06-06,112.53
119551,Aditya Birla Sun Life Banking & PSU Debt Fund  - DIRECT - IDCW,Aditya Birla Sun Life Mutual Fund,Debt Scheme - Banking and PSU Fund,2022-06-07,112.4553
119551,Aditya Birla Sun Life Banking & PSU Debt Fund  - DIRECT - IDCW,Aditya Birla Sun Life Mutual Fund,Debt Scheme - Banking and PSU Fund,2022-06-08,112.5902
119551,Aditya Birla Sun Life Banking & PSU Debt Fund  - DIRECT - IDCW,Aditya Birla Sun Life Mutual Fund,Debt Scheme - Banking and PSU Fund,2022-06-09,112.6487
119551,Aditya Birla Sun Life Banking & PSU Debt Fund  - DIRECT - IDCW,Aditya Birla Sun Life Mutual Fund,Debt Scheme - Banking and PSU Fund,2022-06-10,112.6848
119551,Aditya Birla Sun Life Banking & PSU Debt Fund  - DIRECT - IDCW,Aditya Birla Sun Life Mutual Fund,Debt Scheme - Banking and PSU Fund,2022-06-13,112.5985
119551,Aditya Birla Sun Life Banking & PSU Debt Fund  - DIRECT - IDCW,Aditya Birla Sun Life Mutual Fund,Debt Scheme - Banking and PSU Fund,2022-06-14,112.583
119551,Aditya Birla Sun Life Banking & PSU Debt Fund  - DIRECT - IDCW,Aditya Birla Sun Life Mutual Fund,Debt Scheme - Banking and PSU Fund,2022-06-15,112.5757
119551,Aditya Birla Sun Life Banking & PSU Debt Fund  - DIRECT - IDCW,Aditya Birla Sun Life Mutual Fund,Debt Scheme - Banking and PSU Fund,2022-06-16,112.5715
119551,Aditya Birla Sun Life Banking & PSU Debt Fund  - DIRECT - IDCW,Aditya Birla Sun Life Mutual Fund,Debt Scheme - Banking and PSU Fund,2022-06-17,112.5783
119551,Aditya Birla Sun Life Banking & PSU Debt Fund  - DIRECT - IDCW,Aditya Birla Sun Life Mutual Fund,Debt Scheme - Banking and PSU Fund,2022-06-20,112.7336
119551,Aditya Birla Sun Life Banking & PSU Debt Fund  - DIRECT - IDCW,Aditya Birla Sun Life Mutual Fund,Debt Scheme - Banking and PSU Fund,2022-06-21,112.757
119551,Aditya Birla Sun Life Banking & PSU Debt Fund  - DIRECT - IDCW,Aditya Birla Sun Life Mutual Fund,Debt Scheme - Banking and PSU Fund,2022-06-22,105.1767
119551,Aditya Birla Sun Life Banking & PSU Debt Fund  - DIRECT - IDCW,Aditya Birla Sun Life Mutual Fund,Debt Scheme - Banking and PSU Fund,2022-06-23,105.2106
119551,Aditya Birla Sun Life Banking & PSU Debt Fund  - DIRECT - IDCW,Aditya Birla Sun Life Mutual Fund,Debt Scheme - Banking and PSU Fund,2022-06-24,105.1971
119551,Aditya Birla Sun Life Banking & PSU Debt Fund  - DIRECT - IDCW,Aditya Birla Sun Life Mutual Fund,Debt Scheme - Banking and PSU Fund,2022-06-27,105.2922
119551,Aditya Birla Sun Life Banking & PSU Debt Fund  - DIRECT - IDCW,Aditya Birla Sun Life Mutual Fund,Debt Scheme - Banking and PSU Fund,2022-06-28,105.2771
119551,Aditya Birla Sun Life Banking & PSU Debt Fund  - DIRECT - IDCW,Aditya Birla Sun Life Mutual Fund,Debt Scheme - Banking and PSU Fund,2022-06-29,105.2859
119551,Aditya Birla Sun Life Banking & PSU Debt Fund  - DIRECT - IDCW,Aditya Birla Sun Life Mutual Fund,Debt Scheme - Banking and PSU Fund,2022-06-30,105.3199
119551,Aditya Birla Sun Life Banking & PSU Debt Fund  - DIRECT - IDCW,Aditya Birla Sun Life Mutual Fund,Debt Scheme - Banking and PSU Fund,2022-07-01,105.3963
119551,Aditya Birla Sun Life Banking & PSU Debt Fund  - DIRECT - IDCW,Aditya Birla Sun Life Mutual Fund,Debt Scheme - Banking and PSU Fund,2022-07-04,105.4884
119551,Aditya Birla Sun Life Banking & PSU Debt Fund  - DIRECT - IDCW,Aditya Birla Sun Life Mutual Fund,Debt Scheme - Banking and PSU Fund,2022-07-05,105.5371
119551,Aditya Birla Sun Life Banking & PSU Debt Fund  - DIRECT - IDCW,Aditya Birla Sun Life Mutual Fund,Debt Scheme - Banking and PSU Fund,2022-07-06,105.7065
119551,Aditya Birla Sun Life Banking & PSU Debt Fund  - DIRECT - IDCW,Aditya Birla Sun Life Mutual Fund,Debt Scheme - Banking and PSU Fund,2022-07-07,105.7041
119551,Aditya Birla Sun Life Banking & PSU Debt Fund  - DIRECT - IDCW,Aditya Birla Sun Life Mutual Fund,Debt Scheme - Banking and PSU Fund,2022-07-08,105.6723
119551,Aditya Birla Sun Life Banking & PSU Debt Fund  - DIRECT - IDCW,Aditya Birla Sun Life Mutual Fund,Debt Scheme - Banking and PSU Fund,2022-07-11,105.672
119551,Aditya Birla Sun Life Banking & PSU Debt Fund  - DIRECT - IDCW,Aditya Birla Sun Life Mutual Fund,Debt Scheme - Banking and PSU Fund,2022-07-12,105.7093
119551,Aditya Birla Sun Life Banking & PSU Debt Fund  - DIRECT - IDCW,Aditya Birla Sun Life Mutual Fund,Debt Scheme - Banking and PSU Fund,2022-07-13,105.7695
119551,Aditya Birla Sun Life Banking & PSU Debt Fund  - DIRECT - IDCW,Aditya Birla Sun Life Mutual Fund,Debt Scheme - Banking and PSU Fund,2022-07-14,105.776
119551,Aditya Birla Sun Life Banking & PSU Debt Fund  - DIRECT - IDCW,Aditya Birla Sun Life Mutual Fund,Debt Scheme - Banking and PSU Fund,2022-07-15,105.776
119551,Aditya Birla Sun Life Banking & PSU Debt Fund  - DIRECT - IDCW,Aditya Birla Sun Life Mutual Fund,Debt Scheme - Banking and PSU Fund,2022-07-18,105.788
119551,Aditya Birla Sun Life Banking & PSU Debt Fund  - DIRECT - IDCW,Aditya Birla Sun Life Mutual Fund,Debt Scheme - Banking and PSU Fund,2022-07-19,105.7996
119551,Aditya Birla Sun Life Banking & PSU Debt Fund  - DIRECT - IDCW,Aditya Birla Sun Life Mutual Fund,Debt Scheme - Banking and PSU Fund,2022-07-20,105.8304
119551,Aditya Birla Sun Life Banking & PSU Debt Fund  - DIRECT - IDCW,Aditya Birla Sun Life Mutual Fund,Debt Scheme - Banking and PSU Fund,2022-07-21,105.8401
119551,Aditya Birla Sun Life Banking & PSU Debt Fund  - DIRECT - IDCW,Aditya Birla Sun Life Mutual Fund,Debt Scheme - Banking and PSU Fund,2022-07-22,105.8449
119551,Aditya Birla Sun Life Banking & PSU Debt Fund  - DIRECT - IDCW,Aditya Birla Sun Life Mutual Fund,Debt Scheme - Banking and PSU Fund,2022-07-25,105.9141
119551,Aditya Birla Sun Life Banking & PSU Debt Fund  - DIRECT - IDCW,Aditya Birla Sun Life Mutual Fund,Debt Scheme - Banking and PSU Fund,2022-07-26,105.9161
119551,Aditya Birla Sun Life Banking & PSU Debt Fund  - DIRECT - IDCW,Aditya Birla Sun Life Mutual Fund,Debt Scheme - Banking and PSU Fund,2022-07-27,105.9293
119551,Aditya Birla Sun Life Banking & PSU Debt Fund  - DIRECT - IDCW,Aditya Birla Sun Life Mutual Fund,Debt Scheme - Banking and PSU Fund,2022-07-28,105.9484
119551,Aditya Birla Sun Life Banking & PSU Debt Fund  - DIRECT - IDCW,Aditya Birla Sun Life Mutual Fund,Debt Scheme - Banking and PSU Fund,2022-07-29,106.0066
119551,Aditya Birla Sun Life Banking & PSU Debt Fund  - DIRECT - IDCW,Aditya Birla Sun Life Mutual Fund,Debt Scheme - Banking and PSU Fund,2022-08-01,106.1219
119551,Aditya Birla Sun Life Banking & PSU Debt Fund  - DIRECT - IDCW,Aditya Birla Sun Life Mutual Fund,Debt Scheme - Banking and PSU Fund,2022-08-02,106.1993
119551,Aditya Birla Sun Life Banking & PSU Debt Fund  - DIRECT - IDCW,Aditya Birla Sun Life Mutual Fund,Debt Scheme - Banking and PSU Fund,2022-08-03,106.15
119551,Aditya Birla Sun Life Banking & PSU Debt Fund  - DIRECT - IDCW,Aditya Birla Sun Life Mutual Fund,Debt Scheme - Banking and PSU Fund,2022-08-04,106.2254
119551,Aditya Birla Sun Life Banking & PSU Debt Fund  - DIRECT - IDCW,Aditya Birla Sun Life Mutual Fund,Debt Scheme - Banking and PSU Fund,2022-08-05,106.1086
119551,Aditya Birla Sun Life Banking & PSU Debt Fund  - DIRECT - IDCW,Aditya Birla Sun Life Mutual Fund,Debt Scheme - Banking and PSU Fund,2022-08-08,106.1541
119551,Aditya Birla Sun Life Banking & PSU Debt Fund  - DIRECT - IDCW,Aditya Birla Sun Life Mutual Fund,Debt Scheme - Banking and PSU Fund,2022-08-10,106.2542
119551,Aditya Birla Sun Life Banking & PSU Debt Fund  - DIRECT - IDCW,Aditya Birla Sun Life Mutual Fund,Debt Scheme - Banking and PSU Fund,2022-08-11,106.3209
119551,Aditya Birla Sun Life Banking & PSU Debt Fund  - DIRECT - IDCW,Aditya Birla Sun Life Mutual Fund,Debt Scheme - Banking and PSU Fund,2022-08-12,106.3294
119551,Aditya Birla Sun Life Banking & PSU Debt Fund  - DIRECT - IDCW,Aditya Birla Sun Life Mutual Fund,Debt Scheme - Banking and PSU Fund,2022-08-17,106.5092
119551,Aditya Birla Sun Life Banking & PSU Debt Fund  - DIRECT - IDCW,Aditya Birla Sun Life Mutual Fund,Debt Scheme - Banking and PSU Fund,2022-08-18,106.5141
119551,Aditya Birla Sun Life Banking & PSU Debt Fund  - DIRECT - IDCW,Aditya Birla Sun Life Mutual Fund,Debt Scheme - Banking and PSU Fund,2022-08-19,106.5072
119551,Aditya Birla Sun Life Banking & PSU Debt Fund  - DIRECT - IDCW,Aditya Birla Sun Life Mutual Fund,Debt Scheme - Banking and PSU Fund,2022-08-22,106.5568
119551,Aditya Birla Sun Life Banking & PSU Debt Fund  - DIRECT - IDCW,Aditya Birla Sun Life Mutual Fund,Debt Scheme - Banking and PSU Fund,2022-08-23,106.5597
119551,Aditya Birla Sun Life Banking & PSU Debt Fund  - DIRECT - IDCW,Aditya Birla Sun Life Mutual Fund,Debt Scheme - Banking and PSU Fund,2022-08-24,106.599
119551,Aditya Birla Sun Life Banking & PSU Debt Fund  - DIRECT - IDCW,Aditya Birla Sun Life Mutual Fund,Debt Scheme - Banking and PSU Fund,2022-08-25,106.5824
119551,Aditya Birla Sun Life Banking & PSU Debt Fund  - DIRECT - IDCW,Aditya Birla Sun Life Mutual Fund,Debt Scheme - Banking and PSU Fund,2022-08-26,106.6296
119551,Aditya Birla Sun Life Banking & PSU Debt Fund  - DIRECT - IDCW,Aditya Birla Sun Life Mutual Fund,Debt Scheme - Banking and PSU Fund,2022-08-29,106.6906
119551,Aditya Birla Sun Life Banking & PSU Debt Fund  - DIRECT - IDCW,Aditya Birla Sun Life Mutual Fund,Debt Scheme - Banking and PSU Fund,2022-08-30,106.7038
119551,Aditya Birla Sun Life Banking & PSU Debt Fund  - DIRECT - IDCW,Aditya Birla Sun Life Mutual Fund,Debt Scheme - Banking and PSU Fund,2022-09-01,106.7475
119551,Aditya Birla Sun Life Banking & PSU Debt Fund  - DIRECT - IDCW,Aditya Birla Sun Life Mutual Fund,Debt Scheme - Banking and PSU Fund,2022-09-02,106.7705
119551,Aditya Birla Sun Life Banking & PSU Debt Fund  - DIRECT - IDCW,Aditya Birla Sun Life Mutual Fund,Debt Scheme - Banking and PSU Fund,2022-09-05,106.8191
119551,Aditya Birla Sun Life Banking & PSU Debt Fund  - DIRECT - IDCW,Aditya Birla Sun Life Mutual Fund,Debt Scheme - Banking and PSU Fund,2022-09-06,106.8291
119551,Aditya Birla Sun Life Banking & PSU Debt Fund  - DIRECT - IDCW,Aditya Birla Sun Life Mutual Fund,Debt Scheme - Banking and PSU Fund,2022-09-07,106.8681
119551,Aditya Birla Sun Life Banking & PSU Debt Fund  - DIRECT - IDCW,Aditya Birla Sun Life Mutual Fund,Debt Scheme - Banking and PSU Fund,2022-09-08,106.9005
119551,Aditya Birla Sun Life Banking & PSU Debt Fund  - DIRECT - IDCW,Aditya Birla Sun Life Mutual Fund,Debt Scheme - Banking and PSU Fund,2022-09-09,106.9116
119551,Aditya Birla Sun Life Banking & PSU Debt Fund  - DIRECT - IDCW,Aditya Birla Sun Life Mutual Fund,Debt Scheme - Banking and PSU Fund,2022-09-12,106.954
119551,Aditya Birla Sun Life Banking & PSU Debt Fund  - DIRECT - IDCW,Aditya Birla Sun Life Mutual Fund,Debt Scheme - Banking and PSU Fund,2022-09-13,106.9983
119551,Aditya Birla Sun Life Banking & PSU Debt Fund  - DIRECT - IDCW,Aditya Birla Sun Life Mutual Fund,Debt Scheme - Banking and PSU Fund,2022-09-14,106.9625
119551,Aditya Birla Sun Life Banking & PSU Debt Fund  - DIRECT - IDCW,Aditya Birla Sun Life Mutual Fund,Debt Scheme - Banking and PSU Fund,2022-09-15,106.9084
119551,Aditya Birla Sun Life Banking & PSU Debt Fund  - DIRECT - IDCW,Aditya Birla Sun Life Mutual Fund,Debt Scheme - Banking and PSU Fund,2022-09-16,106.8585
119551,Aditya Birla Sun Life Banking & PSU Debt Fund  - DIRECT - IDCW,Aditya Birla Sun Life Mutual Fund,Debt Scheme - Banking and PSU Fund,2022-09-19,106.8748
119551,Aditya Birla Sun Life Banking & PSU Debt Fund  - DIRECT - IDCW,Aditya Birla Sun Life Mutual Fund,Debt Scheme - Banking and PSU Fund,2022-09-20,106.824
119551,Aditya Birla Sun Life Banking & PSU Debt Fund  - DIRECT - IDCW,Aditya Birla Sun Life Mutual Fund,Debt Scheme - Banking and PSU Fund,2022-09-21,106.8072
119551,Aditya Birla Sun Life Banking & PSU Debt Fund  - DIRECT - IDCW,Aditya Birla Sun Life Mutual Fund,Debt Scheme - Banking and PSU Fund,2022-09-22,106.7549
119551,Aditya Birla Sun Life Banking & PSU Debt Fund  - DIRECT - IDCW,Aditya Birla Sun Life Mutual Fund,Debt Scheme - Banking and PSU Fund,2022-09-23,106.6333
119551,Aditya Birla Sun Life Banking & PSU Debt Fund  - DIRECT - IDCW,Aditya Birla Sun Life Mutual Fund,Debt Scheme - Banking and PSU Fund,2022-09-26,106.6784
119551,Aditya Birla Sun Life Banking & PSU Debt Fund  - DIRECT - IDCW,Aditya Birla Sun Life Mutual Fund,Debt Scheme - Banking and PSU Fund,2022-09-27,106.6575
119551,Aditya Birla Sun Life Banking & PSU Debt Fund  - DIRECT - IDCW,Aditya Birla Sun Life Mutual Fund,Debt Scheme - Banking and PSU Fund,2022-09-28,106.6485
119551,Aditya Birla Sun Life Banking & PSU Debt Fund  - DIRECT - IDCW,Aditya Birla Sun Life Mutual Fund,Debt Scheme - Banking and PSU Fund,2022-09-29,106.7145
119551,Aditya Birla Sun Life Banking & PSU Debt Fund  - DIRECT - IDCW,Aditya Birla Sun Life Mutual Fund,Debt Scheme - Banking and PSU Fund,2022-09-30,106.7948
119551,Aditya Birla Sun Life Banking & PSU Debt Fund  - DIRECT - IDCW,Aditya Birla Sun Life Mutual Fund,Debt Scheme - Banking and PSU Fund,2022-10-03,106.8261
119551,Aditya Birla Sun Life Banking & PSU Debt Fund  - DIRECT - IDCW,Aditya Birla Sun Life Mutual Fund,Debt Scheme - Banking and PSU Fund,2022-10-04,106.8856
119551,Aditya Birla Sun Life Banking & PSU Debt Fund  - DIRECT - IDCW,Aditya Birla Sun Life Mutual Fund,Debt Scheme - Banking and PSU Fund,2022-10-06,106.8875
119551,Aditya Birla Sun Life Banking & PSU Debt Fund  - DIRECT - IDCW,Aditya Birla Sun Life Mutual Fund,Debt Scheme - Banking and PSU Fund,2022-10-07,106.8408
119551,Aditya Birla Sun Life Banking & PSU Debt Fund  - DIRECT - IDCW,Aditya Birla Sun Life Mutual Fund,Debt Scheme - Banking and PSU Fund,2022-10-10,106.8233
119551,Aditya Birla Sun Life Banking & PSU Debt Fund  - DIRECT - IDCW,Aditya Birla Sun Life Mutual Fund,Debt Scheme - Banking and PSU Fund,2022-10-11,106.782
119551,Aditya Birla Sun Life Banking & PSU Debt Fund  - DIRECT - IDCW,Aditya Birla Sun Life Mutual Fund,Debt Scheme - Banking and PSU Fund,2022-10-12,106.808
119551,Aditya Birla Sun Life Banking & PSU Debt Fund  - DIRECT - IDCW,Aditya Birla Sun Life Mutual Fund,Debt Scheme - Banking and PSU Fund,2022-10-13,106.812
119551,Aditya Birla Sun Life Banking & PSU Debt Fund  - DIRECT - IDCW,Aditya Birla Sun Life Mutual Fund,Debt Scheme - Banking and PSU Fund,2022-10-14,106.7922
119551,Aditya Birla Sun Life Banking & PSU Debt Fund  - DIRECT - IDCW,Aditya Birla Sun Life Mutual Fund,Debt Scheme - Banking and PSU Fund,2022-10-17,106.9437
119551,Aditya Birla Sun Life Banking & PSU Debt Fund  - DIRECT - IDCW,Aditya Birla Sun Life Mutual Fund,Debt Scheme - Banking and PSU Fund,2022-10-18,106.9767
119551,Aditya Birla Sun Life Banking & PSU Debt Fund  - DIRECT - IDCW,Aditya Birla Sun Life Mutual Fund,Debt Scheme - Banking and PSU Fund,2022-10-19,106.997
119551,Aditya Birla Sun Life Banking & PSU Debt Fund  - DIRECT - IDCW,Aditya Birla Sun Life Mutual Fund,Debt Scheme - Banking and PSU Fund,2022-10-20,106.9757
119551,Aditya Birla Sun Life Banking & PSU Debt Fund  - DIRECT - IDCW,Aditya Birla Sun Life Mutual Fund,Debt Scheme - Banking and PSU Fund,2022-10-21,106.9649
119551,Aditya Birla Sun Life Banking & PSU Debt Fund  - DIRECT - IDCW,Aditya Birla Sun Life Mutual Fund,Debt Scheme - Banking and PSU Fund,2022-10-25,107.112
119551,Aditya Birla Sun Life Banking & PSU Debt Fund  - DIRECT - IDCW,Aditya Birla Sun Life Mutual Fund,Debt Scheme - Banking and PSU Fund,2022-10-27,107.2349
119551,Aditya Birla Sun Life Banking & PSU Debt Fund  - DIRECT - IDCW,Aditya Birla Sun Life Mutual Fund,Debt Scheme - Banking and PSU Fund,2022-10-28,107.2137
119551,Aditya Birla Sun Life Banking & PSU Debt Fund  - DIRECT - IDCW,Aditya Birla Sun Life Mutual Fund,Debt Scheme - Banking and PSU Fund,2022-10-31,107.2729
119551,Aditya Birla Sun Life Banking & PSU Debt Fund  - DIRECT - IDCW,Aditya Birla Sun Life Mutual Fund,Debt Scheme - Banking and PSU Fund,2022-11-01,107.2818
119551,Aditya Birla Sun Life Banking & PSU Debt Fund  - DIRECT - IDCW,Aditya Birla Sun Life Mutual Fund,Debt Scheme - Banking and PSU Fund,2022-11-02,107.303
119551,Aditya Birla Sun Life Banking & PSU Debt Fund  - DIRECT - IDCW,Aditya Birla Sun Life Mutual Fund,Debt Scheme - Banking and PSU Fund,2022-11-03,107.2944
119551,Aditya Birla Sun Life Banking & PSU Debt Fund  - DIRECT - IDCW,Aditya Birla Sun Life Mutual Fund,Debt Scheme - Banking and PSU Fund,2022-11-04,107.307
119551,Aditya Birla Sun Life Banking & PSU Debt Fund  - DIRECT - IDCW,Aditya Birla Sun Life Mutual Fund,Debt Scheme - Banking and PSU Fund,2022-11-07,107.3633
119551,Aditya Birla Sun Life Banking & PSU Debt Fund  - DIRECT - IDCW,Aditya Birla Sun Life Mutual Fund,Debt Scheme - Banking and PSU Fund,2022-11-09,107.4581
119551,Aditya Birla Sun Life Banking & PSU Debt Fund  - DIRECT - IDCW,Aditya Birla Sun Life Mutual Fund,Debt Scheme - Banking and PSU Fund,2022-11-10,107.5243
119551,Aditya Birla Sun Life Banking & PSU Debt Fund  - DIRECT - IDCW,Aditya Birla Sun Life Mutual Fund,Debt Scheme - Banking and PSU Fund,2022-11-11,107.6105
119551,Aditya Birla Sun Life Banking & PSU Debt Fund  - DIRECT - IDCW,Aditya Birla Sun Life Mutual Fund,Debt Scheme - Banking and PSU Fund,2022-11-14,107.6593
119551,Aditya Birla Sun Life Banking & PSU Debt Fund  - DIRECT - IDCW,Aditya Birla Sun Life Mutual Fund,Debt Scheme - Banking and PSU Fund,2022-11-15,107.709
119551,Aditya Birla Sun Life Banking & PSU Debt Fund  - DIRECT - IDCW,Aditya Birla Sun Life Mutual Fund,Debt Scheme - Banking and PSU Fund,2022-11-16,107.7065
119551,Aditya Birla Sun Life Banking & PSU Debt Fund  - DIRECT - IDCW,Aditya Birla Sun Life Mutual Fund,Debt Scheme - Banking and PSU Fund,2022-11-17,107.7346
119551,Aditya Birla Sun Life Banking & PSU Debt Fund  - DIRECT - IDCW,Aditya Birla Sun Life Mutual Fund,Debt Scheme - Banking and PSU Fund,2022-11-18,107.7527
119551,Aditya Birla Sun Life Banking & PSU Debt Fund  - DIRECT - IDCW,Aditya Birla Sun Life Mutual Fund,Debt Scheme - Banking and PSU Fund,2022-11-21,107.8002
119551,Aditya Birla Sun Life Banking & PSU Debt Fund  - DIRECT - IDCW,Aditya Birla Sun Life Mutual Fund,Debt Scheme - Banking and PSU Fund,2022-11-22,107.8369
119551,Aditya Birla Sun Life Banking & PSU Debt Fund  - DIRECT - IDCW,Aditya Birla Sun Life Mutual Fund,Debt Scheme - Banking and PSU Fund,2022-11-23,107.8393
119551,Aditya Birla Sun Life Banking & PSU Debt Fund  - DIRECT - IDCW,Aditya Birla Sun Life Mutual Fund,Debt Scheme - Banking and PSU Fund,2022-11-24,107.8882
119551,Aditya Birla Sun Life Banking & PSU Debt Fund  - DIRECT - IDCW,Aditya Birla Sun Life Mutual Fund,Debt Scheme - Banking and PSU Fund,2022-11-25,107.9066
119551,Aditya Birla Sun Life Banking & PSU Debt Fund  - DIRECT - IDCW,Aditya Birla Sun Life Mutual Fund,Debt Scheme - Banking and PSU Fund,2022-11-28,107.9959
119551,Aditya Birla Sun Life Banking & PSU Debt Fund  - DIRECT - IDCW,Aditya Birla Sun Life Mutual Fund,Debt Scheme - Banking and PSU Fund,2022-11-29,107.99
119551,Aditya Birla Sun Life Banking & PSU Debt Fund  - DIRECT - IDCW,Aditya Birla Sun Life Mutual Fund,Debt Scheme - Banking and PSU Fund,2022-11-30,108.0334
119551,Aditya Birla Sun Life Banking & PSU Debt Fund  - DIRECT - IDCW,Aditya Birla Sun Life Mutual Fund,Debt Scheme - Banking and PSU Fund,2022-12-01,108.0832
119551,Aditya Birla Sun Life Banking & PSU Debt Fund  - DIRECT - IDCW,Aditya Birla Sun Life Mutual Fund,Debt Scheme - Banking and PSU Fund,2022-12-02,108.0988
119551,Aditya Birla Sun Life Banking & PSU Debt Fund  - DIRECT - IDCW,Aditya Birla Sun Life Mutual Fund,Debt Scheme - Banking and PSU Fund,2022-12-05,108.1499
119551,Aditya Birla Sun Life Banking & PSU Debt Fund  - DIRECT - IDCW,Aditya Birla Sun Life Mutual Fund,Debt Scheme - Banking and PSU Fund,2022-12-06,108.1762
119551,Aditya Birla Sun Life Banking & PSU Debt Fund  - DIRECT - IDCW,Aditya Birla Sun Life Mutual Fund,Debt Scheme - Banking and PSU Fund,2022-12-07,108.1551
119551,Aditya Birla Sun Life Banking & PSU Debt Fund  - DIRECT - IDCW,Aditya Birla Sun Life Mutual Fund,Debt Scheme - Banking and PSU Fund,2022-12-08,108.1783
119551,Aditya Birla Sun Life Banking & PSU Debt Fund  - DIRECT - IDCW,Aditya Birla Sun Life Mutual Fund,Debt Scheme - Banking and PSU Fund,2022-12-09,108.1868
119551,Aditya Birla Sun Life Banking & PSU Debt Fund  - DIRECT - IDCW,Aditya Birla Sun Life Mutual Fund,Debt Scheme - Banking and PSU Fund,2022-12-12,108.2614
119551,Aditya Birla Sun Life Banking & PSU Debt Fund  - DIRECT - IDCW,Aditya Birla Sun Life Mutual Fund,Debt Scheme - Banking and PSU Fund,2022-12-13,108.2884
119551,Aditya Birla Sun Life Banking & PSU Debt Fund  - DIRECT - IDCW,Aditya Birla Sun Life Mutual Fund,Debt Scheme - Banking and PSU Fund,2022-12-14,108.3488
119551,Aditya Birla Sun Life Banking & PSU Debt Fund  - DIRECT - IDCW,Aditya Birla Sun Life Mutual Fund,Debt Scheme - Banking and PSU Fund,2022-12-15,108.3336
119551,Aditya Birla Sun Life Banking & PSU Debt Fund  - DIRECT - IDCW,Aditya Birla Sun Life Mutual Fund,Debt Scheme - Banking and PSU Fund,2022-12-16,108.3466
119551,Aditya Birla Sun Life Banking & PSU Debt Fund  - DIRECT - IDCW,Aditya Birla Sun Life Mutual Fund,Debt Scheme - Banking and PSU Fund,2022-12-19,108.3837
119551,Aditya Birla Sun Life Banking & PSU Debt Fund  - DIRECT - IDCW,Aditya Birla Sun Life Mutual Fund,Debt Scheme - Banking and PSU Fund,2022-12-20,108.4123
119551,Aditya Birla Sun Life Banking & PSU Debt Fund  - DIRECT - IDCW,Aditya Birla Sun Life Mutual Fund,Debt Scheme - Banking and PSU Fund,2022-12-21,108.3843
119551,Aditya Birla Sun Life Banking & PSU Debt Fund  - DIRECT - IDCW,Aditya Birla Sun Life Mutual Fund,Debt Scheme - Banking and PSU Fund,2022-12-22,108.3903
119551,Aditya Birla Sun Life Banking & PSU Debt Fund  - DIRECT - IDCW,Aditya Birla Sun Life Mutual Fund,Debt Scheme - Banking and PSU Fund,2022-12-23,108.4095
119551,Aditya Birla Sun Life Banking & PSU Debt Fund  - DIRECT - IDCW,Aditya Birla Sun Life Mutual Fund,Debt Scheme - Banking and PSU Fund,2022-12-26,108.4303
119551,Aditya Birla Sun Life Banking & PSU Debt Fund  - DIRECT - IDCW,Aditya Birla Sun Life Mutual Fund,Debt Scheme - Banking and PSU Fund,2022-12-27,108.472
119551,Aditya Birla Sun Life Banking & PSU Debt Fund  - DIRECT - IDCW,Aditya Birla Sun Life Mutual Fund,Debt Scheme - Banking and PSU Fund,2022-12-28,108.4921
119551,Aditya Birla Sun Life Banking & PSU Debt Fund  - DIRECT - IDCW,Aditya Birla Sun Life Mutual Fund,Debt Scheme - Banking and PSU Fund,2022-12-29,108.4982
119551,Aditya Birla Sun Life Banking & PSU Debt Fund  - DIRECT - IDCW,Aditya Birla Sun Life Mutual Fund,Debt Scheme - Banking and PSU Fund,2022-12-30,108.5225
119551,Aditya Birla Sun Life Banking & PSU Debt Fund  - DIRECT - IDCW,Aditya Birla Sun Life Mutual Fund,Debt Scheme - Banking and PSU Fund,2023-01-02,108.5922
119551,Aditya Birla Sun Life Banking & PSU Debt Fund  - DIRECT - IDCW,Aditya Birla Sun Life Mutual Fund,Debt Scheme - Banking and PSU Fund,2023-01-03,108.627
119551,Aditya Birla Sun Life Banking & PSU Debt Fund  - DIRECT - IDCW,Aditya Birla Sun Life Mutual Fund,Debt Scheme - Banking and PSU Fund,2023-01-04,108.6262
119551,Aditya Birla Sun Life Banking & PSU Debt Fund  - DIRECT - IDCW,Aditya Birla Sun Life Mutual Fund,Debt Scheme - Banking and PSU Fund,2023-01-05,108.6405
119551,Aditya Birla Sun Life Banking & PSU Debt Fund  - DIRECT - IDCW,Aditya Birla Sun Life Mutual Fund,Debt Scheme - Banking and PSU Fund,2023-01-06,108.6235
119551,Aditya Birla Sun Life Banking & PSU Debt Fund  - DIRECT - IDCW,Aditya Birla Sun Life Mutual Fund,Debt Scheme - Banking and PSU Fund,2023-01-09,108.7189
119551,Aditya Birla Sun Life Banking & PSU Debt Fund  - DIRECT - IDCW,Aditya Birla Sun Life Mutual Fund,Debt Scheme - Banking and PSU Fund,2023-01-10,108.7409
119551,Aditya Birla Sun Life Banking & PSU Debt Fund  - DIRECT - IDCW,Aditya Birla Sun Life Mutual Fund,Debt Scheme - Banking and PSU Fund,2023-01-11,108.7682
119551,Aditya Birla Sun Life Banking & PSU Debt Fund  - DIRECT - IDCW,Aditya Birla Sun Life Mutual Fund,Debt Scheme - Banking and PSU Fund,2023-01-12,108.8154
119551,Aditya Birla Sun Life Banking & PSU Debt Fund  - DIRECT - IDCW,Aditya Birla Sun Life Mutual Fund,Debt Scheme - Banking and PSU Fund,2023-01-13,108.8441
119551,Aditya Birla Sun Life Banking & PSU Debt Fund  - DIRECT - IDCW,Aditya Birla Sun Life Mutual Fund,Debt Scheme - Banking and PSU Fund,2023-01-16,108.8945
119551,Aditya Birla Sun Life Banking & PSU Debt Fund  - DIRECT - IDCW,Aditya Birla Sun Life Mutual Fund,Debt Scheme - Banking and PSU Fund,2023-01-17,108.9098
119551,Aditya Birla Sun Life Banking & PSU Debt Fund  - DIRECT - IDCW,Aditya Birla Sun Life Mutual Fund,Debt Scheme - Banking and PSU Fund,2023-01-18,108.929
119551,Aditya Birla Sun Life Banking & PSU Debt Fund  - DIRECT - IDCW,Aditya Birla Sun Life Mutual Fund,Debt Scheme - Banking and PSU Fund,2023-01-19,108.9578
119551,Aditya Birla Sun Life Banking & PSU Debt Fund  - DIRECT - IDCW,Aditya Birla Sun Life Mutual Fund,Debt Scheme - Banking and PSU Fund,2023-01-20,108.9335
119551,Aditya Birla Sun Life Banking & PSU Debt Fund  - DIRECT - IDCW,Aditya Birla Sun Life Mutual Fund,Debt Scheme - Banking and PSU Fund,2023-01-23,108.9803
119551,Aditya Birla Sun Life Banking & PSU Debt Fund  - DIRECT - IDCW,Aditya Birla Sun Life Mutual Fund,Debt Scheme - Banking and PSU Fund,2023-01-24,108.9995
119551,Aditya Birla Sun Life Banking & PSU Debt Fund  - DIRECT - IDCW,Aditya Birla Sun Life Mutual Fund,Debt Scheme - Banking and PSU Fund,2023-01-25,108.9962
119551,Aditya Birla Sun Life Banking & PSU Debt Fund  - DIRECT - IDCW,Aditya Birla Sun Life Mutual Fund,Debt Scheme - Banking and PSU Fund,2023-01-27,108.9787
119551,Aditya Birla Sun Life Banking & PSU Debt Fund  - DIRECT - IDCW,Aditya Birla Sun Life Mutual Fund,Debt Scheme - Banking and PSU Fund,2023-01-30,109.0072
119551,Aditya Birla Sun Life Banking & PSU Debt Fund  - DIRECT - IDCW,Aditya Birla Sun Life Mutual Fund,Debt Scheme - Banking and PSU Fund,2023-01-31,109.0678
119551,Aditya Birla Sun Life Banking & PSU Debt Fund  - DIRECT - IDCW,Aditya Birla Sun Life Mutual Fund,Debt Scheme - Banking and PSU Fund,2023-02-01,109.1849
119551,Aditya Birla Sun Life Banking & PSU Debt Fund  - DIRECT - IDCW,Aditya Birla Sun Life Mutual Fund,Debt Scheme - Banking and PSU Fund,2023-02-02,109.2186
119551,Aditya Birla Sun Life Banking & PSU Debt Fund  - DIRECT - IDCW,Aditya Birla Sun Life Mutual Fund,Debt Scheme - Banking and PSU Fund,2023-02-03,109.2425
119551,Aditya Birla Sun Life Banking & PSU Debt Fund  - DIRECT - IDCW,Aditya Birla Sun Life Mutual Fund,Debt Scheme - Banking and PSU Fund,2023-02-06,109.2662
119551,Aditya Birla Sun Life Banking & PSU Debt Fund  - DIRECT - IDCW,Aditya Birla Sun Life Mutual Fund,Debt Scheme - Banking and PSU Fund,2023-02-07,109.2826
119551,Aditya Birla Sun Life Banking & PSU Debt Fund  - DIRECT - IDCW,Aditya Birla Sun Life Mutual Fund,Debt Scheme - Banking and PSU Fund,2023-02-08,109.2472
119551,Aditya Birla Sun Life Banking & PSU Debt Fund  - DIRECT - IDCW,Aditya Birla Sun Life Mutual Fund,Debt Scheme - Banking and PSU Fund,2023-02-09,109.2446
119551,Aditya Birla Sun Life Banking & PSU Debt Fund  - DIRECT - IDCW,Aditya Birla Sun Life Mutual Fund,Debt Scheme - Banking and PSU Fund,2023-02-10,109.2412
119551,Aditya Birla Sun Life Banking & PSU Debt Fund  - DIRECT - IDCW,Aditya Birla Sun Life Mutual Fund,Debt Scheme - Banking and PSU Fund,2023-02-13,109.2826
119551,Aditya Birla Sun Life Banking & PSU Debt Fund  - DIRECT - IDCW,Aditya Birla Sun Life Mutual Fund,Debt Scheme - Banking and PSU Fund,2023-02-14,109.248
119551,Aditya Birla Sun Life Banking & PSU Debt Fund  - DIRECT - IDCW,Aditya Birla Sun Life Mutual Fund,Debt Scheme - Banking and PSU Fund,2023-02-15,109.2929
119551,Aditya Birla Sun Life Banking & PSU Debt Fund  - DIRECT - IDCW,Aditya Birla Sun Life Mutual Fund,Debt Scheme - Banking and PSU Fund,2023-02-16,109.3243
119551,Aditya Birla Sun Life Banking & PSU Debt Fund  - DIRECT - IDCW,Aditya Birla Sun Life Mutual Fund,Debt Scheme - Banking and PSU Fund,2023-02-17,109.2924
119551,Aditya Birla Sun Life Banking & PSU Debt Fund  - DIRECT - IDCW,Aditya Birla Sun Life Mutual Fund,Debt Scheme - Banking and PSU Fund,2023-02-20,109.378
119551,Aditya Birla Sun Life Banking & PSU Debt Fund  - DIRECT - IDCW,Aditya Birla Sun Life Mutual Fund,Debt Scheme - Banking and PSU Fund,2023-02-21,109.4182
119551,Aditya Birla Sun Life Banking & PSU Debt Fund  - DIRECT - IDCW,Aditya Birla Sun Life Mutual Fund,Debt Scheme - Banking and PSU Fund,2023-02-22,109.3818
119551,Aditya Birla Sun Life Banking & PSU Debt Fund  - DIRECT - IDCW,Aditya Birla Sun Life Mutual Fund,Debt Scheme - Banking and PSU Fund,2023-02-23,109.409
119551,Aditya Birla Sun Life Banking & PSU Debt Fund  - DIRECT - IDCW,Aditya Birla Sun Life Mutual Fund,Debt Scheme - Banking and PSU Fund,2023-02-24,109.4234
119551,Aditya Birla Sun Life Banking & PSU Debt Fund  - DIRECT - IDCW,Aditya Birla Sun Life Mutual Fund,Debt Scheme - Banking and PSU Fund,2023-02-27,109.4341
119551,Aditya Birla Sun Life Banking & PSU Debt Fund  - DIRECT - IDCW,Aditya Birla Sun Life Mutual Fund,Debt Scheme - Banking and PSU Fund,2023-02-28,109.4442
119551,Aditya Birla Sun Life Banking & PSU Debt Fund  - DIRECT - IDCW,Aditya Birla Sun Life Mutual Fund,Debt Scheme - Banking and PSU Fund,2023-03-01,109.43
119551,Aditya Birla Sun Life Banking & PSU Debt Fund  - DIRECT - IDCW,Aditya Birla Sun Life Mutual Fund,Debt Scheme - Banking and PSU Fund,2023-03-02,109.447
119551,Aditya Birla Sun Life Banking & PSU Debt Fund  - DIRECT - IDCW,Aditya Birla Sun Life Mutual Fund,Debt Scheme - Banking and PSU Fund,2023-03-03,109.4874
119551,Aditya Birla Sun Life Banking & PSU Debt Fund  - DIRECT - IDCW,Aditya Birla Sun Life Mutual Fund,Debt Scheme - Banking and PSU Fund,2023-03-06,109.5313
119551,Aditya Birla Sun Life Banking & PSU Debt Fund  - DIRECT - IDCW,Aditya Birla Sun Life Mutual Fund,Debt Scheme - Banking and PSU Fund,2023-03-08,109.5103
119551,Aditya Birla Sun Life Banking & PSU Debt Fund  - DIRECT - IDCW,Aditya Birla Sun Life Mutual Fund,Debt Scheme - Banking and PSU Fund,2023-03-09,109.541
119551,Aditya Birla Sun Life Banking & PSU Debt Fund  - DIRECT - IDCW,Aditya Birla Sun Life Mutual Fund,Debt Scheme - Banking and PSU Fund,2023-03-10,109.5769
119551,Aditya Birla Sun Life Banking & PSU Debt Fund  - DIRECT - IDCW,Aditya Birla Sun Life Mutual Fund,Debt Scheme - Banking and PSU Fund,2023-03-13,109.7345
119551,Aditya Birla Sun Life Banking & PSU Debt Fund  - DIRECT - IDCW,Aditya Birla Sun Life Mutual Fund,Debt Scheme - Banking and PSU Fund,2023-03-14,109.7889
119551,Aditya Birla Sun Life Banking & PSU Debt Fund  - DIRECT - IDCW,Aditya Birla Sun Life Mutual Fund,Debt Scheme - Banking and PSU Fund,2023-03-15,109.8123
119551,Aditya Birla Sun Life Banking & PSU Debt Fund  - DIRECT - IDCW,Aditya Birla Sun Life Mutual Fund,Debt Scheme - Banking and PSU Fund,2023-03-16,109.7988
119551,Aditya Birla Sun Life Banking & PSU Debt Fund  - DIRECT - IDCW,Aditya Birla Sun Life Mutual Fund,Debt Scheme - Banking and PSU Fund,2023-03-17,109.8366
119551,Aditya Birla Sun Life Banking & PSU Debt Fund  - DIRECT - IDCW,Aditya Birla Sun Life Mutual Fund,Debt Scheme - Banking and PSU Fund,2023-03-20,109.9509
119551,Aditya Birla Sun Life Banking & PSU Debt Fund  - DIRECT - IDCW,Aditya Birla Sun Life Mutual Fund,Debt Scheme - Banking and PSU Fund,2023-03-21,109.981
119551,Aditya Birla Sun Life Banking & PSU Debt Fund  - DIRECT - IDCW,Aditya Birla Sun Life Mutual Fund,Debt Scheme - Banking and PSU Fund,2023-03-23,110.0625
119551,Aditya Birla Sun Life Banking & PSU Debt Fund  - DIRECT - IDCW,Aditya Birla Sun Life Mutual Fund,Debt Scheme - Banking and PSU Fund,2023-03-24,110.0794
119551,Aditya Birla Sun Life Banking & PSU Debt Fund  - DIRECT - IDCW,Aditya Birla Sun Life Mutual Fund,Debt Scheme - Banking and PSU Fund,2023-03-27,110.1469
119551,Aditya Birla Sun Life Banking & PSU Debt Fund  - DIRECT - IDCW,Aditya Birla Sun Life Mutual Fund,Debt Scheme - Banking and PSU Fund,2023-03-28,110.1156
119551,Aditya Birla Sun Life Banking & PSU Debt Fund  - DIRECT - IDCW,Aditya Birla Sun Life Mutual Fund,Debt Scheme - Banking and PSU Fund,2023-03-29,110.2525
119551,Aditya Birla Sun Life Banking & PSU Debt Fund  - DIRECT - IDCW,Aditya Birla Sun Life Mutual Fund,Debt Scheme - Banking and PSU Fund,2023-03-31,110.3887
119551,Aditya Birla Sun Life Banking & PSU Debt Fund  - DIRECT - IDCW,Aditya Birla Sun Life Mutual Fund,Debt Scheme - Banking and PSU Fund,2023-04-03,110.4369
119551,Aditya Birla Sun Life Banking & PSU Debt Fund  - DIRECT - IDCW,Aditya Birla Sun Life Mutual Fund,Debt Scheme - Banking and PSU Fund,2023-04-05,110.5493
119551,Aditya Birla Sun Life Banking & PSU Debt Fund  - DIRECT - IDCW,Aditya Birla Sun Life Mutual Fund,Debt Scheme - Banking and PSU Fund,2023-04-06,110.7692
119551,Aditya Birla Sun Life Banking & PSU Debt Fund  - DIRECT - IDCW,Aditya Birla Sun Life Mutual Fund,Debt Scheme - Banking and PSU Fund,2023-04-10,110.8339
119551,Aditya Birla Sun Life Banking & PSU Debt Fund  - DIRECT - IDCW,Aditya Birla Sun Life Mutual Fund,Debt Scheme - Banking and PSU Fund,2023-04-11,110.847
119551,Aditya Birla Sun Life Banking & PSU Debt Fund  - DIRECT - IDCW,Aditya Birla Sun Life Mutual Fund,Debt Scheme - Banking and PSU Fund,2023-04-12,110.9134
119551,Aditya Birla Sun Life Banking & PSU Debt Fund  - DIRECT - IDCW,Aditya Birla Sun Life Mutual Fund,Debt Scheme - Banking and PSU Fund,2023-04-13,110.9273
119551,Aditya Birla Sun Life Banking & PSU Debt Fund  - DIRECT - IDCW,Aditya Birla Sun Life Mutual Fund,Debt Scheme - Banking and PSU Fund,2023-04-17,110.9947
119551,Aditya Birla Sun Life Banking & PSU Debt Fund  - DIRECT - IDCW,Aditya Birla Sun Life Mutual Fund,Debt Scheme - Banking and PSU Fund,2023-04-18,111.029
119551,Aditya Birla Sun Life Banking & PSU Debt Fund  - DIRECT - IDCW,Aditya Birla Sun Life Mutual Fund,Debt Scheme - Banking and PSU Fund,2023-04-19,111.0669
119551,Aditya Birla Sun Life Banking & PSU Debt Fund  - DIRECT - IDCW,Aditya Birla Sun Life Mutual Fund,Debt Scheme - Banking and PSU Fund,2023-04-20,111.0695
119551,Aditya Birla Sun Life Banking & PSU Debt Fund  - DIRECT - IDCW,Aditya Birla Sun Life Mutual Fund,Debt Scheme - Banking and PSU Fund,2023-04-21,111.1177
119551,Aditya Birla Sun Life Banking & PSU Debt Fund  - DIRECT - IDCW,Aditya Birla Sun Life Mutual Fund,Debt Scheme - Banking and PSU Fund,2023-04-24,111.2444
119551,Aditya Birla Sun Life Banking & PSU Debt Fund  - DIRECT - IDCW,Aditya Birla Sun Life Mutual Fund,Debt Scheme - Banking and PSU Fund,2023-04-25,111.2845
119551,Aditya Birla Sun Life Banking & PSU Debt Fund  - DIRECT - IDCW,Aditya Birla Sun Life Mutual Fund,Debt Scheme - Banking and PSU Fund,2023-04-26,111.3157
119551,Aditya Birla Sun Life Banking & PSU Debt Fund  - DIRECT - IDCW,Aditya Birla Sun Life Mutual Fund,Debt Scheme - Banking and PSU Fund,2023-04-27,111.3747
119551,Aditya Birla Sun Life Banking & PSU Debt Fund  - DIRECT - IDCW,Aditya Birla Sun Life Mutual Fund,Debt Scheme - Banking and PSU Fund,2023-04-28,111.3814
119551,Aditya Birla Sun Life Banking & PSU Debt Fund  - DIRECT - IDCW,Aditya Birla Sun Life Mutual Fund,Debt Scheme - Banking and PSU Fund,2023-05-02,111.4551
119551,Aditya Birla Sun Life Banking & PSU Debt Fund  - DIRECT - IDCW,Aditya Birla Sun Life Mutual Fund,Debt Scheme - Banking and PSU Fund,2023-05-03,111.534
119551,Aditya Birla Sun Life Banking & PSU Debt Fund  - DIRECT - IDCW,Aditya Birla Sun Life Mutual Fund,Debt Scheme - Banking and PSU Fund,2023-05-04,111.556
119551,Aditya Birla Sun Life Banking & PSU Debt Fund  - DIRECT - IDCW,Aditya Birla Sun Life Mutual Fund,Debt Scheme - Banking and PSU Fund,2023-05-08,111.6462
119551,Aditya Birla Sun Life Banking & PSU Debt Fund  - DIRECT - IDCW,Aditya Birla Sun Life Mutual Fund,Debt Scheme - Banking and PSU Fund,2023-05-09,111.6494
119551,Aditya Birla Sun Life Banking & PSU Debt Fund  - DIRECT - IDCW,Aditya Birla Sun Life Mutual Fund,Debt Scheme - Banking and PSU Fund,2023-05-10,111.6632
119551,Aditya Birla Sun Life Banking & PSU Debt Fund  - DIRECT - IDCW,Aditya Birla Sun Life Mutual Fund,Debt Scheme - Banking and PSU Fund,2023-05-11,111.6912
119551,Aditya Birla Sun Life Banking & PSU Debt Fund  - DIRECT - IDCW,Aditya Birla Sun Life Mutual Fund,Debt Scheme - Banking and PSU Fund,2023-05-12,111.7357
119551,Aditya Birla Sun Life Banking & PSU Debt Fund  - DIRECT - IDCW,Aditya Birla Sun Life Mutual Fund,Debt Scheme - Banking and PSU Fund,2023-05-15,111.8017
119551,Aditya Birla Sun Life Banking & PSU Debt Fund  - DIRECT - IDCW,Aditya Birla Sun Life Mutual Fund,Debt Scheme - Banking and PSU Fund,2023-05-16,111.8439
119551,Aditya Birla Sun Life Banking & PSU Debt Fund  - DIRECT - IDCW,Aditya Birla Sun Life Mutual Fund,Debt Scheme - Banking and PSU Fund,2023-05-17,111.8786
119551,Aditya Birla Sun Life Banking & PSU Debt Fund  - DIRECT - IDCW,Aditya Birla Sun Life Mutual Fund,Debt Scheme - Banking and PSU Fund,2023-05-18,111.9625
119551,Aditya Birla Sun Life Banking & PSU Debt Fund  - DIRECT - IDCW,Aditya Birla Sun Life Mutual Fund,Debt Scheme - Banking and PSU Fund,2023-05-19,111.9729
119551,Aditya Birla Sun Life Banking & PSU Debt Fund  - DIRECT - IDCW,Aditya Birla Sun Life Mutual Fund,Debt Scheme - Banking and PSU Fund,2023-05-22,112.1196
119551,Aditya Birla Sun Life Banking & PSU Debt Fund  - DIRECT - IDCW,Aditya Birla Sun Life Mutual Fund,Debt Scheme - Banking and PSU Fund,2023-05-23,112.1072
119551,Aditya Birla Sun Life Banking & PSU Debt Fund  - DIRECT - IDCW,Aditya Birla Sun Life Mutual Fund,Debt Scheme - Banking and PSU Fund,2023-05-24,112.1392
119551,Aditya Birla Sun Life Banking & PSU Debt Fund  - DIRECT - IDCW,Aditya Birla Sun Life Mutual Fund,Debt Scheme - Banking and PSU Fund,2023-05-25,112.1468
119551,Aditya Birla Sun Life Banking & PSU Debt Fund  - DIRECT - IDCW,Aditya Birla Sun Life Mutual Fund,Debt Scheme - Banking and PSU Fund,2023-05-26,112.1609
119551,Aditya Birla Sun Life Banking & PSU Debt Fund  - DIRECT - IDCW,Aditya Birla Sun Life Mutual Fund,Debt Scheme - Banking and PSU Fund,2023-05-29,112.1994
119551,Aditya Birla Sun Life Banking & PSU Debt Fund  - DIRECT - IDCW,Aditya Birla Sun Life Mutual Fund,Debt Scheme - Banking and PSU Fund,2023-05-30,112.2149
119551,Aditya Birla Sun Life Banking & PSU Debt Fund  - DIRECT - IDCW,Aditya Birla Sun Life Mutual Fund,Debt Scheme - Banking and PSU Fund,2023-05-31,112.2328
119551,Aditya Birla Sun Life Banking & PSU Debt Fund  - DIRECT - IDCW,Aditya Birla Sun Life Mutual Fund,Debt Scheme - Banking and PSU Fund,2023-06-01,112.3041
119551,Aditya Birla Sun Life Banking & PSU Debt Fund  - DIRECT - IDCW,Aditya Birla Sun Life Mutual Fund,Debt Scheme - Banking and PSU Fund,2023-06-02,112.3136
119551,Aditya Birla Sun Life Banking & PSU Debt Fund  - DIRECT - IDCW,Aditya Birla Sun Life Mutual Fund,Debt Scheme - Banking and PSU Fund,2023-06-05,112.35
119551,Aditya Birla Sun Life Banking & PSU Debt Fund  - DIRECT - IDCW,Aditya Birla Sun Life Mutual Fund,Debt Scheme - Banking and PSU Fund,2023-06-06,112.3976
119551,Aditya Birla Sun Life Banking & PSU Debt Fund  - DIRECT - IDCW,Aditya Birla Sun Life Mutual Fund,Debt Scheme - Banking and PSU Fund,2023-06-07,112.4241
119551,Aditya Birla Sun Life Banking & PSU Debt Fund  - DIRECT - IDCW,Aditya Birla Sun Life Mutual Fund,Debt Scheme - Banking and PSU Fund,2023-06-08,112.3995
119551,Aditya Birla Sun Life Banking & PSU Debt Fund  - DIRECT - IDCW,Aditya Birla Sun Life Mutual Fund,Debt Scheme - Banking and PSU Fund,2023-06-09,112.3662
119551,Aditya Birla Sun Life Banking & PSU Debt Fund  - DIRECT - IDCW,Aditya Birla Sun Life Mutual Fund,Debt Scheme - Banking and PSU Fund,2023-06-12,112.4181
119551,Aditya Birla Sun Life Banking & PSU Debt Fund  - DIRECT - IDCW,Aditya Birla Sun Life Mutual Fund,Debt Scheme - Banking and PSU Fund,2023-06-13,112.4564
119551,Aditya Birla Sun Life Banking & PSU Debt Fund  - DIRECT - IDCW,Aditya Birla Sun Life Mutual Fund,Debt Scheme - Banking and PSU Fund,2023-06-14,112.4522
119551,Aditya Birla Sun Life Banking & PSU Debt Fund  - DIRECT - IDCW,Aditya Birla Sun Life Mutual Fund,Debt Scheme - Banking and PSU Fund,2023-06-15,112.4579
119551,Aditya Birla Sun Life Banking & PSU Debt Fund  - DIRECT - IDCW,Aditya Birla Sun Life Mutual Fund,Debt Scheme - Banking and PSU Fund,2023-06-16,112.4688
119551,Aditya Birla Sun Life Banking & PSU Debt Fund  - DIRECT - IDCW,Aditya Birla Sun Life Mutual Fund,Debt Scheme - Banking and PSU Fund,2023-06-19,112.5427
119551,Aditya Birla Sun Life Banking & PSU Debt Fund  - DIRECT - IDCW,Aditya Birla Sun Life Mutual Fund,Debt Scheme - Banking and PSU Fund,2023-06-20,112.5543
119551,Aditya Birla Sun Life Banking & PSU Debt Fund  - DIRECT - IDCW,Aditya Birla Sun Life Mutual Fund,Debt Scheme - Banking and PSU Fund,2023-06-21,112.5483
119551,Aditya Birla Sun Life Banking & PSU Debt Fund  - DIRECT - IDCW,Aditya Birla Sun Life Mutual Fund,Debt Scheme - Banking and PSU Fund,2023-06-22,112.5347
119551,Aditya Birla Sun Life Banking & PSU Debt Fund  - DIRECT - IDCW,Aditya Birla Sun Life Mutual Fund,Debt Scheme - Banking and PSU Fund,2023-06-23,112.5447
119551,Aditya Birla Sun Life Banking & PSU Debt Fund  - DIRECT - IDCW,Aditya Birla Sun Life Mutual Fund,Debt Scheme - Banking and PSU Fund,2023-06-26,112.5988
119551,Aditya Birla Sun Life Banking & PSU Debt Fund  - DIRECT - IDCW,Aditya Birla Sun Life Mutual Fund,Debt Scheme - Banking and PSU Fund,2023-06-27,112.6073
119551,Aditya Birla Sun Life Banking & PSU Debt Fund  - DIRECT - IDCW,Aditya Birla Sun Life Mutual Fund,Debt Scheme - Banking and PSU Fund,2023-06-28,112.6521
119551,Aditya Birla Sun Life Banking & PSU Debt Fund  - DIRECT - IDCW,Aditya Birla Sun Life Mutual Fund,Debt Scheme - Banking and PSU Fund,2023-06-30,112.6635
119551,Aditya Birla Sun Life Banking & PSU Debt Fund  - DIRECT - IDCW,Aditya Birla Sun Life Mutual Fund,Debt Scheme - Banking and PSU Fund,2023-07-03,112.6779
119551,Aditya Birla Sun Life Banking & PSU Debt Fund  - DIRECT - IDCW,Aditya Birla Sun Life Mutual Fund,Debt Scheme - Banking and PSU Fund,2023-07-04,112.7332
119551,Aditya Birla Sun Life Banking & PSU Debt Fund  - DIRECT - IDCW,Aditya Birla Sun Life Mutual Fund,Debt Scheme - Banking and PSU Fund,2023-07-05,112.7734
119551,Aditya Birla Sun Life Banking & PSU Debt Fund  - DIRECT - IDCW,Aditya Birla Sun Life Mutual Fund,Debt Scheme - Banking and PSU Fund,2023-07-06,112.7607
119551,Aditya Birla Sun Life Banking & PSU Debt Fund  - DIRECT - IDCW,Aditya Birla Sun Life Mutual Fund,Debt Scheme - Banking and PSU Fund,2023-07-07,112.7417
119551,Aditya Birla Sun Life Banking & PSU Debt Fund  - DIRECT - IDCW,Aditya Birla Sun Life Mutual Fund,Debt Scheme - Banking and PSU Fund,2023-07-10,112.7947
119551,Aditya Birla Sun Life Banking & PSU Debt Fund  - DIRECT - IDCW,Aditya Birla Sun Life Mutual Fund,Debt Scheme - Banking and PSU Fund,2023-07-11,112.879
119551,Aditya Birla Sun Life Banking & PSU Debt Fund  - DIRECT - IDCW,Aditya Birla Sun Life Mutual Fund,Debt Scheme - Banking and PSU Fund,2023-07-12,112.8785
119551,Aditya Birla Sun Life Banking & PSU Debt Fund  - DIRECT - IDCW,Aditya Birla Sun Life Mutual Fund,Debt Scheme - Banking and PSU Fund,2023-07-13,112.9794
119551,Aditya Birla Sun Life Banking & PSU Debt Fund  - DIRECT - IDCW,Aditya Birla Sun Life Mutual Fund,Debt Scheme - Banking and PSU Fund,2023-07-14,113.0224
119551,Aditya Birla Sun Life Banking & PSU Debt Fund  - DIRECT - IDCW,Aditya Birla Sun Life Mutual Fund,Debt Scheme - Banking and PSU Fund,2023-07-17,113.0933
119551,Aditya Birla Sun Life Banking & PSU Debt Fund  - DIRECT - IDCW,Aditya Birla Sun Life Mutual Fund,Debt Scheme - Banking and PSU Fund,2023-07-18,113.1539
119551,Aditya Birla Sun Life Banking & PSU Debt Fund  - DIRECT - IDCW,Aditya Birla Sun Life Mutual Fund,Debt Scheme - Banking and PSU Fund,2023-07-19,113.185
119551,Aditya Birla Sun Life Banking & PSU Debt Fund  - DIRECT - IDCW,Aditya Birla Sun Life Mutual Fund,Debt Scheme - Banking and PSU Fund,2023-07-20,113.2135
119551,Aditya Birla Sun Life Banking & PSU Debt Fund  - DIRECT - IDCW,Aditya Birla Sun Life Mutual Fund,Debt Scheme - Banking and PSU Fund,2023-07-21,113.1867
119551,Aditya Birla Sun Life Banking & PSU Debt Fund  - DIRECT - IDCW,Aditya Birla Sun Life Mutual Fund,Debt Scheme - Banking and PSU Fund,2023-07-24,113.252
119551,Aditya Birla Sun Life Banking & PSU Debt Fund  - DIRECT - IDCW,Aditya Birla Sun Life Mutual Fund,Debt Scheme - Banking and PSU Fund,2023-07-25,113.2068
119551,Aditya Birla Sun Life Banking & PSU Debt Fund  - DIRECT - IDCW,Aditya Birla Sun Life Mutual Fund,Debt Scheme - Banking and PSU Fund,2023-07-26,113.25
119551,Aditya Birla Sun Life Banking & PSU Debt Fund  - DIRECT - IDCW,Aditya Birla Sun Life Mutual Fund,Debt Scheme - Banking and PSU Fund,2023-07-27,113.302
119551,Aditya Birla Sun Life Banking & PSU Debt Fund  - DIRECT - IDCW,Aditya Birla Sun Life Mutual Fund,Debt Scheme - Banking and PSU Fund,2023-07-28,113.2233
119551,Aditya Birla Sun Life Banking & PSU Debt Fund  - DIRECT - IDCW,Aditya Birla Sun Life Mutual Fund,Debt Scheme - Banking and PSU Fund,2023-07-31,113.2955
119551,Aditya Birla Sun Life Banking & PSU Debt Fund  - DIRECT - IDCW,Aditya Birla Sun Life Mutual Fund,Debt Scheme - Banking and PSU Fund,2023-08-01,113.3502
119551,Aditya Birla Sun Life Banking & PSU Debt Fund  - DIRECT - IDCW,Aditya Birla Sun Life Mutual Fund,Debt Scheme - Banking and PSU Fund,2023-08-02,113.371
119551,Aditya Birla Sun Life Banking & PSU Debt Fund  - DIRECT - IDCW,Aditya Birla Sun Life Mutual Fund,Debt Scheme - Banking and PSU Fund,2023-08-03,113.3366
119551,Aditya Birla Sun Life Banking & PSU Debt Fund  - DIRECT - IDCW,Aditya Birla Sun Life Mutual Fund,Debt Scheme - Banking and PSU Fund,2023-08-04,113.3024
119551,Aditya Birla Sun Life Banking & PSU Debt Fund  - DIRECT - IDCW,Aditya Birla Sun Life Mutual Fund,Debt Scheme - Banking and PSU Fund,2023-08-07,113.4145
119551,Aditya Birla Sun Life Banking & PSU Debt Fund  - DIRECT - IDCW,Aditya Birla Sun Life Mutual Fund,Debt Scheme - Banking and PSU Fund,2023-08-08,113.4097
119551,Aditya Birla Sun Life Banking & PSU Debt Fund  - DIRECT - IDCW,Aditya Birla Sun Life Mutual Fund,Debt Scheme - Banking and PSU Fund,2023-08-09,113.4446
119551,Aditya Birla Sun Life Banking & PSU Debt Fund  - DIRECT - IDCW,Aditya Birla Sun Life Mutual Fund,Debt Scheme - Banking and PSU Fund,2023-08-10,113.4695
119551,Aditya Birla Sun Life Banking & PSU Debt Fund  - DIRECT - IDCW,Aditya Birla Sun Life Mutual Fund,Debt Scheme - Banking and PSU Fund,2023-08-11,113.4328
119551,Aditya Birla Sun Life Banking & PSU Debt Fund  - DIRECT - IDCW,Aditya Birla Sun Life Mutual Fund,Debt Scheme - Banking and PSU Fund,2023-08-14,113.4717
119551,Aditya Birla Sun Life Banking & PSU Debt Fund  - DIRECT - IDCW,Aditya Birla Sun Life Mutual Fund,Debt Scheme - Banking and PSU Fund,2023-08-17,113.448
119551,Aditya Birla Sun Life Banking & PSU Debt Fund  - DIRECT - IDCW,Aditya Birla Sun Life Mutual Fund,Debt Scheme - Banking and PSU Fund,2023-08-18,113.5055
119551,Aditya Birla Sun Life Banking & PSU Debt Fund  - DIRECT - IDCW,Aditya Birla Sun Life Mutual Fund,Debt Scheme - Banking and PSU Fund,2023-08-21,113.5726
119551,Aditya Birla Sun Life Banking & PSU Debt Fund  - DIRECT - IDCW,Aditya Birla Sun Life Mutual Fund,Debt Scheme - Banking and PSU Fund,2023-08-22,113.5608
119551,Aditya Birla Sun Life Banking & PSU Debt Fund  - DIRECT - IDCW,Aditya Birla Sun Life Mutual Fund,Debt Scheme - Banking and PSU Fund,2023-08-23,113.6358
119551,Aditya Birla Sun Life Banking & PSU Debt Fund  - DIRECT - IDCW,Aditya Birla Sun Life Mutual Fund,Debt Scheme - Banking and PSU Fund,2023-08-24,113.6982
119551,Aditya Birla Sun Life Banking & PSU Debt Fund  - DIRECT - IDCW,Aditya Birla Sun Life Mutual Fund,Debt Scheme - Banking and PSU Fund,2023-08-25,113.708
119551,Aditya Birla Sun Life Banking & PSU Debt Fund  - DIRECT - IDCW,Aditya Birla Sun Life Mutual Fund,Debt Scheme - Banking and PSU Fund,2023-08-28,113.8221
119551,Aditya Birla Sun Life Banking & PSU Debt Fund  - DIRECT - IDCW,Aditya Birla Sun Life Mutual Fund,Debt Scheme - Banking and PSU Fund,2023-08-29,113.8467
119551,Aditya Birla Sun Life Banking & PSU Debt Fund  - DIRECT - IDCW,Aditya Birla Sun Life Mutual Fund,Debt Scheme - Banking and PSU Fund,2023-08-30,113.8834
119551,Aditya Birla Sun Life Banking & PSU Debt Fund  - DIRECT - IDCW,Aditya Birla Sun Life Mutual Fund,Debt Scheme - Banking and PSU Fund,2023-08-31,113.9005
119551,Aditya Birla Sun Life Banking & PSU Debt Fund  - DIRECT - IDCW,Aditya Birla Sun Life Mutual Fund,Debt Scheme - Banking and PSU Fund,2023-09-01,113.9205
119551,Aditya Birla Sun Life Banking & PSU Debt Fund  - DIRECT - IDCW,Aditya Birla Sun Life Mutual Fund,Debt Scheme - Banking and PSU Fund,2023-09-04,113.9843
119551,Aditya Birla Sun Life Banking & PSU Debt Fund  - DIRECT - IDCW,Aditya Birla Sun Life Mutual Fund,Debt Scheme - Banking and PSU Fund,2023-09-05,113.9984
119551,Aditya Birla Sun Life Banking & PSU Debt Fund  - DIRECT - IDCW,Aditya Birla Sun Life Mutual Fund,Debt Scheme - Banking and PSU Fund,2023-09-06,113.9571
119551,Aditya Birla Sun Life Banking & PSU Debt Fund  - DIRECT - IDCW,Aditya Birla Sun Life Mutual Fund,Debt Scheme - Banking and PSU Fund,2023-09-07,114.0437
119551,Aditya Birla Sun Life Banking & PSU Debt Fund  - DIRECT - IDCW,Aditya Birla Sun Life Mutual Fund,Debt Scheme - Banking and PSU Fund,2023-09-08,114.0015
119551,Aditya Birla Sun Life Banking & PSU Debt Fund  - DIRECT - IDCW,Aditya Birla Sun Life Mutual Fund,Debt Scheme - Banking and PSU Fund,2023-09-11,114.0239
119551,Aditya Birla Sun Life Banking & PSU Debt Fund  - DIRECT - IDCW,Aditya Birla Sun Life Mutual Fund,Debt Scheme - Banking and PSU Fund,2023-09-12,114.0096
119551,Aditya Birla Sun Life Banking & PSU Debt Fund  - DIRECT - IDCW,Aditya Birla Sun Life Mutual Fund,Debt Scheme - Banking and PSU Fund,2023-09-13,114.1471
119551,Aditya Birla Sun Life Banking & PSU Debt Fund  - DIRECT - IDCW,Aditya Birla Sun Life Mutual Fund,Debt Scheme - Banking and PSU Fund,2023-09-14,114.2468
119551,Aditya Birla Sun Life Banking & PSU Debt Fund  - DIRECT - IDCW,Aditya Birla Sun Life Mutual Fund,Debt Scheme - Banking and PSU Fund,2023-09-15,114.1634
119551,Aditya Birla Sun Life Banking & PSU Debt Fund  - DIRECT - IDCW,Aditya Birla Sun Life Mutual Fund,Debt Scheme - Banking and PSU Fund,2023-09-18,114.2257
119551,Aditya Birla Sun Life Banking & PSU Debt Fund  - DIRECT - IDCW,Aditya Birla Sun Life Mutual Fund,Debt Scheme - Banking and PSU Fund,2023-09-20,114.3068
119551,Aditya Birla Sun Life Banking & PSU Debt Fund  - DIRECT - IDCW,Aditya Birla Sun Life Mutual Fund,Debt Scheme - Banking and PSU Fund,2023-09-21,114.3346
119551,Aditya Birla Sun Life Banking & PSU Debt Fund  - DIRECT - IDCW,Aditya Birla Sun Life Mutual Fund,Debt Scheme - Banking and PSU Fund,2023-09-22,114.3437
119551,Aditya Birla Sun Life Banking & PSU Debt Fund  - DIRECT - IDCW,Aditya Birla Sun Life Mutual Fund,Debt Scheme - Banking and PSU Fund,2023-09-25,114.3926
119551,Aditya Birla Sun Life Banking & PSU Debt Fund  - DIRECT - IDCW,Aditya Birla Sun Life Mutual Fund,Debt Scheme - Banking and PSU Fund,2023-09-26,114.3858
119551,Aditya Birla Sun Life Banking & PSU Debt Fund  - DIRECT - IDCW,Aditya Birla Sun Life Mutual Fund,Debt Scheme - Banking and PSU Fund,2023-09-27,114.4022
119551,Aditya Birla Sun Life Banking & PSU Debt Fund  - DIRECT - IDCW,Aditya Birla Sun Life Mutual Fund,Debt Scheme - Banking and PSU Fund,2023-09-29,114.3746
119551,Aditya Birla Sun Life Banking & PSU Debt Fund  - DIRECT - IDCW,Aditya Birla Sun Life Mutual Fund,Debt Scheme - Banking and PSU Fund,2023-10-03,114.4257
119551,Aditya Birla Sun Life Banking & PSU Debt Fund  - DIRECT - IDCW,Aditya Birla Sun Life Mutual Fund,Debt Scheme - Banking and PSU Fund,2023-10-04,114.4301
119551,Aditya Birla Sun Life Banking & PSU Debt Fund  - DIRECT - IDCW,Aditya Birla Sun Life Mutual Fund,Debt Scheme - Banking and PSU Fund,2023-10-05,114.5152
119551,Aditya Birla Sun Life Banking & PSU Debt Fund  - DIRECT - IDCW,Aditya Birla Sun Life Mutual Fund,Debt Scheme - Banking and PSU Fund,2023-10-06,114.2282
119551,Aditya Birla Sun Life Banking & PSU Debt Fund  - DIRECT - IDCW,Aditya Birla Sun Life Mutual Fund,Debt Scheme - Banking and PSU Fund,2023-10-09,114.2335
119551,Aditya Birla Sun Life Banking & PSU Debt Fund  - DIRECT - IDCW,Aditya Birla Sun Life Mutual Fund,Debt Scheme - Banking and PSU Fund,2023-10-10,114.2773
119551,Aditya Birla Sun Life Banking & PSU Debt Fund  - DIRECT - IDCW,Aditya Birla Sun Life Mutual Fund,Debt Scheme - Banking and PSU Fund,2023-10-11,114.3772
119551,Aditya Birla Sun Life Banking & PSU Debt Fund  - DIRECT - IDCW,Aditya Birla Sun Life Mutual Fund,Debt Scheme - Banking and PSU Fund,2023-10-12,114.4277
119551,Aditya Birla Sun Life Banking & PSU Debt Fund  - DIRECT - IDCW,Aditya Birla Sun Life Mutual Fund,Debt Scheme - Banking and PSU Fund,2023-10-13,114.4576
119551,Aditya Birla Sun Life Banking & PSU Debt Fund  - DIRECT - IDCW,Aditya Birla Sun Life Mutual Fund,Debt Scheme - Banking and PSU Fund,2023-10-16,114.515
119551,Aditya Birla Sun Life Banking & PSU Debt Fund  - DIRECT - IDCW,Aditya Birla Sun Life Mutual Fund,Debt Scheme - Banking and PSU Fund,2023-10-17,114.5336
119551,Aditya Birla Sun Life Banking & PSU Debt Fund  - DIRECT - IDCW,Aditya Birla Sun Life Mutual Fund,Debt Scheme - Banking and PSU Fund,2023-10-18,114.5264
119551,Aditya Birla Sun Life Banking & PSU Debt Fund  - DIRECT - IDCW,Aditya Birla Sun Life Mutual Fund,Debt Scheme - Banking and PSU Fund,2023-10-19,114.5085
119551,Aditya Birla Sun Life Banking & PSU Debt Fund  - DIRECT - IDCW,Aditya Birla Sun Life Mutual Fund,Debt Scheme - Banking and PSU Fund,2023-10-20,114.5203
119551,Aditya Birla Sun Life Banking & PSU Debt Fund  - DIRECT - IDCW,Aditya Birla Sun Life Mutual Fund,Debt Scheme - Banking and PSU Fund,2023-10-23,114.5561
119551,Aditya Birla Sun Life Banking & PSU Debt Fund  - DIRECT - IDCW,Aditya Birla Sun Life Mutual Fund,Debt Scheme - Banking and PSU Fund,2023-10-25,114.6385
119551,Aditya Birla Sun Life Banking & PSU Debt Fund  - DIRECT - IDCW,Aditya Birla Sun Life Mutual Fund,Debt Scheme - Banking and PSU Fund,2023-10-26,114.6543
119551,Aditya Birla Sun Life Banking & PSU Debt Fund  - DIRECT - IDCW,Aditya Birla Sun Life Mutual Fund,Debt Scheme - Banking and PSU Fund,2023-10-27,114.6755
119551,Aditya Birla Sun Life Banking & PSU Debt Fund  - DIRECT - IDCW,Aditya Birla Sun Life Mutual Fund,Debt Scheme - Banking and PSU Fund,2023-10-30,114.7213
119551,Aditya Birla Sun Life Banking & PSU Debt Fund  - DIRECT - IDCW,Aditya Birla Sun Life Mutual Fund,Debt Scheme - Banking and PSU Fund,2023-10-31,114.7532
119551,Aditya Birla Sun Life Banking & PSU Debt Fund  - DIRECT - IDCW,Aditya Birla Sun Life Mutual Fund,Debt Scheme - Banking and PSU Fund,2023-11-01,114.7619
119551,Aditya Birla Sun Life Banking & PSU Debt Fund  - DIRECT - IDCW,Aditya Birla Sun Life Mutual Fund,Debt Scheme - Banking and PSU Fund,2023-11-02,114.8598
119551,Aditya Birla Sun Life Banking & PSU Debt Fund  - DIRECT - IDCW,Aditya Birla Sun Life Mutual Fund,Debt Scheme - Banking and PSU Fund,2023-11-03,114.9185
119551,Aditya Birla Sun Life Banking & PSU Debt Fund  - DIRECT - IDCW,Aditya Birla Sun Life Mutual Fund,Debt Scheme - Banking and PSU Fund,2023-11-06,114.9939
119551,Aditya Birla Sun Life Banking & PSU Debt Fund  - DIRECT - IDCW,Aditya Birla Sun Life Mutual Fund,Debt Scheme - Banking and PSU Fund,2023-11-07,115.0481
119551,Aditya Birla Sun Life Banking & PSU Debt Fund  - DIRECT - IDCW,Aditya Birla Sun Life Mutual Fund,Debt Scheme - Banking and PSU Fund,2023-11-08,115.097
119551,Aditya Birla Sun Life Banking & PSU Debt Fund  - DIRECT - IDCW,Aditya Birla Sun Life Mutual Fund,Debt Scheme - Banking and PSU Fund,2023-11-09,115.1482
119551,Aditya Birla Sun Life Banking & PSU Debt Fund  - DIRECT - IDCW,Aditya Birla Sun Life Mutual Fund,Debt Scheme - Banking and PSU Fund,2023-11-10,115.1099
119551,Aditya Birla Sun Life Banking & PSU Debt Fund  - DIRECT - IDCW,Aditya Birla Sun Life Mutual Fund,Debt Scheme - Banking and PSU Fund,2023-11-13,115.1762
119551,Aditya Birla Sun Life Banking & PSU Debt Fund  - DIRECT - IDCW,Aditya Birla Sun Life Mutual Fund,Debt Scheme - Banking and PSU Fund,2023-11-15,115.3184
119551,Aditya Birla Sun Life Banking & PSU Debt Fund  - DIRECT - IDCW,Aditya Birla Sun Life Mutual Fund,Debt Scheme - Banking and PSU Fund,2023-11-16,115.359
119551,Aditya Birla Sun Life Banking & PSU Debt Fund  - DIRECT - IDCW,Aditya Birla Sun Life Mutual Fund,Debt Scheme - Banking and PSU Fund,2023-11-17,115.4046
119551,Aditya Birla Sun Life Banking & PSU Debt Fund  - DIRECT - IDCW,Aditya Birla Sun Life Mutual Fund,Debt Scheme - Banking and PSU Fund,2023-11-20,115.4124
119551,Aditya Birla Sun Life Banking & PSU Debt Fund  - DIRECT - IDCW,Aditya Birla Sun Life Mutual Fund,Debt Scheme - Banking and PSU Fund,2023-11-21,115.3462
119551,Aditya Birla Sun Life Banking & PSU Debt Fund  - DIRECT - IDCW,Aditya Birla Sun Life Mutual Fund,Debt Scheme - Banking and PSU Fund,2023-11-22,115.3956
119551,Aditya Birla Sun Life Banking & PSU Debt Fund  - DIRECT - IDCW,Aditya Birla Sun Life Mutual Fund,Debt Scheme - Banking and PSU Fund,2023-11-23,115.3838
119551,Aditya Birla Sun Life Banking & PSU Debt Fund  - DIRECT - IDCW,Aditya Birla Sun Life Mutual Fund,Debt Scheme - Banking and PSU Fund,2023-11-24,115.3487
119551,Aditya Birla Sun Life Banking & PSU Debt Fund  - DIRECT - IDCW,Aditya Birla Sun Life Mutual Fund,Debt Scheme - Banking and PSU Fund,2023-11-28,115.4606
119551,Aditya Birla Sun Life Banking & PSU Debt Fund  - DIRECT - IDCW,Aditya Birla Sun Life Mutual Fund,Debt Scheme - Banking and PSU Fund,2023-11-29,115.5248
119551,Aditya Birla Sun Life Banking & PSU Debt Fund  - DIRECT - IDCW,Aditya Birla Sun Life Mutual Fund,Debt Scheme - Banking and PSU Fund,2023-11-30,115.5118
119551,Aditya Birla Sun Life Banking & PSU Debt Fund  - DIRECT - IDCW,Aditya Birla Sun Life Mutual Fund,Debt Scheme - Banking and PSU Fund,2023-12-01,115.4928
119551,Aditya Birla Sun Life Banking & PSU Debt Fund  - DIRECT - IDCW,Aditya Birla Sun Life Mutual Fund,Debt Scheme - Banking and PSU Fund,2023-12-04,115.5786
119551,Aditya Birla Sun Life Banking & PSU Debt Fund  - DIRECT - IDCW,Aditya Birla Sun Life Mutual Fund,Debt Scheme - Banking and PSU Fund,2023-12-05,115.6087
119551,Aditya Birla Sun Life Banking & PSU Debt Fund  - DIRECT - IDCW,Aditya Birla Sun Life Mutual Fund,Debt Scheme - Banking and PSU Fund,2023-12-06,115.6714
119551,Aditya Birla Sun Life Banking & PSU Debt Fund  - DIRECT - IDCW,Aditya Birla Sun Life Mutual Fund,Debt Scheme - Banking and PSU Fund,2023-12-07,115.7012
119551,Aditya Birla Sun Life Banking & PSU Debt Fund  - DIRECT - IDCW,Aditya Birla Sun Life Mutual Fund,Debt Scheme - Banking and PSU Fund,2023-12-08,115.6975
119551,Aditya Birla Sun Life Banking & PSU Debt Fund  - DIRECT - IDCW,Aditya Birla Sun Life Mutual Fund,Debt Scheme - Banking and PSU Fund,2023-12-11,115.7213
119551,Aditya Birla Sun Life Banking & PSU Debt Fund  - DIRECT - IDCW,Aditya Birla Sun Life Mutual Fund,Debt Scheme - Banking and PSU Fund,2023-12-12,115.7387
119551,Aditya Birla Sun Life Banking & PSU Debt Fund  - DIRECT - IDCW,Aditya Birla Sun Life Mutual Fund,Debt Scheme - Banking and PSU Fund,2023-12-13,115.7767
119551,Aditya Birla Sun Life Banking & PSU Debt Fund  - DIRECT - IDCW,Aditya Birla Sun Life Mutual Fund,Debt Scheme - Banking and PSU Fund,2023-12-14,115.9449
119551,Aditya Birla Sun Life Banking & PSU Debt Fund  - DIRECT - IDCW,Aditya Birla Sun Life Mutual Fund,Debt Scheme - Banking and PSU Fund,2023-12-15,116.0675
119551,Aditya Birla Sun Life Banking & PSU Debt Fund  - DIRECT - IDCW,Aditya Birla Sun Life Mutual Fund,Debt Scheme - Banking and PSU Fund,2023-12-18,116.1498
119551,Aditya Birla Sun Life Banking & PSU Debt Fund  - DIRECT - IDCW,Aditya Birla Sun Life Mutual Fund,Debt Scheme - Banking and PSU Fund,2023-12-19,116.146
119551,Aditya Birla Sun Life Banking & PSU Debt Fund  - DIRECT - IDCW,Aditya Birla Sun Life Mutual Fund,Debt Scheme - Banking and PSU Fund,2023-12-20,116.1637
119551,Aditya Birla Sun Life Banking & PSU Debt Fund  - DIRECT - IDCW,Aditya Birla Sun Life Mutual Fund,Debt Scheme - Banking and PSU Fund,2023-12-21,116.1666
119551,Aditya Birla Sun Life Banking & PSU Debt Fund  - DIRECT - IDCW,Aditya Birla Sun Life Mutual Fund,Debt Scheme - Banking and PSU Fund,2023-12-22,116.1862
119551,Aditya Birla Sun Life Banking & PSU Debt Fund  - DIRECT - IDCW,Aditya Birla Sun Life Mutual Fund,Debt Scheme - Banking and PSU Fund,2023-12-26,116.29
119551,Aditya Birla Sun Life Banking & PSU Debt Fund  - DIRECT - IDCW,Aditya Birla Sun Life Mutual Fund,Debt Scheme - Banking and PSU Fund,2023-12-27,116.2785
119551,Aditya Birla Sun Life Banking & PSU Debt Fund  - DIRECT - IDCW,Aditya Birla Sun Life Mutual Fund,Debt Scheme - Banking and PSU Fund,2023-12-28,116.2869
119551,Aditya Birla Sun Life Banking & PSU Debt Fund  - DIRECT - IDCW,Aditya Birla Sun Life Mutual Fund,Debt Scheme - Banking and PSU Fund,2023-12-29,108.2404
119551,Aditya Birla Sun Life Banking & PSU Debt Fund  - DIRECT - IDCW,Aditya Birla Sun Life Mutual Fund,Debt Scheme - Banking and PSU Fund,2024-01-01,108.2962
119551,Aditya Birla Sun Life Banking & PSU Debt Fund  - DIRECT - IDCW,Aditya Birla Sun Life Mutual Fund,Debt Scheme - Banking and PSU Fund,2024-01-02,108.302
119551,Aditya Birla Sun Life Banking & PSU Debt Fund  - DIRECT - IDCW,Aditya Birla Sun Life Mutual Fund,Debt Scheme - Banking and PSU Fund,2024-01-03,108.3033
119551,Aditya Birla Sun Life Banking & PSU Debt Fund  - DIRECT - IDCW,Aditya Birla Sun Life Mutual Fund,Debt Scheme - Banking and PSU Fund,2024-01-04,108.3068
119551,Aditya Birla Sun Life Banking & PSU Debt Fund  - DIRECT - IDCW,Aditya Birla Sun Life Mutual Fund,Debt Scheme - Banking and PSU Fund,2024-01-05,108.2934
119551,Aditya Birla Sun Life Banking & PSU Debt Fund  - DIRECT - IDCW,Aditya Birla Sun Life Mutual Fund,Debt Scheme - Banking and PSU Fund,2024-01-08,108.4013
119551,Aditya Birla Sun Life Banking & PSU Debt Fund  - DIRECT - IDCW,Aditya Birla Sun Life Mutual Fund,Debt Scheme - Banking and PSU Fund,2024-01-09,108.4351
119551,Aditya Birla Sun Life Banking & PSU Debt Fund  - DIRECT - IDCW,Aditya Birla Sun Life Mutual Fund,Debt Scheme - Banking and PSU Fund,2024-01-10,108.4687
119551,Aditya Birla Sun Life Banking & PSU Debt Fund  - DIRECT - IDCW,Aditya Birla Sun Life Mutual Fund,Debt Scheme - Banking and PSU Fund,2024-01-11,108.4768
119551,Aditya Birla Sun Life Banking & PSU Debt Fund  - DIRECT - IDCW,Aditya Birla Sun Life Mutual Fund,Debt Scheme - Banking and PSU Fund,2024-01-12,108.5277
119551,Aditya Birla Sun Life Banking & PSU Debt Fund  - DIRECT - IDCW,Aditya Birla Sun Life Mutual Fund,Debt Scheme - Banking and PSU Fund,2024-01-15,108.6546
119551,Aditya Birla Sun Life Banking & PSU Debt Fund  - DIRECT - IDCW,Aditya Birla Sun Life Mutual Fund,Debt Scheme - Banking and PSU Fund,2024-01-16,108.6565
119551,Aditya Birla Sun Life Banking & PSU Debt Fund  - DIRECT - IDCW,Aditya Birla Sun Life Mutual Fund,Debt Scheme - Banking and PSU Fund,2024-01-17,108.6641
119551,Aditya Birla Sun Life Banking & PSU Debt Fund  - DIRECT - IDCW,Aditya Birla Sun Life Mutual Fund,Debt Scheme - Banking and PSU Fund,2024-01-18,108.6691
119551,Aditya Birla Sun Life Banking & PSU Debt Fund  - DIRECT - IDCW,Aditya Birla Sun Life Mutual Fund,Debt Scheme - Banking and PSU Fund,2024-01-19,108.6634
119551,Aditya Birla Sun Life Banking & PSU Debt Fund  - DIRECT - IDCW,Aditya Birla Sun Life Mutual Fund,Debt Scheme - Banking and PSU Fund,2024-01-23,108.756
119551,Aditya Birla Sun Life Banking & PSU Debt Fund  - DIRECT - IDCW,Aditya Birla Sun Life Mutual Fund,Debt Scheme - Banking and PSU Fund,2024-01-24,108.7584
119551,Aditya Birla Sun Life Banking & PSU Debt Fund  - DIRECT - IDCW,Aditya Birla Sun Life Mutual Fund,Debt Scheme - Banking and PSU Fund,2024-01-25,108.7795
119551,Aditya Birla Sun Life Banking & PSU Debt Fund  - DIRECT - IDCW,Aditya Birla Sun Life Mutual Fund,Debt Scheme - Banking and PSU Fund,2024-01-29,108.8663
119551,Aditya Birla Sun Life Banking & PSU Debt Fund  - DIRECT - IDCW,Aditya Birla Sun Life Mutual Fund,Debt Scheme - Banking and PSU Fund,2024-01-30,108.9094
119551,Aditya Birla Sun Life Banking & PSU Debt Fund  - DIRECT - IDCW,Aditya Birla Sun Life Mutual Fund,Debt Scheme - Banking and PSU Fund,2024-01-31,108.9501
119551,Aditya Birla Sun Life Banking & PSU Debt Fund  - DIRECT - IDCW,Aditya Birla Sun Life Mutual Fund,Debt Scheme - Banking and PSU Fund,2024-02-01,109.1334
119551,Aditya Birla Sun Life Banking & PSU Debt Fund  - DIRECT - IDCW,Aditya Birla Sun Life Mutual Fund,Debt Scheme - Banking and PSU Fund,2024-02-02,109.2484
119551,Aditya Birla Sun Life Banking & PSU Debt Fund  - DIRECT - IDCW,Aditya Birla Sun Life Mutual Fund,Debt Scheme - Banking and PSU Fund,2024-02-05,109.2279
119551,Aditya Birla Sun Life Banking & PSU Debt Fund  - DIRECT - IDCW,Aditya Birla Sun Life Mutual Fund,Debt Scheme - Banking and PSU Fund,2024-02-06,109.2489
119551,Aditya Birla Sun Life Banking & PSU Debt Fund  - DIRECT - IDCW,Aditya Birla Sun Life Mutual Fund,Debt Scheme - Banking and PSU Fund,2024-02-07,109.2938
119551,Aditya Birla Sun Life Banking & PSU Debt Fund  - DIRECT - IDCW,Aditya Birla Sun Life Mutual Fund,Debt Scheme - Banking and PSU Fund,2024-02-08,109.2929
119551,Aditya Birla Sun Life Banking & PSU Debt Fund  - DIRECT - IDCW,Aditya Birla Sun Life Mutual Fund,Debt Scheme - Banking and PSU Fund,2024-02-09,109.2569
119551,Aditya Birla Sun Life Banking & PSU Debt Fund  - DIRECT - IDCW,Aditya Birla Sun Life Mutual Fund,Debt Scheme - Banking and PSU Fund,2024-02-12,109.3183
119551,Aditya Birla Sun Life Banking & PSU Debt Fund  - DIRECT - IDCW,Aditya Birla Sun Life Mutual Fund,Debt Scheme - Banking and PSU Fund,2024-02-13,109.3221
119551,Aditya Birla Sun Life Banking & PSU Debt Fund  - DIRECT - IDCW,Aditya Birla Sun Life Mutual Fund,Debt Scheme - Banking and PSU Fund,2024-02-14,109.2938
119551,Aditya Birla Sun Life Banking & PSU Debt Fund  - DIRECT - IDCW,Aditya Birla Sun Life Mutual Fund,Debt Scheme - Banking and PSU Fund,2024-02-15,109.3771
119551,Aditya Birla Sun Life Banking & PSU Debt Fund  - DIRECT - IDCW,Aditya Birla Sun Life Mutual Fund,Debt Scheme - Banking and PSU Fund,2024-02-16,109.393
119551,Aditya Birla Sun Life Banking & PSU Debt Fund  - DIRECT - IDCW,Aditya Birla Sun Life Mutual Fund,Debt Scheme - Banking and PSU Fund,2024-02-20,109.5383
119551,Aditya Birla Sun Life Banking & PSU Debt Fund  - DIRECT - IDCW,Aditya Birla Sun Life Mutual Fund,Debt Scheme - Banking and PSU Fund,2024-02-21,109.5846
119551,Aditya Birla Sun Life Banking & PSU Debt Fund  - DIRECT - IDCW,Aditya Birla Sun Life Mutual Fund,Debt Scheme - Banking and PSU Fund,2024-02-22,109.6091
119551,Aditya Birla Sun Life Banking & PSU Debt Fund  - DIRECT - IDCW,Aditya Birla Sun Life Mutual Fund,Debt Scheme - Banking and PSU Fund,2024-02-23,109.6186
119551,Aditya Birla Sun Life Banking & PSU Debt Fund  - DIRECT - IDCW,Aditya Birla Sun Life Mutual Fund,Debt Scheme - Banking and PSU Fund,2024-02-26,109.7161
119551,Aditya Birla Sun Life Banking & PSU Debt Fund  - DIRECT - IDCW,Aditya Birla Sun Life Mutual Fund,Debt Scheme - Banking and PSU Fund,2024-02-27,109.7147
119551,Aditya Birla Sun Life Banking & PSU Debt Fund  - DIRECT - IDCW,Aditya Birla Sun Life Mutual Fund,Debt Scheme - Banking and PSU Fund,2024-02-28,109.7569
119551,Aditya Birla Sun Life Banking & PSU Debt Fund  - DIRECT - IDCW,Aditya Birla Sun Life Mutual Fund,Debt Scheme - Banking and PSU Fund,2024-02-29,109.7711
119551,Aditya Birla Sun Life Banking & PSU Debt Fund  - DIRECT - IDCW,Aditya Birla Sun Life Mutual Fund,Debt Scheme - Banking and PSU Fund,2024-03-01,109.7834
119551,Aditya Birla Sun Life Banking & PSU Debt Fund  - DIRECT - IDCW,Aditya Birla Sun Life Mutual Fund,Debt Scheme - Banking and PSU Fund,2024-03-04,109.8436
119551,Aditya Birla Sun Life Banking & PSU Debt Fund  - DIRECT - IDCW,Aditya Birla Sun Life Mutual Fund,Debt Scheme - Banking and PSU Fund,2024-03-05,109.8552
119551,Aditya Birla Sun Life Banking & PSU Debt Fund  - DIRECT - IDCW,Aditya Birla Sun Life Mutual Fund,Debt Scheme - Banking and PSU Fund,2024-03-06,109.9177
119551,Aditya Birla Sun Life Banking & PSU Debt Fund  - DIRECT - IDCW,Aditya Birla Sun Life Mutual Fund,Debt Scheme - Banking and PSU Fund,2024-03-07,109.9624
119551,Aditya Birla Sun Life Banking & PSU Debt Fund  - DIRECT - IDCW,Aditya Birla Sun Life Mutual Fund,Debt Scheme - Banking and PSU Fund,2024-03-11,110.12
119551,Aditya Birla Sun Life Banking & PSU Debt Fund  - DIRECT - IDCW,Aditya Birla Sun Life Mutual Fund,Debt Scheme - Banking and PSU Fund,2024-03-12,110.1246
119551,Aditya Birla Sun Life Banking & PSU Debt Fund  - DIRECT - IDCW,Aditya Birla Sun Life Mutual Fund,Debt Scheme - Banking and PSU Fund,2024-03-13,110.1303
119551,Aditya Birla Sun Life Banking & PSU Debt Fund  - DIRECT - IDCW,Aditya Birla Sun Life Mutual Fund,Debt Scheme - Banking and PSU Fund,2024-03-14,110.1196
119551,Aditya Birla Sun Life Banking & PSU Debt Fund  - DIRECT - IDCW,Aditya Birla Sun Life Mutual Fund,Debt Scheme - Banking and PSU Fund,2024-03-15,110.1319
119551,Aditya Birla Sun Life Banking & PSU Debt Fund  - DIRECT - IDCW,Aditya Birla Sun Life Mutual Fund,Debt Scheme - Banking and PSU Fund,2024-03-18,110.144
119551,Aditya Birla Sun Life Banking & PSU Debt Fund  - DIRECT - IDCW,Aditya Birla Sun Life Mutual Fund,Debt Scheme - Banking and PSU Fund,2024-03-19,110.114
119551,Aditya Birla Sun Life Banking & PSU Debt Fund  - DIRECT - IDCW,Aditya Birla Sun Life Mutual Fund,Debt Scheme - Banking and PSU Fund,2024-03-20,110.1485
119551,Aditya Birla Sun Life Banking & PSU Debt Fund  - DIRECT - IDCW,Aditya Birla Sun Life Mutual Fund,Debt Scheme - Banking and PSU Fund,2024-03-21,110.2046
119551,Aditya Birla Sun Life Banking & PSU Debt Fund  - DIRECT - IDCW,Aditya Birla Sun Life Mutual Fund,Debt Scheme - Banking and PSU Fund,2024-03-22,110.1729
119551,Aditya Birla Sun Life Banking & PSU Debt Fund  - DIRECT - IDCW,Aditya Birla Sun Life Mutual Fund,Debt Scheme - Banking and PSU Fund,2024-03-26,110.1903
119551,Aditya Birla Sun Life Banking & PSU Debt Fund  - DIRECT - IDCW,Aditya Birla Sun Life Mutual Fund,Debt Scheme - Banking and PSU Fund,2024-03-27,102.5361
119551,Aditya Birla Sun Life Banking & PSU Debt Fund  - DIRECT - IDCW,Aditya Birla Sun Life Mutual Fund,Debt Scheme - Banking and PSU Fund,2024-03-28,102.7096
119551,Aditya Birla Sun Life Banking & PSU Debt Fund  - DIRECT - IDCW,Aditya Birla Sun Life Mutual Fund,Debt Scheme - Banking and PSU Fund,2024-03-31,102.7632
119551,Aditya Birla Sun Life Banking & PSU Debt Fund  - DIRECT - IDCW,Aditya Birla Sun Life Mutual Fund,Debt Scheme - Banking and PSU Fund,2024-04-02,102.7608
119551,Aditya Birla Sun Life Banking & PSU Debt Fund  - DIRECT - IDCW,Aditya Birla Sun Life Mutual Fund,Debt Scheme - Banking and PSU Fund,2024-04-03,102.7932
119551,Aditya Birla Sun Life Banking & PSU Debt Fund  - DIRECT - IDCW,Aditya Birla Sun Life Mutual Fund,Debt Scheme - Banking and PSU Fund,2024-04-04,102.831
119551,Aditya Birla Sun Life Banking & PSU Debt Fund  - DIRECT - IDCW,Aditya Birla Sun Life Mutual Fund,Debt Scheme - Banking and PSU Fund,2024-04-05,102.8278
119551,Aditya Birla Sun Life Banking & PSU Debt Fund  - DIRECT - IDCW,Aditya Birla Sun Life Mutual Fund,Debt Scheme - Banking and PSU Fund,2024-04-08,102.7894
119551,Aditya Birla Sun Life Banking & PSU Debt Fund  - DIRECT - IDCW,Aditya Birla Sun Life Mutual Fund,Debt Scheme - Banking and PSU Fund,2024-04-10,102.8998
119551,Aditya Birla Sun Life Banking & PSU Debt Fund  - DIRECT - IDCW,Aditya Birla Sun Life Mutual Fund,Debt Scheme - Banking and PSU Fund,2024-04-12,102.7853
119551,Aditya Birla Sun Life Banking & PSU Debt Fund  - DIRECT - IDCW,Aditya Birla Sun Life Mutual Fund,Debt Scheme - Banking and PSU Fund,2024-04-15,102.8695
119551,Aditya Birla Sun Life Banking & PSU Debt Fund  - DIRECT - IDCW,Aditya Birla Sun Life Mutual Fund,Debt Scheme - Banking and PSU Fund,2024-04-16,102.834
119551,Aditya Birla Sun Life Banking & PSU Debt Fund  - DIRECT - IDCW,Aditya Birla Sun Life Mutual Fund,Debt Scheme - Banking and PSU Fund,2024-04-18,102.878
119551,Aditya Birla Sun Life Banking & PSU Debt Fund  - DIRECT - IDCW,Aditya Birla Sun Life Mutual Fund,Debt Scheme - Banking and PSU Fund,2024-04-19,102.785
119551,Aditya Birla Sun Life Banking & PSU Debt Fund  - DIRECT - IDCW,Aditya Birla Sun Life Mutual Fund,Debt Scheme - Banking and PSU Fund,2024-04-22,102.8818
119551,Aditya Birla Sun Life Banking & PSU Debt Fund  - DIRECT - IDCW,Aditya Birla Sun Life Mutual Fund,Debt Scheme - Banking and PSU Fund,2024-04-23,102.9532
119551,Aditya Birla Sun Life Banking & PSU Debt Fund  - DIRECT - IDCW,Aditya Birla Sun Life Mutual Fund,Debt Scheme - Banking and PSU Fund,2024-04-24,102.9549
119551,Aditya Birla Sun Life Banking & PSU Debt Fund  - DIRECT - IDCW,Aditya Birla Sun Life Mutual Fund,Debt Scheme - Banking and PSU Fund,2024-04-25,102.9493
119551,Aditya Birla Sun Life Banking & PSU Debt Fund  - DIRECT - IDCW,Aditya Birla Sun Life Mutual Fund,Debt Scheme - Banking and PSU Fund,2024-04-26,102.9593
119551,Aditya Birla Sun Life Banking & PSU Debt Fund  - DIRECT - IDCW,Aditya Birla Sun Life Mutual Fund,Debt Scheme - Banking and PSU Fund,2024-04-29,103.0161
119551,Aditya Birla Sun Life Banking & PSU Debt Fund  - DIRECT - IDCW,Aditya Birla Sun Life Mutual Fund,Debt Scheme - Banking and PSU Fund,2024-04-30,103.0514
119551,Aditya Birla Sun Life Banking & PSU Debt Fund  - DIRECT - IDCW,Aditya Birla Sun Life Mutual Fund,Debt Scheme - Banking and PSU Fund,2024-05-02,103.1097
119551,Aditya Birla Sun Life Banking & PSU Debt Fund  - DIRECT - IDCW,Aditya Birla Sun Life Mutual Fund,Debt Scheme - Banking and PSU Fund,2024-05-03,103.16
119551,Aditya Birla Sun Life Banking & PSU Debt Fund  - DIRECT - IDCW,Aditya Birla Sun Life Mutual Fund,Debt Scheme - Banking and PSU Fund,2024-05-06,103.3135
119551,Aditya Birla Sun Life Banking & PSU Debt Fund  - DIRECT - IDCW,Aditya Birla Sun Life Mutual Fund,Debt Scheme - Banking and PSU Fund,2024-05-07,103.3251
119551,Aditya Birla Sun Life Banking & PSU Debt Fund  - DIRECT - IDCW,Aditya Birla Sun Life Mutual Fund,Debt Scheme - Banking and PSU Fund,2024-05-08,103.3191
119551,Aditya Birla Sun Life Banking & PSU Debt Fund  - DIRECT - IDCW,Aditya Birla Sun Life Mutual Fund,Debt Scheme - Banking and PSU Fund,2024-05-09,103.3271
119551,Aditya Birla Sun Life Banking & PSU Debt Fund  - DIRECT - IDCW,Aditya Birla Sun Life Mutual Fund,Debt Scheme - Banking and PSU Fund,2024-05-10,103.3607
119551,Aditya Birla Sun Life Banking & PSU Debt Fund  - DIRECT - IDCW,Aditya Birla Sun Life Mutual Fund,Debt Scheme - Banking and PSU Fund,2024-05-13,103.4188
119551,Aditya Birla Sun Life Banking & PSU Debt Fund  - DIRECT - IDCW,Aditya Birla Sun Life Mutual Fund,Debt Scheme - Banking and PSU Fund,2024-05-14,103.4525
119551,Aditya Birla Sun Life Banking & PSU Debt Fund  - DIRECT - IDCW,Aditya Birla Sun Life Mutual Fund,Debt Scheme - Banking and PSU Fund,2024-05-15,103.5312
119551,Aditya Birla Sun Life Banking & PSU Debt Fund  - DIRECT - IDCW,Aditya Birla Sun Life Mutual Fund,Debt Scheme - Banking and PSU Fund,2024-05-16,103.618
119551,Aditya Birla Sun Life Banking & PSU Debt Fund  - DIRECT - IDCW,Aditya Birla Sun Life Mutual Fund,Debt Scheme - Banking and PSU Fund,2024-05-17,103.6086
119551,Aditya Birla Sun Life Banking & PSU Debt Fund  - DIRECT - IDCW,Aditya Birla Sun Life Mutual Fund,Debt Scheme - Banking and PSU Fund,2024-05-21,103.7247
119551,Aditya Birla Sun Life Banking & PSU Debt Fund  - DIRECT - IDCW,Aditya Birla Sun Life Mutual Fund,Debt Scheme - Banking and PSU Fund,2024-05-22,103.7992
119551,Aditya Birla Sun Life Banking & PSU Debt Fund  - DIRECT - IDCW,Aditya Birla Sun Life Mutual Fund,Debt Scheme - Banking and PSU Fund,2024-05-24,103.871
119551,Aditya Birla Sun Life Banking & PSU Debt Fund  - DIRECT - IDCW,Aditya Birla Sun Life Mutual Fund,Debt Scheme - Banking and PSU Fund,2024-05-27,103.9153
119551,Aditya Birla Sun Life Banking & PSU Debt Fund  - DIRECT - IDCW,Aditya Birla Sun Life Mutual Fund,Debt Scheme - Banking and PSU Fund,2024-05-28,103.9118
119551,Aditya Birla Sun Life Banking & PSU Debt Fund  - DIRECT - IDCW,Aditya Birla Sun Life Mutual Fund,Debt Scheme - Banking and PSU Fund,2024-05-29,103.8954
119551,Aditya Birla Sun Life Banking & PSU Debt Fund  - DIRECT - IDCW,Aditya Birla Sun Life Mutual Fund,Debt Scheme - Banking and PSU Fund,2024-05-30,103.9279
119551,Aditya Birla Sun Life Banking & PSU Debt Fund  - DIRECT - IDCW,Aditya Birla Sun Life Mutual Fund,Debt Scheme - Banking and PSU Fund,2024-05-31,103.9547
119551,Aditya Birla Sun Life Banking & PSU Debt Fund  - DIRECT - IDCW,Aditya Birla Sun Life Mutual Fund,Debt Scheme - Banking and PSU Fund,2024-06-03,104.0983
119551,Aditya Birla Sun Life Banking & PSU Debt Fund  - DIRECT - IDCW,Aditya Birla Sun Life Mutual Fund,Debt Scheme - Banking and PSU Fund,2024-06-04,103.8414
119551,Aditya Birla Sun Life Banking & PSU Debt Fund  - DIRECT - IDCW,Aditya Birla Sun Life Mutual Fund,Debt Scheme - Banking and PSU Fund,2024-06-05,103.9001
119551,Aditya Birla Sun Life Banking & PSU Debt Fund  - DIRECT - IDCW,Aditya Birla Sun Life Mutual Fund,Debt Scheme - Banking and PSU Fund,2024-06-06,103.9979
119551,Aditya Birla Sun Life Banking & PSU Debt Fund  - DIRECT - IDCW,Aditya Birla Sun Life Mutual Fund,Debt Scheme - Banking and PSU Fund,2024-06-07,104.0351
119551,Aditya Birla Sun Life Banking & PSU Debt Fund  - DIRECT - IDCW,Aditya Birla Sun Life Mutual Fund,Debt Scheme - Banking and PSU Fund,2024-06-10,104.0928
119551,Aditya Birla Sun Life Banking & PSU Debt Fund  - DIRECT - IDCW,Aditya Birla Sun Life Mutual Fund,Debt Scheme - Banking and PSU Fund,2024-06-11,104.1556
119551,Aditya Birla Sun Life Banking & PSU Debt Fund  - DIRECT - IDCW,Aditya Birla Sun Life Mutual Fund,Debt Scheme - Banking and PSU Fund,2024-06-12,104.1778
119551,Aditya Birla Sun Life Banking & PSU Debt Fund  - DIRECT - IDCW,Aditya Birla Sun Life Mutual Fund,Debt Scheme - Banking and PSU Fund,2024-06-13,104.2366
119551,Aditya Birla Sun Life Banking & PSU Debt Fund  - DIRECT - IDCW,Aditya Birla Sun Life Mutual Fund,Debt Scheme - Banking and PSU Fund,2024-06-14,104.2704
119551,Aditya Birla Sun Life Banking & PSU Debt Fund  - DIRECT - IDCW,Aditya Birla Sun Life Mutual Fund,Debt Scheme - Banking and PSU Fund,2024-06-18,104.3524
119551,Aditya Birla Sun Life Banking & PSU Debt Fund  - DIRECT - IDCW,Aditya Birla Sun Life Mutual Fund,Debt Scheme - Banking and PSU Fund,2024-06-19,104.3994
119551,Aditya Birla Sun Life Banking & PSU Debt Fund  - DIRECT - IDCW,Aditya Birla Sun Life Mutual Fund,Debt Scheme - Banking and PSU Fund,2024-06-20,104.432
119551,Aditya Birla Sun Life Banking & PSU Debt Fund  - DIRECT - IDCW,Aditya Birla Sun Life Mutual Fund,Debt Scheme - Banking and PSU Fund,2024-06-21,104.4713
119551,Aditya Birla Sun Life Banking & PSU Debt Fund  - DIRECT - IDCW,Aditya Birla Sun Life Mutual Fund,Debt Scheme - Banking and PSU Fund,2024-06-24,117.8708
119551,Aditya Birla Sun Life Banking & PSU Debt Fund  - DIRECT - IDCW,Aditya Birla Sun Life Mutual Fund,Debt Scheme - Banking and PSU Fund,2024-06-25,104.5405
119551,Aditya Birla Sun Life Banking & PSU Debt Fund  - DIRECT - IDCW,Aditya Birla Sun Life Mutual Fund,Debt Scheme - Banking and PSU Fund,2024-06-26,104.5187
119551,Aditya Birla Sun Life Banking & PSU Debt Fund  - DIRECT - IDCW,Aditya Birla Sun Life Mutual Fund,Debt Scheme - Banking and PSU Fund,2024-06-27,104.5382
119551,Aditya Birla Sun Life Banking & PSU Debt Fund  - DIRECT - IDCW,Aditya Birla Sun Life Mutual Fund,Debt Scheme - Banking and PSU Fund,2024-06-28,104.574
119551,Aditya Birla Sun Life Banking & PSU Debt Fund  - DIRECT - IDCW,Aditya Birla Sun Life Mutual Fund,Debt Scheme - Banking and PSU Fund,2024-06-30,104.6136
119551,Aditya Birla Sun Life Banking & PSU Debt Fund  - DIRECT - IDCW,Aditya Birla Sun Life Mutual Fund,Debt Scheme - Banking and PSU Fund,2024-07-01,104.6276
119551,Aditya Birla Sun Life Banking & PSU Debt Fund  - DIRECT - IDCW,Aditya Birla Sun Life Mutual Fund,Debt Scheme - Banking and PSU Fund,2024-07-02,104.6724
119551,Aditya Birla Sun Life Banking & PSU Debt Fund  - DIRECT - IDCW,Aditya Birla Sun Life Mutual Fund,Debt Scheme - Banking and PSU Fund,2024-07-03,104.7114
119551,Aditya Birla Sun Life Banking & PSU Debt Fund  - DIRECT - IDCW,Aditya Birla Sun Life Mutual Fund,Debt Scheme - Banking and PSU Fund,2024-07-04,104.745
119551,Aditya Birla Sun Life Banking & PSU Debt Fund  - DIRECT - IDCW,Aditya Birla Sun Life Mutual Fund,Debt Scheme - Banking and PSU Fund,2024-07-05,104.7786
119551,Aditya Birla Sun Life Banking & PSU Debt Fund  - DIRECT - IDCW,Aditya Birla Sun Life Mutual Fund,Debt Scheme - Banking and PSU Fund,2024-07-08,104.8485
119551,Aditya Birla Sun Life Banking & PSU Debt Fund  - DIRECT - IDCW,Aditya Birla Sun Life Mutual Fund,Debt Scheme - Banking and PSU Fund,2024-07-09,104.8761
119551,Aditya Birla Sun Life Banking & PSU Debt Fund  - DIRECT - IDCW,Aditya Birla Sun Life Mutual Fund,Debt Scheme - Banking and PSU Fund,2024-07-10,104.9009
119551,Aditya Birla Sun Life Banking & PSU Debt Fund  - DIRECT - IDCW,Aditya Birla Sun Life Mutual Fund,Debt Scheme - Banking and PSU Fund,2024-07-11,104.9227
119551,Aditya Birla Sun Life Banking & PSU Debt Fund  - DIRECT - IDCW,Aditya Birla Sun Life Mutual Fund,Debt Scheme - Banking and PSU Fund,2024-07-12,104.9292
119551,Aditya Birla Sun Life Banking & PSU Debt Fund  - DIRECT - IDCW,Aditya Birla Sun Life Mutual Fund,Debt Scheme - Banking and PSU Fund,2024-07-15,105.0151
119551,Aditya Birla Sun Life Banking & PSU Debt Fund  - DIRECT - IDCW,Aditya Birla Sun Life Mutual Fund,Debt Scheme - Banking and PSU Fund,2024-07-16,105.0855
119551,Aditya Birla Sun Life Banking & PSU Debt Fund  - DIRECT - IDCW,Aditya Birla Sun Life Mutual Fund,Debt Scheme - Banking and PSU Fund,2024-07-18,105.1452
119551,Aditya Birla Sun Life Banking & PSU Debt Fund  - DIRECT - IDCW,Aditya Birla Sun Life Mutual Fund,Debt Scheme - Banking and PSU Fund,2024-07-19,105.1758
119551,Aditya Birla Sun Life Banking & PSU Debt Fund  - DIRECT - IDCW,Aditya Birla Sun Life Mutual Fund,Debt Scheme - Banking and PSU Fund,2024-07-22,105.223
119551,Aditya Birla Sun Life Banking & PSU Debt Fund  - DIRECT - IDCW,Aditya Birla Sun Life Mutual Fund,Debt Scheme - Banking and PSU Fund,2024-07-23,105.2253
119551,Aditya Birla Sun Life Banking & PSU Debt Fund  - DIRECT - IDCW,Aditya Birla Sun Life Mutual Fund,Debt Scheme - Banking and PSU Fund,2024-07-24,105.2595
119551,Aditya Birla Sun Life Banking & PSU Debt Fund  - DIRECT - IDCW,Aditya Birla Sun Life Mutual Fund,Debt Scheme - Banking and PSU Fund,2024-07-25,105.3408
119551,Aditya Birla Sun Life Banking & PSU Debt Fund  - DIRECT - IDCW,Aditya Birla Sun Life Mutual Fund,Debt Scheme - Banking and PSU Fund,2024-07-26,105.4135
119551,Aditya Birla Sun Life Banking & PSU Debt Fund  - DIRECT - IDCW,Aditya Birla Sun Life Mutual Fund,Debt Scheme - Banking and PSU Fund,2024-07-29,105.5119
119551,Aditya Birla Sun Life Banking & PSU Debt Fund  - DIRECT - IDCW,Aditya Birla Sun Life Mutual Fund,Debt Scheme - Banking and PSU Fund,2024-07-30,105.5094
119551,Aditya Birla Sun Life Banking & PSU Debt Fund  - DIRECT - IDCW,Aditya Birla Sun Life Mutual Fund,Debt Scheme - Banking and PSU Fund,2024-07-31,105.5109
119551,Aditya Birla Sun Life Banking & PSU Debt Fund  - DIRECT - IDCW,Aditya Birla Sun Life Mutual Fund,Debt Scheme - Banking and PSU Fund,2024-08-01,105.5455
119551,Aditya Birla Sun Life Banking & PSU Debt Fund  - DIRECT - IDCW,Aditya Birla Sun Life Mutual Fund,Debt Scheme - Banking and PSU Fund,2024-08-02,105.5909
119551,Aditya Birla Sun Life Banking & PSU Debt Fund  - DIRECT - IDCW,Aditya Birla Sun Life Mutual Fund,Debt Scheme - Banking and PSU Fund,2024-08-05,105.7262
119551,Aditya Birla Sun Life Banking & PSU Debt Fund  - DIRECT - IDCW,Aditya Birla Sun Life Mutual Fund,Debt Scheme - Banking and PSU Fund,2024-08-06,105.7253
119551,Aditya Birla Sun Life Banking & PSU Debt Fund  - DIRECT - IDCW,Aditya Birla Sun Life Mutual Fund,Debt Scheme - Banking and PSU Fund,2024-08-07,105.7549
119551,Aditya Birla Sun Life Banking & PSU Debt Fund  - DIRECT - IDCW,Aditya Birla Sun Life Mutual Fund,Debt Scheme - Banking and PSU Fund,2024-08-08,105.7637
119551,Aditya Birla Sun Life Banking & PSU Debt Fund  - DIRECT - IDCW,Aditya Birla Sun Life Mutual Fund,Debt Scheme - Banking and PSU Fund,2024-08-09,105.7861
119551,Aditya Birla Sun Life Banking & PSU Debt Fund  - DIRECT - IDCW,Aditya Birla Sun Life Mutual Fund,Debt Scheme - Banking and PSU Fund,2024-08-12,105.8262
119551,Aditya Birla Sun Life Banking & PSU Debt Fund  - DIRECT - IDCW,Aditya Birla Sun Life Mutual Fund,Debt Scheme - Banking and PSU Fund,2024-08-13,105.8532
119551,Aditya Birla Sun Life Banking & PSU Debt Fund  - DIRECT - IDCW,Aditya Birla Sun Life Mutual Fund,Debt Scheme - Banking and PSU Fund,2024-08-14,105.8943
119551,Aditya Birla Sun Life Banking & PSU Debt Fund  - DIRECT - IDCW,Aditya Birla Sun Life Mutual Fund,Debt Scheme - Banking and PSU Fund,2024-08-16,105.9116
119551,Aditya Birla Sun Life Banking & PSU Debt Fund  - DIRECT - IDCW,Aditya Birla Sun Life Mutual Fund,Debt Scheme - Banking and PSU Fund,2024-08-19,105.9818
119551,Aditya Birla Sun Life Banking & PSU Debt Fund  - DIRECT - IDCW,Aditya Birla Sun Life Mutual Fund,Debt Scheme - Banking and PSU Fund,2024-08-20,106.0252
119551,Aditya Birla Sun Life Banking & PSU Debt Fund  - DIRECT - IDCW,Aditya Birla Sun Life Mutual Fund,Debt Scheme - Banking and PSU Fund,2024-08-21,106.0518
119551,Aditya Birla Sun Life Banking & PSU Debt Fund  - DIRECT - IDCW,Aditya Birla Sun Life Mutual Fund,Debt Scheme - Banking and PSU Fund,2024-08-22,106.0858
119551,Aditya Birla Sun Life Banking & PSU Debt Fund  - DIRECT - IDCW,Aditya Birla Sun Life Mutual Fund,Debt Scheme - Banking and PSU Fund,2024-08-23,106.1127
119551,Aditya Birla Sun Life Banking & PSU Debt Fund  - DIRECT - IDCW,Aditya Birla Sun Life Mutual Fund,Debt Scheme - Banking and PSU Fund,2024-08-26,106.1703
119551,Aditya Birla Sun Life Banking & PSU Debt Fund  - DIRECT - IDCW,Aditya Birla Sun Life Mutual Fund,Debt Scheme - Banking and PSU Fund,2024-08-27,106.1953
119551,Aditya Birla Sun Life Banking & PSU Debt Fund  - DIRECT - IDCW,Aditya Birla Sun Life Mutual Fund,Debt Scheme - Banking and PSU Fund,2024-08-28,106.2365
119551,Aditya Birla Sun Life Banking & PSU Debt Fund  - DIRECT - IDCW,Aditya Birla Sun Life Mutual Fund,Debt Scheme - Banking and PSU Fund,2024-08-29,106.2648
119551,Aditya Birla Sun Life Banking & PSU Debt Fund  - DIRECT - IDCW,Aditya Birla Sun Life Mutual Fund,Debt Scheme - Banking and PSU Fund,2024-08-30,106.2668
119551,Aditya Birla Sun Life Banking & PSU Debt Fund  - DIRECT - IDCW,Aditya Birla Sun Life Mutual Fund,Debt Scheme - Banking and PSU Fund,2024-09-02,106.3054
119551,Aditya Birla Sun Life Banking & PSU Debt Fund  - DIRECT - IDCW,Aditya Birla Sun Life Mutual Fund,Debt Scheme - Banking and PSU Fund,2024-09-03,106.3329
119551,Aditya Birla Sun Life Banking & PSU Debt Fund  - DIRECT - IDCW,Aditya Birla Sun Life Mutual Fund,Debt Scheme - Banking and PSU Fund,2024-09-04,106.3754
119551,Aditya Birla Sun Life Banking & PSU Debt Fund  - DIRECT - IDCW,Aditya Birla Sun Life Mutual Fund,Debt Scheme - Banking and PSU Fund,2024-09-05,106.4059
119551,Aditya Birla Sun Life Banking & PSU Debt Fund  - DIRECT - IDCW,Aditya Birla Sun Life Mutual Fund,Debt Scheme - Banking and PSU Fund,2024-09-06,106.4146
119551,Aditya Birla Sun Life Banking & PSU Debt Fund  - DIRECT - IDCW,Aditya Birla Sun Life Mutual Fund,Debt Scheme - Banking and PSU Fund,2024-09-09,106.4667
119551,Aditya Birla Sun Life Banking & PSU Debt Fund  - DIRECT - IDCW,Aditya Birla Sun Life Mutual Fund,Debt Scheme - Banking and PSU Fund,2024-09-10,106.4902
119551,Aditya Birla Sun Life Banking & PSU Debt Fund  - DIRECT - IDCW,Aditya Birla Sun Life Mutual Fund,Debt Scheme - Banking and PSU Fund,2024-09-11,106.5512
119551,Aditya Birla Sun Life Banking & PSU Debt Fund  - DIRECT - IDCW,Aditya Birla Sun Life Mutual Fund,Debt Scheme - Banking and PSU Fund,2024-09-12,106.5827
119551,Aditya Birla Sun Life Banking & PSU Debt Fund  - DIRECT - IDCW,Aditya Birla Sun Life Mutual Fund,Debt Scheme - Banking and PSU Fund,2024-09-13,106.6573
119551,Aditya Birla Sun Life Banking & PSU Debt Fund  - DIRECT - IDCW,Aditya Birla Sun Life Mutual Fund,Debt Scheme - Banking and PSU Fund,2024-09-16,106.7623
119551,Aditya Birla Sun Life Banking & PSU Debt Fund  - DIRECT - IDCW,Aditya Birla Sun Life Mutual Fund,Debt Scheme - Banking and PSU Fund,2024-09-17,106.7639
119551,Aditya Birla Sun Life Banking & PSU Debt Fund  - DIRECT - IDCW,Aditya Birla Sun Life Mutual Fund,Debt Scheme - Banking and PSU Fund,2024-09-19,106.8809
119551,Aditya Birla Sun Life Banking & PSU Debt Fund  - DIRECT - IDCW,Aditya Birla Sun Life Mutual Fund,Debt Scheme - Banking and PSU Fund,2024-09-20,106.929
119551,Aditya Birla Sun Life Banking & PSU Debt Fund  - DIRECT - IDCW,Aditya Birla Sun Life Mutual Fund,Debt Scheme - Banking and PSU Fund,2024-09-23,107.0237
119551,Aditya Birla Sun Life Banking & PSU Debt Fund  - DIRECT - IDCW,Aditya Birla Sun Life Mutual Fund,Debt Scheme - Banking and PSU Fund,2024-09-24,107.0466
119551,Aditya Birla Sun Life Banking & PSU Debt Fund  - DIRECT - IDCW,Aditya Birla Sun Life Mutual Fund,Debt Scheme - Banking and PSU Fund,2024-09-25,107.1126
119551,Aditya Birla Sun Life Banking & PSU Debt Fund  - DIRECT - IDCW,Aditya Birla Sun Life Mutual Fund,Debt Scheme - Banking and PSU Fund,2024-09-26,107.1966
119551,Aditya Birla Sun Life Banking & PSU Debt Fund  - DIRECT - IDCW,Aditya Birla Sun Life Mutual Fund,Debt Scheme - Banking and PSU Fund,2024-09-27,107.1769
119551,Aditya Birla Sun Life Banking & PSU Debt Fund  - DIRECT - IDCW,Aditya Birla Sun Life Mutual Fund,Debt Scheme - Banking and PSU Fund,2024-09-30,107.225
119551,Aditya Birla Sun Life Banking & PSU Debt Fund  - DIRECT - IDCW,Aditya Birla Sun Life Mutual Fund,Debt Scheme - Banking and PSU Fund,2024-10-01,107.3237
119551,Aditya Birla Sun Life Banking & PSU Debt Fund  - DIRECT - IDCW,Aditya Birla Sun Life Mutual Fund,Debt Scheme - Banking and PSU Fund,2024-10-03,107.3076
119551,Aditya Birla Sun Life Banking & PSU Debt Fund  - DIRECT - IDCW,Aditya Birla Sun Life Mutual Fund,Debt Scheme - Banking and PSU Fund,2024-10-04,107.2257
119551,Aditya Birla Sun Life Banking & PSU Debt Fund  - DIRECT - IDCW,Aditya Birla Sun Life Mutual Fund,Debt Scheme - Banking and PSU Fund,2024-10-07,107.2487
119551,Aditya Birla Sun Life Banking & PSU Debt Fund  - DIRECT - IDCW,Aditya Birla Sun Life Mutual Fund,Debt Scheme - Banking and PSU Fund,2024-10-08,107.3126
119551,Aditya Birla Sun Life Banking & PSU Debt Fund  - DIRECT - IDCW,Aditya Birla Sun Life Mutual Fund,Debt Scheme - Banking and PSU Fund,2024-10-09,107.4772
119551,Aditya Birla Sun Life Banking & PSU Debt Fund  - DIRECT - IDCW,Aditya Birla Sun Life Mutual Fund,Debt Scheme - Banking and PSU Fund,2024-10-10,107.504
119551,Aditya Birla Sun Life Banking & PSU Debt Fund  - DIRECT - IDCW,Aditya Birla Sun Life Mutual Fund,Debt Scheme - Banking and PSU Fund,2024-10-11,107.5265
119551,Aditya Birla Sun Life Banking & PSU Debt Fund  - DIRECT - IDCW,Aditya Birla Sun Life Mutual Fund,Debt Scheme - Banking and PSU Fund,2024-10-14,107.6186
119551,Aditya Birla Sun Life Banking & PSU Debt Fund  - DIRECT - IDCW,Aditya Birla Sun Life Mutual Fund,Debt Scheme - Banking and PSU Fund,2024-10-15,107.6534
119551,Aditya Birla Sun Life Banking & PSU Debt Fund  - DIRECT - IDCW,Aditya Birla Sun Life Mutual Fund,Debt Scheme - Banking and PSU Fund,2024-10-16,107.6535
119551,Aditya Birla Sun Life Banking & PSU Debt Fund  - DIRECT - IDCW,Aditya Birla Sun Life Mutual Fund,Debt Scheme - Banking and PSU Fund,2024-10-17,107.6503
119551,Aditya Birla Sun Life Banking & PSU Debt Fund  - DIRECT - IDCW,Aditya Birla Sun Life Mutual Fund,Debt Scheme - Banking and PSU Fund,2024-10-18,107.6158
119551,Aditya Birla Sun Life Banking & PSU Debt Fund  - DIRECT - IDCW,Aditya Birla Sun Life Mutual Fund,Debt Scheme - Banking and PSU Fund,2024-10-21,107.6357
119551,Aditya Birla Sun Life Banking & PSU Debt Fund  - DIRECT - IDCW,Aditya Birla Sun Life Mutual Fund,Debt Scheme - Banking and PSU Fund,2024-10-22,107.5869
119551,Aditya Birla Sun Life Banking & PSU Debt Fund  - DIRECT - IDCW,Aditya Birla Sun Life Mutual Fund,Debt Scheme - Banking and PSU Fund,2024-10-23,107.6336
119551,Aditya Birla Sun Life Banking & PSU Debt Fund  - DIRECT - IDCW,Aditya Birla Sun Life Mutual Fund,Debt Scheme - Banking and PSU Fund,2024-10-24,107.674
119551,Aditya Birla Sun Life Banking & PSU Debt Fund  - DIRECT - IDCW,Aditya Birla Sun Life Mutual Fund,Debt Scheme - Banking and PSU Fund,2024-10-25,107.6909
119551,Aditya Birla Sun Life Banking & PSU Debt Fund  - DIRECT - IDCW,Aditya Birla Sun Life Mutual Fund,Debt Scheme - Banking and PSU Fund,2024-10-28,107.6861
119551,Aditya Birla Sun Life Banking & PSU Debt Fund  - DIRECT - IDCW,Aditya Birla Sun Life Mutual Fund,Debt Scheme - Banking and PSU Fund,2024-10-29,107.725
119551,Aditya Birla Sun Life Banking & PSU Debt Fund  - DIRECT - IDCW,Aditya Birla Sun Life Mutual Fund,Debt Scheme - Banking and PSU Fund,2024-10-30,107.7881
119551,Aditya Birla Sun Life Banking & PSU Debt Fund  - DIRECT - IDCW,Aditya Birla Sun Life Mutual Fund,Debt Scheme - Banking and PSU Fund,2024-10-31,107.8015
119551,Aditya Birla Sun Life Banking & PSU Debt Fund  - DIRECT - IDCW,Aditya Birla Sun Life Mutual Fund,Debt Scheme - Banking and PSU Fund,2024-11-04,107.8739
119551,Aditya Birla Sun Life Banking & PSU Debt Fund  - DIRECT - IDCW,Aditya Birla Sun Life Mutual Fund,Debt Scheme - Banking and PSU Fund,2024-11-05,107.8874
119551,Aditya Birla Sun Life Banking & PSU Debt Fund  - DIRECT - IDCW,Aditya Birla Sun Life Mutual Fund,Debt Scheme - Banking and PSU Fund,2024-11-06,107.8879
119551,Aditya Birla Sun Life Banking & PSU Debt Fund  - DIRECT - IDCW,Aditya Birla Sun Life Mutual Fund,Debt Scheme - Banking and PSU Fund,2024-11-07,107.9237
119551,Aditya Birla Sun Life Banking & PSU Debt Fund  - DIRECT - IDCW,Aditya Birla Sun Life Mutual Fund,Debt Scheme - Banking and PSU Fund,2024-11-08,107.9884
119551,Aditya Birla Sun Life Banking & PSU Debt Fund  - DIRECT - IDCW,Aditya Birla Sun Life Mutual Fund,Debt Scheme - Banking and PSU Fund,2024-11-11,108.0457
119551,Aditya Birla Sun Life Banking & PSU Debt Fund  - DIRECT - IDCW,Aditya Birla Sun Life Mutual Fund,Debt Scheme - Banking and PSU Fund,2024-11-12,108.0534
119551,Aditya Birla Sun Life Banking & PSU Debt Fund  - DIRECT - IDCW,Aditya Birla Sun Life Mutual Fund,Debt Scheme - Banking and PSU Fund,2024-11-13,108.0513
119551,Aditya Birla Sun Life Banking & PSU Debt Fund  - DIRECT - IDCW,Aditya Birla Sun Life Mutual Fund,Debt Scheme - Banking and PSU Fund,2024-11-14,108.0265
119551,Aditya Birla Sun Life Banking & PSU Debt Fund  - DIRECT - IDCW,Aditya Birla Sun Life Mutual Fund,Debt Scheme - Banking and PSU Fund,2024-11-18,108.1144
119551,Aditya Birla Sun Life Banking & PSU Debt Fund  - DIRECT - IDCW,Aditya Birla Sun Life Mutual Fund,Debt Scheme - Banking and PSU Fund,2024-11-19,108.1459
119551,Aditya Birla Sun Life Banking & PSU Debt Fund  - DIRECT - IDCW,Aditya Birla Sun Life Mutual Fund,Debt Scheme - Banking and PSU Fund,2024-11-21,108.1547
119551,Aditya Birla Sun Life Banking & PSU Debt Fund  - DIRECT - IDCW,Aditya Birla Sun Life Mutual Fund,Debt Scheme - Banking and PSU Fund,2024-11-22,108.1301
119551,Aditya Birla Sun Life Banking & PSU Debt Fund  - DIRECT - IDCW,Aditya Birla Sun Life Mutual Fund,Debt Scheme - Banking and PSU Fund,2024-11-25,108.2199
119551,Aditya Birla Sun Life Banking & PSU Debt Fund  - DIRECT - IDCW,Aditya Birla Sun Life Mutual Fund,Debt Scheme - Banking and PSU Fund,2024-11-26,108.234
119551,Aditya Birla Sun Life Banking & PSU Debt Fund  - DIRECT - IDCW,Aditya Birla Sun Life Mutual Fund,Debt Scheme - Banking and PSU Fund,2024-11-27,108.2186
119551,Aditya Birla Sun Life Banking & PSU Debt Fund  - DIRECT - IDCW,Aditya Birla Sun Life Mutual Fund,Debt Scheme - Banking and PSU Fund,2024-11-28,108.248
119551,Aditya Birla Sun Life Banking & PSU Debt Fund  - DIRECT - IDCW,Aditya Birla Sun Life Mutual Fund,Debt Scheme - Banking and PSU Fund,2024-11-29,108.3481
119551,Aditya Birla Sun Life Banking & PSU Debt Fund  - DIRECT - IDCW,Aditya Birla Sun Life Mutual Fund,Debt Scheme - Banking and PSU Fund,2024-12-02,108.547
119551,Aditya Birla Sun Life Banking & PSU Debt Fund  - DIRECT - IDCW,Aditya Birla Sun Life Mutual Fund,Debt Scheme - Banking and PSU Fund,2024-12-03,108.5772
119551,Aditya Birla Sun Life Banking & PSU Debt Fund  - DIRECT - IDCW,Aditya Birla Sun Life Mutual Fund,Debt Scheme - Banking and PSU Fund,2024-12-04,108.6652
119551,Aditya Birla Sun Life Banking & PSU Debt Fund  - DIRECT - IDCW,Aditya Birla Sun Life Mutual Fund,Debt Scheme - Banking and PSU Fund,2024-12-05,108.7127
119551,Aditya Birla Sun Life Banking & PSU Debt Fund  - DIRECT - IDCW,Aditya Birla Sun Life Mutual Fund,Debt Scheme - Banking and PSU Fund,2024-12-06,108.6492
119551,Aditya Birla Sun Life Banking & PSU Debt Fund  - DIRECT - IDCW,Aditya Birla Sun Life Mutual Fund,Debt Scheme - Banking and PSU Fund,2024-12-09,108.7124
119551,Aditya Birla Sun Life Banking & PSU Debt Fund  - DIRECT - IDCW,Aditya Birla Sun Life Mutual Fund,Debt Scheme - Banking and PSU Fund,2024-12-10,108.7512
119551,Aditya Birla Sun Life Banking & PSU Debt Fund  - DIRECT - IDCW,Aditya Birla Sun Life Mutual Fund,Debt Scheme - Banking and PSU Fund,2024-12-11,108.7714
119551,Aditya Birla Sun Life Banking & PSU Debt Fund  - DIRECT - IDCW,Aditya Birla Sun Life Mutual Fund,Debt Scheme - Banking and PSU Fund,2024-12-12,108.76
119551,Aditya Birla Sun Life Banking & PSU Debt Fund  - DIRECT - IDCW,Aditya Birla Sun Life Mutual Fund,Debt Scheme - Banking and PSU Fund,2024-12-13,108.7654
119551,Aditya Birla Sun Life Banking & PSU Debt Fund  - DIRECT - IDCW,Aditya Birla Sun Life Mutual Fund,Debt Scheme - Banking and PSU Fund,2024-12-16,108.8176
119551,Aditya Birla Sun Life Banking & PSU Debt Fund  - DIRECT - IDCW,Aditya Birla Sun Life Mutual Fund,Debt Scheme - Banking and PSU Fund,2024-12-17,102.2788
119551,Aditya Birla Sun Life Banking & PSU Debt Fund  - DIRECT - IDCW,Aditya Birla Sun Life Mutual Fund,Debt Scheme - Banking and PSU Fund,2024-12-18,102.3051
119551,Aditya Birla Sun Life Banking & PSU Debt Fund  - DIRECT - IDCW,Aditya Birla Sun Life Mutual Fund,Debt Scheme - Banking and PSU Fund,2024-12-19,102.2319
119551,Aditya Birla Sun Life Banking & PSU Debt Fund  - DIRECT - IDCW,Aditya Birla Sun Life Mutual Fund,Debt Scheme - Banking and PSU Fund,2024-12-20,102.2299
119551,Aditya Birla Sun Life Banking & PSU Debt Fund  - DIRECT - IDCW,Aditya Birla Sun Life Mutual Fund,Debt Scheme - Banking and PSU Fund,2024-12-23,102.2971
119551,Aditya Birla Sun Life Banking & PSU Debt Fund  - DIRECT - IDCW,Aditya Birla Sun Life Mutual Fund,Debt Scheme - Banking and PSU Fund,2024-12-24,102.276
119551,Aditya Birla Sun Life Banking & PSU Debt Fund  - DIRECT - IDCW,Aditya Birla Sun Life Mutual Fund,Debt Scheme - Banking and PSU Fund,2024-12-26,102.3057
119551,Aditya Birla Sun Life Banking & PSU Debt Fund  - DIRECT - IDCW,Aditya Birla Sun Life Mutual Fund,Debt Scheme - Banking and PSU Fund,2024-12-27,102.3377
119551,Aditya Birla Sun Life Banking & PSU Debt Fund  - DIRECT - IDCW,Aditya Birla Sun Life Mutual Fund,Debt Scheme - Banking and PSU Fund,2024-12-30,102.3935
119551,Aditya Birla Sun Life Banking & PSU Debt Fund  - DIRECT - IDCW,Aditya Birla Sun Life Mutual Fund,Debt Scheme - Banking and PSU Fund,2024-12-31,102.4261
119551,Aditya Birla Sun Life Banking & PSU Debt Fund  - DIRECT - IDCW,Aditya Birla Sun Life Mutual Fund,Debt Scheme - Banking and PSU Fund,2025-01-01,102.4373
119551,Aditya Birla Sun Life Banking & PSU Debt Fund  - DIRECT - IDCW,Aditya Birla Sun Life Mutual Fund,Debt Scheme - Banking and PSU Fund,2025-01-02,102.4411
119551,Aditya Birla Sun Life Banking & PSU Debt Fund  - DIRECT - IDCW,Aditya Birla Sun Life Mutual Fund,Debt Scheme - Banking and PSU Fund,2025-01-03,102.4734
119551,Aditya Birla Sun Life Banking & PSU Debt Fund  - DIRECT - IDCW,Aditya Birla Sun Life Mutual Fund,Debt Scheme - Banking and PSU Fund,2025-01-06,102.5428
119551,Aditya Birla Sun Life Banking & PSU Debt Fund  - DIRECT - IDCW,Aditya Birla Sun Life Mutual Fund,Debt Scheme - Banking and PSU Fund,2025-01-07,102.5942
119551,Aditya Birla Sun Life Banking & PSU Debt Fund  - DIRECT - IDCW,Aditya Birla Sun Life Mutual Fund,Debt Scheme - Banking and PSU Fund,2025-01-08,102.5842
119551,Aditya Birla Sun Life Banking & PSU Debt Fund  - DIRECT - IDCW,Aditya Birla Sun Life Mutual Fund,Debt Scheme - Banking and PSU Fund,2025-01-09,102.5669
119551,Aditya Birla Sun Life Banking & PSU Debt Fund  - DIRECT - IDCW,Aditya Birla Sun Life Mutual Fund,Debt Scheme - Banking and PSU Fund,2025-01-10,102.5788
119551,Aditya Birla Sun Life Banking & PSU Debt Fund  - DIRECT - IDCW,Aditya Birla Sun Life Mutual Fund,Debt Scheme - Banking and PSU Fund,2025-01-13,102.479
119551,Aditya Birla Sun Life Banking & PSU Debt Fund  - DIRECT - IDCW,Aditya Birla Sun Life Mutual Fund,Debt Scheme - Banking and PSU Fund,2025-01-14,102.5067
119551,Aditya Birla Sun Life Banking & PSU Debt Fund  - DIRECT - IDCW,Aditya Birla Sun Life Mutual Fund,Debt Scheme - Banking and PSU Fund,2025-01-15,102.5547
119551,Aditya Birla Sun Life Banking & PSU Debt Fund  - DIRECT - IDCW,Aditya Birla Sun Life Mutual Fund,Debt Scheme - Banking and PSU Fund,2025-01-16,102.6846
119551,Aditya Birla Sun Life Banking & PSU Debt Fund  - DIRECT - IDCW,Aditya Birla Sun Life Mutual Fund,Debt Scheme - Banking and PSU Fund,2025-01-17,102.6971
119551,Aditya Birla Sun Life Banking & PSU Debt Fund  - DIRECT - IDCW,Aditya Birla Sun Life Mutual Fund,Debt Scheme - Banking and PSU Fund,2025-01-20,102.7722
119551,Aditya Birla Sun Life Banking & PSU Debt Fund  - DIRECT - IDCW,Aditya Birla Sun Life Mutual Fund,Debt Scheme - Banking and PSU Fund,2025-01-21,102.833
119551,Aditya Birla Sun Life Banking & PSU Debt Fund  - DIRECT - IDCW,Aditya Birla Sun Life Mutual Fund,Debt Scheme - Banking and PSU Fund,2025-01-22,102.882
119551,Aditya Birla Sun Life Banking & PSU Debt Fund  - DIRECT - IDCW,Aditya Birla Sun Life Mutual Fund,Debt Scheme - Banking and PSU Fund,2025-01-23,102.8828
119551,Aditya Birla Sun Life Banking & PSU Debt Fund  - DIRECT - IDCW,Aditya Birla Sun Life Mutual Fund,Debt Scheme - Banking and PSU Fund,2025-01-24,102.9
119551,Aditya Birla Sun Life Banking & PSU Debt Fund  - DIRECT - IDCW,Aditya Birla Sun Life Mutual Fund,Debt Scheme - Banking and PSU Fund,2025-01-27,103.0191
119551,Aditya Birla Sun Life Banking & PSU Debt Fund  - DIRECT - IDCW,Aditya Birla Sun Life Mutual Fund,Debt Scheme - Banking and PSU Fund,2025-01-28,103.0551
119551,Aditya Birla Sun Life Banking & PSU Debt Fund  - DIRECT - IDCW,Aditya Birla Sun Life Mutual Fund,Debt Scheme - Banking and PSU Fund,2025-01-29,103.0631
119551,Aditya Birla Sun Life Banking & PSU Debt Fund  - DIRECT - IDCW,Aditya Birla Sun Life Mutual Fund,Debt Scheme - Banking and PSU Fund,2025-01-30,103.0995
119551,Aditya Birla Sun Life Banking & PSU Debt Fund  - DIRECT - IDCW,Aditya Birla Sun Life Mutual Fund,Debt Scheme - Banking and PSU Fund,2025-01-31,103.1194
119551,Aditya Birla Sun Life Banking & PSU Debt Fund  - DIRECT - IDCW,Aditya Birla Sun Life Mutual Fund,Debt Scheme - Banking and PSU Fund,2025-02-03,103.2079
119551,Aditya Birla Sun Life Banking & PSU Debt Fund  - DIRECT - IDCW,Aditya Birla Sun Life Mutual Fund,Debt Scheme - Banking and PSU Fund,2025-02-04,103.2096
119551,Aditya Birla Sun Life Banking & PSU Debt Fund  - DIRECT - IDCW,Aditya Birla Sun Life Mutual Fund,Debt Scheme - Banking and PSU Fund,2025-02-05,103.2887
119551,Aditya Birla Sun Life Banking & PSU Debt Fund  - DIRECT - IDCW,Aditya Birla Sun Life Mutual Fund,Debt Scheme - Banking and PSU Fund,2025-02-06,103.3557
119551,Aditya Birla Sun Life Banking & PSU Debt Fund  - DIRECT - IDCW,Aditya Birla Sun Life Mutual Fund,Debt Scheme - Banking and PSU Fund,2025-02-07,103.2983
119551,Aditya Birla Sun Life Banking & PSU Debt Fund  - DIRECT - IDCW,Aditya Birla Sun Life Mutual Fund,Debt Scheme - Banking and PSU Fund,2025-02-10,103.3119
119551,Aditya Birla Sun Life Banking & PSU Debt Fund  - DIRECT - IDCW,Aditya Birla Sun Life Mutual Fund,Debt Scheme - Banking and PSU Fund,2025-02-11,103.3491
119551,Aditya Birla Sun Life Banking & PSU Debt Fund  - DIRECT - IDCW,Aditya Birla Sun Life Mutual Fund,Debt Scheme - Banking and PSU Fund,2025-02-12,103.3327
119551,Aditya Birla Sun Life Banking & PSU Debt Fund  - DIRECT - IDCW,Aditya Birla Sun Life Mutual Fund,Debt Scheme - Banking and PSU Fund,2025-02-13,103.3413
119551,Aditya Birla Sun Life Banking & PSU Debt Fund  - DIRECT - IDCW,Aditya Birla Sun Life Mutual Fund,Debt Scheme - Banking and PSU Fund,2025-02-14,103.3587
119551,Aditya Birla Sun Life Banking & PSU Debt Fund  - DIRECT - IDCW,Aditya Birla Sun Life Mutual Fund,Debt Scheme - Banking and PSU Fund,2025-02-17,103.4024
119551,Aditya Birla Sun Life Banking & PSU Debt Fund  - DIRECT - IDCW,Aditya Birla Sun Life Mutual Fund,Debt Scheme - Banking and PSU Fund,2025-02-18,103.428
119551,Aditya Birla Sun Life Banking & PSU Debt Fund  - DIRECT - IDCW,Aditya Birla Sun Life Mutual Fund,Debt Scheme - Banking and PSU Fund,2025-02-20,103.4473
119551,Aditya Birla Sun Life Banking & PSU Debt Fund  - DIRECT - IDCW,Aditya Birla Sun Life Mutual Fund,Debt Scheme - Banking and PSU Fund,2025-02-21,103.4606
119551,Aditya Birla Sun Life Banking & PSU Debt Fund  - DIRECT - IDCW,Aditya Birla Sun Life Mutual Fund,Debt Scheme - Banking and PSU Fund,2025-02-24,103.523
119551,Aditya Birla Sun Life Banking & PSU Debt Fund  - DIRECT - IDCW,Aditya Birla Sun Life Mutual Fund,Debt Scheme - Banking and PSU Fund,2025-02-25,103.5311
119551,Aditya Birla Sun Life Banking & PSU Debt Fund  - DIRECT - IDCW,Aditya Birla Sun Life Mutual Fund,Debt Scheme - Banking and PSU Fund,2025-02-27,103.475
119551,Aditya Birla Sun Life Banking & PSU Debt Fund  - DIRECT - IDCW,Aditya Birla Sun Life Mutual Fund,Debt Scheme - Banking and PSU Fund,2025-02-28,103.4542
119551,Aditya Birla Sun Life Banking & PSU Debt Fund  - DIRECT - IDCW,Aditya Birla Sun Life Mutual Fund,Debt Scheme - Banking and PSU Fund,2025-03-03,103.4915
119551,Aditya Birla Sun Life Banking & PSU Debt Fund  - DIRECT - IDCW,Aditya Birla Sun Life Mutual Fund,Debt Scheme - Banking and PSU Fund,2025-03-04,103.4961
119551,Aditya Birla Sun Life Banking & PSU Debt Fund  - DIRECT - IDCW,Aditya Birla Sun Life Mutual Fund,Debt Scheme - Banking and PSU Fund,2025-03-05,103.5156
119551,Aditya Birla Sun Life Banking & PSU Debt Fund  - DIRECT - IDCW,Aditya Birla Sun Life Mutual Fund,Debt Scheme - Banking and PSU Fund,2025-03-06,103.577
119551,Aditya Birla Sun Life Banking & PSU Debt Fund  - DIRECT - IDCW,Aditya Birla Sun Life Mutual Fund,Debt Scheme - Banking and PSU Fund,2025-03-07,103.5932
119551,Aditya Birla Sun Life Banking & PSU Debt Fund  - DIRECT - IDCW,Aditya Birla Sun Life Mutual Fund,Debt Scheme - Banking and PSU Fund,2025-03-10,103.6318
119551,Aditya Birla Sun Life Banking & PSU Debt Fund  - DIRECT - IDCW,Aditya Birla Sun Life Mutual Fund,Debt Scheme - Banking and PSU Fund,2025-03-11,103.6633
119551,Aditya Birla Sun Life Banking & PSU Debt Fund  - DIRECT - IDCW,Aditya Birla Sun Life Mutual Fund,Debt Scheme - Banking and PSU Fund,2025-03-12,103.6937
119551,Aditya Birla Sun Life Banking & PSU Debt Fund  - DIRECT - IDCW,Aditya Birla Sun Life Mutual Fund,Debt Scheme - Banking and PSU Fund,2025-03-13,103.7314
119551,Aditya Birla Sun Life Banking & PSU Debt Fund  - DIRECT - IDCW,Aditya Birla Sun Life Mutual Fund,Debt Scheme - Banking and PSU Fund,2025-03-17,103.8183
119551,Aditya Birla Sun Life Banking & PSU Debt Fund  - DIRECT - IDCW,Aditya Birla Sun Life Mutual Fund,Debt Scheme - Banking and PSU Fund,2025-03-18,103.8685
119551,Aditya Birla Sun Life Banking & PSU Debt Fund  - DIRECT - IDCW,Aditya Birla Sun Life Mutual Fund,Debt Scheme - Banking and PSU Fund,2025-03-19,103.9843
119551,Aditya Birla Sun Life Banking & PSU Debt Fund  - DIRECT - IDCW,Aditya Birla Sun Life Mutual Fund,Debt Scheme - Banking and PSU Fund,2025-03-20,104.0851
119551,Aditya Birla Sun Life Banking & PSU Debt Fund  - DIRECT - IDCW,Aditya Birla Sun Life Mutual Fund,Debt Scheme - Banking and PSU Fund,2025-03-21,104.1787
119551,Aditya Birla Sun Life Banking & PSU Debt Fund  - DIRECT - IDCW,Aditya Birla Sun Life Mutual Fund,Debt Scheme - Banking and PSU Fund,2025-03-24,104.2711
119551,Aditya Birla Sun Life Banking & PSU Debt Fund  - DIRECT - IDCW,Aditya Birla Sun Life Mutual Fund,Debt Scheme - Banking and PSU Fund,2025-03-25,104.3152
119551,Aditya Birla Sun Life Banking & PSU Debt Fund  - DIRECT - IDCW,Aditya Birla Sun Life Mutual Fund,Debt Scheme - Banking and PSU Fund,2025-03-26,104.4275
119551,Aditya Birla Sun Life Banking & PSU Debt Fund  - DIRECT - IDCW,Aditya Birla Sun Life Mutual Fund,Debt Scheme - Banking and PSU Fund,2025-03-27,104.5887
119551,Aditya Birla Sun Life Banking & PSU Debt Fund  - DIRECT - IDCW,Aditya Birla Sun Life Mutual Fund,Debt Scheme - Banking and PSU Fund,2025-03-28,104.798
119551,Aditya Birla Sun Life Banking & PSU Debt Fund  - DIRECT - IDCW,Aditya Birla Sun Life Mutual Fund,Debt Scheme - Banking and PSU Fund,2025-03-31,104.8517
119551,Aditya Birla Sun Life Banking & PSU Debt Fund  - DIRECT - IDCW,Aditya Birla Sun Life Mutual Fund,Debt Scheme - Banking and PSU Fund,2025-04-02,105.2693
119551,Aditya Birla Sun Life Banking & PSU Debt Fund  - DIRECT - IDCW,Aditya Birla Sun Life Mutual Fund,Debt Scheme - Banking and PSU Fund,2025-04-03,105.407
119551,Aditya Birla Sun Life Banking & PSU Debt Fund  - DIRECT - IDCW,Aditya Birla Sun Life Mutual Fund,Debt Scheme - Banking and PSU Fund,2025-04-04,105.4731
119551,Aditya Birla Sun Life Banking & PSU Debt Fund  - DIRECT - IDCW,Aditya Birla Sun Life Mutual Fund,Debt Scheme - Banking and PSU Fund,2025-04-07,105.4895
119551,Aditya Birla Sun Life Banking & PSU Debt Fund  - DIRECT - IDCW,Aditya Birla Sun Life Mutual Fund,Debt Scheme - Banking and PSU Fund,2025-04-08,105.4798
119551,Aditya Birla Sun Life Banking & PSU Debt Fund  - DIRECT - IDCW,Aditya Birla Sun Life Mutual Fund,Debt Scheme - Banking and PSU Fund,2025-04-09,105.595
119551,Aditya Birla Sun Life Banking & PSU Debt Fund  - DIRECT - IDCW,Aditya Birla Sun Life Mutual Fund,Debt Scheme - Banking and PSU Fund,2025-04-11,105.7166
119551,Aditya Birla Sun Life Banking & PSU Debt Fund  - DIRECT - IDCW,Aditya Birla Sun Life Mutual Fund,Debt Scheme - Banking and PSU Fund,2025-04-15,105.8256
119551,Aditya Birla Sun Life Banking & PSU Debt Fund  - DIRECT - IDCW,Aditya Birla Sun Life Mutual Fund,Debt Scheme - Banking and PSU Fund,2025-04-16,105.9138
119551,Aditya Birla Sun Life Banking & PSU Debt Fund  - DIRECT - IDCW,Aditya Birla Sun Life Mutual Fund,Debt Scheme - Banking and PSU Fund,2025-04-17,106.0393
119551,Aditya Birla Sun Life Banking & PSU Debt Fund  - DIRECT - IDCW,Aditya Birla Sun Life Mutual Fund,Debt Scheme - Banking and PSU Fund,2025-04-21,106.1959
119551,Aditya Birla Sun Life Banking & PSU Debt Fund  - DIRECT - IDCW,Aditya Birla Sun Life Mutual Fund,Debt Scheme - Banking and PSU Fund,2025-04-22,106.2867
119551,Aditya Birla Sun Life Banking & PSU Debt Fund  - DIRECT - IDCW,Aditya Birla Sun Life Mutual Fund,Debt Scheme - Banking and PSU Fund,2025-04-23,106.3557
119551,Aditya Birla Sun Life Banking & PSU Debt Fund  - DIRECT - IDCW,Aditya Birla Sun Life Mutual Fund,Debt Scheme - Banking and PSU Fund,2025-04-24,106.3431
119551,Aditya Birla Sun Life Banking & PSU Debt Fund  - DIRECT - IDCW,Aditya Birla Sun Life Mutual Fund,Debt Scheme - Banking and PSU Fund,2025-04-25,106.2928
119551,Aditya Birla Sun Life Banking & PSU Debt Fund  - DIRECT - IDCW,Aditya Birla Sun Life Mutual Fund,Debt Scheme - Banking and PSU Fund,2025-04-28,106.3422
119551,Aditya Birla Sun Life Banking & PSU Debt Fund  - DIRECT - IDCW,Aditya Birla Sun Life Mutual Fund,Debt Scheme - Banking and PSU Fund,2025-04-29,106.4231
119551,Aditya Birla Sun Life Banking & PSU Debt Fund  - DIRECT - IDCW,Aditya Birla Sun Life Mutual Fund,Debt Scheme - Banking and PSU Fund,2025-04-30,106.4272
119551,Aditya Birla Sun Life Banking & PSU Debt Fund  - DIRECT - IDCW,Aditya Birla Sun Life Mutual Fund,Debt Scheme - Banking and PSU Fund,2025-05-02,106.4573
119551,Aditya Birla Sun Life Banking & PSU Debt Fund  - DIRECT - IDCW,Aditya Birla Sun Life Mutual Fund,Debt Scheme - Banking and PSU Fund,2025-05-05,106.5451
119551,Aditya Birla Sun Life Banking & PSU Debt Fund  - DIRECT - IDCW,Aditya Birla Sun Life Mutual Fund,Debt Scheme - Banking and PSU Fund,2025-05-06,106.5085
119551,Aditya Birla Sun Life Banking & PSU Debt Fund  - DIRECT - IDCW,Aditya Birla Sun Life Mutual Fund,Debt Scheme - Banking and PSU Fund,2025-05-07,106.5585
119551,Aditya Birla Sun Life Banking & PSU Debt Fund  - DIRECT - IDCW,Aditya Birla Sun Life Mutual Fund,Debt Scheme - Banking and PSU Fund,2025-05-08,106.3466
119551,Aditya Birla Sun Life Banking & PSU Debt Fund  - DIRECT - IDCW,Aditya Birla Sun Life Mutual Fund,Debt Scheme - Banking and PSU Fund,2025-05-09,106.2789
119551,Aditya Birla Sun Life Banking & PSU Debt Fund  - DIRECT - IDCW,Aditya Birla Sun Life Mutual Fund,Debt Scheme - Banking and PSU Fund,2025-05-13,106.6661
119551,Aditya Birla Sun Life Banking & PSU Debt Fund  - DIRECT - IDCW,Aditya Birla Sun Life Mutual Fund,Debt Scheme - Banking and PSU Fund,2025-05-14,106.7901
119551,Aditya Birla Sun Life Banking & PSU Debt Fund  - DIRECT - IDCW,Aditya Birla Sun Life Mutual Fund,Debt Scheme - Banking and PSU Fund,2025-05-15,106.9055
119551,Aditya Birla Sun Life Banking & PSU Debt Fund  - DIRECT - IDCW,Aditya Birla Sun Life Mutual Fund,Debt Scheme - Banking and PSU Fund,2025-05-16,107.0688
119551,Aditya Birla Sun Life Banking & PSU Debt Fund  - DIRECT - IDCW,Aditya Birla Sun Life Mutual Fund,Debt Scheme - Banking and PSU Fund,2025-05-19,107.1766
119551,Aditya Birla Sun Life Banking & PSU Debt Fund  - DIRECT - IDCW,Aditya Birla Sun Life Mutual Fund,Debt Scheme - Banking and PSU Fund,2025-05-20,107.2867
119551,Aditya Birla Sun Life Banking & PSU Debt Fund  - DIRECT - IDCW,Aditya Birla Sun Life Mutual Fund,Debt Scheme - Banking and PSU Fund,2025-05-21,107.4878
119551,Aditya Birla Sun Life Banking & PSU Debt Fund  - DIRECT - IDCW,Aditya Birla Sun Life Mutual Fund,Debt Scheme - Banking and PSU Fund,2025-05-22,107.5193
119551,Aditya Birla Sun Life Banking & PSU Debt Fund  - DIRECT - IDCW,Aditya Birla Sun Life Mutual Fund,Debt Scheme - Banking and PSU Fund,2025-05-23,107.5534
119551,Aditya Birla Sun Life Banking & PSU Debt Fund  - DIRECT - IDCW,Aditya Birla Sun Life Mutual Fund,Debt Scheme - Banking and PSU Fund,2025-05-26,107.6218
119551,Aditya Birla Sun Life Banking & PSU Debt Fund  - DIRECT - IDCW,Aditya Birla Sun Life Mutual Fund,Debt Scheme - Banking and PSU Fund,2025-05-27,107.6329
119551,Aditya Birla Sun Life Banking & PSU Debt Fund  - DIRECT - IDCW,Aditya Birla Sun Life Mutual Fund,Debt Scheme - Banking and PSU Fund,2025-05-28,107.6822
119551,Aditya Birla Sun Life Banking & PSU Debt Fund  - DIRECT - IDCW,Aditya Birla Sun Life Mutual Fund,Debt Scheme - Banking and PSU Fund,2025-05-29,107.6883
119551,Aditya Birla Sun Life Banking & PSU Debt Fund  - DIRECT - IDCW,Aditya Birla Sun Life Mutual Fund,Debt Scheme - Banking and PSU Fund,2025-05-30,107.657
119551,Aditya Birla Sun Life Banking & PSU Debt Fund  - DIRECT - IDCW,Aditya Birla Sun Life Mutual Fund,Debt Scheme - Banking and PSU Fund,2025-06-02,107.7103
119551,Aditya Birla Sun Life Banking & PSU Debt Fund  - DIRECT - IDCW,Aditya Birla Sun Life Mutual Fund,Debt Scheme - Banking and PSU Fund,2025-06-03,107.7345
119551,Aditya Birla Sun Life Banking & PSU Debt Fund  - DIRECT - IDCW,Aditya Birla Sun Life Mutual Fund,Debt Scheme - Banking and PSU Fund,2025-06-04,107.7469
119551,Aditya Birla Sun Life Banking & PSU Debt Fund  - DIRECT - IDCW,Aditya Birla Sun Life Mutual Fund,Debt Scheme - Banking and PSU Fund,2025-06-05,107.7812
119551,Aditya Birla Sun Life Banking & PSU Debt Fund  - DIRECT - IDCW,Aditya Birla Sun Life Mutual Fund,Debt Scheme - Banking and PSU Fund,2025-06-06,108.0092
119551,Aditya Birla Sun Life Banking & PSU Debt Fund  - DIRECT - IDCW,Aditya Birla Sun Life Mutual Fund,Debt Scheme - Banking and PSU Fund,2025-06-09,107.886
119551,Aditya Birla Sun Life Banking & PSU Debt Fund  - DIRECT - IDCW,Aditya Birla Sun Life Mutual Fund,Debt Scheme - Banking and PSU Fund,2025-06-10,107.6421
119551,Aditya Birla Sun Life Banking & PSU Debt Fund  - DIRECT - IDCW,Aditya Birla Sun Life Mutual Fund,Debt Scheme - Banking and PSU Fund,2025-06-11,107.5439
119551,Aditya Birla Sun Life Banking & PSU Debt Fund  - DIRECT - IDCW,Aditya Birla Sun Life Mutual Fund,Debt Scheme - Banking and PSU Fund,2025-06-12,107.4825
119551,Aditya Birla Sun Life Banking & PSU Debt Fund  - DIRECT - IDCW,Aditya Birla Sun Life Mutual Fund,Debt Scheme - Banking and PSU Fund,2025-06-13,107.3575
119551,Aditya Birla Sun Life Banking & PSU Debt Fund  - DIRECT - IDCW,Aditya Birla Sun Life Mutual Fund,Debt Scheme - Banking and PSU Fund,2025-06-16,107.4387
119551,Aditya Birla Sun Life Banking & PSU Debt Fund  - DIRECT - IDCW,Aditya Birla Sun Life Mutual Fund,Debt Scheme - Banking and PSU Fund,2025-06-17,107.5644
119551,Aditya Birla Sun Life Banking & PSU Debt Fund  - DIRECT - IDCW,Aditya Birla Sun Life Mutual Fund,Debt Scheme - Banking and PSU Fund,2025-06-18,107.5716
119551,Aditya Birla Sun Life Banking & PSU Debt Fund  - DIRECT - IDCW,Aditya Birla Sun Life Mutual Fund,Debt Scheme - Banking and PSU Fund,2025-06-19,107.4465
119551,Aditya Birla Sun Life Banking & PSU Debt Fund  - DIRECT - IDCW,Aditya Birla Sun Life Mutual Fund,Debt Scheme - Banking and PSU Fund,2025-06-20,107.4384
119551,Aditya Birla Sun Life Banking & PSU Debt Fund  - DIRECT - IDCW,Aditya Birla Sun Life Mutual Fund,Debt Scheme - Banking and PSU Fund,2025-06-23,107.4577
119551,Aditya Birla Sun Life Banking & PSU Debt Fund  - DIRECT - IDCW,Aditya Birla Sun Life Mutual Fund,Debt Scheme - Banking and PSU Fund,2025-06-24,107.5733
119551,Aditya Birla Sun Life Banking & PSU Debt Fund  - DIRECT - IDCW,Aditya Birla Sun Life Mutual Fund,Debt Scheme - Banking and PSU Fund,2025-06-25,107.511
119551,Aditya Birla Sun Life Banking & PSU Debt Fund  - DIRECT - IDCW,Aditya Birla Sun Life Mutual Fund,Debt Scheme - Banking and PSU Fund,2025-06-26,107.5011
119551,Aditya Birla Sun Life Banking & PSU Debt Fund  - DIRECT - IDCW,Aditya Birla Sun Life Mutual Fund,Debt Scheme - Banking and PSU Fund,2025-06-27,107.4878
119551,Aditya Birla Sun Life Banking & PSU Debt Fund  - DIRECT - IDCW,Aditya Birla Sun Life Mutual Fund,Debt Scheme - Banking and PSU Fund,2025-06-30,107.5767
119551,Aditya Birla Sun Life Banking & PSU Debt Fund  - DIRECT - IDCW,Aditya Birla Sun Life Mutual Fund,Debt Scheme - Banking and PSU Fund,2025-07-01,107.6624
119551,Aditya Birla Sun Life Banking & PSU Debt Fund  - DIRECT - IDCW,Aditya Birla Sun Life Mutual Fund,Debt Scheme - Banking and PSU Fund,2025-07-02,107.7677
119551,Aditya Birla Sun Life Banking & PSU Debt Fund  - DIRECT - IDCW,Aditya Birla Sun Life Mutual Fund,Debt Scheme - Banking and PSU Fund,2025-07-03,107.8552
119551,Aditya Birla Sun Life Banking & PSU Debt Fund  - DIRECT - IDCW,Aditya Birla Sun Life Mutual Fund,Debt Scheme - Banking and PSU Fund,2025-07-04,107.8466
119551,Aditya Birla Sun Life Banking & PSU Debt Fund  - DIRECT - IDCW,Aditya Birla Sun Life Mutual Fund,Debt Scheme - Banking and PSU Fund,2025-07-07,107.9243
119551,Aditya Birla Sun Life Banking & PSU Debt Fund  - DIRECT - IDCW,Aditya Birla Sun Life Mutual Fund,Debt Scheme - Banking and PSU Fund,2025-07-08,107.9198
119551,Aditya Birla Sun Life Banking & PSU Debt Fund  - DIRECT - IDCW,Aditya Birla Sun Life Mutual Fund,Debt Scheme - Banking and PSU Fund,2025-07-09,107.8924
119551,Aditya Birla Sun Life Banking & PSU Debt Fund  - DIRECT - IDCW,Aditya Birla Sun Life Mutual Fund,Debt Scheme - Banking and PSU Fund,2025-07-10,107.8928
119551,Aditya Birla Sun Life Banking & PSU Debt Fund  - DIRECT - IDCW,Aditya Birla Sun Life Mutual Fund,Debt Scheme - Banking and PSU Fund,2025-07-11,107.9125
119551,Aditya Birla Sun Life Banking & PSU Debt Fund  - DIRECT - IDCW,Aditya Birla Sun Life Mutual Fund,Debt Scheme - Banking and PSU Fund,2025-07-14,107.9617
119551,Aditya Birla Sun Life Banking & PSU Debt Fund  - DIRECT - IDCW,Aditya Birla Sun Life Mutual Fund,Debt Scheme - Banking and PSU Fund,2025-07-15,107.962
119551,Aditya Birla Sun Life Banking & PSU Debt Fund  - DIRECT - IDCW,Aditya Birla Sun Life Mutual Fund,Debt Scheme - Banking and PSU Fund,2025-07-16,107.9658
119551,Aditya Birla Sun Life Banking & PSU Debt Fund  - DIRECT - IDCW,Aditya Birla Sun Life Mutual Fund,Debt Scheme - Banking and PSU Fund,2025-07-17,108.0272
119551,Aditya Birla Sun Life Banking & PSU Debt Fund  - DIRECT - IDCW,Aditya Birla Sun Life Mutual Fund,Debt Scheme - Banking and PSU Fund,2025-07-18,108.1161
119551,Aditya Birla Sun Life Banking & PSU Debt Fund  - DIRECT - IDCW,Aditya Birla Sun Life Mutual Fund,Debt Scheme - Banking and PSU Fund,2025-07-21,108.1729
119551,Aditya Birla Sun Life Banking & PSU Debt Fund  - DIRECT - IDCW,Aditya Birla Sun Life Mutual Fund,Debt Scheme - Banking and PSU Fund,2025-07-22,108.1979
119551,Aditya Birla Sun Life Banking & PSU Debt Fund  - DIRECT - IDCW,Aditya Birla Sun Life Mutual Fund,Debt Scheme - Banking and PSU Fund,2025-07-23,108.2277
119551,Aditya Birla Sun Life Banking & PSU Debt Fund  - DIRECT - IDCW,Aditya Birla Sun Life Mutual Fund,Debt Scheme - Banking and PSU Fund,2025-07-24,108.2573
119551,Aditya Birla Sun Life Banking & PSU Debt Fund  - DIRECT - IDCW,Aditya Birla Sun Life Mutual Fund,Debt Scheme - Banking and PSU Fund,2025-07-25,108.1982
119551,Aditya Birla Sun Life Banking & PSU Debt Fund  - DIRECT - IDCW,Aditya Birla Sun Life Mutual Fund,Debt Scheme - Banking and PSU Fund,2025-07-28,108.2193
119551,Aditya Birla Sun Life Banking & PSU Debt Fund  - DIRECT - IDCW,Aditya Birla Sun Life Mutual Fund,Debt Scheme - Banking and PSU Fund,2025-07-29,108.1828
119551,Aditya Birla Sun Life Banking & PSU Debt Fund  - DIRECT - IDCW,Aditya Birla Sun Life Mutual Fund,Debt Scheme - Banking and PSU Fund,2025-07-30,108.1757
119551,Aditya Birla Sun Life Banking & PSU Debt Fund  - DIRECT - IDCW,Aditya Birla Sun Life Mutual Fund,Debt Scheme - Banking and PSU Fund,2025-07-31,108.2167
119551,Aditya Birla Sun Life Banking & PSU Debt Fund  - DIRECT - IDCW,Aditya Birla Sun Life Mutual Fund,Debt Scheme - Banking and PSU Fund,2025-08-01,108.2952
119551,Aditya Birla Sun Life Banking & PSU Debt Fund  - DIRECT - IDCW,Aditya Birla Sun Life Mutual Fund,Debt Scheme - Banking and PSU Fund,2025-08-04,108.4355
119551,Aditya Birla Sun Life Banking & PSU Debt Fund  - DIRECT - IDCW,Aditya Birla Sun Life Mutual Fund,Debt Scheme - Banking and PSU Fund,2025-08-05,108.4412
119551,Aditya Birla Sun Life Banking & PSU Debt Fund  - DIRECT - IDCW,Aditya Birla Sun Life Mutual Fund,Debt Scheme - Banking and PSU Fund,2025-08-06,108.2153
119551,Aditya Birla Sun Life Banking & PSU Debt Fund  - DIRECT - IDCW,Aditya Birla Sun Life Mutual Fund,Debt Scheme - Banking and PSU Fund,2025-08-07,108.2611
119551,Aditya Birla Sun Life Banking & PSU Debt Fund  - DIRECT - IDCW,Aditya Birla Sun Life Mutual Fund,Debt Scheme - Banking and PSU Fund,2025-08-08,108.2726
119551,Aditya Birla Sun Life Banking & PSU Debt Fund  - DIRECT - IDCW,Aditya Birla Sun Life Mutual Fund,Debt Scheme - Banking and PSU Fund,2025-08-11,108.2018
119551,Aditya Birla Sun Life Banking & PSU Debt Fund  - DIRECT - IDCW,Aditya Birla Sun Life Mutual Fund,Debt Scheme - Banking and PSU Fund,2025-08-12,108.049
119551,Aditya Birla Sun Life Banking & PSU Debt Fund  - DIRECT - IDCW,Aditya Birla Sun Life Mutual Fund,Debt Scheme - Banking and PSU Fund,2025-08-13,107.9901
119551,Aditya Birla Sun Life Banking & PSU Debt Fund  - DIRECT - IDCW,Aditya Birla Sun Life Mutual Fund,Debt Scheme - Banking and PSU Fund,2025-08-14,108.1543
119551,Aditya Birla Sun Life Banking & PSU Debt Fund  - DIRECT - IDCW,Aditya Birla Sun Life Mutual Fund,Debt Scheme - Banking and PSU Fund,2025-08-18,108.1271
119551,Aditya Birla Sun Life Banking & PSU Debt Fund  - DIRECT - IDCW,Aditya Birla Sun Life Mutual Fund,Debt Scheme - Banking and PSU Fund,2025-08-19,108.0083
119551,Aditya Birla Sun Life Banking & PSU Debt Fund  - DIRECT - IDCW,Aditya Birla Sun Life Mutual Fund,Debt Scheme - Banking and PSU Fund,2025-08-20,108.0899
119551,Aditya Birla Sun Life Banking & PSU Debt Fund  - DIRECT - IDCW,Aditya Birla Sun Life Mutual Fund,Debt Scheme - Banking and PSU Fund,2025-08-21,108.0985
119551,Aditya Birla Sun Life Banking & PSU Debt Fund  - DIRECT - IDCW,Aditya Birla Sun Life Mutual Fund,Debt Scheme - Banking and PSU Fund,2025-08-22,108.1096
119551,Aditya Birla Sun Life Banking & PSU Debt Fund  - DIRECT - IDCW,Aditya Birla Sun Life Mutual Fund,Debt Scheme - Banking and PSU Fund,2025-08-25,108.1037
119551,Aditya Birla Sun Life Banking & PSU Debt Fund  - DIRECT - IDCW,Aditya Birla Sun Life Mutual Fund,Debt Scheme - Banking and PSU Fund,2025-08-26,107.9266
119551,Aditya Birla Sun Life Banking & PSU Debt Fund  - DIRECT - IDCW,Aditya Birla Sun Life Mutual Fund,Debt Scheme - Banking and PSU Fund,2025-08-28,108.066
119551,Aditya Birla Sun Life Banking & PSU Debt Fund  - DIRECT - IDCW,Aditya Birla Sun Life Mutual Fund,Debt Scheme - Banking and PSU Fund,2025-08-29,108.0297
119551,Aditya Birla Sun Life Banking & PSU Debt Fund  - DIRECT - IDCW,Aditya Birla Sun Life Mutual Fund,Debt Scheme - Banking and PSU Fund,2025-09-01,108.0373
119551,Aditya Birla Sun Life Banking & PSU Debt Fund  - DIRECT - IDCW,Aditya Birla Sun Life Mutual Fund,Debt Scheme - Banking and PSU Fund,2025-09-02,108.0088
119551,Aditya Birla Sun Life Banking & PSU Debt Fund  - DIRECT - IDCW,Aditya Birla Sun Life Mutual Fund,Debt Scheme - Banking and PSU Fund,2025-09-03,108.0471
119551,Aditya Birla Sun Life Banking & PSU Debt Fund  - DIRECT - IDCW,Aditya Birla Sun Life Mutual Fund,Debt Scheme - Banking and PSU Fund,2025-09-04,108.1379
119551,Aditya Birla Sun Life Banking & PSU Debt Fund  - DIRECT - IDCW,Aditya Birla Sun Life Mutual Fund,Debt Scheme - Banking and PSU Fund,2025-09-05,108.245
119551,Aditya Birla Sun Life Banking & PSU Debt Fund  - DIRECT - IDCW,Aditya Birla Sun Life Mutual Fund,Debt Scheme - Banking and PSU Fund,2025-09-09,108.3519
119551,Aditya Birla Sun Life Banking & PSU Debt Fund  - DIRECT - IDCW,Aditya Birla Sun Life Mutual Fund,Debt Scheme - Banking and PSU Fund,2025-09-10,108.3574
119551,Aditya Birla Sun Life Banking & PSU Debt Fund  - DIRECT - IDCW,Aditya Birla Sun Life Mutual Fund,Debt Scheme - Banking and PSU Fund,2025-09-11,108.369
119551,Aditya Birla Sun Life Banking & PSU Debt Fund  - DIRECT - IDCW,Aditya Birla Sun Life Mutual Fund,Debt Scheme - Banking and PSU Fund,2025-09-12,108.4006
119551,Aditya Birla Sun Life Banking & PSU Debt Fund  - DIRECT - IDCW,Aditya Birla Sun Life Mutual Fund,Debt Scheme - Banking and PSU Fund,2025-09-15,108.3802
119551,Aditya Birla Sun Life Banking & PSU Debt Fund  - DIRECT - IDCW,Aditya Birla Sun Life Mutual Fund,Debt Scheme - Banking and PSU Fund,2025-09-16,108.3787
119551,Aditya Birla Sun Life Banking & PSU Debt Fund  - DIRECT - IDCW,Aditya Birla Sun Life Mutual Fund,Debt Scheme - Banking and PSU Fund,2025-09-17,108.4538
119551,Aditya Birla Sun Life Banking & PSU Debt Fund  - DIRECT - IDCW,Aditya Birla Sun Life Mutual Fund,Debt Scheme - Banking and PSU Fund,2025-09-18,108.4552
119551,Aditya Birla Sun Life Banking & PSU Debt Fund  - DIRECT - IDCW,Aditya Birla Sun Life Mutual Fund,Debt Scheme - Banking and PSU Fund,2025-09-19,108.4428
119551,Aditya Birla Sun Life Banking & PSU Debt Fund  - DIRECT - IDCW,Aditya Birla Sun Life Mutual Fund,Debt Scheme - Banking and PSU Fund,2025-09-22,108.5131
119551,Aditya Birla Sun Life Banking & PSU Debt Fund  - DIRECT - IDCW,Aditya Birla Sun Life Mutual Fund,Debt Scheme - Banking and PSU Fund,2025-09-23,108.5708
119551,Aditya Birla Sun Life Banking & PSU Debt Fund  - DIRECT - IDCW,Aditya Birla Sun Life Mutual Fund,Debt Scheme - Banking and PSU Fund,2025-09-24,108.5859
119551,Aditya Birla Sun Life Banking & PSU Debt Fund  - DIRECT - IDCW,Aditya Birla Sun Life Mutual Fund,Debt Scheme - Banking and PSU Fund,2025-09-25,108.617
119551,Aditya Birla Sun Life Banking & PSU Debt Fund  - DIRECT - IDCW,Aditya Birla Sun Life Mutual Fund,Debt Scheme - Banking and PSU Fund,2025-09-26,108.6702
119551,Aditya Birla Sun Life Banking & PSU Debt Fund  - DIRECT - IDCW,Aditya Birla Sun Life Mutual Fund,Debt Scheme - Banking and PSU Fund,2025-09-30,108.7397
119551,Aditya Birla Sun Life Banking & PSU Debt Fund  - DIRECT - IDCW,Aditya Birla Sun Life Mutual Fund,Debt Scheme - Banking and PSU Fund,2025-10-01,108.8285
119551,Aditya Birla Sun Life Banking & PSU Debt Fund  - DIRECT - IDCW,Aditya Birla Sun Life Mutual Fund,Debt Scheme - Banking and PSU Fund,2025-10-03,108.9591
119551,Aditya Birla Sun Life Banking & PSU Debt Fund  - DIRECT - IDCW,Aditya Birla Sun Life Mutual Fund,Debt Scheme - Banking and PSU Fund,2025-10-06,109.0926
119551,Aditya Birla Sun Life Banking & PSU Debt Fund  - DIRECT - IDCW,Aditya Birla Sun Life Mutual Fund,Debt Scheme - Banking and PSU Fund,2025-10-07,109.2045
119551,Aditya Birla Sun Life Banking & PSU Debt Fund  - DIRECT - IDCW,Aditya Birla Sun Life Mutual Fund,Debt Scheme - Banking and PSU Fund,2025-10-08,109.2524
119551,Aditya Birla Sun Life Banking & PSU Debt Fund  - DIRECT - IDCW,Aditya Birla Sun Life Mutual Fund,Debt Scheme - Banking and PSU Fund,2025-10-09,109.2597
119551,Aditya Birla Sun Life Banking & PSU Debt Fund  - DIRECT - IDCW,Aditya Birla Sun Life Mutual Fund,Debt Scheme - Banking and PSU Fund,2025-10-10,109.2852
119551,Aditya Birla Sun Life Banking & PSU Debt Fund  - DIRECT - IDCW,Aditya Birla Sun Life Mutual Fund,Debt Scheme - Banking and PSU Fund,2025-10-13,109.3763
119551,Aditya Birla Sun Life Banking & PSU Debt Fund  - DIRECT - IDCW,Aditya Birla Sun Life Mutual Fund,Debt Scheme - Banking and PSU Fund,2025-10-14,109.4088
119551,Aditya Birla Sun Life Banking & PSU Debt Fund  - DIRECT - IDCW,Aditya Birla Sun Life Mutual Fund,Debt Scheme - Banking and PSU Fund,2025-10-15,109.4754
119551,Aditya Birla Sun Life Banking & PSU Debt Fund  - DIRECT - IDCW,Aditya Birla Sun Life Mutual Fund,Debt Scheme - Banking and PSU Fund,2025-10-16,109.5131
119551,Aditya Birla Sun Life Banking & PSU Debt Fund  - DIRECT - IDCW,Aditya Birla Sun Life Mutual Fund,Debt Scheme - Banking and PSU Fund,2025-10-17,109.5844
119551,Aditya Birla Sun Life Banking & PSU Debt Fund  - DIRECT - IDCW,Aditya Birla Sun Life Mutual Fund,Debt Scheme - Banking and PSU Fund,2025-10-20,109.6155
119551,Aditya Birla Sun Life Banking & PSU Debt Fund  - DIRECT - IDCW,Aditya Birla Sun Life Mutual Fund,Debt Scheme - Banking and PSU Fund,2025-10-23,109.5817
119551,Aditya Birla Sun Life Banking & PSU Debt Fund  - DIRECT - IDCW,Aditya Birla Sun Life Mutual Fund,Debt Scheme - Banking and PSU Fund,2025-10-24,109.5673
119551,Aditya Birla Sun Life Banking & PSU Debt Fund  - DIRECT - IDCW,Aditya Birla Sun Life Mutual Fund,Debt Scheme - Banking and PSU Fund,2025-10-27,109.6125
119551,Aditya Birla Sun Life Banking & PSU Debt Fund  - DIRECT - IDCW,Aditya Birla Sun Life Mutual Fund,Debt Scheme - Banking and PSU Fund,2025-10-28,109.6404
119551,Aditya Birla Sun Life Banking & PSU Debt Fund  - DIRECT - IDCW,Aditya Birla Sun Life Mutual Fund,Debt Scheme - Banking and PSU Fund,2025-10-29,109.6934
119551,Aditya Birla Sun Life Banking & PSU Debt Fund  - DIRECT - IDCW,Aditya Birla Sun Life Mutual Fund,Debt Scheme - Banking and PSU Fund,2025-10-30,109.6521
119551,Aditya Birla Sun Life Banking & PSU Debt Fund  - DIRECT - IDCW,Aditya Birla Sun Life Mutual Fund,Debt Scheme - Banking and PSU Fund,2025-10-31,109.6768
119551,Aditya Birla Sun Life Banking & PSU Debt Fund  - DIRECT - IDCW,Aditya Birla Sun Life Mutual Fund,Debt Scheme - Banking and PSU Fund,2025-11-03,109.7548
119551,Aditya Birla Sun Life Banking & PSU Debt Fund  - DIRECT - IDCW,Aditya Birla Sun Life Mutual Fund,Debt Scheme - Banking and PSU Fund,2025-11-04,109.7941
119551,Aditya Birla Sun Life Banking & PSU Debt Fund  - DIRECT - IDCW,Aditya Birla Sun Life Mutual Fund,Debt Scheme - Banking and PSU Fund,2025-11-06,109.8337
119551,Aditya Birla Sun Life Banking & PSU Debt Fund  - DIRECT - IDCW,Aditya Birla Sun Life Mutual Fund,Debt Scheme - Banking and PSU Fund,2025-11-07,109.8609
119551,Aditya Birla Sun Life Banking & PSU Debt Fund  - DIRECT - IDCW,Aditya Birla Sun Life Mutual Fund,Debt Scheme - Banking and PSU Fund,2025-11-10,109.925
119551,Aditya Birla Sun Life Banking & PSU Debt Fund  - DIRECT - IDCW,Aditya Birla Sun Life Mutual Fund,Debt Scheme - Banking and PSU Fund,2025-11-11,109.961
119551,Aditya Birla Sun Life Banking & PSU Debt Fund  - DIRECT - IDCW,Aditya Birla Sun Life Mutual Fund,Debt Scheme - Banking and PSU Fund,2025-11-12,109.9947
119551,Aditya Birla Sun Life Banking & PSU Debt Fund  - DIRECT - IDCW,Aditya Birla Sun Life Mutual Fund,Debt Scheme - Banking and PSU Fund,2025-11-13,109.9907
119551,Aditya Birla Sun Life Banking & PSU Debt Fund  - DIRECT - IDCW,Aditya Birla Sun Life Mutual Fund,Debt Scheme - Banking and PSU Fund,2025-11-14,109.9725
119551,Aditya Birla Sun Life Banking & PSU Debt Fund  - DIRECT - IDCW,Aditya Birla Sun Life Mutual Fund,Debt Scheme - Banking and PSU Fund,2025-11-17,109.9756
119551,Aditya Birla Sun Life Banking & PSU Debt Fund  - DIRECT - IDCW,Aditya Birla Sun Life Mutual Fund,Debt Scheme - Banking and PSU Fund,2025-11-18,110.0205
119551,Aditya Birla Sun Life Banking & PSU Debt Fund  - DIRECT - IDCW,Aditya Birla Sun Life Mutual Fund,Debt Scheme - Banking and PSU Fund,2025-11-19,110.0771
119551,Aditya Birla Sun Life Banking & PSU Debt Fund  - DIRECT - IDCW,Aditya Birla Sun Life Mutual Fund,Debt Scheme - Banking and PSU Fund,2025-11-20,110.0882
119551,Aditya Birla Sun Life Banking & PSU Debt Fund  - DIRECT - IDCW,Aditya Birla Sun Life Mutual Fund,Debt Scheme - Banking and PSU Fund,2025-11-21,110.0708
119551,Aditya Birla Sun Life Banking & PSU Debt Fund  - DIRECT - IDCW,Aditya Birla Sun Life Mutual Fund,Debt Scheme - Banking and PSU Fund,2025-11-24,110.1322
119551,Aditya Birla Sun Life Banking & PSU Debt Fund  - DIRECT - IDCW,Aditya Birla Sun Life Mutual Fund,Debt Scheme - Banking and PSU Fund,2025-11-25,110.1924
119551,Aditya Birla Sun Life Banking & PSU Debt Fund  - DIRECT - IDCW,Aditya Birla Sun Life Mutual Fund,Debt Scheme - Banking and PSU Fund,2025-11-26,110.2658
119551,Aditya Birla Sun Life Banking & PSU Debt Fund  - DIRECT - IDCW,Aditya Birla Sun Life Mutual Fund,Debt Scheme - Banking and PSU Fund,2025-11-27,110.2743
119551,Aditya Birla Sun Life Banking & PSU Debt Fund  - DIRECT - IDCW,Aditya Birla Sun Life Mutual Fund,Debt Scheme - Banking and PSU Fund,2025-11-28,110.2615
119551,Aditya Birla Sun Life Banking & PSU Debt Fund  - DIRECT - IDCW,Aditya Birla Sun Life Mutual Fund,Debt Scheme - Banking and PSU Fund,2025-12-01,110.211
119551,Aditya Birla Sun Life Banking & PSU Debt Fund  - DIRECT - IDCW,Aditya Birla Sun Life Mutual Fund,Debt Scheme - Banking and PSU Fund,2025-12-02,110.2349
119551,Aditya Birla Sun Life Banking & PSU Debt Fund  - DIRECT - IDCW,Aditya Birla Sun Life Mutual Fund,Debt Scheme - Banking and PSU Fund,2025-12-03,110.2362
119551,Aditya Birla Sun Life Banking & PSU Debt Fund  - DIRECT - IDCW,Aditya Birla Sun Life Mutual Fund,Debt Scheme - Banking and PSU Fund,2025-12-04,110.235
119551,Aditya Birla Sun Life Banking & PSU Debt Fund  - DIRECT - IDCW,Aditya Birla Sun Life Mutual Fund,Debt Scheme - Banking and PSU Fund,2025-12-05,110.3373
119551,Aditya Birla Sun Life Banking & PSU Debt Fund  - DIRECT - IDCW,Aditya Birla Sun Life Mutual Fund,Debt Scheme - Banking and PSU Fund,2025-12-08,110.3299
119551,Aditya Birla Sun Life Banking & PSU Debt Fund  - DIRECT - IDCW,Aditya Birla Sun Life Mutual Fund,Debt Scheme - Banking and PSU Fund,2025-12-09,110.1852
119551,Aditya Birla Sun Life Banking & PSU Debt Fund  - DIRECT - IDCW,Aditya Birla Sun Life Mutual Fund,Debt Scheme - Banking and PSU Fund,2025-12-10,110.0466
119551,Aditya Birla Sun Life Banking & PSU Debt Fund  - DIRECT - IDCW,Aditya Birla Sun Life Mutual Fund,Debt Scheme - Banking and PSU Fund,2025-12-11,110.0609
119551,Aditya Birla Sun Life Banking & PSU Debt Fund  - DIRECT - IDCW,Aditya Birla Sun Life Mutual Fund,Debt Scheme - Banking and PSU Fund,2025-12-12,110.0652
119551,Aditya Birla Sun Life Banking & PSU Debt Fund  - DIRECT - IDCW,Aditya Birla Sun Life Mutual Fund,Debt Scheme - Banking and PSU Fund,2025-12-15,109.9944
119551,Aditya Birla Sun Life Banking & PSU Debt Fund  - DIRECT - IDCW,Aditya Birla Sun Life Mutual Fund,Debt Scheme - Banking and PSU Fund,2025-12-16,110.0261
119551,Aditya Birla Sun Life Banking & PSU Debt Fund  - DIRECT - IDCW,Aditya Birla Sun Life Mutual Fund,Debt Scheme - Banking and PSU Fund,2025-12-17,110.0266
119551,Aditya Birla Sun Life Banking & PSU Debt Fund  - DIRECT - IDCW,Aditya Birla Sun Life Mutual Fund,Debt Scheme - Banking and PSU Fund,2025-12-18,110.0195
119551,Aditya Birla Sun Life Banking & PSU Debt Fund  - DIRECT - IDCW,Aditya Birla Sun Life Mutual Fund,Debt Scheme - Banking and PSU Fund,2025-12-19,110.0403
119551,Aditya Birla Sun Life Banking & PSU Debt Fund  - DIRECT - IDCW,Aditya Birla Sun Life Mutual Fund,Debt Scheme - Banking and PSU Fund,2025-12-22,110.0241
119551,Aditya Birla Sun Life Banking & PSU Debt Fund  - DIRECT - IDCW,Aditya Birla Sun Life Mutual Fund,Debt Scheme - Banking and PSU Fund,2025-12-23,109.9954
119551,Aditya Birla Sun Life Banking & PSU Debt Fund  - DIRECT - IDCW,Aditya Birla Sun Life Mutual Fund,Debt Scheme - Banking and PSU Fund,2025-12-24,110.2079
119551,Aditya Birla Sun Life Banking & PSU Debt Fund  - DIRECT - IDCW,Aditya Birla Sun Life Mutual Fund,Debt Scheme - Banking and PSU Fund,2025-12-26,110.2247
119551,Aditya Birla Sun Life Banking & PSU Debt Fund  - DIRECT - IDCW,Aditya Birla Sun Life Mutual Fund,Debt Scheme - Banking and PSU Fund,2025-12-29,110.2799
119551,Aditya Birla Sun Life Banking & PSU Debt Fund  - DIRECT - IDCW,Aditya Birla Sun Life Mutual Fund,Debt Scheme - Banking and PSU Fund,2025-12-30,110.2176
119551,Aditya Birla Sun Life Banking & PSU Debt Fund  - DIRECT - IDCW,Aditya Birla Sun Life Mutual Fund,Debt Scheme - Banking and PSU Fund,2025-12-31,110.3212
119551,Aditya Birla Sun Life Banking & PSU Debt Fund  - DIRECT - IDCW,Aditya Birla Sun Life Mutual Fund,Debt Scheme - Banking and PSU Fund,2026-01-01,110.3493
119551,Aditya Birla Sun Life Banking & PSU Debt Fund  - DIRECT - IDCW,Aditya Birla Sun Life Mutual Fund,Debt Scheme - Banking and PSU Fund,2026-01-02,110.3333
119551,Aditya Birla Sun Life Banking & PSU Debt Fund  - DIRECT - IDCW,Aditya Birla Sun Life Mutual Fund,Debt Scheme - Banking and PSU Fund,2026-01-05,110.2498
119551,Aditya Birla Sun Life Banking & PSU Debt Fund  - DIRECT - IDCW,Aditya Birla Sun Life Mutual Fund,Debt Scheme - Banking and PSU Fund,2026-01-06,110.2647
119551,Aditya Birla Sun Life Banking & PSU Debt Fund  - DIRECT - IDCW,Aditya Birla Sun Life Mutual Fund,Debt Scheme - Banking and PSU Fund,2026-01-07,110.2175
119551,Aditya Birla Sun Life Banking & PSU Debt Fund  - DIRECT - IDCW,Aditya Birla Sun Life Mutual Fund,Debt Scheme - Banking and PSU Fund,2026-01-08,110.2218
119551,Aditya Birla Sun Life Banking & PSU Debt Fund  - DIRECT - IDCW,Aditya Birla Sun Life Mutual Fund,Debt Scheme - Banking and PSU Fund,2026-01-09,110.2327
119551,Aditya Birla Sun Life Banking & PSU Debt Fund  - DIRECT - IDCW,Aditya Birla Sun Life Mutual Fund,Debt Scheme - Banking and PSU Fund,2026-01-12,110.2974
119551,Aditya Birla Sun Life Banking & PSU Debt Fund  - DIRECT - IDCW,Aditya Birla Sun Life Mutual Fund,Debt Scheme - Banking and PSU Fund,2026-01-13,110.1878
119551,Aditya Birla Sun Life Banking & PSU Debt Fund  - DIRECT - IDCW,Aditya Birla Sun Life Mutual Fund,Debt Scheme - Banking and PSU Fund,2026-01-14,110.1286
119551,Aditya Birla Sun Life Banking & PSU Debt Fund  - DIRECT - IDCW,Aditya Birla Sun Life Mutual Fund,Debt Scheme - Banking and PSU Fund,2026-01-16,110.0107
119551,Aditya Birla Sun Life Banking & PSU Debt Fund  - DIRECT - IDCW,Aditya Birla Sun Life Mutual Fund,Debt Scheme - Banking and PSU Fund,2026-01-19,109.9742
119551,Aditya Birla Sun Life Banking & PSU Debt Fund  - DIRECT - IDCW,Aditya Birla Sun Life Mutual Fund,Debt Scheme - Banking and PSU Fund,2026-01-20,109.9385
119551,Aditya Birla Sun Life Banking & PSU Debt Fund  - DIRECT - IDCW,Aditya Birla Sun Life Mutual Fund,Debt Scheme - Banking and PSU Fund,2026-01-21,109.9438
119551,Aditya Birla Sun Life Banking & PSU Debt Fund  - DIRECT - IDCW,Aditya Birla Sun Life Mutual Fund,Debt Scheme - Banking and PSU Fund,2026-01-22,110.0539
119551,Aditya Birla Sun Life Banking & PSU Debt Fund  - DIRECT - IDCW,Aditya Birla Sun Life Mutual Fund,Debt Scheme - Banking and PSU Fund,2026-01-23,110.0766
119551,Aditya Birla Sun Life Banking & PSU Debt Fund  - DIRECT - IDCW,Aditya Birla Sun Life Mutual Fund,Debt Scheme - Banking and PSU Fund,2026-01-27,110.1078
119551,Aditya Birla Sun Life Banking & PSU Debt Fund  - DIRECT - IDCW,Aditya Birla Sun Life Mutual Fund,Debt Scheme - Banking and PSU Fund,2026-01-28,110.0855
119551,Aditya Birla Sun Life Banking & PSU Debt Fund  - DIRECT - IDCW,Aditya Birla Sun Life Mutual Fund,Debt Scheme - Banking and PSU Fund,2026-01-29,110.0922
119551,Aditya Birla Sun Life Banking & PSU Debt Fund  - DIRECT - IDCW,Aditya Birla Sun Life Mutual Fund,Debt Scheme - Banking and PSU Fund,2026-01-30,110.1903
119551,Aditya Birla Sun Life Banking & PSU Debt Fund  - DIRECT - IDCW,Aditya Birla Sun Life Mutual Fund,Debt Scheme - Banking and PSU Fund,2026-02-02,110.1537
119551,Aditya Birla Sun Life Banking & PSU Debt Fund  - DIRECT - IDCW,Aditya Birla Sun Life Mutual Fund,Debt Scheme - Banking and PSU Fund,2026-02-03,110.296
119551,Aditya Birla Sun Life Banking & PSU Debt Fund  - DIRECT - IDCW,Aditya Birla Sun Life Mutual Fund,Debt Scheme - Banking and PSU Fund,2026-02-04,110.4477
119551,Aditya Birla Sun Life Banking & PSU Debt Fund  - DIRECT - IDCW,Aditya Birla Sun Life Mutual Fund,Debt Scheme - Banking and PSU Fund,2026-02-05,110.5985
119551,Aditya Birla Sun Life Banking & PSU Debt Fund  - DIRECT - IDCW,Aditya Birla Sun Life Mutual Fund,Debt Scheme - Banking and PSU Fund,2026-02-06,110.4173
119551,Aditya Birla Sun Life Banking & PSU Debt Fund  - DIRECT - IDCW,Aditya Birla Sun Life Mutual Fund,Debt Scheme - Banking and PSU Fund,2026-02-09,110.4233
119551,Aditya Birla Sun Life Banking & PSU Debt Fund  - DIRECT - IDCW,Aditya Birla Sun Life Mutual Fund,Debt Scheme - Banking and PSU Fund,2026-02-10,110.4293
119551,Aditya Birla Sun Life Banking & PSU Debt Fund  - DIRECT - IDCW,Aditya Birla Sun Life Mutual Fund,Debt Scheme - Banking and PSU Fund,2026-02-11,110.5056
119551,Aditya Birla Sun Life Banking & PSU Debt Fund  - DIRECT - IDCW,Aditya Birla Sun Life Mutual Fund,Debt Scheme - Banking and PSU Fund,2026-02-12,110.6309
119551,Aditya Birla Sun Life Banking & PSU Debt Fund  - DIRECT - IDCW,Aditya Birla Sun Life Mutual Fund,Debt Scheme - Banking and PSU Fund,2026-02-13,110.7584
119551,Aditya Birla Sun Life Banking & PSU Debt Fund  - DIRECT - IDCW,Aditya Birla Sun Life Mutual Fund,Debt Scheme - Banking and PSU Fund,2026-02-16,110.8409
119551,Aditya Birla Sun Life Banking & PSU Debt Fund  - DIRECT - IDCW,Aditya Birla Sun Life Mutual Fund,Debt Scheme - Banking and PSU Fund,2026-02-17,110.8682
119551,Aditya Birla Sun Life Banking & PSU Debt Fund  - DIRECT - IDCW,Aditya Birla Sun Life Mutual Fund,Debt Scheme - Banking and PSU Fund,2026-02-18,110.8613
119551,Aditya Birla Sun Life Banking & PSU Debt Fund  - DIRECT - IDCW,Aditya Birla Sun Life Mutual Fund,Debt Scheme - Banking and PSU Fund,2026-02-20,110.807
119551,Aditya Birla Sun Life Banking & PSU Debt Fund  - DIRECT - IDCW,Aditya Birla Sun Life Mutual Fund,Debt Scheme - Banking and PSU Fund,2026-02-23,110.8829
119551,Aditya Birla Sun Life Banking & PSU Debt Fund  - DIRECT - IDCW,Aditya Birla Sun Life Mutual Fund,Debt Scheme - Banking and PSU Fund,2026-02-24,110.9394
119551,Aditya Birla Sun Life Banking & PSU Debt Fund  - DIRECT - IDCW,Aditya Birla Sun Life Mutual Fund,Debt Scheme - Banking and PSU Fund,2026-02-25,110.9826
119551,Aditya Birla Sun Life Banking & PSU Debt Fund  - DIRECT - IDCW,Aditya Birla Sun Life Mutual Fund,Debt Scheme - Banking and PSU Fund,2026-02-26,111.0069
119551,Aditya Birla Sun Life Banking & PSU Debt Fund  - DIRECT - IDCW,Aditya Birla Sun Life Mutual Fund,Debt Scheme - Banking and PSU Fund,2026-02-27,111.0261
119551,Aditya Birla Sun Life Banking & PSU Debt Fund  - DIRECT - IDCW,Aditya Birla Sun Life Mutual Fund,Debt Scheme - Banking and PSU Fund,2026-03-02,111.0653
119551,Aditya Birla Sun Life Banking & PSU Debt Fund  - DIRECT - IDCW,Aditya Birla Sun Life Mutual Fund,Debt Scheme - Banking and PSU Fund,2026-03-04,110.9499
119551,Aditya Birla Sun Life Banking & PSU Debt Fund  - DIRECT - IDCW,Aditya Birla Sun Life Mutual Fund,Debt Scheme - Banking and PSU Fund,2026-03-05,111.0534
119551,Aditya Birla Sun Life Banking & PSU Debt Fund  - DIRECT - IDCW,Aditya Birla Sun Life Mutual Fund,Debt Scheme - Banking and PSU Fund,2026-03-06,111.0395
119551,Aditya Birla Sun Life Banking & PSU Debt Fund  - DIRECT - IDCW,Aditya Birla Sun Life Mutual Fund,Debt Scheme - Banking and PSU Fund,2026-03-09,110.9193
119551,Aditya Birla Sun Life Banking & PSU Debt Fund  - DIRECT - IDCW,Aditya Birla Sun Life Mutual Fund,Debt Scheme - Banking and PSU Fund,2026-03-10,111.0484
119551,Aditya Birla Sun Life Banking & PSU Debt Fund  - DIRECT - IDCW,Aditya Birla Sun Life Mutual Fund,Debt Scheme - Banking and PSU Fund,2026-03-11,111.1072
119551,Aditya Birla Sun Life Banking & PSU Debt Fund  - DIRECT - IDCW,Aditya Birla Sun Life Mutual Fund,Debt Scheme - Banking and PSU Fund,2026-03-12,110.9898
119551,Aditya Birla Sun Life Banking & PSU Debt Fund  - DIRECT - IDCW,Aditya Birla Sun Life Mutual Fund,Debt Scheme - Banking and PSU Fund,2026-03-13,110.9287
119551,Aditya Birla Sun Life Banking & PSU Debt Fund  - DIRECT - IDCW,Aditya Birla Sun Life Mutual Fund,Debt Scheme - Banking and PSU Fund,2026-03-16,110.9159
119551,Aditya Birla Sun Life Banking & PSU Debt Fund  - DIRECT - IDCW,Aditya Birla Sun Life Mutual Fund,Debt Scheme - Banking and PSU Fund,2026-03-17,110.9316
119551,Aditya Birla Sun Life Banking & PSU Debt Fund  - DIRECT - IDCW,Aditya Birla Sun Life Mutual Fund,Debt Scheme - Banking and PSU Fund,2026-03-18,110.9985
119551,Aditya Birla Sun Life Banking & PSU Debt Fund  - DIRECT - IDCW,Aditya Birla Sun Life Mutual Fund,Debt Scheme - Banking and PSU Fund,2026-03-20,110.9352
119551,Aditya Birla Sun Life Banking & PSU Debt Fund  - DIRECT - IDCW,Aditya Birla Sun Life Mutual Fund,Debt Scheme - Banking and PSU Fund,2026-03-23,110.6625
119551,Aditya Birla Sun Life Banking & PSU Debt Fund  - DIRECT - IDCW,Aditya Birla Sun Life Mutual Fund,Debt Scheme - Banking and PSU Fund,2026-03-24,103.9816
119551,Aditya Birla Sun Life Banking & PSU Debt Fund  - DIRECT - IDCW,Aditya Birla Sun Life Mutual Fund,Debt Scheme - Banking and PSU Fund,2026-03-25,103.9713
119551,Aditya Birla Sun Life Banking & PSU Debt Fund  - DIRECT - IDCW,Aditya Birla Sun Life Mutual Fund,Debt Scheme - Banking and PSU Fund,2026-03-27,103.9102
119551,Aditya Birla Sun Life Banking & PSU Debt Fund  - DIRECT - IDCW,Aditya Birla Sun Life Mutual Fund,Debt Scheme - Banking and PSU Fund,2026-03-30,103.9921
119551,Aditya Birla Sun Life Banking & PSU Debt Fund  - DIRECT - IDCW,Aditya Birla Sun Life Mutual Fund,Debt Scheme - Banking and PSU Fund,2026-03-31,104.0116
119551,Aditya Birla Sun Life Banking & PSU Debt Fund  - DIRECT - IDCW,Aditya Birla Sun Life Mutual Fund,Debt Scheme - Banking and PSU Fund,2026-04-02,103.8813
119551,Aditya Birla Sun Life Banking & PSU Debt Fund  - DIRECT - IDCW,Aditya Birla Sun Life Mutual Fund,Debt Scheme - Banking and PSU Fund,2026-04-06,103.9142
119551,Aditya Birla Sun Life Banking & PSU Debt Fund  - DIRECT - IDCW,Aditya Birla Sun Life Mutual Fund,Debt Scheme - Banking and PSU Fund,2026-04-07,103.9918
119551,Aditya Birla Sun Life Banking & PSU Debt Fund  - DIRECT - IDCW,Aditya Birla Sun Life Mutual Fund,Debt Scheme - Banking and PSU Fund,2026-04-08,104.3919
119551,Aditya Birla Sun Life Banking & PSU Debt Fund  - DIRECT - IDCW,Aditya Birla Sun Life Mutual Fund,Debt Scheme - Banking and PSU Fund,2026-04-09,104.515
119551,Aditya Birla Sun Life Banking & PSU Debt Fund  - DIRECT - IDCW,Aditya Birla Sun Life Mutual Fund,Debt Scheme - Banking and PSU Fund,2026-04-10,104.5956
119551,Aditya Birla Sun Life Banking & PSU Debt Fund  - DIRECT - IDCW,Aditya Birla Sun Life Mutual Fund,Debt Scheme - Banking and PSU Fund,2026-04-13,104.6113
119551,Aditya Birla Sun Life Banking & PSU Debt Fund  - DIRECT - IDCW,Aditya Birla Sun Life Mutual Fund,Debt Scheme - Banking and PSU Fund,2026-04-15,104.7901
119551,Aditya Birla Sun Life Banking & PSU Debt Fund  - DIRECT - IDCW,Aditya Birla Sun Life Mutual Fund,Debt Scheme - Banking and PSU Fund,2026-04-16,104.7959
119551,Aditya Birla Sun Life Banking & PSU Debt Fund  - DIRECT - IDCW,Aditya Birla Sun Life Mutual Fund,Debt Scheme - Banking and PSU Fund,2026-04-17,104.7821
119551,Aditya Birla Sun Life Banking & PSU Debt Fund  - DIRECT - IDCW,Aditya Birla Sun Life Mutual Fund,Debt Scheme - Banking and PSU Fund,2026-04-20,104.8369
119551,Aditya Birla Sun Life Banking & PSU Debt Fund  - DIRECT - IDCW,Aditya Birla Sun Life Mutual Fund,Debt Scheme - Banking and PSU Fund,2026-04-21,104.847
119551,Aditya Birla Sun Life Banking & PSU Debt Fund  - DIRECT - IDCW,Aditya Birla Sun Life Mutual Fund,Debt Scheme - Banking and PSU Fund,2026-04-22,104.8473
119551,Aditya Birla Sun Life Banking & PSU Debt Fund  - DIRECT - IDCW,Aditya Birla Sun Life Mutual Fund,Debt Scheme - Banking and PSU Fund,2026-04-23,104.7652
119551,Aditya Birla Sun Life Banking & PSU Debt Fund  - DIRECT - IDCW,Aditya Birla Sun Life Mutual Fund,Debt Scheme - Banking and PSU Fund,2026-04-24,104.7091
119551,Aditya Birla Sun Life Banking & PSU Debt Fund  - DIRECT - IDCW,Aditya Birla Sun Life Mutual Fund,Debt Scheme - Banking and PSU Fund,2026-04-27,104.7771
119551,Aditya Birla Sun Life Banking & PSU Debt Fund  - DIRECT - IDCW,Aditya Birla Sun Life Mutual Fund,Debt Scheme - Banking and PSU Fund,2026-04-28,104.7428
119551,Aditya Birla Sun Life Banking & PSU Debt Fund  - DIRECT - IDCW,Aditya Birla Sun Life Mutual Fund,Debt Scheme - Banking and PSU Fund,2026-04-29,104.6594
119551,Aditya Birla Sun Life Banking & PSU Debt Fund  - DIRECT - IDCW,Aditya Birla Sun Life Mutual Fund,Debt Scheme - Banking and PSU Fund,2026-04-30,104.5706
119551,Aditya Birla Sun Life Banking & PSU Debt Fund  - DIRECT - IDCW,Aditya Birla Sun Life Mutual Fund,Debt Scheme - Banking and PSU Fund,2026-05-04,104.6544
119551,Aditya Birla Sun Life Banking & PSU Debt Fund  - DIRECT - IDCW,Aditya Birla Sun Life Mutual Fund,Debt Scheme - Banking and PSU Fund,2026-05-05,104.6166
119551,Aditya Birla Sun Life Banking & PSU Debt Fund  - DIRECT - IDCW,Aditya Birla Sun Life Mutual Fund,Debt Scheme - Banking and PSU Fund,2026-05-06,104.8043
119551,Aditya Birla Sun Life Banking & PSU Debt Fund  - DIRECT - IDCW,Aditya Birla Sun Life Mutual Fund,Debt Scheme - Banking and PSU Fund,2026-05-07,104.8762
119551,Aditya Birla Sun Life Banking & PSU Debt Fund  - DIRECT - IDCW,Aditya Birla Sun Life Mutual Fund,Debt Scheme - Banking and PSU Fund,2026-05-08,104.8696
119551,Aditya Birla Sun Life Banking & PSU Debt Fund  - DIRECT - IDCW,Aditya Birla Sun Life Mutual Fund,Debt Scheme - Banking and PSU Fund,2026-05-11,104.8053
119551,Aditya Birla Sun Life Banking & PSU Debt Fund  - DIRECT - IDCW,Aditya Birla Sun Life Mutual Fund,Debt Scheme - Banking and PSU Fund,2026-05-12,104.7585
119551,Aditya Birla Sun Life Banking & PSU Debt Fund  - DIRECT - IDCW,Aditya Birla Sun Life Mutual Fund,Debt Scheme - Banking and PSU Fund,2026-05-13,104.7371
119551,Aditya Birla Sun Life Banking & PSU Debt Fund  - DIRECT - IDCW,Aditya Birla Sun Life Mutual Fund,Debt Scheme - Banking and PSU Fund,2026-05-14,104.7318
119551,Aditya Birla Sun Life Banking & PSU Debt Fund  - DIRECT - IDCW,Aditya Birla Sun Life Mutual Fund,Debt Scheme - Banking and PSU Fund,2026-05-15,104.5968
119551,Aditya Birla Sun Life Banking & PSU Debt Fund  - DIRECT - IDCW,Aditya Birla Sun Life Mutual Fund,Debt Scheme - Banking and PSU Fund,2026-05-18,104.3791
119551,Aditya Birla Sun Life Banking & PSU Debt Fund  - DIRECT - IDCW,Aditya Birla Sun Life Mutual Fund,Debt Scheme - Banking and PSU Fund,2026-05-19,104.4216
119551,Aditya Birla Sun Life Banking & PSU Debt Fund  - DIRECT - IDCW,Aditya Birla Sun Life Mutual Fund,Debt Scheme - Banking and PSU Fund,2026-05-20,104.3826
119551,Aditya Birla Sun Life Banking & PSU Debt Fund  - DIRECT - IDCW,Aditya Birla Sun Life Mutual Fund,Debt Scheme - Banking and PSU Fund,2026-05-21,104.285
119551,Aditya Birla Sun Life Banking & PSU Debt Fund  - DIRECT - IDCW,Aditya Birla Sun Life Mutual Fund,Debt Scheme - Banking and PSU Fund,2026-05-22,104.3467
119551,Aditya Birla Sun Life Banking & PSU Debt Fund  - DIRECT - IDCW,Aditya Birla Sun Life Mutual Fund,Debt Scheme - Banking and PSU Fund,2026-05-25,104.5215
119551,Aditya Birla Sun Life Banking & PSU Debt Fund  - DIRECT - IDCW,Aditya Birla Sun Life Mutual Fund,Debt Scheme - Banking and PSU Fund,2026-05-26,104.5269
119551,Aditya Birla Sun Life Banking & PSU Debt Fund  - DIRECT - IDCW,Aditya Birla Sun Life Mutual Fund,Debt Scheme - Banking and PSU Fund,2026-05-27,104.5833
119551,Aditya Birla Sun Life Banking & PSU Debt Fund  - DIRECT - IDCW,Aditya Birla Sun Life Mutual Fund,Debt Scheme - Banking and PSU Fund,2026-05-29,104.657
119551,Aditya Birla Sun Life Banking & PSU Debt Fund  - DIRECT - IDCW,Aditya Birla Sun Life Mutual Fund,Debt Scheme - Banking and PSU Fund,2026-06-01,104.7025
