scheme_code,scheme_name,fund_house,scheme_category,date,nav
125497,SBI Small Cap Fund - Direct Plan - Growth,SBI Mutual Fund,Equity Scheme - Small Cap Fund,2019-05-13,52.8389
125497,SBI Small Cap Fund - Direct Plan - Growth,SBI Mutual Fund,Equity Scheme - Small Cap Fund,2019-05-14,53.1004
125497,SBI Small Cap Fund - Direct Plan - Growth,SBI Mutual Fund,Equity Scheme - Small Cap Fund,2019-05-15,53.0303
125497,SBI Small Cap Fund - Direct Plan - Growth,SBI Mutual Fund,Equity Scheme - Small Cap Fund,2019-05-16,52.9338
125497,SBI Small Cap Fund - Direct Plan - Growth,SBI Mutual Fund,Equity Scheme - Small Cap Fund,2019-05-17,53.073
125497,SBI Small Cap Fund - Direct Plan - Growth,SBI Mutual Fund,Equity Scheme - Small Cap Fund,2019-05-20,54.4867
125497,SBI Small Cap Fund - Direct Plan - Growth,SBI Mutual Fund,Equity Scheme - Small Cap Fund,2019-05-21,54.0838
125497,SBI Small Cap Fund - Direct Plan - Growth,SBI Mutual Fund,Equity Scheme - Small Cap Fund,2019-05-22,54.0958
125497,SBI Small Cap Fund - Direct Plan - Growth,SBI Mutual Fund,Equity Scheme - Small Cap Fund,2019-05-23,53.9873
125497,SBI Small Cap Fund - Direct Plan - Growth,SBI Mutual Fund,Equity Scheme - Small Cap Fund,2019-05-24,54.9948
125497,SBI Small Cap Fund - Direct Plan - Growth,SBI Mutual Fund,Equity Scheme - Small Cap Fund,2019-05-27,55.9036
125497,SBI Small Cap Fund - Direct Plan - Growth,SBI Mutual Fund,Equity Scheme - Small Cap Fund,2019-05-28,56.5415
125497,SBI Small Cap Fund - Direct Plan - Growth,SBI Mutual Fund,Equity Scheme - Small Cap Fund,2019-05-29,56.3573
125497,SBI Small Cap Fund - Direct Plan - Growth,SBI Mutual Fund,Equity Scheme - Small Cap Fund,2019-05-30,56.1882
125497,SBI Small Cap Fund - Direct Plan - Growth,SBI Mutual Fund,Equity Scheme - Small Cap Fund,2019-05-31,56.4804
125497,SBI Small Cap Fund - Direct Plan - Growth,SBI Mutual Fund,Equity Scheme - Small Cap Fund,2019-06-03,56.7417
125497,SBI Small Cap Fund - Direct Plan - Growth,SBI Mutual Fund,Equity Scheme - Small Cap Fund,2019-06-04,56.7067
125497,SBI Small Cap Fund - Direct Plan - Growth,SBI Mutual Fund,Equity Scheme - Small Cap Fund,2019-06-06,56.1253
125497,SBI Small Cap Fund - Direct Plan - Growth,SBI Mutual Fund,Equity Scheme - Small Cap Fund,2019-06-07,56.094
125497,SBI Small Cap Fund - Direct Plan - Growth,SBI Mutual Fund,Equity Scheme - Small Cap Fund,2019-06-10,55.7431
125497,SBI Small Cap Fund - Direct Plan - Growth,SBI Mutual Fund,Equity Scheme - Small Cap Fund,2019-06-11,55.677
125497,SBI Small Cap Fund - Direct Plan - Growth,SBI Mutual Fund,Equity Scheme - Small Cap Fund,2019-06-12,55.6663
125497,SBI Small Cap Fund - Direct Plan - Growth,SBI Mutual Fund,Equity Scheme - Small Cap Fund,2019-06-13,55.3583
125497,SBI Small Cap Fund - Direct Plan - Growth,SBI Mutual Fund,Equity Scheme - Small Cap Fund,2019-06-14,55.2265
125497,SBI Small Cap Fund - Direct Plan - Growth,SBI Mutual Fund,Equity Scheme - Small Cap Fund,2019-06-17,54.651
125497,SBI Small Cap Fund - Direct Plan - Growth,SBI Mutual Fund,Equity Scheme - Small Cap Fund,2019-06-18,54.3588
125497,SBI Small Cap Fund - Direct Plan - Growth,SBI Mutual Fund,Equity Scheme - Small Cap Fund,2019-06-19,54.0946
125497,SBI Small Cap Fund - Direct Plan - Growth,SBI Mutual Fund,Equity Scheme - Small Cap Fund,2019-06-20,54.4507
125497,SBI Small Cap Fund - Direct Plan - Growth,SBI Mutual Fund,Equity Scheme - Small Cap Fund,2019-06-21,54.4826
125497,SBI Small Cap Fund - Direct Plan - Growth,SBI Mutual Fund,Equity Scheme - Small Cap Fund,2019-06-24,54.1894
125497,SBI Small Cap Fund - Direct Plan - Growth,SBI Mutual Fund,Equity Scheme - Small Cap Fund,2019-06-25,54.4957
125497,SBI Small Cap Fund - Direct Plan - Growth,SBI Mutual Fund,Equity Scheme - Small Cap Fund,2019-06-26,54.9657
125497,SBI Small Cap Fund - Direct Plan - Growth,SBI Mutual Fund,Equity Scheme - Small Cap Fund,2019-06-27,55.097
125497,SBI Small Cap Fund - Direct Plan - Growth,SBI Mutual Fund,Equity Scheme - Small Cap Fund,2019-06-28,55.224
125497,SBI Small Cap Fund - Direct Plan - Growth,SBI Mutual Fund,Equity Scheme - Small Cap Fund,2019-07-01,55.3031
125497,SBI Small Cap Fund - Direct Plan - Growth,SBI Mutual Fund,Equity Scheme - Small Cap Fund,2019-07-02,55.456
125497,SBI Small Cap Fund - Direct Plan - Growth,SBI Mutual Fund,Equity Scheme - Small Cap Fund,2019-07-03,55.3738
125497,SBI Small Cap Fund - Direct Plan - Growth,SBI Mutual Fund,Equity Scheme - Small Cap Fund,2019-07-04,55.4699
125497,SBI Small Cap Fund - Direct Plan - Growth,SBI Mutual Fund,Equity Scheme - Small Cap Fund,2019-07-05,54.8561
125497,SBI Small Cap Fund - Direct Plan - Growth,SBI Mutual Fund,Equity Scheme - Small Cap Fund,2019-07-08,54.1644
125497,SBI Small Cap Fund - Direct Plan - Growth,SBI Mutual Fund,Equity Scheme - Small Cap Fund,2019-07-09,54.0836
125497,SBI Small Cap Fund - Direct Plan - Growth,SBI Mutual Fund,Equity Scheme - Small Cap Fund,2019-07-10,53.8443
125497,SBI Small Cap Fund - Direct Plan - Growth,SBI Mutual Fund,Equity Scheme - Small Cap Fund,2019-07-11,54.0984
125497,SBI Small Cap Fund - Direct Plan - Growth,SBI Mutual Fund,Equity Scheme - Small Cap Fund,2019-07-12,54.2785
125497,SBI Small Cap Fund - Direct Plan - Growth,SBI Mutual Fund,Equity Scheme - Small Cap Fund,2019-07-15,54.1461
125497,SBI Small Cap Fund - Direct Plan - Growth,SBI Mutual Fund,Equity Scheme - Small Cap Fund,2019-07-16,54.0856
125497,SBI Small Cap Fund - Direct Plan - Growth,SBI Mutual Fund,Equity Scheme - Small Cap Fund,2019-07-17,54.319
125497,SBI Small Cap Fund - Direct Plan - Growth,SBI Mutual Fund,Equity Scheme - Small Cap Fund,2019-07-18,54.0147
125497,SBI Small Cap Fund - Direct Plan - Growth,SBI Mutual Fund,Equity Scheme - Small Cap Fund,2019-07-19,53.4029
125497,SBI Small Cap Fund - Direct Plan - Growth,SBI Mutual Fund,Equity Scheme - Small Cap Fund,2019-07-22,53.024
125497,SBI Small Cap Fund - Direct Plan - Growth,SBI Mutual Fund,Equity Scheme - Small Cap Fund,2019-07-23,53.155
125497,SBI Small Cap Fund - Direct Plan - Growth,SBI Mutual Fund,Equity Scheme - Small Cap Fund,2019-07-24,52.7374
125497,SBI Small Cap Fund - Direct Plan - Growth,SBI Mutual Fund,Equity Scheme - Small Cap Fund,2019-07-25,52.5207
125497,SBI Small Cap Fund - Direct Plan - Growth,SBI Mutual Fund,Equity Scheme - Small Cap Fund,2019-07-26,52.5686
125497,SBI Small Cap Fund - Direct Plan - Growth,SBI Mutual Fund,Equity Scheme - Small Cap Fund,2019-07-29,52.1616
125497,SBI Small Cap Fund - Direct Plan - Growth,SBI Mutual Fund,Equity Scheme - Small Cap Fund,2019-07-30,51.466
125497,SBI Small Cap Fund - Direct Plan - Growth,SBI Mutual Fund,Equity Scheme - Small Cap Fund,2019-07-31,51.9017
125497,SBI Small Cap Fund - Direct Plan - Growth,SBI Mutual Fund,Equity Scheme - Small Cap Fund,2019-08-01,51.3082
125497,SBI Small Cap Fund - Direct Plan - Growth,SBI Mutual Fund,Equity Scheme - Small Cap Fund,2019-08-02,51.0349
125497,SBI Small Cap Fund - Direct Plan - Growth,SBI Mutual Fund,Equity Scheme - Small Cap Fund,2019-08-05,50.5861
125497,SBI Small Cap Fund - Direct Plan - Growth,SBI Mutual Fund,Equity Scheme - Small Cap Fund,2019-08-06,51.0319
125497,SBI Small Cap Fund - Direct Plan - Growth,SBI Mutual Fund,Equity Scheme - Small Cap Fund,2019-08-07,51.1681
125497,SBI Small Cap Fund - Direct Plan - Growth,SBI Mutual Fund,Equity Scheme - Small Cap Fund,2019-08-08,51.2595
125497,SBI Small Cap Fund - Direct Plan - Growth,SBI Mutual Fund,Equity Scheme - Small Cap Fund,2019-08-09,51.6177
125497,SBI Small Cap Fund - Direct Plan - Growth,SBI Mutual Fund,Equity Scheme - Small Cap Fund,2019-08-13,51.0979
125497,SBI Small Cap Fund - Direct Plan - Growth,SBI Mutual Fund,Equity Scheme - Small Cap Fund,2019-08-14,51.7299
125497,SBI Small Cap Fund - Direct Plan - Growth,SBI Mutual Fund,Equity Scheme - Small Cap Fund,2019-08-16,52.0211
125497,SBI Small Cap Fund - Direct Plan - Growth,SBI Mutual Fund,Equity Scheme - Small Cap Fund,2019-08-19,51.9983
125497,SBI Small Cap Fund - Direct Plan - Growth,SBI Mutual Fund,Equity Scheme - Small Cap Fund,2019-08-20,51.9247
125497,SBI Small Cap Fund - Direct Plan - Growth,SBI Mutual Fund,Equity Scheme - Small Cap Fund,2019-08-21,51.522
125497,SBI Small Cap Fund - Direct Plan - Growth,SBI Mutual Fund,Equity Scheme - Small Cap Fund,2019-08-22,51.038
125497,SBI Small Cap Fund - Direct Plan - Growth,SBI Mutual Fund,Equity Scheme - Small Cap Fund,2019-08-23,51.3091
125497,SBI Small Cap Fund - Direct Plan - Growth,SBI Mutual Fund,Equity Scheme - Small Cap Fund,2019-08-26,52.0341
125497,SBI Small Cap Fund - Direct Plan - Growth,SBI Mutual Fund,Equity Scheme - Small Cap Fund,2019-08-27,52.5731
125497,SBI Small Cap Fund - Direct Plan - Growth,SBI Mutual Fund,Equity Scheme - Small Cap Fund,2019-08-28,52.4938
125497,SBI Small Cap Fund - Direct Plan - Growth,SBI Mutual Fund,Equity Scheme - Small Cap Fund,2019-08-29,52.0987
125497,SBI Small Cap Fund - Direct Plan - Growth,SBI Mutual Fund,Equity Scheme - Small Cap Fund,2019-08-30,52.3752
125497,SBI Small Cap Fund - Direct Plan - Growth,SBI Mutual Fund,Equity Scheme - Small Cap Fund,2019-09-03,51.9742
125497,SBI Small Cap Fund - Direct Plan - Growth,SBI Mutual Fund,Equity Scheme - Small Cap Fund,2019-09-04,52.1216
125497,SBI Small Cap Fund - Direct Plan - Growth,SBI Mutual Fund,Equity Scheme - Small Cap Fund,2019-09-05,52.2783
125497,SBI Small Cap Fund - Direct Plan - Growth,SBI Mutual Fund,Equity Scheme - Small Cap Fund,2019-09-06,52.6455
125497,SBI Small Cap Fund - Direct Plan - Growth,SBI Mutual Fund,Equity Scheme - Small Cap Fund,2019-09-09,52.9366
125497,SBI Small Cap Fund - Direct Plan - Growth,SBI Mutual Fund,Equity Scheme - Small Cap Fund,2019-09-11,53.7478
125497,SBI Small Cap Fund - Direct Plan - Growth,SBI Mutual Fund,Equity Scheme - Small Cap Fund,2019-09-12,53.6476
125497,SBI Small Cap Fund - Direct Plan - Growth,SBI Mutual Fund,Equity Scheme - Small Cap Fund,2019-09-13,53.6012
125497,SBI Small Cap Fund - Direct Plan - Growth,SBI Mutual Fund,Equity Scheme - Small Cap Fund,2019-09-16,53.814
125497,SBI Small Cap Fund - Direct Plan - Growth,SBI Mutual Fund,Equity Scheme - Small Cap Fund,2019-09-17,53.1853
125497,SBI Small Cap Fund - Direct Plan - Growth,SBI Mutual Fund,Equity Scheme - Small Cap Fund,2019-09-18,53.1334
125497,SBI Small Cap Fund - Direct Plan - Growth,SBI Mutual Fund,Equity Scheme - Small Cap Fund,2019-09-19,52.7845
125497,SBI Small Cap Fund - Direct Plan - Growth,SBI Mutual Fund,Equity Scheme - Small Cap Fund,2019-09-20,54.447
125497,SBI Small Cap Fund - Direct Plan - Growth,SBI Mutual Fund,Equity Scheme - Small Cap Fund,2019-09-23,56.3502
125497,SBI Small Cap Fund - Direct Plan - Growth,SBI Mutual Fund,Equity Scheme - Small Cap Fund,2019-09-24,56.4498
125497,SBI Small Cap Fund - Direct Plan - Growth,SBI Mutual Fund,Equity Scheme - Small Cap Fund,2019-09-25,55.9413
125497,SBI Small Cap Fund - Direct Plan - Growth,SBI Mutual Fund,Equity Scheme - Small Cap Fund,2019-09-26,56.3859
125497,SBI Small Cap Fund - Direct Plan - Growth,SBI Mutual Fund,Equity Scheme - Small Cap Fund,2019-09-27,56.3843
125497,SBI Small Cap Fund - Direct Plan - Growth,SBI Mutual Fund,Equity Scheme - Small Cap Fund,2019-09-30,56.147
125497,SBI Small Cap Fund - Direct Plan - Growth,SBI Mutual Fund,Equity Scheme - Small Cap Fund,2019-10-01,55.6556
125497,SBI Small Cap Fund - Direct Plan - Growth,SBI Mutual Fund,Equity Scheme - Small Cap Fund,2019-10-03,55.399
125497,SBI Small Cap Fund - Direct Plan - Growth,SBI Mutual Fund,Equity Scheme - Small Cap Fund,2019-10-04,54.9464
125497,SBI Small Cap Fund - Direct Plan - Growth,SBI Mutual Fund,Equity Scheme - Small Cap Fund,2019-10-07,54.8053
125497,SBI Small Cap Fund - Direct Plan - Growth,SBI Mutual Fund,Equity Scheme - Small Cap Fund,2019-10-09,55.0566
125497,SBI Small Cap Fund - Direct Plan - Growth,SBI Mutual Fund,Equity Scheme - Small Cap Fund,2019-10-10,54.7665
125497,SBI Small Cap Fund - Direct Plan - Growth,SBI Mutual Fund,Equity Scheme - Small Cap Fund,2019-10-11,54.8222
125497,SBI Small Cap Fund - Direct Plan - Growth,SBI Mutual Fund,Equity Scheme - Small Cap Fund,2019-10-14,54.9658
125497,SBI Small Cap Fund - Direct Plan - Growth,SBI Mutual Fund,Equity Scheme - Small Cap Fund,2019-10-15,55.0504
125497,SBI Small Cap Fund - Direct Plan - Growth,SBI Mutual Fund,Equity Scheme - Small Cap Fund,2019-10-16,54.9299
125497,SBI Small Cap Fund - Direct Plan - Growth,SBI Mutual Fund,Equity Scheme - Small Cap Fund,2019-10-17,55.2661
125497,SBI Small Cap Fund - Direct Plan - Growth,SBI Mutual Fund,Equity Scheme - Small Cap Fund,2019-10-18,56.3596
125497,SBI Small Cap Fund - Direct Plan - Growth,SBI Mutual Fund,Equity Scheme - Small Cap Fund,2019-10-22,56.3394
125497,SBI Small Cap Fund - Direct Plan - Growth,SBI Mutual Fund,Equity Scheme - Small Cap Fund,2019-10-23,56.394
125497,SBI Small Cap Fund - Direct Plan - Growth,SBI Mutual Fund,Equity Scheme - Small Cap Fund,2019-10-24,56.4878
125497,SBI Small Cap Fund - Direct Plan - Growth,SBI Mutual Fund,Equity Scheme - Small Cap Fund,2019-10-25,56.3768
125497,SBI Small Cap Fund - Direct Plan - Growth,SBI Mutual Fund,Equity Scheme - Small Cap Fund,2019-10-29,57.0785
125497,SBI Small Cap Fund - Direct Plan - Growth,SBI Mutual Fund,Equity Scheme - Small Cap Fund,2019-10-30,57.1831
125497,SBI Small Cap Fund - Direct Plan - Growth,SBI Mutual Fund,Equity Scheme - Small Cap Fund,2019-10-31,57.6615
125497,SBI Small Cap Fund - Direct Plan - Growth,SBI Mutual Fund,Equity Scheme - Small Cap Fund,2019-11-01,57.9809
125497,SBI Small Cap Fund - Direct Plan - Growth,SBI Mutual Fund,Equity Scheme - Small Cap Fund,2019-11-04,58.5157
125497,SBI Small Cap Fund - Direct Plan - Growth,SBI Mutual Fund,Equity Scheme - Small Cap Fund,2019-11-05,58.0708
125497,SBI Small Cap Fund - Direct Plan - Growth,SBI Mutual Fund,Equity Scheme - Small Cap Fund,2019-11-06,57.7536
125497,SBI Small Cap Fund - Direct Plan - Growth,SBI Mutual Fund,Equity Scheme - Small Cap Fund,2019-11-07,57.9074
125497,SBI Small Cap Fund - Direct Plan - Growth,SBI Mutual Fund,Equity Scheme - Small Cap Fund,2019-11-08,57.4537
125497,SBI Small Cap Fund - Direct Plan - Growth,SBI Mutual Fund,Equity Scheme - Small Cap Fund,2019-11-11,57.692
125497,SBI Small Cap Fund - Direct Plan - Growth,SBI Mutual Fund,Equity Scheme - Small Cap Fund,2019-11-13,57.9023
125497,SBI Small Cap Fund - Direct Plan - Growth,SBI Mutual Fund,Equity Scheme - Small Cap Fund,2019-11-14,57.8273
125497,SBI Small Cap Fund - Direct Plan - Growth,SBI Mutual Fund,Equity Scheme - Small Cap Fund,2019-11-15,57.71
125497,SBI Small Cap Fund - Direct Plan - Growth,SBI Mutual Fund,Equity Scheme - Small Cap Fund,2019-11-18,57.7894
125497,SBI Small Cap Fund - Direct Plan - Growth,SBI Mutual Fund,Equity Scheme - Small Cap Fund,2019-11-19,57.8266
125497,SBI Small Cap Fund - Direct Plan - Growth,SBI Mutual Fund,Equity Scheme - Small Cap Fund,2019-11-20,57.8357
125497,SBI Small Cap Fund - Direct Plan - Growth,SBI Mutual Fund,Equity Scheme - Small Cap Fund,2019-11-21,58.0232
125497,SBI Small Cap Fund - Direct Plan - Growth,SBI Mutual Fund,Equity Scheme - Small Cap Fund,2019-11-22,58.0555
125497,SBI Small Cap Fund - Direct Plan - Growth,SBI Mutual Fund,Equity Scheme - Small Cap Fund,2019-11-25,58.2373
125497,SBI Small Cap Fund - Direct Plan - Growth,SBI Mutual Fund,Equity Scheme - Small Cap Fund,2019-11-26,57.9258
125497,SBI Small Cap Fund - Direct Plan - Growth,SBI Mutual Fund,Equity Scheme - Small Cap Fund,2019-11-27,57.825
125497,SBI Small Cap Fund - Direct Plan - Growth,SBI Mutual Fund,Equity Scheme - Small Cap Fund,2019-11-28,57.7441
125497,SBI Small Cap Fund - Direct Plan - Growth,SBI Mutual Fund,Equity Scheme - Small Cap Fund,2019-11-29,57.9839
125497,SBI Small Cap Fund - Direct Plan - Growth,SBI Mutual Fund,Equity Scheme - Small Cap Fund,2019-12-02,58.0533
125497,SBI Small Cap Fund - Direct Plan - Growth,SBI Mutual Fund,Equity Scheme - Small Cap Fund,2019-12-03,57.9542
125497,SBI Small Cap Fund - Direct Plan - Growth,SBI Mutual Fund,Equity Scheme - Small Cap Fund,2019-12-04,58.3397
125497,SBI Small Cap Fund - Direct Plan - Growth,SBI Mutual Fund,Equity Scheme - Small Cap Fund,2019-12-05,58.2459
125497,SBI Small Cap Fund - Direct Plan - Growth,SBI Mutual Fund,Equity Scheme - Small Cap Fund,2019-12-06,57.6323
125497,SBI Small Cap Fund - Direct Plan - Growth,SBI Mutual Fund,Equity Scheme - Small Cap Fund,2019-12-09,57.3044
125497,SBI Small Cap Fund - Direct Plan - Growth,SBI Mutual Fund,Equity Scheme - Small Cap Fund,2019-12-10,56.8176
125497,SBI Small Cap Fund - Direct Plan - Growth,SBI Mutual Fund,Equity Scheme - Small Cap Fund,2019-12-11,56.6208
125497,SBI Small Cap Fund - Direct Plan - Growth,SBI Mutual Fund,Equity Scheme - Small Cap Fund,2019-12-12,56.7141
125497,SBI Small Cap Fund - Direct Plan - Growth,SBI Mutual Fund,Equity Scheme - Small Cap Fund,2019-12-13,57.2957
125497,SBI Small Cap Fund - Direct Plan - Growth,SBI Mutual Fund,Equity Scheme - Small Cap Fund,2019-12-16,56.9909
125497,SBI Small Cap Fund - Direct Plan - Growth,SBI Mutual Fund,Equity Scheme - Small Cap Fund,2019-12-17,57.3155
125497,SBI Small Cap Fund - Direct Plan - Growth,SBI Mutual Fund,Equity Scheme - Small Cap Fund,2019-12-18,57.1274
125497,SBI Small Cap Fund - Direct Plan - Growth,SBI Mutual Fund,Equity Scheme - Small Cap Fund,2019-12-19,57.3051
125497,SBI Small Cap Fund - Direct Plan - Growth,SBI Mutual Fund,Equity Scheme - Small Cap Fund,2019-12-20,57.6649
125497,SBI Small Cap Fund - Direct Plan - Growth,SBI Mutual Fund,Equity Scheme - Small Cap Fund,2019-12-23,57.5756
125497,SBI Small Cap Fund - Direct Plan - Growth,SBI Mutual Fund,Equity Scheme - Small Cap Fund,2019-12-24,57.4196
125497,SBI Small Cap Fund - Direct Plan - Growth,SBI Mutual Fund,Equity Scheme - Small Cap Fund,2019-12-26,57.4846
125497,SBI Small Cap Fund - Direct Plan - Growth,SBI Mutual Fund,Equity Scheme - Small Cap Fund,2019-12-27,57.7682
125497,SBI Small Cap Fund - Direct Plan - Growth,SBI Mutual Fund,Equity Scheme - Small Cap Fund,2019-12-30,57.7981
125497,SBI Small Cap Fund - Direct Plan - Growth,SBI Mutual Fund,Equity Scheme - Small Cap Fund,2019-12-31,57.8093
125497,SBI Small Cap Fund - Direct Plan - Growth,SBI Mutual Fund,Equity Scheme - Small Cap Fund,2020-01-01,57.886
125497,SBI Small Cap Fund - Direct Plan - Growth,SBI Mutual Fund,Equity Scheme - Small Cap Fund,2020-01-02,58.3988
125497,SBI Small Cap Fund - Direct Plan - Growth,SBI Mutual Fund,Equity Scheme - Small Cap Fund,2020-01-03,58.6872
125497,SBI Small Cap Fund - Direct Plan - Growth,SBI Mutual Fund,Equity Scheme - Small Cap Fund,2020-01-06,57.7329
125497,SBI Small Cap Fund - Direct Plan - Growth,SBI Mutual Fund,Equity Scheme - Small Cap Fund,2020-01-07,58.2107
125497,SBI Small Cap Fund - Direct Plan - Growth,SBI Mutual Fund,Equity Scheme - Small Cap Fund,2020-01-08,57.9868
125497,SBI Small Cap Fund - Direct Plan - Growth,SBI Mutual Fund,Equity Scheme - Small Cap Fund,2020-01-09,58.6407
125497,SBI Small Cap Fund - Direct Plan - Growth,SBI Mutual Fund,Equity Scheme - Small Cap Fund,2020-01-10,58.9076
125497,SBI Small Cap Fund - Direct Plan - Growth,SBI Mutual Fund,Equity Scheme - Small Cap Fund,2020-01-13,59.1726
125497,SBI Small Cap Fund - Direct Plan - Growth,SBI Mutual Fund,Equity Scheme - Small Cap Fund,2020-01-14,59.2895
125497,SBI Small Cap Fund - Direct Plan - Growth,SBI Mutual Fund,Equity Scheme - Small Cap Fund,2020-01-15,59.6795
125497,SBI Small Cap Fund - Direct Plan - Growth,SBI Mutual Fund,Equity Scheme - Small Cap Fund,2020-01-16,60.2189
125497,SBI Small Cap Fund - Direct Plan - Growth,SBI Mutual Fund,Equity Scheme - Small Cap Fund,2020-01-17,60.8952
125497,SBI Small Cap Fund - Direct Plan - Growth,SBI Mutual Fund,Equity Scheme - Small Cap Fund,2020-01-20,60.9709
125497,SBI Small Cap Fund - Direct Plan - Growth,SBI Mutual Fund,Equity Scheme - Small Cap Fund,2020-01-21,60.7275
125497,SBI Small Cap Fund - Direct Plan - Growth,SBI Mutual Fund,Equity Scheme - Small Cap Fund,2020-01-22,60.8469
125497,SBI Small Cap Fund - Direct Plan - Growth,SBI Mutual Fund,Equity Scheme - Small Cap Fund,2020-01-23,61.1488
125497,SBI Small Cap Fund - Direct Plan - Growth,SBI Mutual Fund,Equity Scheme - Small Cap Fund,2020-01-24,61.8393
125497,SBI Small Cap Fund - Direct Plan - Growth,SBI Mutual Fund,Equity Scheme - Small Cap Fund,2020-01-27,61.9656
125497,SBI Small Cap Fund - Direct Plan - Growth,SBI Mutual Fund,Equity Scheme - Small Cap Fund,2020-01-28,62.0886
125497,SBI Small Cap Fund - Direct Plan - Growth,SBI Mutual Fund,Equity Scheme - Small Cap Fund,2020-01-29,62.1324
125497,SBI Small Cap Fund - Direct Plan - Growth,SBI Mutual Fund,Equity Scheme - Small Cap Fund,2020-01-30,61.8134
125497,SBI Small Cap Fund - Direct Plan - Growth,SBI Mutual Fund,Equity Scheme - Small Cap Fund,2020-01-31,61.7543
125497,SBI Small Cap Fund - Direct Plan - Growth,SBI Mutual Fund,Equity Scheme - Small Cap Fund,2020-02-03,60.8872
125497,SBI Small Cap Fund - Direct Plan - Growth,SBI Mutual Fund,Equity Scheme - Small Cap Fund,2020-02-04,61.7883
125497,SBI Small Cap Fund - Direct Plan - Growth,SBI Mutual Fund,Equity Scheme - Small Cap Fund,2020-02-05,62.0606
125497,SBI Small Cap Fund - Direct Plan - Growth,SBI Mutual Fund,Equity Scheme - Small Cap Fund,2020-02-06,62.089
125497,SBI Small Cap Fund - Direct Plan - Growth,SBI Mutual Fund,Equity Scheme - Small Cap Fund,2020-02-07,62.3167
125497,SBI Small Cap Fund - Direct Plan - Growth,SBI Mutual Fund,Equity Scheme - Small Cap Fund,2020-02-10,61.9086
125497,SBI Small Cap Fund - Direct Plan - Growth,SBI Mutual Fund,Equity Scheme - Small Cap Fund,2020-02-11,62.1921
125497,SBI Small Cap Fund - Direct Plan - Growth,SBI Mutual Fund,Equity Scheme - Small Cap Fund,2020-02-12,62.2058
125497,SBI Small Cap Fund - Direct Plan - Growth,SBI Mutual Fund,Equity Scheme - Small Cap Fund,2020-02-13,62.2181
125497,SBI Small Cap Fund - Direct Plan - Growth,SBI Mutual Fund,Equity Scheme - Small Cap Fund,2020-02-14,62.2419
125497,SBI Small Cap Fund - Direct Plan - Growth,SBI Mutual Fund,Equity Scheme - Small Cap Fund,2020-02-17,62.0469
125497,SBI Small Cap Fund - Direct Plan - Growth,SBI Mutual Fund,Equity Scheme - Small Cap Fund,2020-02-18,61.5595
125497,SBI Small Cap Fund - Direct Plan - Growth,SBI Mutual Fund,Equity Scheme - Small Cap Fund,2020-02-19,62.26
125497,SBI Small Cap Fund - Direct Plan - Growth,SBI Mutual Fund,Equity Scheme - Small Cap Fund,2020-02-20,62.3727
125497,SBI Small Cap Fund - Direct Plan - Growth,SBI Mutual Fund,Equity Scheme - Small Cap Fund,2020-02-24,61.7942
125497,SBI Small Cap Fund - Direct Plan - Growth,SBI Mutual Fund,Equity Scheme - Small Cap Fund,2020-02-25,61.6015
125497,SBI Small Cap Fund - Direct Plan - Growth,SBI Mutual Fund,Equity Scheme - Small Cap Fund,2020-02-26,61.1649
125497,SBI Small Cap Fund - Direct Plan - Growth,SBI Mutual Fund,Equity Scheme - Small Cap Fund,2020-02-27,61.0899
125497,SBI Small Cap Fund - Direct Plan - Growth,SBI Mutual Fund,Equity Scheme - Small Cap Fund,2020-02-28,59.45
125497,SBI Small Cap Fund - Direct Plan - Growth,SBI Mutual Fund,Equity Scheme - Small Cap Fund,2020-03-02,59.4357
125497,SBI Small Cap Fund - Direct Plan - Growth,SBI Mutual Fund,Equity Scheme - Small Cap Fund,2020-03-03,59.7023
125497,SBI Small Cap Fund - Direct Plan - Growth,SBI Mutual Fund,Equity Scheme - Small Cap Fund,2020-03-04,58.8308
125497,SBI Small Cap Fund - Direct Plan - Growth,SBI Mutual Fund,Equity Scheme - Small Cap Fund,2020-03-05,59.2727
125497,SBI Small Cap Fund - Direct Plan - Growth,SBI Mutual Fund,Equity Scheme - Small Cap Fund,2020-03-06,58.5236
125497,SBI Small Cap Fund - Direct Plan - Growth,SBI Mutual Fund,Equity Scheme - Small Cap Fund,2020-03-09,56.7701
125497,SBI Small Cap Fund - Direct Plan - Growth,SBI Mutual Fund,Equity Scheme - Small Cap Fund,2020-03-11,56.6672
125497,SBI Small Cap Fund - Direct Plan - Growth,SBI Mutual Fund,Equity Scheme - Small Cap Fund,2020-03-12,53.1617
125497,SBI Small Cap Fund - Direct Plan - Growth,SBI Mutual Fund,Equity Scheme - Small Cap Fund,2020-03-13,53.1576
125497,SBI Small Cap Fund - Direct Plan - Growth,SBI Mutual Fund,Equity Scheme - Small Cap Fund,2020-03-16,50.8999
125497,SBI Small Cap Fund - Direct Plan - Growth,SBI Mutual Fund,Equity Scheme - Small Cap Fund,2020-03-17,49.9371
125497,SBI Small Cap Fund - Direct Plan - Growth,SBI Mutual Fund,Equity Scheme - Small Cap Fund,2020-03-18,47.0783
125497,SBI Small Cap Fund - Direct Plan - Growth,SBI Mutual Fund,Equity Scheme - Small Cap Fund,2020-03-19,45.2642
125497,SBI Small Cap Fund - Direct Plan - Growth,SBI Mutual Fund,Equity Scheme - Small Cap Fund,2020-03-20,45.7468
125497,SBI Small Cap Fund - Direct Plan - Growth,SBI Mutual Fund,Equity Scheme - Small Cap Fund,2020-03-23,41.311
125497,SBI Small Cap Fund - Direct Plan - Growth,SBI Mutual Fund,Equity Scheme - Small Cap Fund,2020-03-24,41.26
125497,SBI Small Cap Fund - Direct Plan - Growth,SBI Mutual Fund,Equity Scheme - Small Cap Fund,2020-03-25,42.2905
125497,SBI Small Cap Fund - Direct Plan - Growth,SBI Mutual Fund,Equity Scheme - Small Cap Fund,2020-03-26,43.7048
125497,SBI Small Cap Fund - Direct Plan - Growth,SBI Mutual Fund,Equity Scheme - Small Cap Fund,2020-03-27,44.2552
125497,SBI Small Cap Fund - Direct Plan - Growth,SBI Mutual Fund,Equity Scheme - Small Cap Fund,2020-03-30,43.1613
125497,SBI Small Cap Fund - Direct Plan - Growth,SBI Mutual Fund,Equity Scheme - Small Cap Fund,2020-03-31,44.2998
125497,SBI Small Cap Fund - Direct Plan - Growth,SBI Mutual Fund,Equity Scheme - Small Cap Fund,2020-04-01,43.7773
125497,SBI Small Cap Fund - Direct Plan - Growth,SBI Mutual Fund,Equity Scheme - Small Cap Fund,2020-04-03,43.6981
125497,SBI Small Cap Fund - Direct Plan - Growth,SBI Mutual Fund,Equity Scheme - Small Cap Fund,2020-04-07,45.121
125497,SBI Small Cap Fund - Direct Plan - Growth,SBI Mutual Fund,Equity Scheme - Small Cap Fund,2020-04-08,45.7678
125497,SBI Small Cap Fund - Direct Plan - Growth,SBI Mutual Fund,Equity Scheme - Small Cap Fund,2020-04-09,46.7891
125497,SBI Small Cap Fund - Direct Plan - Growth,SBI Mutual Fund,Equity Scheme - Small Cap Fund,2020-04-13,46.3737
125497,SBI Small Cap Fund - Direct Plan - Growth,SBI Mutual Fund,Equity Scheme - Small Cap Fund,2020-04-15,46.6621
125497,SBI Small Cap Fund - Direct Plan - Growth,SBI Mutual Fund,Equity Scheme - Small Cap Fund,2020-04-16,47.0044
125497,SBI Small Cap Fund - Direct Plan - Growth,SBI Mutual Fund,Equity Scheme - Small Cap Fund,2020-04-17,47.9462
125497,SBI Small Cap Fund - Direct Plan - Growth,SBI Mutual Fund,Equity Scheme - Small Cap Fund,2020-04-20,48.8951
125497,SBI Small Cap Fund - Direct Plan - Growth,SBI Mutual Fund,Equity Scheme - Small Cap Fund,2020-04-21,47.7874
125497,SBI Small Cap Fund - Direct Plan - Growth,SBI Mutual Fund,Equity Scheme - Small Cap Fund,2020-04-22,48.307
125497,SBI Small Cap Fund - Direct Plan - Growth,SBI Mutual Fund,Equity Scheme - Small Cap Fund,2020-04-23,48.6464
125497,SBI Small Cap Fund - Direct Plan - Growth,SBI Mutual Fund,Equity Scheme - Small Cap Fund,2020-04-24,47.8799
125497,SBI Small Cap Fund - Direct Plan - Growth,SBI Mutual Fund,Equity Scheme - Small Cap Fund,2020-04-27,48.0846
125497,SBI Small Cap Fund - Direct Plan - Growth,SBI Mutual Fund,Equity Scheme - Small Cap Fund,2020-04-28,48.4286
125497,SBI Small Cap Fund - Direct Plan - Growth,SBI Mutual Fund,Equity Scheme - Small Cap Fund,2020-04-29,48.915
125497,SBI Small Cap Fund - Direct Plan - Growth,SBI Mutual Fund,Equity Scheme - Small Cap Fund,2020-04-30,49.4021
125497,SBI Small Cap Fund - Direct Plan - Growth,SBI Mutual Fund,Equity Scheme - Small Cap Fund,2020-05-04,48.0018
125497,SBI Small Cap Fund - Direct Plan - Growth,SBI Mutual Fund,Equity Scheme - Small Cap Fund,2020-05-05,47.5152
125497,SBI Small Cap Fund - Direct Plan - Growth,SBI Mutual Fund,Equity Scheme - Small Cap Fund,2020-05-06,47.5508
125497,SBI Small Cap Fund - Direct Plan - Growth,SBI Mutual Fund,Equity Scheme - Small Cap Fund,2020-05-07,47.4015
125497,SBI Small Cap Fund - Direct Plan - Growth,SBI Mutual Fund,Equity Scheme - Small Cap Fund,2020-05-08,47.0197
125497,SBI Small Cap Fund - Direct Plan - Growth,SBI Mutual Fund,Equity Scheme - Small Cap Fund,2020-05-11,46.9345
125497,SBI Small Cap Fund - Direct Plan - Growth,SBI Mutual Fund,Equity Scheme - Small Cap Fund,2020-05-12,46.6427
125497,SBI Small Cap Fund - Direct Plan - Growth,SBI Mutual Fund,Equity Scheme - Small Cap Fund,2020-05-13,47.5349
125497,SBI Small Cap Fund - Direct Plan - Growth,SBI Mutual Fund,Equity Scheme - Small Cap Fund,2020-05-14,46.8328
125497,SBI Small Cap Fund - Direct Plan - Growth,SBI Mutual Fund,Equity Scheme - Small Cap Fund,2020-05-15,46.9331
125497,SBI Small Cap Fund - Direct Plan - Growth,SBI Mutual Fund,Equity Scheme - Small Cap Fund,2020-05-18,45.8781
125497,SBI Small Cap Fund - Direct Plan - Growth,SBI Mutual Fund,Equity Scheme - Small Cap Fund,2020-05-19,45.725
125497,SBI Small Cap Fund - Direct Plan - Growth,SBI Mutual Fund,Equity Scheme - Small Cap Fund,2020-05-20,46.2563
125497,SBI Small Cap Fund - Direct Plan - Growth,SBI Mutual Fund,Equity Scheme - Small Cap Fund,2020-05-21,46.5947
125497,SBI Small Cap Fund - Direct Plan - Growth,SBI Mutual Fund,Equity Scheme - Small Cap Fund,2020-05-22,46.2132
125497,SBI Small Cap Fund - Direct Plan - Growth,SBI Mutual Fund,Equity Scheme - Small Cap Fund,2020-05-26,46.4193
125497,SBI Small Cap Fund - Direct Plan - Growth,SBI Mutual Fund,Equity Scheme - Small Cap Fund,2020-05-27,46.5354
125497,SBI Small Cap Fund - Direct Plan - Growth,SBI Mutual Fund,Equity Scheme - Small Cap Fund,2020-05-28,47.1434
125497,SBI Small Cap Fund - Direct Plan - Growth,SBI Mutual Fund,Equity Scheme - Small Cap Fund,2020-05-29,47.8748
125497,SBI Small Cap Fund - Direct Plan - Growth,SBI Mutual Fund,Equity Scheme - Small Cap Fund,2020-06-01,49.3635
125497,SBI Small Cap Fund - Direct Plan - Growth,SBI Mutual Fund,Equity Scheme - Small Cap Fund,2020-06-02,50.232
125497,SBI Small Cap Fund - Direct Plan - Growth,SBI Mutual Fund,Equity Scheme - Small Cap Fund,2020-06-03,50.9722
125497,SBI Small Cap Fund - Direct Plan - Growth,SBI Mutual Fund,Equity Scheme - Small Cap Fund,2020-06-04,50.798
125497,SBI Small Cap Fund - Direct Plan - Growth,SBI Mutual Fund,Equity Scheme - Small Cap Fund,2020-06-05,51.3008
125497,SBI Small Cap Fund - Direct Plan - Growth,SBI Mutual Fund,Equity Scheme - Small Cap Fund,2020-06-08,51.7451
125497,SBI Small Cap Fund - Direct Plan - Growth,SBI Mutual Fund,Equity Scheme - Small Cap Fund,2020-06-09,51.1714
125497,SBI Small Cap Fund - Direct Plan - Growth,SBI Mutual Fund,Equity Scheme - Small Cap Fund,2020-06-10,51.4119
125497,SBI Small Cap Fund - Direct Plan - Growth,SBI Mutual Fund,Equity Scheme - Small Cap Fund,2020-06-11,50.6426
125497,SBI Small Cap Fund - Direct Plan - Growth,SBI Mutual Fund,Equity Scheme - Small Cap Fund,2020-06-12,50.8648
125497,SBI Small Cap Fund - Direct Plan - Growth,SBI Mutual Fund,Equity Scheme - Small Cap Fund,2020-06-15,51.0041
125497,SBI Small Cap Fund - Direct Plan - Growth,SBI Mutual Fund,Equity Scheme - Small Cap Fund,2020-06-16,50.7675
125497,SBI Small Cap Fund - Direct Plan - Growth,SBI Mutual Fund,Equity Scheme - Small Cap Fund,2020-06-17,50.9734
125497,SBI Small Cap Fund - Direct Plan - Growth,SBI Mutual Fund,Equity Scheme - Small Cap Fund,2020-06-18,51.5685
125497,SBI Small Cap Fund - Direct Plan - Growth,SBI Mutual Fund,Equity Scheme - Small Cap Fund,2020-06-19,52.3501
125497,SBI Small Cap Fund - Direct Plan - Growth,SBI Mutual Fund,Equity Scheme - Small Cap Fund,2020-06-22,53.2647
125497,SBI Small Cap Fund - Direct Plan - Growth,SBI Mutual Fund,Equity Scheme - Small Cap Fund,2020-06-23,53.6129
125497,SBI Small Cap Fund - Direct Plan - Growth,SBI Mutual Fund,Equity Scheme - Small Cap Fund,2020-06-24,53.2495
125497,SBI Small Cap Fund - Direct Plan - Growth,SBI Mutual Fund,Equity Scheme - Small Cap Fund,2020-06-25,53.1915
125497,SBI Small Cap Fund - Direct Plan - Growth,SBI Mutual Fund,Equity Scheme - Small Cap Fund,2020-06-26,53.4577
125497,SBI Small Cap Fund - Direct Plan - Growth,SBI Mutual Fund,Equity Scheme - Small Cap Fund,2020-06-29,52.9446
125497,SBI Small Cap Fund - Direct Plan - Growth,SBI Mutual Fund,Equity Scheme - Small Cap Fund,2020-06-30,52.8219
125497,SBI Small Cap Fund - Direct Plan - Growth,SBI Mutual Fund,Equity Scheme - Small Cap Fund,2020-07-01,53.0526
125497,SBI Small Cap Fund - Direct Plan - Growth,SBI Mutual Fund,Equity Scheme - Small Cap Fund,2020-07-02,53.4633
125497,SBI Small Cap Fund - Direct Plan - Growth,SBI Mutual Fund,Equity Scheme - Small Cap Fund,2020-07-03,53.9367
125497,SBI Small Cap Fund - Direct Plan - Growth,SBI Mutual Fund,Equity Scheme - Small Cap Fund,2020-07-06,54.7915
125497,SBI Small Cap Fund - Direct Plan - Growth,SBI Mutual Fund,Equity Scheme - Small Cap Fund,2020-07-07,54.932
125497,SBI Small Cap Fund - Direct Plan - Growth,SBI Mutual Fund,Equity Scheme - Small Cap Fund,2020-07-08,54.5073
125497,SBI Small Cap Fund - Direct Plan - Growth,SBI Mutual Fund,Equity Scheme - Small Cap Fund,2020-07-09,54.9956
125497,SBI Small Cap Fund - Direct Plan - Growth,SBI Mutual Fund,Equity Scheme - Small Cap Fund,2020-07-10,54.9376
125497,SBI Small Cap Fund - Direct Plan - Growth,SBI Mutual Fund,Equity Scheme - Small Cap Fund,2020-07-13,54.5398
125497,SBI Small Cap Fund - Direct Plan - Growth,SBI Mutual Fund,Equity Scheme - Small Cap Fund,2020-07-14,54.2574
125497,SBI Small Cap Fund - Direct Plan - Growth,SBI Mutual Fund,Equity Scheme - Small Cap Fund,2020-07-15,54.4579
125497,SBI Small Cap Fund - Direct Plan - Growth,SBI Mutual Fund,Equity Scheme - Small Cap Fund,2020-07-16,54.2633
125497,SBI Small Cap Fund - Direct Plan - Growth,SBI Mutual Fund,Equity Scheme - Small Cap Fund,2020-07-17,54.546
125497,SBI Small Cap Fund - Direct Plan - Growth,SBI Mutual Fund,Equity Scheme - Small Cap Fund,2020-07-20,54.9045
125497,SBI Small Cap Fund - Direct Plan - Growth,SBI Mutual Fund,Equity Scheme - Small Cap Fund,2020-07-21,55.4238
125497,SBI Small Cap Fund - Direct Plan - Growth,SBI Mutual Fund,Equity Scheme - Small Cap Fund,2020-07-22,55.5652
125497,SBI Small Cap Fund - Direct Plan - Growth,SBI Mutual Fund,Equity Scheme - Small Cap Fund,2020-07-23,55.9901
125497,SBI Small Cap Fund - Direct Plan - Growth,SBI Mutual Fund,Equity Scheme - Small Cap Fund,2020-07-24,56.1087
125497,SBI Small Cap Fund - Direct Plan - Growth,SBI Mutual Fund,Equity Scheme - Small Cap Fund,2020-07-27,55.5097
125497,SBI Small Cap Fund - Direct Plan - Growth,SBI Mutual Fund,Equity Scheme - Small Cap Fund,2020-07-28,55.2362
125497,SBI Small Cap Fund - Direct Plan - Growth,SBI Mutual Fund,Equity Scheme - Small Cap Fund,2020-07-29,55.1299
125497,SBI Small Cap Fund - Direct Plan - Growth,SBI Mutual Fund,Equity Scheme - Small Cap Fund,2020-07-30,55.0194
125497,SBI Small Cap Fund - Direct Plan - Growth,SBI Mutual Fund,Equity Scheme - Small Cap Fund,2020-07-31,55.3008
125497,SBI Small Cap Fund - Direct Plan - Growth,SBI Mutual Fund,Equity Scheme - Small Cap Fund,2020-08-03,56.0147
125497,SBI Small Cap Fund - Direct Plan - Growth,SBI Mutual Fund,Equity Scheme - Small Cap Fund,2020-08-04,56.5565
125497,SBI Small Cap Fund - Direct Plan - Growth,SBI Mutual Fund,Equity Scheme - Small Cap Fund,2020-08-05,57.0065
125497,SBI Small Cap Fund - Direct Plan - Growth,SBI Mutual Fund,Equity Scheme - Small Cap Fund,2020-08-06,57.6979
125497,SBI Small Cap Fund - Direct Plan - Growth,SBI Mutual Fund,Equity Scheme - Small Cap Fund,2020-08-07,57.9724
125497,SBI Small Cap Fund - Direct Plan - Growth,SBI Mutual Fund,Equity Scheme - Small Cap Fund,2020-08-10,58.7216
125497,SBI Small Cap Fund - Direct Plan - Growth,SBI Mutual Fund,Equity Scheme - Small Cap Fund,2020-08-11,58.9922
125497,SBI Small Cap Fund - Direct Plan - Growth,SBI Mutual Fund,Equity Scheme - Small Cap Fund,2020-08-12,59.2859
125497,SBI Small Cap Fund - Direct Plan - Growth,SBI Mutual Fund,Equity Scheme - Small Cap Fund,2020-08-13,60.7092
125497,SBI Small Cap Fund - Direct Plan - Growth,SBI Mutual Fund,Equity Scheme - Small Cap Fund,2020-08-14,60.8519
125497,SBI Small Cap Fund - Direct Plan - Growth,SBI Mutual Fund,Equity Scheme - Small Cap Fund,2020-08-17,61.0084
125497,SBI Small Cap Fund - Direct Plan - Growth,SBI Mutual Fund,Equity Scheme - Small Cap Fund,2020-08-18,61.5686
125497,SBI Small Cap Fund - Direct Plan - Growth,SBI Mutual Fund,Equity Scheme - Small Cap Fund,2020-08-19,61.7767
125497,SBI Small Cap Fund - Direct Plan - Growth,SBI Mutual Fund,Equity Scheme - Small Cap Fund,2020-08-20,62.3087
125497,SBI Small Cap Fund - Direct Plan - Growth,SBI Mutual Fund,Equity Scheme - Small Cap Fund,2020-08-21,63.2056
125497,SBI Small Cap Fund - Direct Plan - Growth,SBI Mutual Fund,Equity Scheme - Small Cap Fund,2020-08-24,64.2166
125497,SBI Small Cap Fund - Direct Plan - Growth,SBI Mutual Fund,Equity Scheme - Small Cap Fund,2020-08-25,64.2012
125497,SBI Small Cap Fund - Direct Plan - Growth,SBI Mutual Fund,Equity Scheme - Small Cap Fund,2020-08-26,64.6439
125497,SBI Small Cap Fund - Direct Plan - Growth,SBI Mutual Fund,Equity Scheme - Small Cap Fund,2020-08-27,65.0304
125497,SBI Small Cap Fund - Direct Plan - Growth,SBI Mutual Fund,Equity Scheme - Small Cap Fund,2020-08-28,65.0345
125497,SBI Small Cap Fund - Direct Plan - Growth,SBI Mutual Fund,Equity Scheme - Small Cap Fund,2020-08-31,62.3588
125497,SBI Small Cap Fund - Direct Plan - Growth,SBI Mutual Fund,Equity Scheme - Small Cap Fund,2020-09-01,62.3265
125497,SBI Small Cap Fund - Direct Plan - Growth,SBI Mutual Fund,Equity Scheme - Small Cap Fund,2020-09-02,63.5433
125497,SBI Small Cap Fund - Direct Plan - Growth,SBI Mutual Fund,Equity Scheme - Small Cap Fund,2020-09-03,63.6277
125497,SBI Small Cap Fund - Direct Plan - Growth,SBI Mutual Fund,Equity Scheme - Small Cap Fund,2020-09-04,63.0449
125497,SBI Small Cap Fund - Direct Plan - Growth,SBI Mutual Fund,Equity Scheme - Small Cap Fund,2020-09-07,63.1455
125497,SBI Small Cap Fund - Direct Plan - Growth,SBI Mutual Fund,Equity Scheme - Small Cap Fund,2020-09-08,62.6925
125497,SBI Small Cap Fund - Direct Plan - Growth,SBI Mutual Fund,Equity Scheme - Small Cap Fund,2020-09-09,61.9976
125497,SBI Small Cap Fund - Direct Plan - Growth,SBI Mutual Fund,Equity Scheme - Small Cap Fund,2020-09-10,62.9838
125497,SBI Small Cap Fund - Direct Plan - Growth,SBI Mutual Fund,Equity Scheme - Small Cap Fund,2020-09-11,62.9364
125497,SBI Small Cap Fund - Direct Plan - Growth,SBI Mutual Fund,Equity Scheme - Small Cap Fund,2020-09-14,65.8331
125497,SBI Small Cap Fund - Direct Plan - Growth,SBI Mutual Fund,Equity Scheme - Small Cap Fund,2020-09-15,66.5188
125497,SBI Small Cap Fund - Direct Plan - Growth,SBI Mutual Fund,Equity Scheme - Small Cap Fund,2020-09-16,66.7009
125497,SBI Small Cap Fund - Direct Plan - Growth,SBI Mutual Fund,Equity Scheme - Small Cap Fund,2020-09-17,66.2742
125497,SBI Small Cap Fund - Direct Plan - Growth,SBI Mutual Fund,Equity Scheme - Small Cap Fund,2020-09-18,65.7147
125497,SBI Small Cap Fund - Direct Plan - Growth,SBI Mutual Fund,Equity Scheme - Small Cap Fund,2020-09-21,63.9585
125497,SBI Small Cap Fund - Direct Plan - Growth,SBI Mutual Fund,Equity Scheme - Small Cap Fund,2020-09-22,62.8153
125497,SBI Small Cap Fund - Direct Plan - Growth,SBI Mutual Fund,Equity Scheme - Small Cap Fund,2020-09-23,62.7063
125497,SBI Small Cap Fund - Direct Plan - Growth,SBI Mutual Fund,Equity Scheme - Small Cap Fund,2020-09-24,61.6467
125497,SBI Small Cap Fund - Direct Plan - Growth,SBI Mutual Fund,Equity Scheme - Small Cap Fund,2020-09-25,62.4845
125497,SBI Small Cap Fund - Direct Plan - Growth,SBI Mutual Fund,Equity Scheme - Small Cap Fund,2020-09-28,63.5663
125497,SBI Small Cap Fund - Direct Plan - Growth,SBI Mutual Fund,Equity Scheme - Small Cap Fund,2020-09-29,63.6305
125497,SBI Small Cap Fund - Direct Plan - Growth,SBI Mutual Fund,Equity Scheme - Small Cap Fund,2020-09-30,63.8023
125497,SBI Small Cap Fund - Direct Plan - Growth,SBI Mutual Fund,Equity Scheme - Small Cap Fund,2020-10-01,64.1093
125497,SBI Small Cap Fund - Direct Plan - Growth,SBI Mutual Fund,Equity Scheme - Small Cap Fund,2020-10-05,64.3535
125497,SBI Small Cap Fund - Direct Plan - Growth,SBI Mutual Fund,Equity Scheme - Small Cap Fund,2020-10-06,64.2617
125497,SBI Small Cap Fund - Direct Plan - Growth,SBI Mutual Fund,Equity Scheme - Small Cap Fund,2020-10-07,64.1025
125497,SBI Small Cap Fund - Direct Plan - Growth,SBI Mutual Fund,Equity Scheme - Small Cap Fund,2020-10-08,63.4817
125497,SBI Small Cap Fund - Direct Plan - Growth,SBI Mutual Fund,Equity Scheme - Small Cap Fund,2020-10-09,63.2906
125497,SBI Small Cap Fund - Direct Plan - Growth,SBI Mutual Fund,Equity Scheme - Small Cap Fund,2020-10-12,62.7597
125497,SBI Small Cap Fund - Direct Plan - Growth,SBI Mutual Fund,Equity Scheme - Small Cap Fund,2020-10-13,62.8658
125497,SBI Small Cap Fund - Direct Plan - Growth,SBI Mutual Fund,Equity Scheme - Small Cap Fund,2020-10-14,63.4637
125497,SBI Small Cap Fund - Direct Plan - Growth,SBI Mutual Fund,Equity Scheme - Small Cap Fund,2020-10-15,62.5586
125497,SBI Small Cap Fund - Direct Plan - Growth,SBI Mutual Fund,Equity Scheme - Small Cap Fund,2020-10-16,63.2883
125497,SBI Small Cap Fund - Direct Plan - Growth,SBI Mutual Fund,Equity Scheme - Small Cap Fund,2020-10-19,63.7933
125497,SBI Small Cap Fund - Direct Plan - Growth,SBI Mutual Fund,Equity Scheme - Small Cap Fund,2020-10-20,63.7148
125497,SBI Small Cap Fund - Direct Plan - Growth,SBI Mutual Fund,Equity Scheme - Small Cap Fund,2020-10-21,63.7626
125497,SBI Small Cap Fund - Direct Plan - Growth,SBI Mutual Fund,Equity Scheme - Small Cap Fund,2020-10-22,63.9264
125497,SBI Small Cap Fund - Direct Plan - Growth,SBI Mutual Fund,Equity Scheme - Small Cap Fund,2020-10-23,64.4167
125497,SBI Small Cap Fund - Direct Plan - Growth,SBI Mutual Fund,Equity Scheme - Small Cap Fund,2020-10-26,64.1467
125497,SBI Small Cap Fund - Direct Plan - Growth,SBI Mutual Fund,Equity Scheme - Small Cap Fund,2020-10-27,64.2905
125497,SBI Small Cap Fund - Direct Plan - Growth,SBI Mutual Fund,Equity Scheme - Small Cap Fund,2020-10-28,64.1264
125497,SBI Small Cap Fund - Direct Plan - Growth,SBI Mutual Fund,Equity Scheme - Small Cap Fund,2020-10-29,63.8738
125497,SBI Small Cap Fund - Direct Plan - Growth,SBI Mutual Fund,Equity Scheme - Small Cap Fund,2020-10-30,64.0422
125497,SBI Small Cap Fund - Direct Plan - Growth,SBI Mutual Fund,Equity Scheme - Small Cap Fund,2020-11-02,63.9582
125497,SBI Small Cap Fund - Direct Plan - Growth,SBI Mutual Fund,Equity Scheme - Small Cap Fund,2020-11-03,64.2757
125497,SBI Small Cap Fund - Direct Plan - Growth,SBI Mutual Fund,Equity Scheme - Small Cap Fund,2020-11-04,64.6703
125497,SBI Small Cap Fund - Direct Plan - Growth,SBI Mutual Fund,Equity Scheme - Small Cap Fund,2020-11-05,65.3632
125497,SBI Small Cap Fund - Direct Plan - Growth,SBI Mutual Fund,Equity Scheme - Small Cap Fund,2020-11-06,65.761
125497,SBI Small Cap Fund - Direct Plan - Growth,SBI Mutual Fund,Equity Scheme - Small Cap Fund,2020-11-09,66.5707
125497,SBI Small Cap Fund - Direct Plan - Growth,SBI Mutual Fund,Equity Scheme - Small Cap Fund,2020-11-10,66.4961
125497,SBI Small Cap Fund - Direct Plan - Growth,SBI Mutual Fund,Equity Scheme - Small Cap Fund,2020-11-11,66.6685
125497,SBI Small Cap Fund - Direct Plan - Growth,SBI Mutual Fund,Equity Scheme - Small Cap Fund,2020-11-12,67.0874
125497,SBI Small Cap Fund - Direct Plan - Growth,SBI Mutual Fund,Equity Scheme - Small Cap Fund,2020-11-13,67.8975
125497,SBI Small Cap Fund - Direct Plan - Growth,SBI Mutual Fund,Equity Scheme - Small Cap Fund,2020-11-17,69.2585
125497,SBI Small Cap Fund - Direct Plan - Growth,SBI Mutual Fund,Equity Scheme - Small Cap Fund,2020-11-18,70.0787
125497,SBI Small Cap Fund - Direct Plan - Growth,SBI Mutual Fund,Equity Scheme - Small Cap Fund,2020-11-19,70.3257
125497,SBI Small Cap Fund - Direct Plan - Growth,SBI Mutual Fund,Equity Scheme - Small Cap Fund,2020-11-20,70.6897
125497,SBI Small Cap Fund - Direct Plan - Growth,SBI Mutual Fund,Equity Scheme - Small Cap Fund,2020-11-23,71.3108
125497,SBI Small Cap Fund - Direct Plan - Growth,SBI Mutual Fund,Equity Scheme - Small Cap Fund,2020-11-24,72.0394
125497,SBI Small Cap Fund - Direct Plan - Growth,SBI Mutual Fund,Equity Scheme - Small Cap Fund,2020-11-25,71.2859
125497,SBI Small Cap Fund - Direct Plan - Growth,SBI Mutual Fund,Equity Scheme - Small Cap Fund,2020-11-26,71.4394
125497,SBI Small Cap Fund - Direct Plan - Growth,SBI Mutual Fund,Equity Scheme - Small Cap Fund,2020-11-27,73.1105
125497,SBI Small Cap Fund - Direct Plan - Growth,SBI Mutual Fund,Equity Scheme - Small Cap Fund,2020-12-01,73.9151
125497,SBI Small Cap Fund - Direct Plan - Growth,SBI Mutual Fund,Equity Scheme - Small Cap Fund,2020-12-02,74.0961
125497,SBI Small Cap Fund - Direct Plan - Growth,SBI Mutual Fund,Equity Scheme - Small Cap Fund,2020-12-03,74.5188
125497,SBI Small Cap Fund - Direct Plan - Growth,SBI Mutual Fund,Equity Scheme - Small Cap Fund,2020-12-04,75.2531
125497,SBI Small Cap Fund - Direct Plan - Growth,SBI Mutual Fund,Equity Scheme - Small Cap Fund,2020-12-07,76.2757
125497,SBI Small Cap Fund - Direct Plan - Growth,SBI Mutual Fund,Equity Scheme - Small Cap Fund,2020-12-08,76.0347
125497,SBI Small Cap Fund - Direct Plan - Growth,SBI Mutual Fund,Equity Scheme - Small Cap Fund,2020-12-09,76.3633
125497,SBI Small Cap Fund - Direct Plan - Growth,SBI Mutual Fund,Equity Scheme - Small Cap Fund,2020-12-10,76.0258
125497,SBI Small Cap Fund - Direct Plan - Growth,SBI Mutual Fund,Equity Scheme - Small Cap Fund,2020-12-11,76.1897
125497,SBI Small Cap Fund - Direct Plan - Growth,SBI Mutual Fund,Equity Scheme - Small Cap Fund,2020-12-14,76.7302
125497,SBI Small Cap Fund - Direct Plan - Growth,SBI Mutual Fund,Equity Scheme - Small Cap Fund,2020-12-15,76.8527
125497,SBI Small Cap Fund - Direct Plan - Growth,SBI Mutual Fund,Equity Scheme - Small Cap Fund,2020-12-16,77.1352
125497,SBI Small Cap Fund - Direct Plan - Growth,SBI Mutual Fund,Equity Scheme - Small Cap Fund,2020-12-17,76.9464
125497,SBI Small Cap Fund - Direct Plan - Growth,SBI Mutual Fund,Equity Scheme - Small Cap Fund,2020-12-18,76.6351
125497,SBI Small Cap Fund - Direct Plan - Growth,SBI Mutual Fund,Equity Scheme - Small Cap Fund,2020-12-21,74.3431
125497,SBI Small Cap Fund - Direct Plan - Growth,SBI Mutual Fund,Equity Scheme - Small Cap Fund,2020-12-22,74.4438
125497,SBI Small Cap Fund - Direct Plan - Growth,SBI Mutual Fund,Equity Scheme - Small Cap Fund,2020-12-23,75.995
125497,SBI Small Cap Fund - Direct Plan - Growth,SBI Mutual Fund,Equity Scheme - Small Cap Fund,2020-12-24,76.2652
125497,SBI Small Cap Fund - Direct Plan - Growth,SBI Mutual Fund,Equity Scheme - Small Cap Fund,2020-12-28,77.201
125497,SBI Small Cap Fund - Direct Plan - Growth,SBI Mutual Fund,Equity Scheme - Small Cap Fund,2020-12-29,77.9378
125497,SBI Small Cap Fund - Direct Plan - Growth,SBI Mutual Fund,Equity Scheme - Small Cap Fund,2020-12-30,78.1608
125497,SBI Small Cap Fund - Direct Plan - Growth,SBI Mutual Fund,Equity Scheme - Small Cap Fund,2020-12-31,78.1396
125497,SBI Small Cap Fund - Direct Plan - Growth,SBI Mutual Fund,Equity Scheme - Small Cap Fund,2021-01-01,78.961
125497,SBI Small Cap Fund - Direct Plan - Growth,SBI Mutual Fund,Equity Scheme - Small Cap Fund,2021-01-04,79.9178
125497,SBI Small Cap Fund - Direct Plan - Growth,SBI Mutual Fund,Equity Scheme - Small Cap Fund,2021-01-05,80.6897
125497,SBI Small Cap Fund - Direct Plan - Growth,SBI Mutual Fund,Equity Scheme - Small Cap Fund,2021-01-06,80.8795
125497,SBI Small Cap Fund - Direct Plan - Growth,SBI Mutual Fund,Equity Scheme - Small Cap Fund,2021-01-07,81.8689
125497,SBI Small Cap Fund - Direct Plan - Growth,SBI Mutual Fund,Equity Scheme - Small Cap Fund,2021-01-08,82.4047
125497,SBI Small Cap Fund - Direct Plan - Growth,SBI Mutual Fund,Equity Scheme - Small Cap Fund,2021-01-11,82.0949
125497,SBI Small Cap Fund - Direct Plan - Growth,SBI Mutual Fund,Equity Scheme - Small Cap Fund,2021-01-12,81.9853
125497,SBI Small Cap Fund - Direct Plan - Growth,SBI Mutual Fund,Equity Scheme - Small Cap Fund,2021-01-13,81.6065
125497,SBI Small Cap Fund - Direct Plan - Growth,SBI Mutual Fund,Equity Scheme - Small Cap Fund,2021-01-14,81.0944
125497,SBI Small Cap Fund - Direct Plan - Growth,SBI Mutual Fund,Equity Scheme - Small Cap Fund,2021-01-15,80.5302
125497,SBI Small Cap Fund - Direct Plan - Growth,SBI Mutual Fund,Equity Scheme - Small Cap Fund,2021-01-18,79.4401
125497,SBI Small Cap Fund - Direct Plan - Growth,SBI Mutual Fund,Equity Scheme - Small Cap Fund,2021-01-19,80.6173
125497,SBI Small Cap Fund - Direct Plan - Growth,SBI Mutual Fund,Equity Scheme - Small Cap Fund,2021-01-20,80.6259
125497,SBI Small Cap Fund - Direct Plan - Growth,SBI Mutual Fund,Equity Scheme - Small Cap Fund,2021-01-21,80.5094
125497,SBI Small Cap Fund - Direct Plan - Growth,SBI Mutual Fund,Equity Scheme - Small Cap Fund,2021-01-22,79.6084
125497,SBI Small Cap Fund - Direct Plan - Growth,SBI Mutual Fund,Equity Scheme - Small Cap Fund,2021-01-25,78.9867
125497,SBI Small Cap Fund - Direct Plan - Growth,SBI Mutual Fund,Equity Scheme - Small Cap Fund,2021-01-27,78.2494
125497,SBI Small Cap Fund - Direct Plan - Growth,SBI Mutual Fund,Equity Scheme - Small Cap Fund,2021-01-28,77.7009
125497,SBI Small Cap Fund - Direct Plan - Growth,SBI Mutual Fund,Equity Scheme - Small Cap Fund,2021-01-29,77.8537
125497,SBI Small Cap Fund - Direct Plan - Growth,SBI Mutual Fund,Equity Scheme - Small Cap Fund,2021-02-01,79.4344
125497,SBI Small Cap Fund - Direct Plan - Growth,SBI Mutual Fund,Equity Scheme - Small Cap Fund,2021-02-02,80.6225
125497,SBI Small Cap Fund - Direct Plan - Growth,SBI Mutual Fund,Equity Scheme - Small Cap Fund,2021-02-03,81.6538
125497,SBI Small Cap Fund - Direct Plan - Growth,SBI Mutual Fund,Equity Scheme - Small Cap Fund,2021-02-04,82.4453
125497,SBI Small Cap Fund - Direct Plan - Growth,SBI Mutual Fund,Equity Scheme - Small Cap Fund,2021-02-05,82.6153
125497,SBI Small Cap Fund - Direct Plan - Growth,SBI Mutual Fund,Equity Scheme - Small Cap Fund,2021-02-08,83.4924
125497,SBI Small Cap Fund - Direct Plan - Growth,SBI Mutual Fund,Equity Scheme - Small Cap Fund,2021-02-09,83.1303
125497,SBI Small Cap Fund - Direct Plan - Growth,SBI Mutual Fund,Equity Scheme - Small Cap Fund,2021-02-10,83.3864
125497,SBI Small Cap Fund - Direct Plan - Growth,SBI Mutual Fund,Equity Scheme - Small Cap Fund,2021-02-11,84.1694
125497,SBI Small Cap Fund - Direct Plan - Growth,SBI Mutual Fund,Equity Scheme - Small Cap Fund,2021-02-12,84.5864
125497,SBI Small Cap Fund - Direct Plan - Growth,SBI Mutual Fund,Equity Scheme - Small Cap Fund,2021-02-15,85.0276
125497,SBI Small Cap Fund - Direct Plan - Growth,SBI Mutual Fund,Equity Scheme - Small Cap Fund,2021-02-16,84.5871
125497,SBI Small Cap Fund - Direct Plan - Growth,SBI Mutual Fund,Equity Scheme - Small Cap Fund,2021-02-17,84.8193
125497,SBI Small Cap Fund - Direct Plan - Growth,SBI Mutual Fund,Equity Scheme - Small Cap Fund,2021-02-18,85.5317
125497,SBI Small Cap Fund - Direct Plan - Growth,SBI Mutual Fund,Equity Scheme - Small Cap Fund,2021-02-19,84.9273
125497,SBI Small Cap Fund - Direct Plan - Growth,SBI Mutual Fund,Equity Scheme - Small Cap Fund,2021-02-22,83.6608
125497,SBI Small Cap Fund - Direct Plan - Growth,SBI Mutual Fund,Equity Scheme - Small Cap Fund,2021-02-23,84.0135
125497,SBI Small Cap Fund - Direct Plan - Growth,SBI Mutual Fund,Equity Scheme - Small Cap Fund,2021-02-24,84.7936
125497,SBI Small Cap Fund - Direct Plan - Growth,SBI Mutual Fund,Equity Scheme - Small Cap Fund,2021-02-25,86.3588
125497,SBI Small Cap Fund - Direct Plan - Growth,SBI Mutual Fund,Equity Scheme - Small Cap Fund,2021-02-26,85.7878
125497,SBI Small Cap Fund - Direct Plan - Growth,SBI Mutual Fund,Equity Scheme - Small Cap Fund,2021-03-01,86.8947
125497,SBI Small Cap Fund - Direct Plan - Growth,SBI Mutual Fund,Equity Scheme - Small Cap Fund,2021-03-02,87.7662
125497,SBI Small Cap Fund - Direct Plan - Growth,SBI Mutual Fund,Equity Scheme - Small Cap Fund,2021-03-03,88.4923
125497,SBI Small Cap Fund - Direct Plan - Growth,SBI Mutual Fund,Equity Scheme - Small Cap Fund,2021-03-04,88.9623
125497,SBI Small Cap Fund - Direct Plan - Growth,SBI Mutual Fund,Equity Scheme - Small Cap Fund,2021-03-05,88.2252
125497,SBI Small Cap Fund - Direct Plan - Growth,SBI Mutual Fund,Equity Scheme - Small Cap Fund,2021-03-08,88.5876
125497,SBI Small Cap Fund - Direct Plan - Growth,SBI Mutual Fund,Equity Scheme - Small Cap Fund,2021-03-09,88.3161
125497,SBI Small Cap Fund - Direct Plan - Growth,SBI Mutual Fund,Equity Scheme - Small Cap Fund,2021-03-10,88.6966
125497,SBI Small Cap Fund - Direct Plan - Growth,SBI Mutual Fund,Equity Scheme - Small Cap Fund,2021-03-12,88.9315
125497,SBI Small Cap Fund - Direct Plan - Growth,SBI Mutual Fund,Equity Scheme - Small Cap Fund,2021-03-15,88.5963
125497,SBI Small Cap Fund - Direct Plan - Growth,SBI Mutual Fund,Equity Scheme - Small Cap Fund,2021-03-16,88.5682
125497,SBI Small Cap Fund - Direct Plan - Growth,SBI Mutual Fund,Equity Scheme - Small Cap Fund,2021-03-17,87.2732
125497,SBI Small Cap Fund - Direct Plan - Growth,SBI Mutual Fund,Equity Scheme - Small Cap Fund,2021-03-18,86.0465
125497,SBI Small Cap Fund - Direct Plan - Growth,SBI Mutual Fund,Equity Scheme - Small Cap Fund,2021-03-19,85.7498
125497,SBI Small Cap Fund - Direct Plan - Growth,SBI Mutual Fund,Equity Scheme - Small Cap Fund,2021-03-22,86.4156
125497,SBI Small Cap Fund - Direct Plan - Growth,SBI Mutual Fund,Equity Scheme - Small Cap Fund,2021-03-23,87.5212
125497,SBI Small Cap Fund - Direct Plan - Growth,SBI Mutual Fund,Equity Scheme - Small Cap Fund,2021-03-24,86.1717
125497,SBI Small Cap Fund - Direct Plan - Growth,SBI Mutual Fund,Equity Scheme - Small Cap Fund,2021-03-25,84.6698
125497,SBI Small Cap Fund - Direct Plan - Growth,SBI Mutual Fund,Equity Scheme - Small Cap Fund,2021-03-26,85.5087
125497,SBI Small Cap Fund - Direct Plan - Growth,SBI Mutual Fund,Equity Scheme - Small Cap Fund,2021-03-30,86.6977
125497,SBI Small Cap Fund - Direct Plan - Growth,SBI Mutual Fund,Equity Scheme - Small Cap Fund,2021-03-31,87.4737
125497,SBI Small Cap Fund - Direct Plan - Growth,SBI Mutual Fund,Equity Scheme - Small Cap Fund,2021-04-01,88.4903
125497,SBI Small Cap Fund - Direct Plan - Growth,SBI Mutual Fund,Equity Scheme - Small Cap Fund,2021-04-05,87.5976
125497,SBI Small Cap Fund - Direct Plan - Growth,SBI Mutual Fund,Equity Scheme - Small Cap Fund,2021-04-06,88.3419
125497,SBI Small Cap Fund - Direct Plan - Growth,SBI Mutual Fund,Equity Scheme - Small Cap Fund,2021-04-07,88.9063
125497,SBI Small Cap Fund - Direct Plan - Growth,SBI Mutual Fund,Equity Scheme - Small Cap Fund,2021-04-08,89.9964
125497,SBI Small Cap Fund - Direct Plan - Growth,SBI Mutual Fund,Equity Scheme - Small Cap Fund,2021-04-09,90.0091
125497,SBI Small Cap Fund - Direct Plan - Growth,SBI Mutual Fund,Equity Scheme - Small Cap Fund,2021-04-12,86.272
125497,SBI Small Cap Fund - Direct Plan - Growth,SBI Mutual Fund,Equity Scheme - Small Cap Fund,2021-04-13,86.9516
125497,SBI Small Cap Fund - Direct Plan - Growth,SBI Mutual Fund,Equity Scheme - Small Cap Fund,2021-04-15,87.1259
125497,SBI Small Cap Fund - Direct Plan - Growth,SBI Mutual Fund,Equity Scheme - Small Cap Fund,2021-04-16,87.3888
125497,SBI Small Cap Fund - Direct Plan - Growth,SBI Mutual Fund,Equity Scheme - Small Cap Fund,2021-04-19,86.7783
125497,SBI Small Cap Fund - Direct Plan - Growth,SBI Mutual Fund,Equity Scheme - Small Cap Fund,2021-04-20,87.1948
125497,SBI Small Cap Fund - Direct Plan - Growth,SBI Mutual Fund,Equity Scheme - Small Cap Fund,2021-04-22,87.767
125497,SBI Small Cap Fund - Direct Plan - Growth,SBI Mutual Fund,Equity Scheme - Small Cap Fund,2021-04-23,87.9149
125497,SBI Small Cap Fund - Direct Plan - Growth,SBI Mutual Fund,Equity Scheme - Small Cap Fund,2021-04-26,88.5558
125497,SBI Small Cap Fund - Direct Plan - Growth,SBI Mutual Fund,Equity Scheme - Small Cap Fund,2021-04-27,89.5712
125497,SBI Small Cap Fund - Direct Plan - Growth,SBI Mutual Fund,Equity Scheme - Small Cap Fund,2021-04-28,90.332
125497,SBI Small Cap Fund - Direct Plan - Growth,SBI Mutual Fund,Equity Scheme - Small Cap Fund,2021-04-29,90.6173
125497,SBI Small Cap Fund - Direct Plan - Growth,SBI Mutual Fund,Equity Scheme - Small Cap Fund,2021-04-30,90.4752
125497,SBI Small Cap Fund - Direct Plan - Growth,SBI Mutual Fund,Equity Scheme - Small Cap Fund,2021-05-03,91.3828
125497,SBI Small Cap Fund - Direct Plan - Growth,SBI Mutual Fund,Equity Scheme - Small Cap Fund,2021-05-04,91.3626
125497,SBI Small Cap Fund - Direct Plan - Growth,SBI Mutual Fund,Equity Scheme - Small Cap Fund,2021-05-05,92.0577
125497,SBI Small Cap Fund - Direct Plan - Growth,SBI Mutual Fund,Equity Scheme - Small Cap Fund,2021-05-06,92.1186
125497,SBI Small Cap Fund - Direct Plan - Growth,SBI Mutual Fund,Equity Scheme - Small Cap Fund,2021-05-07,92.2135
125497,SBI Small Cap Fund - Direct Plan - Growth,SBI Mutual Fund,Equity Scheme - Small Cap Fund,2021-05-10,92.846
125497,SBI Small Cap Fund - Direct Plan - Growth,SBI Mutual Fund,Equity Scheme - Small Cap Fund,2021-05-11,93.5737
125497,SBI Small Cap Fund - Direct Plan - Growth,SBI Mutual Fund,Equity Scheme - Small Cap Fund,2021-05-12,92.9124
125497,SBI Small Cap Fund - Direct Plan - Growth,SBI Mutual Fund,Equity Scheme - Small Cap Fund,2021-05-14,92.2765
125497,SBI Small Cap Fund - Direct Plan - Growth,SBI Mutual Fund,Equity Scheme - Small Cap Fund,2021-05-17,92.9585
125497,SBI Small Cap Fund - Direct Plan - Growth,SBI Mutual Fund,Equity Scheme - Small Cap Fund,2021-05-18,93.9225
125497,SBI Small Cap Fund - Direct Plan - Growth,SBI Mutual Fund,Equity Scheme - Small Cap Fund,2021-05-19,94.7558
125497,SBI Small Cap Fund - Direct Plan - Growth,SBI Mutual Fund,Equity Scheme - Small Cap Fund,2021-05-20,95.0316
125497,SBI Small Cap Fund - Direct Plan - Growth,SBI Mutual Fund,Equity Scheme - Small Cap Fund,2021-05-21,95.3914
125497,SBI Small Cap Fund - Direct Plan - Growth,SBI Mutual Fund,Equity Scheme - Small Cap Fund,2021-05-24,96.0305
125497,SBI Small Cap Fund - Direct Plan - Growth,SBI Mutual Fund,Equity Scheme - Small Cap Fund,2021-05-25,96.8992
125497,SBI Small Cap Fund - Direct Plan - Growth,SBI Mutual Fund,Equity Scheme - Small Cap Fund,2021-05-26,97.3437
125497,SBI Small Cap Fund - Direct Plan - Growth,SBI Mutual Fund,Equity Scheme - Small Cap Fund,2021-05-27,97.9063
125497,SBI Small Cap Fund - Direct Plan - Growth,SBI Mutual Fund,Equity Scheme - Small Cap Fund,2021-05-28,97.2483
125497,SBI Small Cap Fund - Direct Plan - Growth,SBI Mutual Fund,Equity Scheme - Small Cap Fund,2021-05-31,97.38
125497,SBI Small Cap Fund - Direct Plan - Growth,SBI Mutual Fund,Equity Scheme - Small Cap Fund,2021-06-01,97.2044
125497,SBI Small Cap Fund - Direct Plan - Growth,SBI Mutual Fund,Equity Scheme - Small Cap Fund,2021-06-02,98.0796
125497,SBI Small Cap Fund - Direct Plan - Growth,SBI Mutual Fund,Equity Scheme - Small Cap Fund,2021-06-03,98.125
125497,SBI Small Cap Fund - Direct Plan - Growth,SBI Mutual Fund,Equity Scheme - Small Cap Fund,2021-06-04,98.8539
125497,SBI Small Cap Fund - Direct Plan - Growth,SBI Mutual Fund,Equity Scheme - Small Cap Fund,2021-06-07,99.9491
125497,SBI Small Cap Fund - Direct Plan - Growth,SBI Mutual Fund,Equity Scheme - Small Cap Fund,2021-06-08,100.1122
125497,SBI Small Cap Fund - Direct Plan - Growth,SBI Mutual Fund,Equity Scheme - Small Cap Fund,2021-06-09,99.0036
125497,SBI Small Cap Fund - Direct Plan - Growth,SBI Mutual Fund,Equity Scheme - Small Cap Fund,2021-06-10,99.9654
125497,SBI Small Cap Fund - Direct Plan - Growth,SBI Mutual Fund,Equity Scheme - Small Cap Fund,2021-06-11,99.8345
125497,SBI Small Cap Fund - Direct Plan - Growth,SBI Mutual Fund,Equity Scheme - Small Cap Fund,2021-06-14,99.2339
125497,SBI Small Cap Fund - Direct Plan - Growth,SBI Mutual Fund,Equity Scheme - Small Cap Fund,2021-06-15,99.6014
125497,SBI Small Cap Fund - Direct Plan - Growth,SBI Mutual Fund,Equity Scheme - Small Cap Fund,2021-06-16,99.1338
125497,SBI Small Cap Fund - Direct Plan - Growth,SBI Mutual Fund,Equity Scheme - Small Cap Fund,2021-06-17,98.6026
125497,SBI Small Cap Fund - Direct Plan - Growth,SBI Mutual Fund,Equity Scheme - Small Cap Fund,2021-06-18,98.4344
125497,SBI Small Cap Fund - Direct Plan - Growth,SBI Mutual Fund,Equity Scheme - Small Cap Fund,2021-06-21,98.8195
125497,SBI Small Cap Fund - Direct Plan - Growth,SBI Mutual Fund,Equity Scheme - Small Cap Fund,2021-06-22,99.366
125497,SBI Small Cap Fund - Direct Plan - Growth,SBI Mutual Fund,Equity Scheme - Small Cap Fund,2021-06-23,99.71
125497,SBI Small Cap Fund - Direct Plan - Growth,SBI Mutual Fund,Equity Scheme - Small Cap Fund,2021-06-24,99.7729
125497,SBI Small Cap Fund - Direct Plan - Growth,SBI Mutual Fund,Equity Scheme - Small Cap Fund,2021-06-25,100.1155
125497,SBI Small Cap Fund - Direct Plan - Growth,SBI Mutual Fund,Equity Scheme - Small Cap Fund,2021-06-28,100.7862
125497,SBI Small Cap Fund - Direct Plan - Growth,SBI Mutual Fund,Equity Scheme - Small Cap Fund,2021-06-29,100.5042
125497,SBI Small Cap Fund - Direct Plan - Growth,SBI Mutual Fund,Equity Scheme - Small Cap Fund,2021-06-30,100.9756
125497,SBI Small Cap Fund - Direct Plan - Growth,SBI Mutual Fund,Equity Scheme - Small Cap Fund,2021-07-01,101.142
125497,SBI Small Cap Fund - Direct Plan - Growth,SBI Mutual Fund,Equity Scheme - Small Cap Fund,2021-07-02,101.8067
125497,SBI Small Cap Fund - Direct Plan - Growth,SBI Mutual Fund,Equity Scheme - Small Cap Fund,2021-07-05,102.4792
125497,SBI Small Cap Fund - Direct Plan - Growth,SBI Mutual Fund,Equity Scheme - Small Cap Fund,2021-07-06,102.8988
125497,SBI Small Cap Fund - Direct Plan - Growth,SBI Mutual Fund,Equity Scheme - Small Cap Fund,2021-07-07,103.5981
125497,SBI Small Cap Fund - Direct Plan - Growth,SBI Mutual Fund,Equity Scheme - Small Cap Fund,2021-07-08,103.0963
125497,SBI Small Cap Fund - Direct Plan - Growth,SBI Mutual Fund,Equity Scheme - Small Cap Fund,2021-07-09,103.1664
125497,SBI Small Cap Fund - Direct Plan - Growth,SBI Mutual Fund,Equity Scheme - Small Cap Fund,2021-07-12,104.1041
125497,SBI Small Cap Fund - Direct Plan - Growth,SBI Mutual Fund,Equity Scheme - Small Cap Fund,2021-07-13,104.6746
125497,SBI Small Cap Fund - Direct Plan - Growth,SBI Mutual Fund,Equity Scheme - Small Cap Fund,2021-07-14,105.2564
125497,SBI Small Cap Fund - Direct Plan - Growth,SBI Mutual Fund,Equity Scheme - Small Cap Fund,2021-07-15,105.0695
125497,SBI Small Cap Fund - Direct Plan - Growth,SBI Mutual Fund,Equity Scheme - Small Cap Fund,2021-07-16,104.9914
125497,SBI Small Cap Fund - Direct Plan - Growth,SBI Mutual Fund,Equity Scheme - Small Cap Fund,2021-07-19,104.8046
125497,SBI Small Cap Fund - Direct Plan - Growth,SBI Mutual Fund,Equity Scheme - Small Cap Fund,2021-07-20,103.3603
125497,SBI Small Cap Fund - Direct Plan - Growth,SBI Mutual Fund,Equity Scheme - Small Cap Fund,2021-07-22,104.1531
125497,SBI Small Cap Fund - Direct Plan - Growth,SBI Mutual Fund,Equity Scheme - Small Cap Fund,2021-07-23,104.3972
125497,SBI Small Cap Fund - Direct Plan - Growth,SBI Mutual Fund,Equity Scheme - Small Cap Fund,2021-07-26,104.4083
125497,SBI Small Cap Fund - Direct Plan - Growth,SBI Mutual Fund,Equity Scheme - Small Cap Fund,2021-07-27,103.8914
125497,SBI Small Cap Fund - Direct Plan - Growth,SBI Mutual Fund,Equity Scheme - Small Cap Fund,2021-07-28,103.617
125497,SBI Small Cap Fund - Direct Plan - Growth,SBI Mutual Fund,Equity Scheme - Small Cap Fund,2021-07-29,104.8903
125497,SBI Small Cap Fund - Direct Plan - Growth,SBI Mutual Fund,Equity Scheme - Small Cap Fund,2021-07-30,105.3714
125497,SBI Small Cap Fund - Direct Plan - Growth,SBI Mutual Fund,Equity Scheme - Small Cap Fund,2021-08-02,106.1017
125497,SBI Small Cap Fund - Direct Plan - Growth,SBI Mutual Fund,Equity Scheme - Small Cap Fund,2021-08-03,106.3929
125497,SBI Small Cap Fund - Direct Plan - Growth,SBI Mutual Fund,Equity Scheme - Small Cap Fund,2021-08-04,105.4579
125497,SBI Small Cap Fund - Direct Plan - Growth,SBI Mutual Fund,Equity Scheme - Small Cap Fund,2021-08-05,104.998
125497,SBI Small Cap Fund - Direct Plan - Growth,SBI Mutual Fund,Equity Scheme - Small Cap Fund,2021-08-06,104.8069
125497,SBI Small Cap Fund - Direct Plan - Growth,SBI Mutual Fund,Equity Scheme - Small Cap Fund,2021-08-09,104.2697
125497,SBI Small Cap Fund - Direct Plan - Growth,SBI Mutual Fund,Equity Scheme - Small Cap Fund,2021-08-10,102.739
125497,SBI Small Cap Fund - Direct Plan - Growth,SBI Mutual Fund,Equity Scheme - Small Cap Fund,2021-08-11,101.5778
125497,SBI Small Cap Fund - Direct Plan - Growth,SBI Mutual Fund,Equity Scheme - Small Cap Fund,2021-08-12,102.8351
125497,SBI Small Cap Fund - Direct Plan - Growth,SBI Mutual Fund,Equity Scheme - Small Cap Fund,2021-08-13,103.1156
125497,SBI Small Cap Fund - Direct Plan - Growth,SBI Mutual Fund,Equity Scheme - Small Cap Fund,2021-08-16,102.6818
125497,SBI Small Cap Fund - Direct Plan - Growth,SBI Mutual Fund,Equity Scheme - Small Cap Fund,2021-08-17,102.9948
125497,SBI Small Cap Fund - Direct Plan - Growth,SBI Mutual Fund,Equity Scheme - Small Cap Fund,2021-08-18,102.7792
125497,SBI Small Cap Fund - Direct Plan - Growth,SBI Mutual Fund,Equity Scheme - Small Cap Fund,2021-08-20,101.3154
125497,SBI Small Cap Fund - Direct Plan - Growth,SBI Mutual Fund,Equity Scheme - Small Cap Fund,2021-08-23,100.065
125497,SBI Small Cap Fund - Direct Plan - Growth,SBI Mutual Fund,Equity Scheme - Small Cap Fund,2021-08-24,101.0715
125497,SBI Small Cap Fund - Direct Plan - Growth,SBI Mutual Fund,Equity Scheme - Small Cap Fund,2021-08-25,101.532
125497,SBI Small Cap Fund - Direct Plan - Growth,SBI Mutual Fund,Equity Scheme - Small Cap Fund,2021-08-26,102.162
125497,SBI Small Cap Fund - Direct Plan - Growth,SBI Mutual Fund,Equity Scheme - Small Cap Fund,2021-08-27,102.8137
125497,SBI Small Cap Fund - Direct Plan - Growth,SBI Mutual Fund,Equity Scheme - Small Cap Fund,2021-08-30,104.648
125497,SBI Small Cap Fund - Direct Plan - Growth,SBI Mutual Fund,Equity Scheme - Small Cap Fund,2021-08-31,105.6214
125497,SBI Small Cap Fund - Direct Plan - Growth,SBI Mutual Fund,Equity Scheme - Small Cap Fund,2021-09-01,105.6616
125497,SBI Small Cap Fund - Direct Plan - Growth,SBI Mutual Fund,Equity Scheme - Small Cap Fund,2021-09-02,106.4916
125497,SBI Small Cap Fund - Direct Plan - Growth,SBI Mutual Fund,Equity Scheme - Small Cap Fund,2021-09-03,106.5171
125497,SBI Small Cap Fund - Direct Plan - Growth,SBI Mutual Fund,Equity Scheme - Small Cap Fund,2021-09-06,107.1149
125497,SBI Small Cap Fund - Direct Plan - Growth,SBI Mutual Fund,Equity Scheme - Small Cap Fund,2021-09-07,106.9263
125497,SBI Small Cap Fund - Direct Plan - Growth,SBI Mutual Fund,Equity Scheme - Small Cap Fund,2021-09-08,107.1416
125497,SBI Small Cap Fund - Direct Plan - Growth,SBI Mutual Fund,Equity Scheme - Small Cap Fund,2021-09-09,108.1289
125497,SBI Small Cap Fund - Direct Plan - Growth,SBI Mutual Fund,Equity Scheme - Small Cap Fund,2021-09-13,108.3557
125497,SBI Small Cap Fund - Direct Plan - Growth,SBI Mutual Fund,Equity Scheme - Small Cap Fund,2021-09-14,109.5639
125497,SBI Small Cap Fund - Direct Plan - Growth,SBI Mutual Fund,Equity Scheme - Small Cap Fund,2021-09-15,110.3295
125497,SBI Small Cap Fund - Direct Plan - Growth,SBI Mutual Fund,Equity Scheme - Small Cap Fund,2021-09-16,110.188
125497,SBI Small Cap Fund - Direct Plan - Growth,SBI Mutual Fund,Equity Scheme - Small Cap Fund,2021-09-17,109.0842
125497,SBI Small Cap Fund - Direct Plan - Growth,SBI Mutual Fund,Equity Scheme - Small Cap Fund,2021-09-20,107.5332
125497,SBI Small Cap Fund - Direct Plan - Growth,SBI Mutual Fund,Equity Scheme - Small Cap Fund,2021-09-21,107.9811
125497,SBI Small Cap Fund - Direct Plan - Growth,SBI Mutual Fund,Equity Scheme - Small Cap Fund,2021-09-22,109.0144
125497,SBI Small Cap Fund - Direct Plan - Growth,SBI Mutual Fund,Equity Scheme - Small Cap Fund,2021-09-23,110.2011
125497,SBI Small Cap Fund - Direct Plan - Growth,SBI Mutual Fund,Equity Scheme - Small Cap Fund,2021-09-24,109.5436
125497,SBI Small Cap Fund - Direct Plan - Growth,SBI Mutual Fund,Equity Scheme - Small Cap Fund,2021-09-27,109.313
125497,SBI Small Cap Fund - Direct Plan - Growth,SBI Mutual Fund,Equity Scheme - Small Cap Fund,2021-09-28,109.4454
125497,SBI Small Cap Fund - Direct Plan - Growth,SBI Mutual Fund,Equity Scheme - Small Cap Fund,2021-09-29,109.4882
125497,SBI Small Cap Fund - Direct Plan - Growth,SBI Mutual Fund,Equity Scheme - Small Cap Fund,2021-09-30,110.1672
125497,SBI Small Cap Fund - Direct Plan - Growth,SBI Mutual Fund,Equity Scheme - Small Cap Fund,2021-10-01,110.9385
125497,SBI Small Cap Fund - Direct Plan - Growth,SBI Mutual Fund,Equity Scheme - Small Cap Fund,2021-10-04,112.8335
125497,SBI Small Cap Fund - Direct Plan - Growth,SBI Mutual Fund,Equity Scheme - Small Cap Fund,2021-10-05,112.8715
125497,SBI Small Cap Fund - Direct Plan - Growth,SBI Mutual Fund,Equity Scheme - Small Cap Fund,2021-10-06,112.5383
125497,SBI Small Cap Fund - Direct Plan - Growth,SBI Mutual Fund,Equity Scheme - Small Cap Fund,2021-10-07,113.9512
125497,SBI Small Cap Fund - Direct Plan - Growth,SBI Mutual Fund,Equity Scheme - Small Cap Fund,2021-10-08,114.3972
125497,SBI Small Cap Fund - Direct Plan - Growth,SBI Mutual Fund,Equity Scheme - Small Cap Fund,2021-10-11,115.1336
125497,SBI Small Cap Fund - Direct Plan - Growth,SBI Mutual Fund,Equity Scheme - Small Cap Fund,2021-10-12,115.2274
125497,SBI Small Cap Fund - Direct Plan - Growth,SBI Mutual Fund,Equity Scheme - Small Cap Fund,2021-10-13,116.4436
125497,SBI Small Cap Fund - Direct Plan - Growth,SBI Mutual Fund,Equity Scheme - Small Cap Fund,2021-10-14,116.6919
125497,SBI Small Cap Fund - Direct Plan - Growth,SBI Mutual Fund,Equity Scheme - Small Cap Fund,2021-10-18,117.5222
125497,SBI Small Cap Fund - Direct Plan - Growth,SBI Mutual Fund,Equity Scheme - Small Cap Fund,2021-10-19,116.2545
125497,SBI Small Cap Fund - Direct Plan - Growth,SBI Mutual Fund,Equity Scheme - Small Cap Fund,2021-10-20,113.4912
125497,SBI Small Cap Fund - Direct Plan - Growth,SBI Mutual Fund,Equity Scheme - Small Cap Fund,2021-10-21,113.8861
125497,SBI Small Cap Fund - Direct Plan - Growth,SBI Mutual Fund,Equity Scheme - Small Cap Fund,2021-10-22,113.4348
125497,SBI Small Cap Fund - Direct Plan - Growth,SBI Mutual Fund,Equity Scheme - Small Cap Fund,2021-10-25,111.9962
125497,SBI Small Cap Fund - Direct Plan - Growth,SBI Mutual Fund,Equity Scheme - Small Cap Fund,2021-10-26,113.5163
125497,SBI Small Cap Fund - Direct Plan - Growth,SBI Mutual Fund,Equity Scheme - Small Cap Fund,2021-10-27,114.1178
125497,SBI Small Cap Fund - Direct Plan - Growth,SBI Mutual Fund,Equity Scheme - Small Cap Fund,2021-10-28,113.475
125497,SBI Small Cap Fund - Direct Plan - Growth,SBI Mutual Fund,Equity Scheme - Small Cap Fund,2021-10-29,113.6715
125497,SBI Small Cap Fund - Direct Plan - Growth,SBI Mutual Fund,Equity Scheme - Small Cap Fund,2021-11-01,114.2579
125497,SBI Small Cap Fund - Direct Plan - Growth,SBI Mutual Fund,Equity Scheme - Small Cap Fund,2021-11-02,115.5178
125497,SBI Small Cap Fund - Direct Plan - Growth,SBI Mutual Fund,Equity Scheme - Small Cap Fund,2021-11-03,115.5222
125497,SBI Small Cap Fund - Direct Plan - Growth,SBI Mutual Fund,Equity Scheme - Small Cap Fund,2021-11-08,117.3055
125497,SBI Small Cap Fund - Direct Plan - Growth,SBI Mutual Fund,Equity Scheme - Small Cap Fund,2021-11-09,117.9077
125497,SBI Small Cap Fund - Direct Plan - Growth,SBI Mutual Fund,Equity Scheme - Small Cap Fund,2021-11-10,117.9059
125497,SBI Small Cap Fund - Direct Plan - Growth,SBI Mutual Fund,Equity Scheme - Small Cap Fund,2021-11-11,118.4235
125497,SBI Small Cap Fund - Direct Plan - Growth,SBI Mutual Fund,Equity Scheme - Small Cap Fund,2021-11-12,119.2912
125497,SBI Small Cap Fund - Direct Plan - Growth,SBI Mutual Fund,Equity Scheme - Small Cap Fund,2021-11-15,119.239
125497,SBI Small Cap Fund - Direct Plan - Growth,SBI Mutual Fund,Equity Scheme - Small Cap Fund,2021-11-16,118.6213
125497,SBI Small Cap Fund - Direct Plan - Growth,SBI Mutual Fund,Equity Scheme - Small Cap Fund,2021-11-17,118.1513
125497,SBI Small Cap Fund - Direct Plan - Growth,SBI Mutual Fund,Equity Scheme - Small Cap Fund,2021-11-18,116.9958
125497,SBI Small Cap Fund - Direct Plan - Growth,SBI Mutual Fund,Equity Scheme - Small Cap Fund,2021-11-22,114.5634
125497,SBI Small Cap Fund - Direct Plan - Growth,SBI Mutual Fund,Equity Scheme - Small Cap Fund,2021-11-23,115.7625
125497,SBI Small Cap Fund - Direct Plan - Growth,SBI Mutual Fund,Equity Scheme - Small Cap Fund,2021-11-24,116.9382
125497,SBI Small Cap Fund - Direct Plan - Growth,SBI Mutual Fund,Equity Scheme - Small Cap Fund,2021-11-25,117.3365
125497,SBI Small Cap Fund - Direct Plan - Growth,SBI Mutual Fund,Equity Scheme - Small Cap Fund,2021-11-26,113.7581
125497,SBI Small Cap Fund - Direct Plan - Growth,SBI Mutual Fund,Equity Scheme - Small Cap Fund,2021-11-29,112.0406
125497,SBI Small Cap Fund - Direct Plan - Growth,SBI Mutual Fund,Equity Scheme - Small Cap Fund,2021-11-30,114.6061
125497,SBI Small Cap Fund - Direct Plan - Growth,SBI Mutual Fund,Equity Scheme - Small Cap Fund,2021-12-01,114.5225
125497,SBI Small Cap Fund - Direct Plan - Growth,SBI Mutual Fund,Equity Scheme - Small Cap Fund,2021-12-02,115.1803
125497,SBI Small Cap Fund - Direct Plan - Growth,SBI Mutual Fund,Equity Scheme - Small Cap Fund,2021-12-03,115.4989
125497,SBI Small Cap Fund - Direct Plan - Growth,SBI Mutual Fund,Equity Scheme - Small Cap Fund,2021-12-06,114.2375
125497,SBI Small Cap Fund - Direct Plan - Growth,SBI Mutual Fund,Equity Scheme - Small Cap Fund,2021-12-07,115.5693
125497,SBI Small Cap Fund - Direct Plan - Growth,SBI Mutual Fund,Equity Scheme - Small Cap Fund,2021-12-08,115.9955
125497,SBI Small Cap Fund - Direct Plan - Growth,SBI Mutual Fund,Equity Scheme - Small Cap Fund,2021-12-09,116.4189
125497,SBI Small Cap Fund - Direct Plan - Growth,SBI Mutual Fund,Equity Scheme - Small Cap Fund,2021-12-10,117.0295
125497,SBI Small Cap Fund - Direct Plan - Growth,SBI Mutual Fund,Equity Scheme - Small Cap Fund,2021-12-13,116.6731
125497,SBI Small Cap Fund - Direct Plan - Growth,SBI Mutual Fund,Equity Scheme - Small Cap Fund,2021-12-14,116.5661
125497,SBI Small Cap Fund - Direct Plan - Growth,SBI Mutual Fund,Equity Scheme - Small Cap Fund,2021-12-15,116.7334
125497,SBI Small Cap Fund - Direct Plan - Growth,SBI Mutual Fund,Equity Scheme - Small Cap Fund,2021-12-16,115.5621
125497,SBI Small Cap Fund - Direct Plan - Growth,SBI Mutual Fund,Equity Scheme - Small Cap Fund,2021-12-17,114.4182
125497,SBI Small Cap Fund - Direct Plan - Growth,SBI Mutual Fund,Equity Scheme - Small Cap Fund,2021-12-20,111.4291
125497,SBI Small Cap Fund - Direct Plan - Growth,SBI Mutual Fund,Equity Scheme - Small Cap Fund,2021-12-21,112.1347
125497,SBI Small Cap Fund - Direct Plan - Growth,SBI Mutual Fund,Equity Scheme - Small Cap Fund,2021-12-22,113.5008
125497,SBI Small Cap Fund - Direct Plan - Growth,SBI Mutual Fund,Equity Scheme - Small Cap Fund,2021-12-23,114.0603
125497,SBI Small Cap Fund - Direct Plan - Growth,SBI Mutual Fund,Equity Scheme - Small Cap Fund,2021-12-24,113.0034
125497,SBI Small Cap Fund - Direct Plan - Growth,SBI Mutual Fund,Equity Scheme - Small Cap Fund,2021-12-27,113.1013
125497,SBI Small Cap Fund - Direct Plan - Growth,SBI Mutual Fund,Equity Scheme - Small Cap Fund,2021-12-28,114.187
125497,SBI Small Cap Fund - Direct Plan - Growth,SBI Mutual Fund,Equity Scheme - Small Cap Fund,2021-12-29,115.107
125497,SBI Small Cap Fund - Direct Plan - Growth,SBI Mutual Fund,Equity Scheme - Small Cap Fund,2021-12-30,115.0392
125497,SBI Small Cap Fund - Direct Plan - Growth,SBI Mutual Fund,Equity Scheme - Small Cap Fund,2021-12-31,116.5135
125497,SBI Small Cap Fund - Direct Plan - Growth,SBI Mutual Fund,Equity Scheme - Small Cap Fund,2022-01-03,117.8295
125497,SBI Small Cap Fund - Direct Plan - Growth,SBI Mutual Fund,Equity Scheme - Small Cap Fund,2022-01-04,117.9937
125497,SBI Small Cap Fund - Direct Plan - Growth,SBI Mutual Fund,Equity Scheme - Small Cap Fund,2022-01-05,117.8449
125497,SBI Small Cap Fund - Direct Plan - Growth,SBI Mutual Fund,Equity Scheme - Small Cap Fund,2022-01-06,118.078
125497,SBI Small Cap Fund - Direct Plan - Growth,SBI Mutual Fund,Equity Scheme - Small Cap Fund,2022-01-07,118.0578
125497,SBI Small Cap Fund - Direct Plan - Growth,SBI Mutual Fund,Equity Scheme - Small Cap Fund,2022-01-10,119.259
125497,SBI Small Cap Fund - Direct Plan - Growth,SBI Mutual Fund,Equity Scheme - Small Cap Fund,2022-01-11,119.2122
125497,SBI Small Cap Fund - Direct Plan - Growth,SBI Mutual Fund,Equity Scheme - Small Cap Fund,2022-01-12,120.503
125497,SBI Small Cap Fund - Direct Plan - Growth,SBI Mutual Fund,Equity Scheme - Small Cap Fund,2022-01-13,120.6145
125497,SBI Small Cap Fund - Direct Plan - Growth,SBI Mutual Fund,Equity Scheme - Small Cap Fund,2022-01-14,121.5144
125497,SBI Small Cap Fund - Direct Plan - Growth,SBI Mutual Fund,Equity Scheme - Small Cap Fund,2022-01-17,121.889
125497,SBI Small Cap Fund - Direct Plan - Growth,SBI Mutual Fund,Equity Scheme - Small Cap Fund,2022-01-18,120.3738
125497,SBI Small Cap Fund - Direct Plan - Growth,SBI Mutual Fund,Equity Scheme - Small Cap Fund,2022-01-19,120.1682
125497,SBI Small Cap Fund - Direct Plan - Growth,SBI Mutual Fund,Equity Scheme - Small Cap Fund,2022-01-20,120.1311
125497,SBI Small Cap Fund - Direct Plan - Growth,SBI Mutual Fund,Equity Scheme - Small Cap Fund,2022-01-21,118.8871
125497,SBI Small Cap Fund - Direct Plan - Growth,SBI Mutual Fund,Equity Scheme - Small Cap Fund,2022-01-24,113.8388
125497,SBI Small Cap Fund - Direct Plan - Growth,SBI Mutual Fund,Equity Scheme - Small Cap Fund,2022-01-25,114.9265
125497,SBI Small Cap Fund - Direct Plan - Growth,SBI Mutual Fund,Equity Scheme - Small Cap Fund,2022-01-27,113.4644
125497,SBI Small Cap Fund - Direct Plan - Growth,SBI Mutual Fund,Equity Scheme - Small Cap Fund,2022-01-28,113.7542
125497,SBI Small Cap Fund - Direct Plan - Growth,SBI Mutual Fund,Equity Scheme - Small Cap Fund,2022-01-31,115.1383
125497,SBI Small Cap Fund - Direct Plan - Growth,SBI Mutual Fund,Equity Scheme - Small Cap Fund,2022-02-01,116.8615
125497,SBI Small Cap Fund - Direct Plan - Growth,SBI Mutual Fund,Equity Scheme - Small Cap Fund,2022-02-02,118.2925
125497,SBI Small Cap Fund - Direct Plan - Growth,SBI Mutual Fund,Equity Scheme - Small Cap Fund,2022-02-03,117.9384
125497,SBI Small Cap Fund - Direct Plan - Growth,SBI Mutual Fund,Equity Scheme - Small Cap Fund,2022-02-04,118.1779
125497,SBI Small Cap Fund - Direct Plan - Growth,SBI Mutual Fund,Equity Scheme - Small Cap Fund,2022-02-07,118.1213
125497,SBI Small Cap Fund - Direct Plan - Growth,SBI Mutual Fund,Equity Scheme - Small Cap Fund,2022-02-08,116.9897
125497,SBI Small Cap Fund - Direct Plan - Growth,SBI Mutual Fund,Equity Scheme - Small Cap Fund,2022-02-09,116.6628
125497,SBI Small Cap Fund - Direct Plan - Growth,SBI Mutual Fund,Equity Scheme - Small Cap Fund,2022-02-10,116.361
125497,SBI Small Cap Fund - Direct Plan - Growth,SBI Mutual Fund,Equity Scheme - Small Cap Fund,2022-02-11,114.5805
125497,SBI Small Cap Fund - Direct Plan - Growth,SBI Mutual Fund,Equity Scheme - Small Cap Fund,2022-02-14,111.1649
125497,SBI Small Cap Fund - Direct Plan - Growth,SBI Mutual Fund,Equity Scheme - Small Cap Fund,2022-02-15,112.2859
125497,SBI Small Cap Fund - Direct Plan - Growth,SBI Mutual Fund,Equity Scheme - Small Cap Fund,2022-02-16,113.4702
125497,SBI Small Cap Fund - Direct Plan - Growth,SBI Mutual Fund,Equity Scheme - Small Cap Fund,2022-02-17,113.0094
125497,SBI Small Cap Fund - Direct Plan - Growth,SBI Mutual Fund,Equity Scheme - Small Cap Fund,2022-02-18,112.6163
125497,SBI Small Cap Fund - Direct Plan - Growth,SBI Mutual Fund,Equity Scheme - Small Cap Fund,2022-02-21,110.5555
125497,SBI Small Cap Fund - Direct Plan - Growth,SBI Mutual Fund,Equity Scheme - Small Cap Fund,2022-02-22,109.2415
125497,SBI Small Cap Fund - Direct Plan - Growth,SBI Mutual Fund,Equity Scheme - Small Cap Fund,2022-02-23,109.8892
125497,SBI Small Cap Fund - Direct Plan - Growth,SBI Mutual Fund,Equity Scheme - Small Cap Fund,2022-02-24,105.5919
125497,SBI Small Cap Fund - Direct Plan - Growth,SBI Mutual Fund,Equity Scheme - Small Cap Fund,2022-02-25,109.1447
125497,SBI Small Cap Fund - Direct Plan - Growth,SBI Mutual Fund,Equity Scheme - Small Cap Fund,2022-02-28,109.8735
125497,SBI Small Cap Fund - Direct Plan - Growth,SBI Mutual Fund,Equity Scheme - Small Cap Fund,2022-03-02,109.7898
125497,SBI Small Cap Fund - Direct Plan - Growth,SBI Mutual Fund,Equity Scheme - Small Cap Fund,2022-03-03,109.9523
125497,SBI Small Cap Fund - Direct Plan - Growth,SBI Mutual Fund,Equity Scheme - Small Cap Fund,2022-03-04,108.4432
125497,SBI Small Cap Fund - Direct Plan - Growth,SBI Mutual Fund,Equity Scheme - Small Cap Fund,2022-03-07,106.6562
125497,SBI Small Cap Fund - Direct Plan - Growth,SBI Mutual Fund,Equity Scheme - Small Cap Fund,2022-03-08,107.1074
125497,SBI Small Cap Fund - Direct Plan - Growth,SBI Mutual Fund,Equity Scheme - Small Cap Fund,2022-03-09,108.7536
125497,SBI Small Cap Fund - Direct Plan - Growth,SBI Mutual Fund,Equity Scheme - Small Cap Fund,2022-03-10,109.8399
125497,SBI Small Cap Fund - Direct Plan - Growth,SBI Mutual Fund,Equity Scheme - Small Cap Fund,2022-03-11,110.3959
125497,SBI Small Cap Fund - Direct Plan - Growth,SBI Mutual Fund,Equity Scheme - Small Cap Fund,2022-03-14,111.3776
125497,SBI Small Cap Fund - Direct Plan - Growth,SBI Mutual Fund,Equity Scheme - Small Cap Fund,2022-03-15,110.7915
125497,SBI Small Cap Fund - Direct Plan - Growth,SBI Mutual Fund,Equity Scheme - Small Cap Fund,2022-03-16,111.4996
125497,SBI Small Cap Fund - Direct Plan - Growth,SBI Mutual Fund,Equity Scheme - Small Cap Fund,2022-03-17,112.1278
125497,SBI Small Cap Fund - Direct Plan - Growth,SBI Mutual Fund,Equity Scheme - Small Cap Fund,2022-03-21,111.8034
125497,SBI Small Cap Fund - Direct Plan - Growth,SBI Mutual Fund,Equity Scheme - Small Cap Fund,2022-03-22,111.8136
125497,SBI Small Cap Fund - Direct Plan - Growth,SBI Mutual Fund,Equity Scheme - Small Cap Fund,2022-03-23,112.0594
125497,SBI Small Cap Fund - Direct Plan - Growth,SBI Mutual Fund,Equity Scheme - Small Cap Fund,2022-03-24,112.129
125497,SBI Small Cap Fund - Direct Plan - Growth,SBI Mutual Fund,Equity Scheme - Small Cap Fund,2022-03-25,111.8414
125497,SBI Small Cap Fund - Direct Plan - Growth,SBI Mutual Fund,Equity Scheme - Small Cap Fund,2022-03-28,111.3773
125497,SBI Small Cap Fund - Direct Plan - Growth,SBI Mutual Fund,Equity Scheme - Small Cap Fund,2022-03-29,112.833
125497,SBI Small Cap Fund - Direct Plan - Growth,SBI Mutual Fund,Equity Scheme - Small Cap Fund,2022-03-30,113.3938
125497,SBI Small Cap Fund - Direct Plan - Growth,SBI Mutual Fund,Equity Scheme - Small Cap Fund,2022-03-31,113.3881
125497,SBI Small Cap Fund - Direct Plan - Growth,SBI Mutual Fund,Equity Scheme - Small Cap Fund,2022-04-01,114.8655
125497,SBI Small Cap Fund - Direct Plan - Growth,SBI Mutual Fund,Equity Scheme - Small Cap Fund,2022-04-04,116.1819
125497,SBI Small Cap Fund - Direct Plan - Growth,SBI Mutual Fund,Equity Scheme - Small Cap Fund,2022-04-05,117.6729
125497,SBI Small Cap Fund - Direct Plan - Growth,SBI Mutual Fund,Equity Scheme - Small Cap Fund,2022-04-06,117.9615
125497,SBI Small Cap Fund - Direct Plan - Growth,SBI Mutual Fund,Equity Scheme - Small Cap Fund,2022-04-07,117.3808
125497,SBI Small Cap Fund - Direct Plan - Growth,SBI Mutual Fund,Equity Scheme - Small Cap Fund,2022-04-08,118.159
125497,SBI Small Cap Fund - Direct Plan - Growth,SBI Mutual Fund,Equity Scheme - Small Cap Fund,2022-04-11,118.7434
125497,SBI Small Cap Fund - Direct Plan - Growth,SBI Mutual Fund,Equity Scheme - Small Cap Fund,2022-04-12,117.6272
125497,SBI Small Cap Fund - Direct Plan - Growth,SBI Mutual Fund,Equity Scheme - Small Cap Fund,2022-04-13,117.5522
125497,SBI Small Cap Fund - Direct Plan - Growth,SBI Mutual Fund,Equity Scheme - Small Cap Fund,2022-04-18,117.0086
125497,SBI Small Cap Fund - Direct Plan - Growth,SBI Mutual Fund,Equity Scheme - Small Cap Fund,2022-04-19,116.0671
125497,SBI Small Cap Fund - Direct Plan - Growth,SBI Mutual Fund,Equity Scheme - Small Cap Fund,2022-04-20,116.0793
125497,SBI Small Cap Fund - Direct Plan - Growth,SBI Mutual Fund,Equity Scheme - Small Cap Fund,2022-04-21,117.0681
125497,SBI Small Cap Fund - Direct Plan - Growth,SBI Mutual Fund,Equity Scheme - Small Cap Fund,2022-04-22,116.9877
125497,SBI Small Cap Fund - Direct Plan - Growth,SBI Mutual Fund,Equity Scheme - Small Cap Fund,2022-04-25,115.7364
125497,SBI Small Cap Fund - Direct Plan - Growth,SBI Mutual Fund,Equity Scheme - Small Cap Fund,2022-04-26,116.5381
125497,SBI Small Cap Fund - Direct Plan - Growth,SBI Mutual Fund,Equity Scheme - Small Cap Fund,2022-04-27,116.3239
125497,SBI Small Cap Fund - Direct Plan - Growth,SBI Mutual Fund,Equity Scheme - Small Cap Fund,2022-04-28,117.2654
125497,SBI Small Cap Fund - Direct Plan - Growth,SBI Mutual Fund,Equity Scheme - Small Cap Fund,2022-04-29,116.4371
125497,SBI Small Cap Fund - Direct Plan - Growth,SBI Mutual Fund,Equity Scheme - Small Cap Fund,2022-05-02,115.6675
125497,SBI Small Cap Fund - Direct Plan - Growth,SBI Mutual Fund,Equity Scheme - Small Cap Fund,2022-05-04,113.5479
125497,SBI Small Cap Fund - Direct Plan - Growth,SBI Mutual Fund,Equity Scheme - Small Cap Fund,2022-05-05,113.3928
125497,SBI Small Cap Fund - Direct Plan - Growth,SBI Mutual Fund,Equity Scheme - Small Cap Fund,2022-05-06,111.917
125497,SBI Small Cap Fund - Direct Plan - Growth,SBI Mutual Fund,Equity Scheme - Small Cap Fund,2022-05-09,111.1072
125497,SBI Small Cap Fund - Direct Plan - Growth,SBI Mutual Fund,Equity Scheme - Small Cap Fund,2022-05-10,109.6278
125497,SBI Small Cap Fund - Direct Plan - Growth,SBI Mutual Fund,Equity Scheme - Small Cap Fund,2022-05-11,108.1924
125497,SBI Small Cap Fund - Direct Plan - Growth,SBI Mutual Fund,Equity Scheme - Small Cap Fund,2022-05-12,106.8265
125497,SBI Small Cap Fund - Direct Plan - Growth,SBI Mutual Fund,Equity Scheme - Small Cap Fund,2022-05-13,107.0481
125497,SBI Small Cap Fund - Direct Plan - Growth,SBI Mutual Fund,Equity Scheme - Small Cap Fund,2022-05-16,108.381
125497,SBI Small Cap Fund - Direct Plan - Growth,SBI Mutual Fund,Equity Scheme - Small Cap Fund,2022-05-17,110.5126
125497,SBI Small Cap Fund - Direct Plan - Growth,SBI Mutual Fund,Equity Scheme - Small Cap Fund,2022-05-18,110.4242
125497,SBI Small Cap Fund - Direct Plan - Growth,SBI Mutual Fund,Equity Scheme - Small Cap Fund,2022-05-19,109.1737
125497,SBI Small Cap Fund - Direct Plan - Growth,SBI Mutual Fund,Equity Scheme - Small Cap Fund,2022-05-20,110.5206
125497,SBI Small Cap Fund - Direct Plan - Growth,SBI Mutual Fund,Equity Scheme - Small Cap Fund,2022-05-23,110.7194
125497,SBI Small Cap Fund - Direct Plan - Growth,SBI Mutual Fund,Equity Scheme - Small Cap Fund,2022-05-24,110.3592
125497,SBI Small Cap Fund - Direct Plan - Growth,SBI Mutual Fund,Equity Scheme - Small Cap Fund,2022-05-25,108.4736
125497,SBI Small Cap Fund - Direct Plan - Growth,SBI Mutual Fund,Equity Scheme - Small Cap Fund,2022-05-26,109.0641
125497,SBI Small Cap Fund - Direct Plan - Growth,SBI Mutual Fund,Equity Scheme - Small Cap Fund,2022-05-27,109.1239
125497,SBI Small Cap Fund - Direct Plan - Growth,SBI Mutual Fund,Equity Scheme - Small Cap Fund,2022-05-30,110.8854
125497,SBI Small Cap Fund - Direct Plan - Growth,SBI Mutual Fund,Equity Scheme - Small Cap Fund,2022-05-31,111.3985
125497,SBI Small Cap Fund - Direct Plan - Growth,SBI Mutual Fund,Equity Scheme - Small Cap Fund,2022-06-01,113.0469
125497,SBI Small Cap Fund - Direct Plan - Growth,SBI Mutual Fund,Equity Scheme - Small Cap Fund,2022-06-02,113.0447
125497,SBI Small Cap Fund - Direct Plan - Growth,SBI Mutual Fund,Equity Scheme - Small Cap Fund,2022-06-03,111.6854
125497,SBI Small Cap Fund - Direct Plan - Growth,SBI Mutual Fund,Equity Scheme - Small Cap Fund,2022-06-06,111.468
125497,SBI Small Cap Fund - Direct Plan - Growth,SBI Mutual Fund,Equity Scheme - Small Cap Fund,2022-06-07,110.8741
125497,SBI Small Cap Fund - Direct Plan - Growth,SBI Mutual Fund,Equity Scheme - Small Cap Fund,2022-06-08,110.696
125497,SBI Small Cap Fund - Direct Plan - Growth,SBI Mutual Fund,Equity Scheme - Small Cap Fund,2022-06-09,110.773
125497,SBI Small Cap Fund - Direct Plan - Growth,SBI Mutual Fund,Equity Scheme - Small Cap Fund,2022-06-10,110.3611
125497,SBI Small Cap Fund - Direct Plan - Growth,SBI Mutual Fund,Equity Scheme - Small Cap Fund,2022-06-13,108.1973
125497,SBI Small Cap Fund - Direct Plan - Growth,SBI Mutual Fund,Equity Scheme - Small Cap Fund,2022-06-14,107.7655
125497,SBI Small Cap Fund - Direct Plan - Growth,SBI Mutual Fund,Equity Scheme - Small Cap Fund,2022-06-15,107.9569
125497,SBI Small Cap Fund - Direct Plan - Growth,SBI Mutual Fund,Equity Scheme - Small Cap Fund,2022-06-16,105.836
125497,SBI Small Cap Fund - Direct Plan - Growth,SBI Mutual Fund,Equity Scheme - Small Cap Fund,2022-06-17,104.8911
125497,SBI Small Cap Fund - Direct Plan - Growth,SBI Mutual Fund,Equity Scheme - Small Cap Fund,2022-06-20,103.2049
125497,SBI Small Cap Fund - Direct Plan - Growth,SBI Mutual Fund,Equity Scheme - Small Cap Fund,2022-06-21,104.8701
125497,SBI Small Cap Fund - Direct Plan - Growth,SBI Mutual Fund,Equity Scheme - Small Cap Fund,2022-06-22,104.2718
125497,SBI Small Cap Fund - Direct Plan - Growth,SBI Mutual Fund,Equity Scheme - Small Cap Fund,2022-06-23,105.5826
125497,SBI Small Cap Fund - Direct Plan - Growth,SBI Mutual Fund,Equity Scheme - Small Cap Fund,2022-06-24,106.563
125497,SBI Small Cap Fund - Direct Plan - Growth,SBI Mutual Fund,Equity Scheme - Small Cap Fund,2022-06-27,107.743
125497,SBI Small Cap Fund - Direct Plan - Growth,SBI Mutual Fund,Equity Scheme - Small Cap Fund,2022-06-28,107.8457
125497,SBI Small Cap Fund - Direct Plan - Growth,SBI Mutual Fund,Equity Scheme - Small Cap Fund,2022-06-29,107.5298
125497,SBI Small Cap Fund - Direct Plan - Growth,SBI Mutual Fund,Equity Scheme - Small Cap Fund,2022-06-30,107.3447
125497,SBI Small Cap Fund - Direct Plan - Growth,SBI Mutual Fund,Equity Scheme - Small Cap Fund,2022-07-01,107.2511
125497,SBI Small Cap Fund - Direct Plan - Growth,SBI Mutual Fund,Equity Scheme - Small Cap Fund,2022-07-04,108.086
125497,SBI Small Cap Fund - Direct Plan - Growth,SBI Mutual Fund,Equity Scheme - Small Cap Fund,2022-07-05,108.9019
125497,SBI Small Cap Fund - Direct Plan - Growth,SBI Mutual Fund,Equity Scheme - Small Cap Fund,2022-07-06,109.4531
125497,SBI Small Cap Fund - Direct Plan - Growth,SBI Mutual Fund,Equity Scheme - Small Cap Fund,2022-07-07,110.0959
125497,SBI Small Cap Fund - Direct Plan - Growth,SBI Mutual Fund,Equity Scheme - Small Cap Fund,2022-07-08,110.3205
125497,SBI Small Cap Fund - Direct Plan - Growth,SBI Mutual Fund,Equity Scheme - Small Cap Fund,2022-07-11,111.3735
125497,SBI Small Cap Fund - Direct Plan - Growth,SBI Mutual Fund,Equity Scheme - Small Cap Fund,2022-07-12,110.5217
125497,SBI Small Cap Fund - Direct Plan - Growth,SBI Mutual Fund,Equity Scheme - Small Cap Fund,2022-07-13,110.6876
125497,SBI Small Cap Fund - Direct Plan - Growth,SBI Mutual Fund,Equity Scheme - Small Cap Fund,2022-07-14,110.5523
125497,SBI Small Cap Fund - Direct Plan - Growth,SBI Mutual Fund,Equity Scheme - Small Cap Fund,2022-07-15,111.1987
125497,SBI Small Cap Fund - Direct Plan - Growth,SBI Mutual Fund,Equity Scheme - Small Cap Fund,2022-07-18,111.9322
125497,SBI Small Cap Fund - Direct Plan - Growth,SBI Mutual Fund,Equity Scheme - Small Cap Fund,2022-07-19,112.8046
125497,SBI Small Cap Fund - Direct Plan - Growth,SBI Mutual Fund,Equity Scheme - Small Cap Fund,2022-07-20,112.9868
125497,SBI Small Cap Fund - Direct Plan - Growth,SBI Mutual Fund,Equity Scheme - Small Cap Fund,2022-07-21,113.4094
125497,SBI Small Cap Fund - Direct Plan - Growth,SBI Mutual Fund,Equity Scheme - Small Cap Fund,2022-07-22,114.09
125497,SBI Small Cap Fund - Direct Plan - Growth,SBI Mutual Fund,Equity Scheme - Small Cap Fund,2022-07-25,114.3251
125497,SBI Small Cap Fund - Direct Plan - Growth,SBI Mutual Fund,Equity Scheme - Small Cap Fund,2022-07-26,113.9363
125497,SBI Small Cap Fund - Direct Plan - Growth,SBI Mutual Fund,Equity Scheme - Small Cap Fund,2022-07-27,114.2238
125497,SBI Small Cap Fund - Direct Plan - Growth,SBI Mutual Fund,Equity Scheme - Small Cap Fund,2022-07-28,115.4212
125497,SBI Small Cap Fund - Direct Plan - Growth,SBI Mutual Fund,Equity Scheme - Small Cap Fund,2022-07-29,115.8262
125497,SBI Small Cap Fund - Direct Plan - Growth,SBI Mutual Fund,Equity Scheme - Small Cap Fund,2022-08-01,118.4285
125497,SBI Small Cap Fund - Direct Plan - Growth,SBI Mutual Fund,Equity Scheme - Small Cap Fund,2022-08-02,119.6709
125497,SBI Small Cap Fund - Direct Plan - Growth,SBI Mutual Fund,Equity Scheme - Small Cap Fund,2022-08-03,119.3671
125497,SBI Small Cap Fund - Direct Plan - Growth,SBI Mutual Fund,Equity Scheme - Small Cap Fund,2022-08-04,119.5351
125497,SBI Small Cap Fund - Direct Plan - Growth,SBI Mutual Fund,Equity Scheme - Small Cap Fund,2022-08-05,119.5001
125497,SBI Small Cap Fund - Direct Plan - Growth,SBI Mutual Fund,Equity Scheme - Small Cap Fund,2022-08-08,120.8529
125497,SBI Small Cap Fund - Direct Plan - Growth,SBI Mutual Fund,Equity Scheme - Small Cap Fund,2022-08-10,121.7895
125497,SBI Small Cap Fund - Direct Plan - Growth,SBI Mutual Fund,Equity Scheme - Small Cap Fund,2022-08-11,122.0436
125497,SBI Small Cap Fund - Direct Plan - Growth,SBI Mutual Fund,Equity Scheme - Small Cap Fund,2022-08-12,122.1465
125497,SBI Small Cap Fund - Direct Plan - Growth,SBI Mutual Fund,Equity Scheme - Small Cap Fund,2022-08-16,122.5798
125497,SBI Small Cap Fund - Direct Plan - Growth,SBI Mutual Fund,Equity Scheme - Small Cap Fund,2022-08-17,122.7003
125497,SBI Small Cap Fund - Direct Plan - Growth,SBI Mutual Fund,Equity Scheme - Small Cap Fund,2022-08-18,123.1031
125497,SBI Small Cap Fund - Direct Plan - Growth,SBI Mutual Fund,Equity Scheme - Small Cap Fund,2022-08-19,121.8963
125497,SBI Small Cap Fund - Direct Plan - Growth,SBI Mutual Fund,Equity Scheme - Small Cap Fund,2022-08-22,121.1594
125497,SBI Small Cap Fund - Direct Plan - Growth,SBI Mutual Fund,Equity Scheme - Small Cap Fund,2022-08-23,122.1378
125497,SBI Small Cap Fund - Direct Plan - Growth,SBI Mutual Fund,Equity Scheme - Small Cap Fund,2022-08-24,122.9131
125497,SBI Small Cap Fund - Direct Plan - Growth,SBI Mutual Fund,Equity Scheme - Small Cap Fund,2022-08-25,123.2572
125497,SBI Small Cap Fund - Direct Plan - Growth,SBI Mutual Fund,Equity Scheme - Small Cap Fund,2022-08-26,123.6562
125497,SBI Small Cap Fund - Direct Plan - Growth,SBI Mutual Fund,Equity Scheme - Small Cap Fund,2022-08-29,123.2418
125497,SBI Small Cap Fund - Direct Plan - Growth,SBI Mutual Fund,Equity Scheme - Small Cap Fund,2022-08-30,124.7127
125497,SBI Small Cap Fund - Direct Plan - Growth,SBI Mutual Fund,Equity Scheme - Small Cap Fund,2022-09-01,124.8265
125497,SBI Small Cap Fund - Direct Plan - Growth,SBI Mutual Fund,Equity Scheme - Small Cap Fund,2022-09-02,126.1091
125497,SBI Small Cap Fund - Direct Plan - Growth,SBI Mutual Fund,Equity Scheme - Small Cap Fund,2022-09-05,126.9883
125497,SBI Small Cap Fund - Direct Plan - Growth,SBI Mutual Fund,Equity Scheme - Small Cap Fund,2022-09-06,127.812
125497,SBI Small Cap Fund - Direct Plan - Growth,SBI Mutual Fund,Equity Scheme - Small Cap Fund,2022-09-07,128.9903
125497,SBI Small Cap Fund - Direct Plan - Growth,SBI Mutual Fund,Equity Scheme - Small Cap Fund,2022-09-08,129.8388
125497,SBI Small Cap Fund - Direct Plan - Growth,SBI Mutual Fund,Equity Scheme - Small Cap Fund,2022-09-09,130.1662
125497,SBI Small Cap Fund - Direct Plan - Growth,SBI Mutual Fund,Equity Scheme - Small Cap Fund,2022-09-12,131.2711
125497,SBI Small Cap Fund - Direct Plan - Growth,SBI Mutual Fund,Equity Scheme - Small Cap Fund,2022-09-13,130.9984
125497,SBI Small Cap Fund - Direct Plan - Growth,SBI Mutual Fund,Equity Scheme - Small Cap Fund,2022-09-14,131.5105
125497,SBI Small Cap Fund - Direct Plan - Growth,SBI Mutual Fund,Equity Scheme - Small Cap Fund,2022-09-15,130.8477
125497,SBI Small Cap Fund - Direct Plan - Growth,SBI Mutual Fund,Equity Scheme - Small Cap Fund,2022-09-16,128.0029
125497,SBI Small Cap Fund - Direct Plan - Growth,SBI Mutual Fund,Equity Scheme - Small Cap Fund,2022-09-19,127.8166
125497,SBI Small Cap Fund - Direct Plan - Growth,SBI Mutual Fund,Equity Scheme - Small Cap Fund,2022-09-20,128.8983
125497,SBI Small Cap Fund - Direct Plan - Growth,SBI Mutual Fund,Equity Scheme - Small Cap Fund,2022-09-21,128.623
125497,SBI Small Cap Fund - Direct Plan - Growth,SBI Mutual Fund,Equity Scheme - Small Cap Fund,2022-09-22,128.606
125497,SBI Small Cap Fund - Direct Plan - Growth,SBI Mutual Fund,Equity Scheme - Small Cap Fund,2022-09-23,126.9671
125497,SBI Small Cap Fund - Direct Plan - Growth,SBI Mutual Fund,Equity Scheme - Small Cap Fund,2022-09-26,123.8437
125497,SBI Small Cap Fund - Direct Plan - Growth,SBI Mutual Fund,Equity Scheme - Small Cap Fund,2022-09-27,124.6406
125497,SBI Small Cap Fund - Direct Plan - Growth,SBI Mutual Fund,Equity Scheme - Small Cap Fund,2022-09-28,124.4319
125497,SBI Small Cap Fund - Direct Plan - Growth,SBI Mutual Fund,Equity Scheme - Small Cap Fund,2022-09-29,125.2023
125497,SBI Small Cap Fund - Direct Plan - Growth,SBI Mutual Fund,Equity Scheme - Small Cap Fund,2022-09-30,126.7384
125497,SBI Small Cap Fund - Direct Plan - Growth,SBI Mutual Fund,Equity Scheme - Small Cap Fund,2022-10-03,127.1351
125497,SBI Small Cap Fund - Direct Plan - Growth,SBI Mutual Fund,Equity Scheme - Small Cap Fund,2022-10-04,128.2436
125497,SBI Small Cap Fund - Direct Plan - Growth,SBI Mutual Fund,Equity Scheme - Small Cap Fund,2022-10-06,128.8844
125497,SBI Small Cap Fund - Direct Plan - Growth,SBI Mutual Fund,Equity Scheme - Small Cap Fund,2022-10-07,129.3889
125497,SBI Small Cap Fund - Direct Plan - Growth,SBI Mutual Fund,Equity Scheme - Small Cap Fund,2022-10-10,128.2879
125497,SBI Small Cap Fund - Direct Plan - Growth,SBI Mutual Fund,Equity Scheme - Small Cap Fund,2022-10-11,127.5503
125497,SBI Small Cap Fund - Direct Plan - Growth,SBI Mutual Fund,Equity Scheme - Small Cap Fund,2022-10-12,127.8117
125497,SBI Small Cap Fund - Direct Plan - Growth,SBI Mutual Fund,Equity Scheme - Small Cap Fund,2022-10-13,127.0832
125497,SBI Small Cap Fund - Direct Plan - Growth,SBI Mutual Fund,Equity Scheme - Small Cap Fund,2022-10-14,127.3371
125497,SBI Small Cap Fund - Direct Plan - Growth,SBI Mutual Fund,Equity Scheme - Small Cap Fund,2022-10-17,127.4936
125497,SBI Small Cap Fund - Direct Plan - Growth,SBI Mutual Fund,Equity Scheme - Small Cap Fund,2022-10-18,128.0846
125497,SBI Small Cap Fund - Direct Plan - Growth,SBI Mutual Fund,Equity Scheme - Small Cap Fund,2022-10-19,128.6649
125497,SBI Small Cap Fund - Direct Plan - Growth,SBI Mutual Fund,Equity Scheme - Small Cap Fund,2022-10-20,128.7159
125497,SBI Small Cap Fund - Direct Plan - Growth,SBI Mutual Fund,Equity Scheme - Small Cap Fund,2022-10-21,127.685
125497,SBI Small Cap Fund - Direct Plan - Growth,SBI Mutual Fund,Equity Scheme - Small Cap Fund,2022-10-25,128.1443
125497,SBI Small Cap Fund - Direct Plan - Growth,SBI Mutual Fund,Equity Scheme - Small Cap Fund,2022-10-27,128.5742
125497,SBI Small Cap Fund - Direct Plan - Growth,SBI Mutual Fund,Equity Scheme - Small Cap Fund,2022-10-28,127.8495
125497,SBI Small Cap Fund - Direct Plan - Growth,SBI Mutual Fund,Equity Scheme - Small Cap Fund,2022-10-31,127.6411
125497,SBI Small Cap Fund - Direct Plan - Growth,SBI Mutual Fund,Equity Scheme - Small Cap Fund,2022-11-01,127.8603
125497,SBI Small Cap Fund - Direct Plan - Growth,SBI Mutual Fund,Equity Scheme - Small Cap Fund,2022-11-02,128.4568
125497,SBI Small Cap Fund - Direct Plan - Growth,SBI Mutual Fund,Equity Scheme - Small Cap Fund,2022-11-03,128.4345
125497,SBI Small Cap Fund - Direct Plan - Growth,SBI Mutual Fund,Equity Scheme - Small Cap Fund,2022-11-04,128.615
125497,SBI Small Cap Fund - Direct Plan - Growth,SBI Mutual Fund,Equity Scheme - Small Cap Fund,2022-11-07,128.9903
125497,SBI Small Cap Fund - Direct Plan - Growth,SBI Mutual Fund,Equity Scheme - Small Cap Fund,2022-11-09,128.443
125497,SBI Small Cap Fund - Direct Plan - Growth,SBI Mutual Fund,Equity Scheme - Small Cap Fund,2022-11-10,127.722
125497,SBI Small Cap Fund - Direct Plan - Growth,SBI Mutual Fund,Equity Scheme - Small Cap Fund,2022-11-11,127.747
125497,SBI Small Cap Fund - Direct Plan - Growth,SBI Mutual Fund,Equity Scheme - Small Cap Fund,2022-11-14,127.4932
125497,SBI Small Cap Fund - Direct Plan - Growth,SBI Mutual Fund,Equity Scheme - Small Cap Fund,2022-11-15,127.4028
125497,SBI Small Cap Fund - Direct Plan - Growth,SBI Mutual Fund,Equity Scheme - Small Cap Fund,2022-11-16,128.1135
125497,SBI Small Cap Fund - Direct Plan - Growth,SBI Mutual Fund,Equity Scheme - Small Cap Fund,2022-11-17,128.0744
125497,SBI Small Cap Fund - Direct Plan - Growth,SBI Mutual Fund,Equity Scheme - Small Cap Fund,2022-11-18,127.4022
125497,SBI Small Cap Fund - Direct Plan - Growth,SBI Mutual Fund,Equity Scheme - Small Cap Fund,2022-11-21,127.6535
125497,SBI Small Cap Fund - Direct Plan - Growth,SBI Mutual Fund,Equity Scheme - Small Cap Fund,2022-11-22,127.4269
125497,SBI Small Cap Fund - Direct Plan - Growth,SBI Mutual Fund,Equity Scheme - Small Cap Fund,2022-11-23,127.7493
125497,SBI Small Cap Fund - Direct Plan - Growth,SBI Mutual Fund,Equity Scheme - Small Cap Fund,2022-11-24,128.2567
125497,SBI Small Cap Fund - Direct Plan - Growth,SBI Mutual Fund,Equity Scheme - Small Cap Fund,2022-11-25,128.5562
125497,SBI Small Cap Fund - Direct Plan - Growth,SBI Mutual Fund,Equity Scheme - Small Cap Fund,2022-11-28,129.0166
125497,SBI Small Cap Fund - Direct Plan - Growth,SBI Mutual Fund,Equity Scheme - Small Cap Fund,2022-11-29,128.544
125497,SBI Small Cap Fund - Direct Plan - Growth,SBI Mutual Fund,Equity Scheme - Small Cap Fund,2022-11-30,129.5097
125497,SBI Small Cap Fund - Direct Plan - Growth,SBI Mutual Fund,Equity Scheme - Small Cap Fund,2022-12-01,130.2758
125497,SBI Small Cap Fund - Direct Plan - Growth,SBI Mutual Fund,Equity Scheme - Small Cap Fund,2022-12-02,130.6855
125497,SBI Small Cap Fund - Direct Plan - Growth,SBI Mutual Fund,Equity Scheme - Small Cap Fund,2022-12-05,131.0408
125497,SBI Small Cap Fund - Direct Plan - Growth,SBI Mutual Fund,Equity Scheme - Small Cap Fund,2022-12-06,130.9286
125497,SBI Small Cap Fund - Direct Plan - Growth,SBI Mutual Fund,Equity Scheme - Small Cap Fund,2022-12-07,130.6184
125497,SBI Small Cap Fund - Direct Plan - Growth,SBI Mutual Fund,Equity Scheme - Small Cap Fund,2022-12-08,131.3288
125497,SBI Small Cap Fund - Direct Plan - Growth,SBI Mutual Fund,Equity Scheme - Small Cap Fund,2022-12-09,130.5903
125497,SBI Small Cap Fund - Direct Plan - Growth,SBI Mutual Fund,Equity Scheme - Small Cap Fund,2022-12-12,130.6256
125497,SBI Small Cap Fund - Direct Plan - Growth,SBI Mutual Fund,Equity Scheme - Small Cap Fund,2022-12-13,131.0784
125497,SBI Small Cap Fund - Direct Plan - Growth,SBI Mutual Fund,Equity Scheme - Small Cap Fund,2022-12-14,131.9951
125497,SBI Small Cap Fund - Direct Plan - Growth,SBI Mutual Fund,Equity Scheme - Small Cap Fund,2022-12-15,130.9591
125497,SBI Small Cap Fund - Direct Plan - Growth,SBI Mutual Fund,Equity Scheme - Small Cap Fund,2022-12-16,129.8891
125497,SBI Small Cap Fund - Direct Plan - Growth,SBI Mutual Fund,Equity Scheme - Small Cap Fund,2022-12-19,129.9222
125497,SBI Small Cap Fund - Direct Plan - Growth,SBI Mutual Fund,Equity Scheme - Small Cap Fund,2022-12-20,130.2814
125497,SBI Small Cap Fund - Direct Plan - Growth,SBI Mutual Fund,Equity Scheme - Small Cap Fund,2022-12-21,128.1564
125497,SBI Small Cap Fund - Direct Plan - Growth,SBI Mutual Fund,Equity Scheme - Small Cap Fund,2022-12-22,125.9663
125497,SBI Small Cap Fund - Direct Plan - Growth,SBI Mutual Fund,Equity Scheme - Small Cap Fund,2022-12-23,122.5751
125497,SBI Small Cap Fund - Direct Plan - Growth,SBI Mutual Fund,Equity Scheme - Small Cap Fund,2022-12-26,125.3049
125497,SBI Small Cap Fund - Direct Plan - Growth,SBI Mutual Fund,Equity Scheme - Small Cap Fund,2022-12-27,126.32
125497,SBI Small Cap Fund - Direct Plan - Growth,SBI Mutual Fund,Equity Scheme - Small Cap Fund,2022-12-28,126.6449
125497,SBI Small Cap Fund - Direct Plan - Growth,SBI Mutual Fund,Equity Scheme - Small Cap Fund,2022-12-29,127.0211
125497,SBI Small Cap Fund - Direct Plan - Growth,SBI Mutual Fund,Equity Scheme - Small Cap Fund,2022-12-30,127.3348
125497,SBI Small Cap Fund - Direct Plan - Growth,SBI Mutual Fund,Equity Scheme - Small Cap Fund,2023-01-02,127.8404
125497,SBI Small Cap Fund - Direct Plan - Growth,SBI Mutual Fund,Equity Scheme - Small Cap Fund,2023-01-03,127.7046
125497,SBI Small Cap Fund - Direct Plan - Growth,SBI Mutual Fund,Equity Scheme - Small Cap Fund,2023-01-04,126.7266
125497,SBI Small Cap Fund - Direct Plan - Growth,SBI Mutual Fund,Equity Scheme - Small Cap Fund,2023-01-05,126.7327
125497,SBI Small Cap Fund - Direct Plan - Growth,SBI Mutual Fund,Equity Scheme - Small Cap Fund,2023-01-06,125.7185
125497,SBI Small Cap Fund - Direct Plan - Growth,SBI Mutual Fund,Equity Scheme - Small Cap Fund,2023-01-09,126.4462
125497,SBI Small Cap Fund - Direct Plan - Growth,SBI Mutual Fund,Equity Scheme - Small Cap Fund,2023-01-10,125.8004
125497,SBI Small Cap Fund - Direct Plan - Growth,SBI Mutual Fund,Equity Scheme - Small Cap Fund,2023-01-11,125.908
125497,SBI Small Cap Fund - Direct Plan - Growth,SBI Mutual Fund,Equity Scheme - Small Cap Fund,2023-01-12,126.1964
125497,SBI Small Cap Fund - Direct Plan - Growth,SBI Mutual Fund,Equity Scheme - Small Cap Fund,2023-01-13,126.0588
125497,SBI Small Cap Fund - Direct Plan - Growth,SBI Mutual Fund,Equity Scheme - Small Cap Fund,2023-01-16,125.9832
125497,SBI Small Cap Fund - Direct Plan - Growth,SBI Mutual Fund,Equity Scheme - Small Cap Fund,2023-01-17,125.8074
125497,SBI Small Cap Fund - Direct Plan - Growth,SBI Mutual Fund,Equity Scheme - Small Cap Fund,2023-01-18,125.7186
125497,SBI Small Cap Fund - Direct Plan - Growth,SBI Mutual Fund,Equity Scheme - Small Cap Fund,2023-01-19,125.5433
125497,SBI Small Cap Fund - Direct Plan - Growth,SBI Mutual Fund,Equity Scheme - Small Cap Fund,2023-01-20,124.805
125497,SBI Small Cap Fund - Direct Plan - Growth,SBI Mutual Fund,Equity Scheme - Small Cap Fund,2023-01-23,124.425
125497,SBI Small Cap Fund - Direct Plan - Growth,SBI Mutual Fund,Equity Scheme - Small Cap Fund,2023-01-24,124.1328
125497,SBI Small Cap Fund - Direct Plan - Growth,SBI Mutual Fund,Equity Scheme - Small Cap Fund,2023-01-25,123.7522
125497,SBI Small Cap Fund - Direct Plan - Growth,SBI Mutual Fund,Equity Scheme - Small Cap Fund,2023-01-27,122.6962
125497,SBI Small Cap Fund - Direct Plan - Growth,SBI Mutual Fund,Equity Scheme - Small Cap Fund,2023-01-30,122.3633
125497,SBI Small Cap Fund - Direct Plan - Growth,SBI Mutual Fund,Equity Scheme - Small Cap Fund,2023-01-31,124.3138
125497,SBI Small Cap Fund - Direct Plan - Growth,SBI Mutual Fund,Equity Scheme - Small Cap Fund,2023-02-01,123.4784
125497,SBI Small Cap Fund - Direct Plan - Growth,SBI Mutual Fund,Equity Scheme - Small Cap Fund,2023-02-02,124.0083
125497,SBI Small Cap Fund - Direct Plan - Growth,SBI Mutual Fund,Equity Scheme - Small Cap Fund,2023-02-03,124.2907
125497,SBI Small Cap Fund - Direct Plan - Growth,SBI Mutual Fund,Equity Scheme - Small Cap Fund,2023-02-06,123.9921
125497,SBI Small Cap Fund - Direct Plan - Growth,SBI Mutual Fund,Equity Scheme - Small Cap Fund,2023-02-07,124.4182
125497,SBI Small Cap Fund - Direct Plan - Growth,SBI Mutual Fund,Equity Scheme - Small Cap Fund,2023-02-08,125.1117
125497,SBI Small Cap Fund - Direct Plan - Growth,SBI Mutual Fund,Equity Scheme - Small Cap Fund,2023-02-09,124.7379
125497,SBI Small Cap Fund - Direct Plan - Growth,SBI Mutual Fund,Equity Scheme - Small Cap Fund,2023-02-10,125.1702
125497,SBI Small Cap Fund - Direct Plan - Growth,SBI Mutual Fund,Equity Scheme - Small Cap Fund,2023-02-13,124.4056
125497,SBI Small Cap Fund - Direct Plan - Growth,SBI Mutual Fund,Equity Scheme - Small Cap Fund,2023-02-14,124.0916
125497,SBI Small Cap Fund - Direct Plan - Growth,SBI Mutual Fund,Equity Scheme - Small Cap Fund,2023-02-15,124.4506
125497,SBI Small Cap Fund - Direct Plan - Growth,SBI Mutual Fund,Equity Scheme - Small Cap Fund,2023-02-16,124.9714
125497,SBI Small Cap Fund - Direct Plan - Growth,SBI Mutual Fund,Equity Scheme - Small Cap Fund,2023-02-17,125.1119
125497,SBI Small Cap Fund - Direct Plan - Growth,SBI Mutual Fund,Equity Scheme - Small Cap Fund,2023-02-20,124.9814
125497,SBI Small Cap Fund - Direct Plan - Growth,SBI Mutual Fund,Equity Scheme - Small Cap Fund,2023-02-21,124.5172
125497,SBI Small Cap Fund - Direct Plan - Growth,SBI Mutual Fund,Equity Scheme - Small Cap Fund,2023-02-22,123.392
125497,SBI Small Cap Fund - Direct Plan - Growth,SBI Mutual Fund,Equity Scheme - Small Cap Fund,2023-02-23,123.0513
125497,SBI Small Cap Fund - Direct Plan - Growth,SBI Mutual Fund,Equity Scheme - Small Cap Fund,2023-02-24,123.1777
125497,SBI Small Cap Fund - Direct Plan - Growth,SBI Mutual Fund,Equity Scheme - Small Cap Fund,2023-02-27,122.0552
125497,SBI Small Cap Fund - Direct Plan - Growth,SBI Mutual Fund,Equity Scheme - Small Cap Fund,2023-02-28,122.8701
125497,SBI Small Cap Fund - Direct Plan - Growth,SBI Mutual Fund,Equity Scheme - Small Cap Fund,2023-03-01,123.665
125497,SBI Small Cap Fund - Direct Plan - Growth,SBI Mutual Fund,Equity Scheme - Small Cap Fund,2023-03-02,123.3993
125497,SBI Small Cap Fund - Direct Plan - Growth,SBI Mutual Fund,Equity Scheme - Small Cap Fund,2023-03-03,123.9481
125497,SBI Small Cap Fund - Direct Plan - Growth,SBI Mutual Fund,Equity Scheme - Small Cap Fund,2023-03-06,124.8339
125497,SBI Small Cap Fund - Direct Plan - Growth,SBI Mutual Fund,Equity Scheme - Small Cap Fund,2023-03-08,124.7469
125497,SBI Small Cap Fund - Direct Plan - Growth,SBI Mutual Fund,Equity Scheme - Small Cap Fund,2023-03-09,124.5502
125497,SBI Small Cap Fund - Direct Plan - Growth,SBI Mutual Fund,Equity Scheme - Small Cap Fund,2023-03-10,124.211
125497,SBI Small Cap Fund - Direct Plan - Growth,SBI Mutual Fund,Equity Scheme - Small Cap Fund,2023-03-13,122.7771
125497,SBI Small Cap Fund - Direct Plan - Growth,SBI Mutual Fund,Equity Scheme - Small Cap Fund,2023-03-14,121.7529
125497,SBI Small Cap Fund - Direct Plan - Growth,SBI Mutual Fund,Equity Scheme - Small Cap Fund,2023-03-15,121.8605
125497,SBI Small Cap Fund - Direct Plan - Growth,SBI Mutual Fund,Equity Scheme - Small Cap Fund,2023-03-16,120.9417
125497,SBI Small Cap Fund - Direct Plan - Growth,SBI Mutual Fund,Equity Scheme - Small Cap Fund,2023-03-17,121.446
125497,SBI Small Cap Fund - Direct Plan - Growth,SBI Mutual Fund,Equity Scheme - Small Cap Fund,2023-03-20,120.3344
125497,SBI Small Cap Fund - Direct Plan - Growth,SBI Mutual Fund,Equity Scheme - Small Cap Fund,2023-03-21,120.9953
125497,SBI Small Cap Fund - Direct Plan - Growth,SBI Mutual Fund,Equity Scheme - Small Cap Fund,2023-03-22,121.4156
125497,SBI Small Cap Fund - Direct Plan - Growth,SBI Mutual Fund,Equity Scheme - Small Cap Fund,2023-03-23,121.7065
125497,SBI Small Cap Fund - Direct Plan - Growth,SBI Mutual Fund,Equity Scheme - Small Cap Fund,2023-03-24,120.2745
125497,SBI Small Cap Fund - Direct Plan - Growth,SBI Mutual Fund,Equity Scheme - Small Cap Fund,2023-03-27,119.383
125497,SBI Small Cap Fund - Direct Plan - Growth,SBI Mutual Fund,Equity Scheme - Small Cap Fund,2023-03-28,118.3058
125497,SBI Small Cap Fund - Direct Plan - Growth,SBI Mutual Fund,Equity Scheme - Small Cap Fund,2023-03-29,120.0371
125497,SBI Small Cap Fund - Direct Plan - Growth,SBI Mutual Fund,Equity Scheme - Small Cap Fund,2023-03-31,121.7144
125497,SBI Small Cap Fund - Direct Plan - Growth,SBI Mutual Fund,Equity Scheme - Small Cap Fund,2023-04-03,122.1271
125497,SBI Small Cap Fund - Direct Plan - Growth,SBI Mutual Fund,Equity Scheme - Small Cap Fund,2023-04-05,122.6212
125497,SBI Small Cap Fund - Direct Plan - Growth,SBI Mutual Fund,Equity Scheme - Small Cap Fund,2023-04-06,122.7811
125497,SBI Small Cap Fund - Direct Plan - Growth,SBI Mutual Fund,Equity Scheme - Small Cap Fund,2023-04-10,122.9416
125497,SBI Small Cap Fund - Direct Plan - Growth,SBI Mutual Fund,Equity Scheme - Small Cap Fund,2023-04-11,123.2215
125497,SBI Small Cap Fund - Direct Plan - Growth,SBI Mutual Fund,Equity Scheme - Small Cap Fund,2023-04-12,123.6808
125497,SBI Small Cap Fund - Direct Plan - Growth,SBI Mutual Fund,Equity Scheme - Small Cap Fund,2023-04-13,123.9911
125497,SBI Small Cap Fund - Direct Plan - Growth,SBI Mutual Fund,Equity Scheme - Small Cap Fund,2023-04-17,124.2728
125497,SBI Small Cap Fund - Direct Plan - Growth,SBI Mutual Fund,Equity Scheme - Small Cap Fund,2023-04-18,124.3244
125497,SBI Small Cap Fund - Direct Plan - Growth,SBI Mutual Fund,Equity Scheme - Small Cap Fund,2023-04-19,124.6246
125497,SBI Small Cap Fund - Direct Plan - Growth,SBI Mutual Fund,Equity Scheme - Small Cap Fund,2023-04-20,125.3792
125497,SBI Small Cap Fund - Direct Plan - Growth,SBI Mutual Fund,Equity Scheme - Small Cap Fund,2023-04-21,125.2284
125497,SBI Small Cap Fund - Direct Plan - Growth,SBI Mutual Fund,Equity Scheme - Small Cap Fund,2023-04-24,125.372
125497,SBI Small Cap Fund - Direct Plan - Growth,SBI Mutual Fund,Equity Scheme - Small Cap Fund,2023-04-25,125.3949
125497,SBI Small Cap Fund - Direct Plan - Growth,SBI Mutual Fund,Equity Scheme - Small Cap Fund,2023-04-26,125.8618
125497,SBI Small Cap Fund - Direct Plan - Growth,SBI Mutual Fund,Equity Scheme - Small Cap Fund,2023-04-27,126.338
125497,SBI Small Cap Fund - Direct Plan - Growth,SBI Mutual Fund,Equity Scheme - Small Cap Fund,2023-04-28,127.1712
125497,SBI Small Cap Fund - Direct Plan - Growth,SBI Mutual Fund,Equity Scheme - Small Cap Fund,2023-05-02,127.3545
125497,SBI Small Cap Fund - Direct Plan - Growth,SBI Mutual Fund,Equity Scheme - Small Cap Fund,2023-05-03,127.493
125497,SBI Small Cap Fund - Direct Plan - Growth,SBI Mutual Fund,Equity Scheme - Small Cap Fund,2023-05-04,128.1846
125497,SBI Small Cap Fund - Direct Plan - Growth,SBI Mutual Fund,Equity Scheme - Small Cap Fund,2023-05-05,127.7371
125497,SBI Small Cap Fund - Direct Plan - Growth,SBI Mutual Fund,Equity Scheme - Small Cap Fund,2023-05-08,128.9877
125497,SBI Small Cap Fund - Direct Plan - Growth,SBI Mutual Fund,Equity Scheme - Small Cap Fund,2023-05-09,128.8274
125497,SBI Small Cap Fund - Direct Plan - Growth,SBI Mutual Fund,Equity Scheme - Small Cap Fund,2023-05-10,129.4546
125497,SBI Small Cap Fund - Direct Plan - Growth,SBI Mutual Fund,Equity Scheme - Small Cap Fund,2023-05-11,130.2851
125497,SBI Small Cap Fund - Direct Plan - Growth,SBI Mutual Fund,Equity Scheme - Small Cap Fund,2023-05-12,130.1433
125497,SBI Small Cap Fund - Direct Plan - Growth,SBI Mutual Fund,Equity Scheme - Small Cap Fund,2023-05-15,130.5259
125497,SBI Small Cap Fund - Direct Plan - Growth,SBI Mutual Fund,Equity Scheme - Small Cap Fund,2023-05-16,130.8127
125497,SBI Small Cap Fund - Direct Plan - Growth,SBI Mutual Fund,Equity Scheme - Small Cap Fund,2023-05-17,130.5682
125497,SBI Small Cap Fund - Direct Plan - Growth,SBI Mutual Fund,Equity Scheme - Small Cap Fund,2023-05-18,130.6447
125497,SBI Small Cap Fund - Direct Plan - Growth,SBI Mutual Fund,Equity Scheme - Small Cap Fund,2023-05-19,130.2383
125497,SBI Small Cap Fund - Direct Plan - Growth,SBI Mutual Fund,Equity Scheme - Small Cap Fund,2023-05-22,131.1264
125497,SBI Small Cap Fund - Direct Plan - Growth,SBI Mutual Fund,Equity Scheme - Small Cap Fund,2023-05-23,130.87
125497,SBI Small Cap Fund - Direct Plan - Growth,SBI Mutual Fund,Equity Scheme - Small Cap Fund,2023-05-24,130.9864
125497,SBI Small Cap Fund - Direct Plan - Growth,SBI Mutual Fund,Equity Scheme - Small Cap Fund,2023-05-25,131.1635
125497,SBI Small Cap Fund - Direct Plan - Growth,SBI Mutual Fund,Equity Scheme - Small Cap Fund,2023-05-26,131.5821
125497,SBI Small Cap Fund - Direct Plan - Growth,SBI Mutual Fund,Equity Scheme - Small Cap Fund,2023-05-29,131.7139
125497,SBI Small Cap Fund - Direct Plan - Growth,SBI Mutual Fund,Equity Scheme - Small Cap Fund,2023-05-30,131.9012
125497,SBI Small Cap Fund - Direct Plan - Growth,SBI Mutual Fund,Equity Scheme - Small Cap Fund,2023-05-31,132.2913
125497,SBI Small Cap Fund - Direct Plan - Growth,SBI Mutual Fund,Equity Scheme - Small Cap Fund,2023-06-01,132.3341
125497,SBI Small Cap Fund - Direct Plan - Growth,SBI Mutual Fund,Equity Scheme - Small Cap Fund,2023-06-02,132.614
125497,SBI Small Cap Fund - Direct Plan - Growth,SBI Mutual Fund,Equity Scheme - Small Cap Fund,2023-06-05,133.1177
125497,SBI Small Cap Fund - Direct Plan - Growth,SBI Mutual Fund,Equity Scheme - Small Cap Fund,2023-06-06,133.5734
125497,SBI Small Cap Fund - Direct Plan - Growth,SBI Mutual Fund,Equity Scheme - Small Cap Fund,2023-06-07,134.9855
125497,SBI Small Cap Fund - Direct Plan - Growth,SBI Mutual Fund,Equity Scheme - Small Cap Fund,2023-06-08,134.5646
125497,SBI Small Cap Fund - Direct Plan - Growth,SBI Mutual Fund,Equity Scheme - Small Cap Fund,2023-06-09,134.1118
125497,SBI Small Cap Fund - Direct Plan - Growth,SBI Mutual Fund,Equity Scheme - Small Cap Fund,2023-06-12,134.7018
125497,SBI Small Cap Fund - Direct Plan - Growth,SBI Mutual Fund,Equity Scheme - Small Cap Fund,2023-06-13,135.9844
125497,SBI Small Cap Fund - Direct Plan - Growth,SBI Mutual Fund,Equity Scheme - Small Cap Fund,2023-06-14,136.5423
125497,SBI Small Cap Fund - Direct Plan - Growth,SBI Mutual Fund,Equity Scheme - Small Cap Fund,2023-06-15,136.6775
125497,SBI Small Cap Fund - Direct Plan - Growth,SBI Mutual Fund,Equity Scheme - Small Cap Fund,2023-06-16,137.2618
125497,SBI Small Cap Fund - Direct Plan - Growth,SBI Mutual Fund,Equity Scheme - Small Cap Fund,2023-06-19,137.0258
125497,SBI Small Cap Fund - Direct Plan - Growth,SBI Mutual Fund,Equity Scheme - Small Cap Fund,2023-06-20,137.3878
125497,SBI Small Cap Fund - Direct Plan - Growth,SBI Mutual Fund,Equity Scheme - Small Cap Fund,2023-06-21,137.8518
125497,SBI Small Cap Fund - Direct Plan - Growth,SBI Mutual Fund,Equity Scheme - Small Cap Fund,2023-06-22,137.2514
125497,SBI Small Cap Fund - Direct Plan - Growth,SBI Mutual Fund,Equity Scheme - Small Cap Fund,2023-06-23,136.3524
125497,SBI Small Cap Fund - Direct Plan - Growth,SBI Mutual Fund,Equity Scheme - Small Cap Fund,2023-06-26,137.1738
125497,SBI Small Cap Fund - Direct Plan - Growth,SBI Mutual Fund,Equity Scheme - Small Cap Fund,2023-06-27,137.5173
125497,SBI Small Cap Fund - Direct Plan - Growth,SBI Mutual Fund,Equity Scheme - Small Cap Fund,2023-06-28,137.561
125497,SBI Small Cap Fund - Direct Plan - Growth,SBI Mutual Fund,Equity Scheme - Small Cap Fund,2023-06-30,138.0883
125497,SBI Small Cap Fund - Direct Plan - Growth,SBI Mutual Fund,Equity Scheme - Small Cap Fund,2023-07-03,138.6742
125497,SBI Small Cap Fund - Direct Plan - Growth,SBI Mutual Fund,Equity Scheme - Small Cap Fund,2023-07-04,138.2876
125497,SBI Small Cap Fund - Direct Plan - Growth,SBI Mutual Fund,Equity Scheme - Small Cap Fund,2023-07-05,138.9579
125497,SBI Small Cap Fund - Direct Plan - Growth,SBI Mutual Fund,Equity Scheme - Small Cap Fund,2023-07-06,139.6278
125497,SBI Small Cap Fund - Direct Plan - Growth,SBI Mutual Fund,Equity Scheme - Small Cap Fund,2023-07-07,139.5112
125497,SBI Small Cap Fund - Direct Plan - Growth,SBI Mutual Fund,Equity Scheme - Small Cap Fund,2023-07-10,139.4743
125497,SBI Small Cap Fund - Direct Plan - Growth,SBI Mutual Fund,Equity Scheme - Small Cap Fund,2023-07-11,139.9054
125497,SBI Small Cap Fund - Direct Plan - Growth,SBI Mutual Fund,Equity Scheme - Small Cap Fund,2023-07-12,140.8036
125497,SBI Small Cap Fund - Direct Plan - Growth,SBI Mutual Fund,Equity Scheme - Small Cap Fund,2023-07-13,140.3448
125497,SBI Small Cap Fund - Direct Plan - Growth,SBI Mutual Fund,Equity Scheme - Small Cap Fund,2023-07-14,141.0983
125497,SBI Small Cap Fund - Direct Plan - Growth,SBI Mutual Fund,Equity Scheme - Small Cap Fund,2023-07-17,142.205
125497,SBI Small Cap Fund - Direct Plan - Growth,SBI Mutual Fund,Equity Scheme - Small Cap Fund,2023-07-18,141.8948
125497,SBI Small Cap Fund - Direct Plan - Growth,SBI Mutual Fund,Equity Scheme - Small Cap Fund,2023-07-19,142.4317
125497,SBI Small Cap Fund - Direct Plan - Growth,SBI Mutual Fund,Equity Scheme - Small Cap Fund,2023-07-20,143.0615
125497,SBI Small Cap Fund - Direct Plan - Growth,SBI Mutual Fund,Equity Scheme - Small Cap Fund,2023-07-21,142.8064
125497,SBI Small Cap Fund - Direct Plan - Growth,SBI Mutual Fund,Equity Scheme - Small Cap Fund,2023-07-24,143.1832
125497,SBI Small Cap Fund - Direct Plan - Growth,SBI Mutual Fund,Equity Scheme - Small Cap Fund,2023-07-25,143.1863
125497,SBI Small Cap Fund - Direct Plan - Growth,SBI Mutual Fund,Equity Scheme - Small Cap Fund,2023-07-26,143.6188
125497,SBI Small Cap Fund - Direct Plan - Growth,SBI Mutual Fund,Equity Scheme - Small Cap Fund,2023-07-27,143.8359
125497,SBI Small Cap Fund - Direct Plan - Growth,SBI Mutual Fund,Equity Scheme - Small Cap Fund,2023-07-28,144.5824
125497,SBI Small Cap Fund - Direct Plan - Growth,SBI Mutual Fund,Equity Scheme - Small Cap Fund,2023-07-31,146.1582
125497,SBI Small Cap Fund - Direct Plan - Growth,SBI Mutual Fund,Equity Scheme - Small Cap Fund,2023-08-01,146.7457
125497,SBI Small Cap Fund - Direct Plan - Growth,SBI Mutual Fund,Equity Scheme - Small Cap Fund,2023-08-02,145.4234
125497,SBI Small Cap Fund - Direct Plan - Growth,SBI Mutual Fund,Equity Scheme - Small Cap Fund,2023-08-03,145.0795
125497,SBI Small Cap Fund - Direct Plan - Growth,SBI Mutual Fund,Equity Scheme - Small Cap Fund,2023-08-04,145.7129
125497,SBI Small Cap Fund - Direct Plan - Growth,SBI Mutual Fund,Equity Scheme - Small Cap Fund,2023-08-07,145.7272
125497,SBI Small Cap Fund - Direct Plan - Growth,SBI Mutual Fund,Equity Scheme - Small Cap Fund,2023-08-08,145.5002
125497,SBI Small Cap Fund - Direct Plan - Growth,SBI Mutual Fund,Equity Scheme - Small Cap Fund,2023-08-09,146.3293
125497,SBI Small Cap Fund - Direct Plan - Growth,SBI Mutual Fund,Equity Scheme - Small Cap Fund,2023-08-10,145.4723
125497,SBI Small Cap Fund - Direct Plan - Growth,SBI Mutual Fund,Equity Scheme - Small Cap Fund,2023-08-11,145.5881
125497,SBI Small Cap Fund - Direct Plan - Growth,SBI Mutual Fund,Equity Scheme - Small Cap Fund,2023-08-14,145.3391
125497,SBI Small Cap Fund - Direct Plan - Growth,SBI Mutual Fund,Equity Scheme - Small Cap Fund,2023-08-16,145.847
125497,SBI Small Cap Fund - Direct Plan - Growth,SBI Mutual Fund,Equity Scheme - Small Cap Fund,2023-08-17,145.501
125497,SBI Small Cap Fund - Direct Plan - Growth,SBI Mutual Fund,Equity Scheme - Small Cap Fund,2023-08-18,145.4976
125497,SBI Small Cap Fund - Direct Plan - Growth,SBI Mutual Fund,Equity Scheme - Small Cap Fund,2023-08-21,145.9692
125497,SBI Small Cap Fund - Direct Plan - Growth,SBI Mutual Fund,Equity Scheme - Small Cap Fund,2023-08-22,147.4207
125497,SBI Small Cap Fund - Direct Plan - Growth,SBI Mutual Fund,Equity Scheme - Small Cap Fund,2023-08-23,147.6666
125497,SBI Small Cap Fund - Direct Plan - Growth,SBI Mutual Fund,Equity Scheme - Small Cap Fund,2023-08-24,147.6233
125497,SBI Small Cap Fund - Direct Plan - Growth,SBI Mutual Fund,Equity Scheme - Small Cap Fund,2023-08-25,147.0885
125497,SBI Small Cap Fund - Direct Plan - Growth,SBI Mutual Fund,Equity Scheme - Small Cap Fund,2023-08-28,148.1074
125497,SBI Small Cap Fund - Direct Plan - Growth,SBI Mutual Fund,Equity Scheme - Small Cap Fund,2023-08-29,148.5692
125497,SBI Small Cap Fund - Direct Plan - Growth,SBI Mutual Fund,Equity Scheme - Small Cap Fund,2023-08-30,149.2884
125497,SBI Small Cap Fund - Direct Plan - Growth,SBI Mutual Fund,Equity Scheme - Small Cap Fund,2023-08-31,150.2306
125497,SBI Small Cap Fund - Direct Plan - Growth,SBI Mutual Fund,Equity Scheme - Small Cap Fund,2023-09-01,150.4126
125497,SBI Small Cap Fund - Direct Plan - Growth,SBI Mutual Fund,Equity Scheme - Small Cap Fund,2023-09-04,151.5748
125497,SBI Small Cap Fund - Direct Plan - Growth,SBI Mutual Fund,Equity Scheme - Small Cap Fund,2023-09-05,151.7655
125497,SBI Small Cap Fund - Direct Plan - Growth,SBI Mutual Fund,Equity Scheme - Small Cap Fund,2023-09-06,151.6147
125497,SBI Small Cap Fund - Direct Plan - Growth,SBI Mutual Fund,Equity Scheme - Small Cap Fund,2023-09-07,153.151
125497,SBI Small Cap Fund - Direct Plan - Growth,SBI Mutual Fund,Equity Scheme - Small Cap Fund,2023-09-08,153.8431
125497,SBI Small Cap Fund - Direct Plan - Growth,SBI Mutual Fund,Equity Scheme - Small Cap Fund,2023-09-11,154.9908
125497,SBI Small Cap Fund - Direct Plan - Growth,SBI Mutual Fund,Equity Scheme - Small Cap Fund,2023-09-12,151.6583
125497,SBI Small Cap Fund - Direct Plan - Growth,SBI Mutual Fund,Equity Scheme - Small Cap Fund,2023-09-13,151.9055
125497,SBI Small Cap Fund - Direct Plan - Growth,SBI Mutual Fund,Equity Scheme - Small Cap Fund,2023-09-14,153.1389
125497,SBI Small Cap Fund - Direct Plan - Growth,SBI Mutual Fund,Equity Scheme - Small Cap Fund,2023-09-15,153.193
125497,SBI Small Cap Fund - Direct Plan - Growth,SBI Mutual Fund,Equity Scheme - Small Cap Fund,2023-09-18,152.7061
125497,SBI Small Cap Fund - Direct Plan - Growth,SBI Mutual Fund,Equity Scheme - Small Cap Fund,2023-09-20,152.9313
125497,SBI Small Cap Fund - Direct Plan - Growth,SBI Mutual Fund,Equity Scheme - Small Cap Fund,2023-09-21,150.8272
125497,SBI Small Cap Fund - Direct Plan - Growth,SBI Mutual Fund,Equity Scheme - Small Cap Fund,2023-09-22,151.2597
125497,SBI Small Cap Fund - Direct Plan - Growth,SBI Mutual Fund,Equity Scheme - Small Cap Fund,2023-09-25,151.1966
125497,SBI Small Cap Fund - Direct Plan - Growth,SBI Mutual Fund,Equity Scheme - Small Cap Fund,2023-09-26,151.1526
125497,SBI Small Cap Fund - Direct Plan - Growth,SBI Mutual Fund,Equity Scheme - Small Cap Fund,2023-09-27,151.7553
125497,SBI Small Cap Fund - Direct Plan - Growth,SBI Mutual Fund,Equity Scheme - Small Cap Fund,2023-09-29,151.2497
125497,SBI Small Cap Fund - Direct Plan - Growth,SBI Mutual Fund,Equity Scheme - Small Cap Fund,2023-10-03,151.7295
125497,SBI Small Cap Fund - Direct Plan - Growth,SBI Mutual Fund,Equity Scheme - Small Cap Fund,2023-10-04,150.848
125497,SBI Small Cap Fund - Direct Plan - Growth,SBI Mutual Fund,Equity Scheme - Small Cap Fund,2023-10-05,151.0584
125497,SBI Small Cap Fund - Direct Plan - Growth,SBI Mutual Fund,Equity Scheme - Small Cap Fund,2023-10-06,151.72
125497,SBI Small Cap Fund - Direct Plan - Growth,SBI Mutual Fund,Equity Scheme - Small Cap Fund,2023-10-09,149.6845
125497,SBI Small Cap Fund - Direct Plan - Growth,SBI Mutual Fund,Equity Scheme - Small Cap Fund,2023-10-10,150.8563
125497,SBI Small Cap Fund - Direct Plan - Growth,SBI Mutual Fund,Equity Scheme - Small Cap Fund,2023-10-11,151.7229
125497,SBI Small Cap Fund - Direct Plan - Growth,SBI Mutual Fund,Equity Scheme - Small Cap Fund,2023-10-12,152.0191
125497,SBI Small Cap Fund - Direct Plan - Growth,SBI Mutual Fund,Equity Scheme - Small Cap Fund,2023-10-13,151.9922
125497,SBI Small Cap Fund - Direct Plan - Growth,SBI Mutual Fund,Equity Scheme - Small Cap Fund,2023-10-16,152.9747
125497,SBI Small Cap Fund - Direct Plan - Growth,SBI Mutual Fund,Equity Scheme - Small Cap Fund,2023-10-17,153.4866
125497,SBI Small Cap Fund - Direct Plan - Growth,SBI Mutual Fund,Equity Scheme - Small Cap Fund,2023-10-18,153.6252
125497,SBI Small Cap Fund - Direct Plan - Growth,SBI Mutual Fund,Equity Scheme - Small Cap Fund,2023-10-19,153.637
125497,SBI Small Cap Fund - Direct Plan - Growth,SBI Mutual Fund,Equity Scheme - Small Cap Fund,2023-10-20,152.8916
125497,SBI Small Cap Fund - Direct Plan - Growth,SBI Mutual Fund,Equity Scheme - Small Cap Fund,2023-10-23,148.0186
125497,SBI Small Cap Fund - Direct Plan - Growth,SBI Mutual Fund,Equity Scheme - Small Cap Fund,2023-10-25,146.7862
125497,SBI Small Cap Fund - Direct Plan - Growth,SBI Mutual Fund,Equity Scheme - Small Cap Fund,2023-10-26,145.453
125497,SBI Small Cap Fund - Direct Plan - Growth,SBI Mutual Fund,Equity Scheme - Small Cap Fund,2023-10-27,147.2793
125497,SBI Small Cap Fund - Direct Plan - Growth,SBI Mutual Fund,Equity Scheme - Small Cap Fund,2023-10-30,147.1974
125497,SBI Small Cap Fund - Direct Plan - Growth,SBI Mutual Fund,Equity Scheme - Small Cap Fund,2023-10-31,147.5626
125497,SBI Small Cap Fund - Direct Plan - Growth,SBI Mutual Fund,Equity Scheme - Small Cap Fund,2023-11-01,147.1546
125497,SBI Small Cap Fund - Direct Plan - Growth,SBI Mutual Fund,Equity Scheme - Small Cap Fund,2023-11-02,147.8192
125497,SBI Small Cap Fund - Direct Plan - Growth,SBI Mutual Fund,Equity Scheme - Small Cap Fund,2023-11-03,148.7205
125497,SBI Small Cap Fund - Direct Plan - Growth,SBI Mutual Fund,Equity Scheme - Small Cap Fund,2023-11-06,149.592
125497,SBI Small Cap Fund - Direct Plan - Growth,SBI Mutual Fund,Equity Scheme - Small Cap Fund,2023-11-07,150.0494
125497,SBI Small Cap Fund - Direct Plan - Growth,SBI Mutual Fund,Equity Scheme - Small Cap Fund,2023-11-08,150.5331
125497,SBI Small Cap Fund - Direct Plan - Growth,SBI Mutual Fund,Equity Scheme - Small Cap Fund,2023-11-09,150.3998
125497,SBI Small Cap Fund - Direct Plan - Growth,SBI Mutual Fund,Equity Scheme - Small Cap Fund,2023-11-10,150.5781
125497,SBI Small Cap Fund - Direct Plan - Growth,SBI Mutual Fund,Equity Scheme - Small Cap Fund,2023-11-13,151.314
125497,SBI Small Cap Fund - Direct Plan - Growth,SBI Mutual Fund,Equity Scheme - Small Cap Fund,2023-11-15,152.7398
125497,SBI Small Cap Fund - Direct Plan - Growth,SBI Mutual Fund,Equity Scheme - Small Cap Fund,2023-11-16,152.8377
125497,SBI Small Cap Fund - Direct Plan - Growth,SBI Mutual Fund,Equity Scheme - Small Cap Fund,2023-11-17,153.408
125497,SBI Small Cap Fund - Direct Plan - Growth,SBI Mutual Fund,Equity Scheme - Small Cap Fund,2023-11-20,153.9873
125497,SBI Small Cap Fund - Direct Plan - Growth,SBI Mutual Fund,Equity Scheme - Small Cap Fund,2023-11-21,154.9701
125497,SBI Small Cap Fund - Direct Plan - Growth,SBI Mutual Fund,Equity Scheme - Small Cap Fund,2023-11-22,154.4341
125497,SBI Small Cap Fund - Direct Plan - Growth,SBI Mutual Fund,Equity Scheme - Small Cap Fund,2023-11-23,154.3926
125497,SBI Small Cap Fund - Direct Plan - Growth,SBI Mutual Fund,Equity Scheme - Small Cap Fund,2023-11-24,154.683
125497,SBI Small Cap Fund - Direct Plan - Growth,SBI Mutual Fund,Equity Scheme - Small Cap Fund,2023-11-28,155.6451
125497,SBI Small Cap Fund - Direct Plan - Growth,SBI Mutual Fund,Equity Scheme - Small Cap Fund,2023-11-29,155.7105
125497,SBI Small Cap Fund - Direct Plan - Growth,SBI Mutual Fund,Equity Scheme - Small Cap Fund,2023-11-30,157.4314
125497,SBI Small Cap Fund - Direct Plan - Growth,SBI Mutual Fund,Equity Scheme - Small Cap Fund,2023-12-01,157.4176
125497,SBI Small Cap Fund - Direct Plan - Growth,SBI Mutual Fund,Equity Scheme - Small Cap Fund,2023-12-04,158.8101
125497,SBI Small Cap Fund - Direct Plan - Growth,SBI Mutual Fund,Equity Scheme - Small Cap Fund,2023-12-05,159.5041
125497,SBI Small Cap Fund - Direct Plan - Growth,SBI Mutual Fund,Equity Scheme - Small Cap Fund,2023-12-06,159.4849
125497,SBI Small Cap Fund - Direct Plan - Growth,SBI Mutual Fund,Equity Scheme - Small Cap Fund,2023-12-07,159.9568
125497,SBI Small Cap Fund - Direct Plan - Growth,SBI Mutual Fund,Equity Scheme - Small Cap Fund,2023-12-08,159.5553
125497,SBI Small Cap Fund - Direct Plan - Growth,SBI Mutual Fund,Equity Scheme - Small Cap Fund,2023-12-11,159.7954
125497,SBI Small Cap Fund - Direct Plan - Growth,SBI Mutual Fund,Equity Scheme - Small Cap Fund,2023-12-12,159.4436
125497,SBI Small Cap Fund - Direct Plan - Growth,SBI Mutual Fund,Equity Scheme - Small Cap Fund,2023-12-13,159.9402
125497,SBI Small Cap Fund - Direct Plan - Growth,SBI Mutual Fund,Equity Scheme - Small Cap Fund,2023-12-14,161.0609
125497,SBI Small Cap Fund - Direct Plan - Growth,SBI Mutual Fund,Equity Scheme - Small Cap Fund,2023-12-15,161.5428
125497,SBI Small Cap Fund - Direct Plan - Growth,SBI Mutual Fund,Equity Scheme - Small Cap Fund,2023-12-18,161.4356
125497,SBI Small Cap Fund - Direct Plan - Growth,SBI Mutual Fund,Equity Scheme - Small Cap Fund,2023-12-19,161.0618
125497,SBI Small Cap Fund - Direct Plan - Growth,SBI Mutual Fund,Equity Scheme - Small Cap Fund,2023-12-20,157.127
125497,SBI Small Cap Fund - Direct Plan - Growth,SBI Mutual Fund,Equity Scheme - Small Cap Fund,2023-12-21,158.6327
125497,SBI Small Cap Fund - Direct Plan - Growth,SBI Mutual Fund,Equity Scheme - Small Cap Fund,2023-12-22,159.2023
125497,SBI Small Cap Fund - Direct Plan - Growth,SBI Mutual Fund,Equity Scheme - Small Cap Fund,2023-12-26,159.3241
125497,SBI Small Cap Fund - Direct Plan - Growth,SBI Mutual Fund,Equity Scheme - Small Cap Fund,2023-12-27,159.8029
125497,SBI Small Cap Fund - Direct Plan - Growth,SBI Mutual Fund,Equity Scheme - Small Cap Fund,2023-12-28,159.9625
125497,SBI Small Cap Fund - Direct Plan - Growth,SBI Mutual Fund,Equity Scheme - Small Cap Fund,2023-12-29,161.2357
125497,SBI Small Cap Fund - Direct Plan - Growth,SBI Mutual Fund,Equity Scheme - Small Cap Fund,2024-01-01,161.4272
125497,SBI Small Cap Fund - Direct Plan - Growth,SBI Mutual Fund,Equity Scheme - Small Cap Fund,2024-01-02,162.0646
125497,SBI Small Cap Fund - Direct Plan - Growth,SBI Mutual Fund,Equity Scheme - Small Cap Fund,2024-01-03,162.106
125497,SBI Small Cap Fund - Direct Plan - Growth,SBI Mutual Fund,Equity Scheme - Small Cap Fund,2024-01-04,162.7609
125497,SBI Small Cap Fund - Direct Plan - Growth,SBI Mutual Fund,Equity Scheme - Small Cap Fund,2024-01-05,163.7499
125497,SBI Small Cap Fund - Direct Plan - Growth,SBI Mutual Fund,Equity Scheme - Small Cap Fund,2024-01-08,162.5916
125497,SBI Small Cap Fund - Direct Plan - Growth,SBI Mutual Fund,Equity Scheme - Small Cap Fund,2024-01-09,162.8311
125497,SBI Small Cap Fund - Direct Plan - Growth,SBI Mutual Fund,Equity Scheme - Small Cap Fund,2024-01-10,162.7562
125497,SBI Small Cap Fund - Direct Plan - Growth,SBI Mutual Fund,Equity Scheme - Small Cap Fund,2024-01-11,163.7165
125497,SBI Small Cap Fund - Direct Plan - Growth,SBI Mutual Fund,Equity Scheme - Small Cap Fund,2024-01-12,164.2106
125497,SBI Small Cap Fund - Direct Plan - Growth,SBI Mutual Fund,Equity Scheme - Small Cap Fund,2024-01-15,165.0183
125497,SBI Small Cap Fund - Direct Plan - Growth,SBI Mutual Fund,Equity Scheme - Small Cap Fund,2024-01-16,164.4321
125497,SBI Small Cap Fund - Direct Plan - Growth,SBI Mutual Fund,Equity Scheme - Small Cap Fund,2024-01-17,162.9031
125497,SBI Small Cap Fund - Direct Plan - Growth,SBI Mutual Fund,Equity Scheme - Small Cap Fund,2024-01-18,162.2609
125497,SBI Small Cap Fund - Direct Plan - Growth,SBI Mutual Fund,Equity Scheme - Small Cap Fund,2024-01-19,162.8323
125497,SBI Small Cap Fund - Direct Plan - Growth,SBI Mutual Fund,Equity Scheme - Small Cap Fund,2024-01-23,161.1305
125497,SBI Small Cap Fund - Direct Plan - Growth,SBI Mutual Fund,Equity Scheme - Small Cap Fund,2024-01-24,162.9044
125497,SBI Small Cap Fund - Direct Plan - Growth,SBI Mutual Fund,Equity Scheme - Small Cap Fund,2024-01-25,163.0642
125497,SBI Small Cap Fund - Direct Plan - Growth,SBI Mutual Fund,Equity Scheme - Small Cap Fund,2024-01-29,164.243
125497,SBI Small Cap Fund - Direct Plan - Growth,SBI Mutual Fund,Equity Scheme - Small Cap Fund,2024-01-30,163.8854
125497,SBI Small Cap Fund - Direct Plan - Growth,SBI Mutual Fund,Equity Scheme - Small Cap Fund,2024-01-31,167.0853
125497,SBI Small Cap Fund - Direct Plan - Growth,SBI Mutual Fund,Equity Scheme - Small Cap Fund,2024-02-01,166.5191
125497,SBI Small Cap Fund - Direct Plan - Growth,SBI Mutual Fund,Equity Scheme - Small Cap Fund,2024-02-02,166.8172
125497,SBI Small Cap Fund - Direct Plan - Growth,SBI Mutual Fund,Equity Scheme - Small Cap Fund,2024-02-05,165.8049
125497,SBI Small Cap Fund - Direct Plan - Growth,SBI Mutual Fund,Equity Scheme - Small Cap Fund,2024-02-06,168.0277
125497,SBI Small Cap Fund - Direct Plan - Growth,SBI Mutual Fund,Equity Scheme - Small Cap Fund,2024-02-07,168.7067
125497,SBI Small Cap Fund - Direct Plan - Growth,SBI Mutual Fund,Equity Scheme - Small Cap Fund,2024-02-08,168.6894
125497,SBI Small Cap Fund - Direct Plan - Growth,SBI Mutual Fund,Equity Scheme - Small Cap Fund,2024-02-09,168.0813
125497,SBI Small Cap Fund - Direct Plan - Growth,SBI Mutual Fund,Equity Scheme - Small Cap Fund,2024-02-12,165.3607
125497,SBI Small Cap Fund - Direct Plan - Growth,SBI Mutual Fund,Equity Scheme - Small Cap Fund,2024-02-13,166.3553
125497,SBI Small Cap Fund - Direct Plan - Growth,SBI Mutual Fund,Equity Scheme - Small Cap Fund,2024-02-14,168.0551
125497,SBI Small Cap Fund - Direct Plan - Growth,SBI Mutual Fund,Equity Scheme - Small Cap Fund,2024-02-15,168.783
125497,SBI Small Cap Fund - Direct Plan - Growth,SBI Mutual Fund,Equity Scheme - Small Cap Fund,2024-02-16,169.6879
125497,SBI Small Cap Fund - Direct Plan - Growth,SBI Mutual Fund,Equity Scheme - Small Cap Fund,2024-02-19,169.6421
125497,SBI Small Cap Fund - Direct Plan - Growth,SBI Mutual Fund,Equity Scheme - Small Cap Fund,2024-02-20,169.7975
125497,SBI Small Cap Fund - Direct Plan - Growth,SBI Mutual Fund,Equity Scheme - Small Cap Fund,2024-02-21,169.2609
125497,SBI Small Cap Fund - Direct Plan - Growth,SBI Mutual Fund,Equity Scheme - Small Cap Fund,2024-02-22,169.453
125497,SBI Small Cap Fund - Direct Plan - Growth,SBI Mutual Fund,Equity Scheme - Small Cap Fund,2024-02-23,170.7513
125497,SBI Small Cap Fund - Direct Plan - Growth,SBI Mutual Fund,Equity Scheme - Small Cap Fund,2024-02-26,170.7723
125497,SBI Small Cap Fund - Direct Plan - Growth,SBI Mutual Fund,Equity Scheme - Small Cap Fund,2024-02-27,171.1506
125497,SBI Small Cap Fund - Direct Plan - Growth,SBI Mutual Fund,Equity Scheme - Small Cap Fund,2024-02-28,169.6781
125497,SBI Small Cap Fund - Direct Plan - Growth,SBI Mutual Fund,Equity Scheme - Small Cap Fund,2024-02-29,169.9634
125497,SBI Small Cap Fund - Direct Plan - Growth,SBI Mutual Fund,Equity Scheme - Small Cap Fund,2024-03-01,171.3862
125497,SBI Small Cap Fund - Direct Plan - Growth,SBI Mutual Fund,Equity Scheme - Small Cap Fund,2024-03-04,172.0116
125497,SBI Small Cap Fund - Direct Plan - Growth,SBI Mutual Fund,Equity Scheme - Small Cap Fund,2024-03-05,171.4449
125497,SBI Small Cap Fund - Direct Plan - Growth,SBI Mutual Fund,Equity Scheme - Small Cap Fund,2024-03-06,168.7803
125497,SBI Small Cap Fund - Direct Plan - Growth,SBI Mutual Fund,Equity Scheme - Small Cap Fund,2024-03-07,169.9846
125497,SBI Small Cap Fund - Direct Plan - Growth,SBI Mutual Fund,Equity Scheme - Small Cap Fund,2024-03-11,168.4794
125497,SBI Small Cap Fund - Direct Plan - Growth,SBI Mutual Fund,Equity Scheme - Small Cap Fund,2024-03-12,166.2062
125497,SBI Small Cap Fund - Direct Plan - Growth,SBI Mutual Fund,Equity Scheme - Small Cap Fund,2024-03-13,160.5835
125497,SBI Small Cap Fund - Direct Plan - Growth,SBI Mutual Fund,Equity Scheme - Small Cap Fund,2024-03-14,162.5619
125497,SBI Small Cap Fund - Direct Plan - Growth,SBI Mutual Fund,Equity Scheme - Small Cap Fund,2024-03-15,162.6157
125497,SBI Small Cap Fund - Direct Plan - Growth,SBI Mutual Fund,Equity Scheme - Small Cap Fund,2024-03-18,163.1055
125497,SBI Small Cap Fund - Direct Plan - Growth,SBI Mutual Fund,Equity Scheme - Small Cap Fund,2024-03-19,162.3885
125497,SBI Small Cap Fund - Direct Plan - Growth,SBI Mutual Fund,Equity Scheme - Small Cap Fund,2024-03-20,162.0769
125497,SBI Small Cap Fund - Direct Plan - Growth,SBI Mutual Fund,Equity Scheme - Small Cap Fund,2024-03-21,165.0148
125497,SBI Small Cap Fund - Direct Plan - Growth,SBI Mutual Fund,Equity Scheme - Small Cap Fund,2024-03-22,166.5897
125497,SBI Small Cap Fund - Direct Plan - Growth,SBI Mutual Fund,Equity Scheme - Small Cap Fund,2024-03-26,166.3844
125497,SBI Small Cap Fund - Direct Plan - Growth,SBI Mutual Fund,Equity Scheme - Small Cap Fund,2024-03-27,167.1819
125497,SBI Small Cap Fund - Direct Plan - Growth,SBI Mutual Fund,Equity Scheme - Small Cap Fund,2024-03-28,167.8139
125497,SBI Small Cap Fund - Direct Plan - Growth,SBI Mutual Fund,Equity Scheme - Small Cap Fund,2024-03-31,167.8136
125497,SBI Small Cap Fund - Direct Plan - Growth,SBI Mutual Fund,Equity Scheme - Small Cap Fund,2024-04-01,171.3184
125497,SBI Small Cap Fund - Direct Plan - Growth,SBI Mutual Fund,Equity Scheme - Small Cap Fund,2024-04-02,172.3272
125497,SBI Small Cap Fund - Direct Plan - Growth,SBI Mutual Fund,Equity Scheme - Small Cap Fund,2024-04-03,173.6926
125497,SBI Small Cap Fund - Direct Plan - Growth,SBI Mutual Fund,Equity Scheme - Small Cap Fund,2024-04-04,174.6364
125497,SBI Small Cap Fund - Direct Plan - Growth,SBI Mutual Fund,Equity Scheme - Small Cap Fund,2024-04-05,175.3538
125497,SBI Small Cap Fund - Direct Plan - Growth,SBI Mutual Fund,Equity Scheme - Small Cap Fund,2024-04-08,175.5646
125497,SBI Small Cap Fund - Direct Plan - Growth,SBI Mutual Fund,Equity Scheme - Small Cap Fund,2024-04-09,175.3061
125497,SBI Small Cap Fund - Direct Plan - Growth,SBI Mutual Fund,Equity Scheme - Small Cap Fund,2024-04-10,176.9202
125497,SBI Small Cap Fund - Direct Plan - Growth,SBI Mutual Fund,Equity Scheme - Small Cap Fund,2024-04-12,175.8047
125497,SBI Small Cap Fund - Direct Plan - Growth,SBI Mutual Fund,Equity Scheme - Small Cap Fund,2024-04-15,174.1554
125497,SBI Small Cap Fund - Direct Plan - Growth,SBI Mutual Fund,Equity Scheme - Small Cap Fund,2024-04-16,174.6419
125497,SBI Small Cap Fund - Direct Plan - Growth,SBI Mutual Fund,Equity Scheme - Small Cap Fund,2024-04-18,174.7465
125497,SBI Small Cap Fund - Direct Plan - Growth,SBI Mutual Fund,Equity Scheme - Small Cap Fund,2024-04-19,175.6445
125497,SBI Small Cap Fund - Direct Plan - Growth,SBI Mutual Fund,Equity Scheme - Small Cap Fund,2024-04-22,177.2586
125497,SBI Small Cap Fund - Direct Plan - Growth,SBI Mutual Fund,Equity Scheme - Small Cap Fund,2024-04-23,178.2084
125497,SBI Small Cap Fund - Direct Plan - Growth,SBI Mutual Fund,Equity Scheme - Small Cap Fund,2024-04-24,179.5328
125497,SBI Small Cap Fund - Direct Plan - Growth,SBI Mutual Fund,Equity Scheme - Small Cap Fund,2024-04-25,180.4345
125497,SBI Small Cap Fund - Direct Plan - Growth,SBI Mutual Fund,Equity Scheme - Small Cap Fund,2024-04-26,180.425
125497,SBI Small Cap Fund - Direct Plan - Growth,SBI Mutual Fund,Equity Scheme - Small Cap Fund,2024-04-29,181.053
125497,SBI Small Cap Fund - Direct Plan - Growth,SBI Mutual Fund,Equity Scheme - Small Cap Fund,2024-04-30,181.4347
125497,SBI Small Cap Fund - Direct Plan - Growth,SBI Mutual Fund,Equity Scheme - Small Cap Fund,2024-05-02,181.828
125497,SBI Small Cap Fund - Direct Plan - Growth,SBI Mutual Fund,Equity Scheme - Small Cap Fund,2024-05-03,180.5829
125497,SBI Small Cap Fund - Direct Plan - Growth,SBI Mutual Fund,Equity Scheme - Small Cap Fund,2024-05-06,179.8196
125497,SBI Small Cap Fund - Direct Plan - Growth,SBI Mutual Fund,Equity Scheme - Small Cap Fund,2024-05-07,178.2565
125497,SBI Small Cap Fund - Direct Plan - Growth,SBI Mutual Fund,Equity Scheme - Small Cap Fund,2024-05-08,179.0846
125497,SBI Small Cap Fund - Direct Plan - Growth,SBI Mutual Fund,Equity Scheme - Small Cap Fund,2024-05-09,174.9782
125497,SBI Small Cap Fund - Direct Plan - Growth,SBI Mutual Fund,Equity Scheme - Small Cap Fund,2024-05-10,175.7796
125497,SBI Small Cap Fund - Direct Plan - Growth,SBI Mutual Fund,Equity Scheme - Small Cap Fund,2024-05-13,175.8048
125497,SBI Small Cap Fund - Direct Plan - Growth,SBI Mutual Fund,Equity Scheme - Small Cap Fund,2024-05-14,177.7655
125497,SBI Small Cap Fund - Direct Plan - Growth,SBI Mutual Fund,Equity Scheme - Small Cap Fund,2024-05-15,179.5407
125497,SBI Small Cap Fund - Direct Plan - Growth,SBI Mutual Fund,Equity Scheme - Small Cap Fund,2024-05-16,181.9138
125497,SBI Small Cap Fund - Direct Plan - Growth,SBI Mutual Fund,Equity Scheme - Small Cap Fund,2024-05-17,183.6697
125497,SBI Small Cap Fund - Direct Plan - Growth,SBI Mutual Fund,Equity Scheme - Small Cap Fund,2024-05-21,184.7749
125497,SBI Small Cap Fund - Direct Plan - Growth,SBI Mutual Fund,Equity Scheme - Small Cap Fund,2024-05-22,185.1718
125497,SBI Small Cap Fund - Direct Plan - Growth,SBI Mutual Fund,Equity Scheme - Small Cap Fund,2024-05-23,184.8647
125497,SBI Small Cap Fund - Direct Plan - Growth,SBI Mutual Fund,Equity Scheme - Small Cap Fund,2024-05-24,184.2296
125497,SBI Small Cap Fund - Direct Plan - Growth,SBI Mutual Fund,Equity Scheme - Small Cap Fund,2024-05-27,183.9672
125497,SBI Small Cap Fund - Direct Plan - Growth,SBI Mutual Fund,Equity Scheme - Small Cap Fund,2024-05-28,183.2963
125497,SBI Small Cap Fund - Direct Plan - Growth,SBI Mutual Fund,Equity Scheme - Small Cap Fund,2024-05-29,183.9199
125497,SBI Small Cap Fund - Direct Plan - Growth,SBI Mutual Fund,Equity Scheme - Small Cap Fund,2024-05-30,181.9907
125497,SBI Small Cap Fund - Direct Plan - Growth,SBI Mutual Fund,Equity Scheme - Small Cap Fund,2024-05-31,183.555
125497,SBI Small Cap Fund - Direct Plan - Growth,SBI Mutual Fund,Equity Scheme - Small Cap Fund,2024-06-03,186.9155
125497,SBI Small Cap Fund - Direct Plan - Growth,SBI Mutual Fund,Equity Scheme - Small Cap Fund,2024-06-04,178.3591
125497,SBI Small Cap Fund - Direct Plan - Growth,SBI Mutual Fund,Equity Scheme - Small Cap Fund,2024-06-05,183.0496
125497,SBI Small Cap Fund - Direct Plan - Growth,SBI Mutual Fund,Equity Scheme - Small Cap Fund,2024-06-06,186.5083
125497,SBI Small Cap Fund - Direct Plan - Growth,SBI Mutual Fund,Equity Scheme - Small Cap Fund,2024-06-07,189.5698
125497,SBI Small Cap Fund - Direct Plan - Growth,SBI Mutual Fund,Equity Scheme - Small Cap Fund,2024-06-10,192.3518
125497,SBI Small Cap Fund - Direct Plan - Growth,SBI Mutual Fund,Equity Scheme - Small Cap Fund,2024-06-11,193.7358
125497,SBI Small Cap Fund - Direct Plan - Growth,SBI Mutual Fund,Equity Scheme - Small Cap Fund,2024-06-12,195.4415
125497,SBI Small Cap Fund - Direct Plan - Growth,SBI Mutual Fund,Equity Scheme - Small Cap Fund,2024-06-13,196.4383
125497,SBI Small Cap Fund - Direct Plan - Growth,SBI Mutual Fund,Equity Scheme - Small Cap Fund,2024-06-14,198.1281
125497,SBI Small Cap Fund - Direct Plan - Growth,SBI Mutual Fund,Equity Scheme - Small Cap Fund,2024-06-18,198.2516
125497,SBI Small Cap Fund - Direct Plan - Growth,SBI Mutual Fund,Equity Scheme - Small Cap Fund,2024-06-19,197.8645
125497,SBI Small Cap Fund - Direct Plan - Growth,SBI Mutual Fund,Equity Scheme - Small Cap Fund,2024-06-20,198.7321
125497,SBI Small Cap Fund - Direct Plan - Growth,SBI Mutual Fund,Equity Scheme - Small Cap Fund,2024-06-21,198.8453
125497,SBI Small Cap Fund - Direct Plan - Growth,SBI Mutual Fund,Equity Scheme - Small Cap Fund,2024-06-24,198.9645
125497,SBI Small Cap Fund - Direct Plan - Growth,SBI Mutual Fund,Equity Scheme - Small Cap Fund,2024-06-25,199.2888
125497,SBI Small Cap Fund - Direct Plan - Growth,SBI Mutual Fund,Equity Scheme - Small Cap Fund,2024-06-26,198.6826
125497,SBI Small Cap Fund - Direct Plan - Growth,SBI Mutual Fund,Equity Scheme - Small Cap Fund,2024-06-27,197.541
125497,SBI Small Cap Fund - Direct Plan - Growth,SBI Mutual Fund,Equity Scheme - Small Cap Fund,2024-06-28,197.8746
125497,SBI Small Cap Fund - Direct Plan - Growth,SBI Mutual Fund,Equity Scheme - Small Cap Fund,2024-06-30,197.8755
125497,SBI Small Cap Fund - Direct Plan - Growth,SBI Mutual Fund,Equity Scheme - Small Cap Fund,2024-07-01,200.4556
125497,SBI Small Cap Fund - Direct Plan - Growth,SBI Mutual Fund,Equity Scheme - Small Cap Fund,2024-07-02,200.5912
125497,SBI Small Cap Fund - Direct Plan - Growth,SBI Mutual Fund,Equity Scheme - Small Cap Fund,2024-07-03,202.9049
125497,SBI Small Cap Fund - Direct Plan - Growth,SBI Mutual Fund,Equity Scheme - Small Cap Fund,2024-07-04,203.5723
125497,SBI Small Cap Fund - Direct Plan - Growth,SBI Mutual Fund,Equity Scheme - Small Cap Fund,2024-07-05,204.8921
125497,SBI Small Cap Fund - Direct Plan - Growth,SBI Mutual Fund,Equity Scheme - Small Cap Fund,2024-07-08,203.9505
125497,SBI Small Cap Fund - Direct Plan - Growth,SBI Mutual Fund,Equity Scheme - Small Cap Fund,2024-07-09,204.7434
125497,SBI Small Cap Fund - Direct Plan - Growth,SBI Mutual Fund,Equity Scheme - Small Cap Fund,2024-07-10,204.005
125497,SBI Small Cap Fund - Direct Plan - Growth,SBI Mutual Fund,Equity Scheme - Small Cap Fund,2024-07-11,205.3326
125497,SBI Small Cap Fund - Direct Plan - Growth,SBI Mutual Fund,Equity Scheme - Small Cap Fund,2024-07-12,204.3766
125497,SBI Small Cap Fund - Direct Plan - Growth,SBI Mutual Fund,Equity Scheme - Small Cap Fund,2024-07-15,204.2651
125497,SBI Small Cap Fund - Direct Plan - Growth,SBI Mutual Fund,Equity Scheme - Small Cap Fund,2024-07-16,204.6439
125497,SBI Small Cap Fund - Direct Plan - Growth,SBI Mutual Fund,Equity Scheme - Small Cap Fund,2024-07-18,203.6047
125497,SBI Small Cap Fund - Direct Plan - Growth,SBI Mutual Fund,Equity Scheme - Small Cap Fund,2024-07-19,200.7347
125497,SBI Small Cap Fund - Direct Plan - Growth,SBI Mutual Fund,Equity Scheme - Small Cap Fund,2024-07-22,202.0355
125497,SBI Small Cap Fund - Direct Plan - Growth,SBI Mutual Fund,Equity Scheme - Small Cap Fund,2024-07-23,201.7018
125497,SBI Small Cap Fund - Direct Plan - Growth,SBI Mutual Fund,Equity Scheme - Small Cap Fund,2024-07-24,204.4677
125497,SBI Small Cap Fund - Direct Plan - Growth,SBI Mutual Fund,Equity Scheme - Small Cap Fund,2024-07-25,203.7419
125497,SBI Small Cap Fund - Direct Plan - Growth,SBI Mutual Fund,Equity Scheme - Small Cap Fund,2024-07-26,205.4205
125497,SBI Small Cap Fund - Direct Plan - Growth,SBI Mutual Fund,Equity Scheme - Small Cap Fund,2024-07-29,208.2548
125497,SBI Small Cap Fund - Direct Plan - Growth,SBI Mutual Fund,Equity Scheme - Small Cap Fund,2024-07-30,208.6912
125497,SBI Small Cap Fund - Direct Plan - Growth,SBI Mutual Fund,Equity Scheme - Small Cap Fund,2024-07-31,208.4358
125497,SBI Small Cap Fund - Direct Plan - Growth,SBI Mutual Fund,Equity Scheme - Small Cap Fund,2024-08-01,207.8403
125497,SBI Small Cap Fund - Direct Plan - Growth,SBI Mutual Fund,Equity Scheme - Small Cap Fund,2024-08-02,206.2035
125497,SBI Small Cap Fund - Direct Plan - Growth,SBI Mutual Fund,Equity Scheme - Small Cap Fund,2024-08-05,199.5619
125497,SBI Small Cap Fund - Direct Plan - Growth,SBI Mutual Fund,Equity Scheme - Small Cap Fund,2024-08-06,199.0114
125497,SBI Small Cap Fund - Direct Plan - Growth,SBI Mutual Fund,Equity Scheme - Small Cap Fund,2024-08-07,202.0034
125497,SBI Small Cap Fund - Direct Plan - Growth,SBI Mutual Fund,Equity Scheme - Small Cap Fund,2024-08-08,201.0925
125497,SBI Small Cap Fund - Direct Plan - Growth,SBI Mutual Fund,Equity Scheme - Small Cap Fund,2024-08-09,201.5699
125497,SBI Small Cap Fund - Direct Plan - Growth,SBI Mutual Fund,Equity Scheme - Small Cap Fund,2024-08-12,202.1742
125497,SBI Small Cap Fund - Direct Plan - Growth,SBI Mutual Fund,Equity Scheme - Small Cap Fund,2024-08-13,201.6101
125497,SBI Small Cap Fund - Direct Plan - Growth,SBI Mutual Fund,Equity Scheme - Small Cap Fund,2024-08-14,200.5532
125497,SBI Small Cap Fund - Direct Plan - Growth,SBI Mutual Fund,Equity Scheme - Small Cap Fund,2024-08-16,202.8471
125497,SBI Small Cap Fund - Direct Plan - Growth,SBI Mutual Fund,Equity Scheme - Small Cap Fund,2024-08-19,204.1016
125497,SBI Small Cap Fund - Direct Plan - Growth,SBI Mutual Fund,Equity Scheme - Small Cap Fund,2024-08-20,204.2778
125497,SBI Small Cap Fund - Direct Plan - Growth,SBI Mutual Fund,Equity Scheme - Small Cap Fund,2024-08-21,205.6904
125497,SBI Small Cap Fund - Direct Plan - Growth,SBI Mutual Fund,Equity Scheme - Small Cap Fund,2024-08-22,206.1419
125497,SBI Small Cap Fund - Direct Plan - Growth,SBI Mutual Fund,Equity Scheme - Small Cap Fund,2024-08-23,206.3889
125497,SBI Small Cap Fund - Direct Plan - Growth,SBI Mutual Fund,Equity Scheme - Small Cap Fund,2024-08-26,206.7864
125497,SBI Small Cap Fund - Direct Plan - Growth,SBI Mutual Fund,Equity Scheme - Small Cap Fund,2024-08-27,207.4904
125497,SBI Small Cap Fund - Direct Plan - Growth,SBI Mutual Fund,Equity Scheme - Small Cap Fund,2024-08-28,207.8987
125497,SBI Small Cap Fund - Direct Plan - Growth,SBI Mutual Fund,Equity Scheme - Small Cap Fund,2024-08-29,207.0499
125497,SBI Small Cap Fund - Direct Plan - Growth,SBI Mutual Fund,Equity Scheme - Small Cap Fund,2024-08-30,208.4168
125497,SBI Small Cap Fund - Direct Plan - Growth,SBI Mutual Fund,Equity Scheme - Small Cap Fund,2024-08-31,208.4167
125497,SBI Small Cap Fund - Direct Plan - Growth,SBI Mutual Fund,Equity Scheme - Small Cap Fund,2024-09-02,208.3113
125497,SBI Small Cap Fund - Direct Plan - Growth,SBI Mutual Fund,Equity Scheme - Small Cap Fund,2024-09-03,209.171
125497,SBI Small Cap Fund - Direct Plan - Growth,SBI Mutual Fund,Equity Scheme - Small Cap Fund,2024-09-04,208.9043
125497,SBI Small Cap Fund - Direct Plan - Growth,SBI Mutual Fund,Equity Scheme - Small Cap Fund,2024-09-05,210.0836
125497,SBI Small Cap Fund - Direct Plan - Growth,SBI Mutual Fund,Equity Scheme - Small Cap Fund,2024-09-06,209.5018
125497,SBI Small Cap Fund - Direct Plan - Growth,SBI Mutual Fund,Equity Scheme - Small Cap Fund,2024-09-09,208.709
125497,SBI Small Cap Fund - Direct Plan - Growth,SBI Mutual Fund,Equity Scheme - Small Cap Fund,2024-09-10,211.8353
125497,SBI Small Cap Fund - Direct Plan - Growth,SBI Mutual Fund,Equity Scheme - Small Cap Fund,2024-09-11,210.1111
125497,SBI Small Cap Fund - Direct Plan - Growth,SBI Mutual Fund,Equity Scheme - Small Cap Fund,2024-09-12,211.2842
125497,SBI Small Cap Fund - Direct Plan - Growth,SBI Mutual Fund,Equity Scheme - Small Cap Fund,2024-09-13,212.6824
125497,SBI Small Cap Fund - Direct Plan - Growth,SBI Mutual Fund,Equity Scheme - Small Cap Fund,2024-09-16,213.118
125497,SBI Small Cap Fund - Direct Plan - Growth,SBI Mutual Fund,Equity Scheme - Small Cap Fund,2024-09-17,212.8713
125497,SBI Small Cap Fund - Direct Plan - Growth,SBI Mutual Fund,Equity Scheme - Small Cap Fund,2024-09-18,212.1974
125497,SBI Small Cap Fund - Direct Plan - Growth,SBI Mutual Fund,Equity Scheme - Small Cap Fund,2024-09-19,211.2903
125497,SBI Small Cap Fund - Direct Plan - Growth,SBI Mutual Fund,Equity Scheme - Small Cap Fund,2024-09-20,212.0753
125497,SBI Small Cap Fund - Direct Plan - Growth,SBI Mutual Fund,Equity Scheme - Small Cap Fund,2024-09-23,213.6607
125497,SBI Small Cap Fund - Direct Plan - Growth,SBI Mutual Fund,Equity Scheme - Small Cap Fund,2024-09-24,212.9454
125497,SBI Small Cap Fund - Direct Plan - Growth,SBI Mutual Fund,Equity Scheme - Small Cap Fund,2024-09-25,213.2071
125497,SBI Small Cap Fund - Direct Plan - Growth,SBI Mutual Fund,Equity Scheme - Small Cap Fund,2024-09-26,212.393
125497,SBI Small Cap Fund - Direct Plan - Growth,SBI Mutual Fund,Equity Scheme - Small Cap Fund,2024-09-27,213.8245
125497,SBI Small Cap Fund - Direct Plan - Growth,SBI Mutual Fund,Equity Scheme - Small Cap Fund,2024-09-30,213.8541
125497,SBI Small Cap Fund - Direct Plan - Growth,SBI Mutual Fund,Equity Scheme - Small Cap Fund,2024-10-01,214.2759
125497,SBI Small Cap Fund - Direct Plan - Growth,SBI Mutual Fund,Equity Scheme - Small Cap Fund,2024-10-03,211.1073
125497,SBI Small Cap Fund - Direct Plan - Growth,SBI Mutual Fund,Equity Scheme - Small Cap Fund,2024-10-04,210.645
125497,SBI Small Cap Fund - Direct Plan - Growth,SBI Mutual Fund,Equity Scheme - Small Cap Fund,2024-10-07,205.9307
125497,SBI Small Cap Fund - Direct Plan - Growth,SBI Mutual Fund,Equity Scheme - Small Cap Fund,2024-10-08,209.7125
125497,SBI Small Cap Fund - Direct Plan - Growth,SBI Mutual Fund,Equity Scheme - Small Cap Fund,2024-10-09,211.4618
125497,SBI Small Cap Fund - Direct Plan - Growth,SBI Mutual Fund,Equity Scheme - Small Cap Fund,2024-10-10,211.2075
125497,SBI Small Cap Fund - Direct Plan - Growth,SBI Mutual Fund,Equity Scheme - Small Cap Fund,2024-10-11,211.8682
125497,SBI Small Cap Fund - Direct Plan - Growth,SBI Mutual Fund,Equity Scheme - Small Cap Fund,2024-10-14,212.7061
125497,SBI Small Cap Fund - Direct Plan - Growth,SBI Mutual Fund,Equity Scheme - Small Cap Fund,2024-10-15,214.6767
125497,SBI Small Cap Fund - Direct Plan - Growth,SBI Mutual Fund,Equity Scheme - Small Cap Fund,2024-10-16,214.6138
125497,SBI Small Cap Fund - Direct Plan - Growth,SBI Mutual Fund,Equity Scheme - Small Cap Fund,2024-10-17,212.5836
125497,SBI Small Cap Fund - Direct Plan - Growth,SBI Mutual Fund,Equity Scheme - Small Cap Fund,2024-10-18,212.4258
125497,SBI Small Cap Fund - Direct Plan - Growth,SBI Mutual Fund,Equity Scheme - Small Cap Fund,2024-10-21,209.1812
125497,SBI Small Cap Fund - Direct Plan - Growth,SBI Mutual Fund,Equity Scheme - Small Cap Fund,2024-10-22,204.119
125497,SBI Small Cap Fund - Direct Plan - Growth,SBI Mutual Fund,Equity Scheme - Small Cap Fund,2024-10-23,204.1604
125497,SBI Small Cap Fund - Direct Plan - Growth,SBI Mutual Fund,Equity Scheme - Small Cap Fund,2024-10-24,202.3794
125497,SBI Small Cap Fund - Direct Plan - Growth,SBI Mutual Fund,Equity Scheme - Small Cap Fund,2024-10-25,199.0257
125497,SBI Small Cap Fund - Direct Plan - Growth,SBI Mutual Fund,Equity Scheme - Small Cap Fund,2024-10-28,198.762
125497,SBI Small Cap Fund - Direct Plan - Growth,SBI Mutual Fund,Equity Scheme - Small Cap Fund,2024-10-29,199.6621
125497,SBI Small Cap Fund - Direct Plan - Growth,SBI Mutual Fund,Equity Scheme - Small Cap Fund,2024-10-30,201.17
125497,SBI Small Cap Fund - Direct Plan - Growth,SBI Mutual Fund,Equity Scheme - Small Cap Fund,2024-10-31,204.7065
125497,SBI Small Cap Fund - Direct Plan - Growth,SBI Mutual Fund,Equity Scheme - Small Cap Fund,2024-11-04,204.1821
125497,SBI Small Cap Fund - Direct Plan - Growth,SBI Mutual Fund,Equity Scheme - Small Cap Fund,2024-11-05,203.8845
125497,SBI Small Cap Fund - Direct Plan - Growth,SBI Mutual Fund,Equity Scheme - Small Cap Fund,2024-11-06,205.5932
125497,SBI Small Cap Fund - Direct Plan - Growth,SBI Mutual Fund,Equity Scheme - Small Cap Fund,2024-11-07,204.9185
125497,SBI Small Cap Fund - Direct Plan - Growth,SBI Mutual Fund,Equity Scheme - Small Cap Fund,2024-11-08,202.8558
125497,SBI Small Cap Fund - Direct Plan - Growth,SBI Mutual Fund,Equity Scheme - Small Cap Fund,2024-11-11,201.1783
125497,SBI Small Cap Fund - Direct Plan - Growth,SBI Mutual Fund,Equity Scheme - Small Cap Fund,2024-11-12,198.665
125497,SBI Small Cap Fund - Direct Plan - Growth,SBI Mutual Fund,Equity Scheme - Small Cap Fund,2024-11-13,194.6035
125497,SBI Small Cap Fund - Direct Plan - Growth,SBI Mutual Fund,Equity Scheme - Small Cap Fund,2024-11-14,195.8825
125497,SBI Small Cap Fund - Direct Plan - Growth,SBI Mutual Fund,Equity Scheme - Small Cap Fund,2024-11-18,194.9632
125497,SBI Small Cap Fund - Direct Plan - Growth,SBI Mutual Fund,Equity Scheme - Small Cap Fund,2024-11-19,196.9149
125497,SBI Small Cap Fund - Direct Plan - Growth,SBI Mutual Fund,Equity Scheme - Small Cap Fund,2024-11-21,196.0174
125497,SBI Small Cap Fund - Direct Plan - Growth,SBI Mutual Fund,Equity Scheme - Small Cap Fund,2024-11-22,196.9679
125497,SBI Small Cap Fund - Direct Plan - Growth,SBI Mutual Fund,Equity Scheme - Small Cap Fund,2024-11-25,201.2427
125497,SBI Small Cap Fund - Direct Plan - Growth,SBI Mutual Fund,Equity Scheme - Small Cap Fund,2024-11-26,201.5981
125497,SBI Small Cap Fund - Direct Plan - Growth,SBI Mutual Fund,Equity Scheme - Small Cap Fund,2024-11-27,202.2303
125497,SBI Small Cap Fund - Direct Plan - Growth,SBI Mutual Fund,Equity Scheme - Small Cap Fund,2024-11-28,202.2046
125497,SBI Small Cap Fund - Direct Plan - Growth,SBI Mutual Fund,Equity Scheme - Small Cap Fund,2024-11-29,203.2298
125497,SBI Small Cap Fund - Direct Plan - Growth,SBI Mutual Fund,Equity Scheme - Small Cap Fund,2024-11-30,203.2306
125497,SBI Small Cap Fund - Direct Plan - Growth,SBI Mutual Fund,Equity Scheme - Small Cap Fund,2024-12-02,203.0662
125497,SBI Small Cap Fund - Direct Plan - Growth,SBI Mutual Fund,Equity Scheme - Small Cap Fund,2024-12-03,205.6142
125497,SBI Small Cap Fund - Direct Plan - Growth,SBI Mutual Fund,Equity Scheme - Small Cap Fund,2024-12-04,206.8799
125497,SBI Small Cap Fund - Direct Plan - Growth,SBI Mutual Fund,Equity Scheme - Small Cap Fund,2024-12-05,206.9634
125497,SBI Small Cap Fund - Direct Plan - Growth,SBI Mutual Fund,Equity Scheme - Small Cap Fund,2024-12-06,207.7793
125497,SBI Small Cap Fund - Direct Plan - Growth,SBI Mutual Fund,Equity Scheme - Small Cap Fund,2024-12-09,209.1188
125497,SBI Small Cap Fund - Direct Plan - Growth,SBI Mutual Fund,Equity Scheme - Small Cap Fund,2024-12-10,210.1936
125497,SBI Small Cap Fund - Direct Plan - Growth,SBI Mutual Fund,Equity Scheme - Small Cap Fund,2024-12-11,210.4887
125497,SBI Small Cap Fund - Direct Plan - Growth,SBI Mutual Fund,Equity Scheme - Small Cap Fund,2024-12-12,209.1364
125497,SBI Small Cap Fund - Direct Plan - Growth,SBI Mutual Fund,Equity Scheme - Small Cap Fund,2024-12-13,209.4705
125497,SBI Small Cap Fund - Direct Plan - Growth,SBI Mutual Fund,Equity Scheme - Small Cap Fund,2024-12-16,209.9361
125497,SBI Small Cap Fund - Direct Plan - Growth,SBI Mutual Fund,Equity Scheme - Small Cap Fund,2024-12-17,209.149
125497,SBI Small Cap Fund - Direct Plan - Growth,SBI Mutual Fund,Equity Scheme - Small Cap Fund,2024-12-18,208.9039
125497,SBI Small Cap Fund - Direct Plan - Growth,SBI Mutual Fund,Equity Scheme - Small Cap Fund,2024-12-19,208.1814
125497,SBI Small Cap Fund - Direct Plan - Growth,SBI Mutual Fund,Equity Scheme - Small Cap Fund,2024-12-20,203.8639
125497,SBI Small Cap Fund - Direct Plan - Growth,SBI Mutual Fund,Equity Scheme - Small Cap Fund,2024-12-23,201.8235
125497,SBI Small Cap Fund - Direct Plan - Growth,SBI Mutual Fund,Equity Scheme - Small Cap Fund,2024-12-24,201.9117
125497,SBI Small Cap Fund - Direct Plan - Growth,SBI Mutual Fund,Equity Scheme - Small Cap Fund,2024-12-26,201.1712
125497,SBI Small Cap Fund - Direct Plan - Growth,SBI Mutual Fund,Equity Scheme - Small Cap Fund,2024-12-27,202.2744
125497,SBI Small Cap Fund - Direct Plan - Growth,SBI Mutual Fund,Equity Scheme - Small Cap Fund,2024-12-30,200.9474
125497,SBI Small Cap Fund - Direct Plan - Growth,SBI Mutual Fund,Equity Scheme - Small Cap Fund,2024-12-31,202.025
125497,SBI Small Cap Fund - Direct Plan - Growth,SBI Mutual Fund,Equity Scheme - Small Cap Fund,2025-01-01,204.0133
125497,SBI Small Cap Fund - Direct Plan - Growth,SBI Mutual Fund,Equity Scheme - Small Cap Fund,2025-01-02,204.958
125497,SBI Small Cap Fund - Direct Plan - Growth,SBI Mutual Fund,Equity Scheme - Small Cap Fund,2025-01-03,204.7473
125497,SBI Small Cap Fund - Direct Plan - Growth,SBI Mutual Fund,Equity Scheme - Small Cap Fund,2025-01-06,199.9325
125497,SBI Small Cap Fund - Direct Plan - Growth,SBI Mutual Fund,Equity Scheme - Small Cap Fund,2025-01-07,201.51
125497,SBI Small Cap Fund - Direct Plan - Growth,SBI Mutual Fund,Equity Scheme - Small Cap Fund,2025-01-08,199.1083
125497,SBI Small Cap Fund - Direct Plan - Growth,SBI Mutual Fund,Equity Scheme - Small Cap Fund,2025-01-09,197.3978
125497,SBI Small Cap Fund - Direct Plan - Growth,SBI Mutual Fund,Equity Scheme - Small Cap Fund,2025-01-10,194.0951
125497,SBI Small Cap Fund - Direct Plan - Growth,SBI Mutual Fund,Equity Scheme - Small Cap Fund,2025-01-13,187.9708
125497,SBI Small Cap Fund - Direct Plan - Growth,SBI Mutual Fund,Equity Scheme - Small Cap Fund,2025-01-14,189.4394
125497,SBI Small Cap Fund - Direct Plan - Growth,SBI Mutual Fund,Equity Scheme - Small Cap Fund,2025-01-15,190.2908
125497,SBI Small Cap Fund - Direct Plan - Growth,SBI Mutual Fund,Equity Scheme - Small Cap Fund,2025-01-16,191.5461
125497,SBI Small Cap Fund - Direct Plan - Growth,SBI Mutual Fund,Equity Scheme - Small Cap Fund,2025-01-17,190.5474
125497,SBI Small Cap Fund - Direct Plan - Growth,SBI Mutual Fund,Equity Scheme - Small Cap Fund,2025-01-20,191.8699
125497,SBI Small Cap Fund - Direct Plan - Growth,SBI Mutual Fund,Equity Scheme - Small Cap Fund,2025-01-21,189.0302
125497,SBI Small Cap Fund - Direct Plan - Growth,SBI Mutual Fund,Equity Scheme - Small Cap Fund,2025-01-22,186.9925
125497,SBI Small Cap Fund - Direct Plan - Growth,SBI Mutual Fund,Equity Scheme - Small Cap Fund,2025-01-23,187.6026
125497,SBI Small Cap Fund - Direct Plan - Growth,SBI Mutual Fund,Equity Scheme - Small Cap Fund,2025-01-24,184.8357
125497,SBI Small Cap Fund - Direct Plan - Growth,SBI Mutual Fund,Equity Scheme - Small Cap Fund,2025-01-27,181.1505
125497,SBI Small Cap Fund - Direct Plan - Growth,SBI Mutual Fund,Equity Scheme - Small Cap Fund,2025-01-28,179.9981
125497,SBI Small Cap Fund - Direct Plan - Growth,SBI Mutual Fund,Equity Scheme - Small Cap Fund,2025-01-29,184.474
125497,SBI Small Cap Fund - Direct Plan - Growth,SBI Mutual Fund,Equity Scheme - Small Cap Fund,2025-01-30,183.9481
125497,SBI Small Cap Fund - Direct Plan - Growth,SBI Mutual Fund,Equity Scheme - Small Cap Fund,2025-01-31,185.8927
125497,SBI Small Cap Fund - Direct Plan - Growth,SBI Mutual Fund,Equity Scheme - Small Cap Fund,2025-02-03,186.5887
125497,SBI Small Cap Fund - Direct Plan - Growth,SBI Mutual Fund,Equity Scheme - Small Cap Fund,2025-02-04,187.7402
125497,SBI Small Cap Fund - Direct Plan - Growth,SBI Mutual Fund,Equity Scheme - Small Cap Fund,2025-02-05,188.0012
125497,SBI Small Cap Fund - Direct Plan - Growth,SBI Mutual Fund,Equity Scheme - Small Cap Fund,2025-02-06,188.2236
125497,SBI Small Cap Fund - Direct Plan - Growth,SBI Mutual Fund,Equity Scheme - Small Cap Fund,2025-02-07,186.6001
125497,SBI Small Cap Fund - Direct Plan - Growth,SBI Mutual Fund,Equity Scheme - Small Cap Fund,2025-02-10,183.4947
125497,SBI Small Cap Fund - Direct Plan - Growth,SBI Mutual Fund,Equity Scheme - Small Cap Fund,2025-02-11,178.8097
125497,SBI Small Cap Fund - Direct Plan - Growth,SBI Mutual Fund,Equity Scheme - Small Cap Fund,2025-02-12,178.0673
125497,SBI Small Cap Fund - Direct Plan - Growth,SBI Mutual Fund,Equity Scheme - Small Cap Fund,2025-02-13,177.2214
125497,SBI Small Cap Fund - Direct Plan - Growth,SBI Mutual Fund,Equity Scheme - Small Cap Fund,2025-02-14,173.7027
125497,SBI Small Cap Fund - Direct Plan - Growth,SBI Mutual Fund,Equity Scheme - Small Cap Fund,2025-02-17,172.6017
125497,SBI Small Cap Fund - Direct Plan - Growth,SBI Mutual Fund,Equity Scheme - Small Cap Fund,2025-02-18,170.6351
125497,SBI Small Cap Fund - Direct Plan - Growth,SBI Mutual Fund,Equity Scheme - Small Cap Fund,2025-02-19,172.8542
125497,SBI Small Cap Fund - Direct Plan - Growth,SBI Mutual Fund,Equity Scheme - Small Cap Fund,2025-02-20,173.7251
125497,SBI Small Cap Fund - Direct Plan - Growth,SBI Mutual Fund,Equity Scheme - Small Cap Fund,2025-02-21,173.194
125497,SBI Small Cap Fund - Direct Plan - Growth,SBI Mutual Fund,Equity Scheme - Small Cap Fund,2025-02-24,171.0281
125497,SBI Small Cap Fund - Direct Plan - Growth,SBI Mutual Fund,Equity Scheme - Small Cap Fund,2025-02-25,170.5772
125497,SBI Small Cap Fund - Direct Plan - Growth,SBI Mutual Fund,Equity Scheme - Small Cap Fund,2025-02-27,169.2761
125497,SBI Small Cap Fund - Direct Plan - Growth,SBI Mutual Fund,Equity Scheme - Small Cap Fund,2025-02-28,167.2753
125497,SBI Small Cap Fund - Direct Plan - Growth,SBI Mutual Fund,Equity Scheme - Small Cap Fund,2025-03-03,166.5363
125497,SBI Small Cap Fund - Direct Plan - Growth,SBI Mutual Fund,Equity Scheme - Small Cap Fund,2025-03-04,167.4144
125497,SBI Small Cap Fund - Direct Plan - Growth,SBI Mutual Fund,Equity Scheme - Small Cap Fund,2025-03-05,170.5378
125497,SBI Small Cap Fund - Direct Plan - Growth,SBI Mutual Fund,Equity Scheme - Small Cap Fund,2025-03-06,173.0546
125497,SBI Small Cap Fund - Direct Plan - Growth,SBI Mutual Fund,Equity Scheme - Small Cap Fund,2025-03-07,173.6464
125497,SBI Small Cap Fund - Direct Plan - Growth,SBI Mutual Fund,Equity Scheme - Small Cap Fund,2025-03-10,171.8878
125497,SBI Small Cap Fund - Direct Plan - Growth,SBI Mutual Fund,Equity Scheme - Small Cap Fund,2025-03-11,170.8118
125497,SBI Small Cap Fund - Direct Plan - Growth,SBI Mutual Fund,Equity Scheme - Small Cap Fund,2025-03-12,170.9127
125497,SBI Small Cap Fund - Direct Plan - Growth,SBI Mutual Fund,Equity Scheme - Small Cap Fund,2025-03-13,170.4454
125497,SBI Small Cap Fund - Direct Plan - Growth,SBI Mutual Fund,Equity Scheme - Small Cap Fund,2025-03-17,170.8415
125497,SBI Small Cap Fund - Direct Plan - Growth,SBI Mutual Fund,Equity Scheme - Small Cap Fund,2025-03-18,174.3065
125497,SBI Small Cap Fund - Direct Plan - Growth,SBI Mutual Fund,Equity Scheme - Small Cap Fund,2025-03-19,176.277
125497,SBI Small Cap Fund - Direct Plan - Growth,SBI Mutual Fund,Equity Scheme - Small Cap Fund,2025-03-20,177.2546
125497,SBI Small Cap Fund - Direct Plan - Growth,SBI Mutual Fund,Equity Scheme - Small Cap Fund,2025-03-21,179.8765
125497,SBI Small Cap Fund - Direct Plan - Growth,SBI Mutual Fund,Equity Scheme - Small Cap Fund,2025-03-24,181.6626
125497,SBI Small Cap Fund - Direct Plan - Growth,SBI Mutual Fund,Equity Scheme - Small Cap Fund,2025-03-25,181.1499
125497,SBI Small Cap Fund - Direct Plan - Growth,SBI Mutual Fund,Equity Scheme - Small Cap Fund,2025-03-26,178.8617
125497,SBI Small Cap Fund - Direct Plan - Growth,SBI Mutual Fund,Equity Scheme - Small Cap Fund,2025-03-27,178.6535
125497,SBI Small Cap Fund - Direct Plan - Growth,SBI Mutual Fund,Equity Scheme - Small Cap Fund,2025-03-28,178.5548
125497,SBI Small Cap Fund - Direct Plan - Growth,SBI Mutual Fund,Equity Scheme - Small Cap Fund,2025-03-31,178.5628
125497,SBI Small Cap Fund - Direct Plan - Growth,SBI Mutual Fund,Equity Scheme - Small Cap Fund,2025-04-01,178.3073
125497,SBI Small Cap Fund - Direct Plan - Growth,SBI Mutual Fund,Equity Scheme - Small Cap Fund,2025-04-02,180.504
125497,SBI Small Cap Fund - Direct Plan - Growth,SBI Mutual Fund,Equity Scheme - Small Cap Fund,2025-04-03,181.0205
125497,SBI Small Cap Fund - Direct Plan - Growth,SBI Mutual Fund,Equity Scheme - Small Cap Fund,2025-04-04,176.8853
125497,SBI Small Cap Fund - Direct Plan - Growth,SBI Mutual Fund,Equity Scheme - Small Cap Fund,2025-04-07,171.893
125497,SBI Small Cap Fund - Direct Plan - Growth,SBI Mutual Fund,Equity Scheme - Small Cap Fund,2025-04-08,174.6198
125497,SBI Small Cap Fund - Direct Plan - Growth,SBI Mutual Fund,Equity Scheme - Small Cap Fund,2025-04-09,173.4024
125497,SBI Small Cap Fund - Direct Plan - Growth,SBI Mutual Fund,Equity Scheme - Small Cap Fund,2025-04-11,177.359
125497,SBI Small Cap Fund - Direct Plan - Growth,SBI Mutual Fund,Equity Scheme - Small Cap Fund,2025-04-15,181.4688
125497,SBI Small Cap Fund - Direct Plan - Growth,SBI Mutual Fund,Equity Scheme - Small Cap Fund,2025-04-16,182.6797
125497,SBI Small Cap Fund - Direct Plan - Growth,SBI Mutual Fund,Equity Scheme - Small Cap Fund,2025-04-17,183.494
125497,SBI Small Cap Fund - Direct Plan - Growth,SBI Mutual Fund,Equity Scheme - Small Cap Fund,2025-04-21,186.1086
125497,SBI Small Cap Fund - Direct Plan - Growth,SBI Mutual Fund,Equity Scheme - Small Cap Fund,2025-04-22,187.4594
125497,SBI Small Cap Fund - Direct Plan - Growth,SBI Mutual Fund,Equity Scheme - Small Cap Fund,2025-04-23,187.4918
125497,SBI Small Cap Fund - Direct Plan - Growth,SBI Mutual Fund,Equity Scheme - Small Cap Fund,2025-04-24,187.4442
125497,SBI Small Cap Fund - Direct Plan - Growth,SBI Mutual Fund,Equity Scheme - Small Cap Fund,2025-04-25,184.3892
125497,SBI Small Cap Fund - Direct Plan - Growth,SBI Mutual Fund,Equity Scheme - Small Cap Fund,2025-04-28,184.7984
125497,SBI Small Cap Fund - Direct Plan - Growth,SBI Mutual Fund,Equity Scheme - Small Cap Fund,2025-04-29,184.4749
125497,SBI Small Cap Fund - Direct Plan - Growth,SBI Mutual Fund,Equity Scheme - Small Cap Fund,2025-04-30,181.8527
125497,SBI Small Cap Fund - Direct Plan - Growth,SBI Mutual Fund,Equity Scheme - Small Cap Fund,2025-05-02,181.6763
125497,SBI Small Cap Fund - Direct Plan - Growth,SBI Mutual Fund,Equity Scheme - Small Cap Fund,2025-05-05,183.67
125497,SBI Small Cap Fund - Direct Plan - Growth,SBI Mutual Fund,Equity Scheme - Small Cap Fund,2025-05-06,180.8742
125497,SBI Small Cap Fund - Direct Plan - Growth,SBI Mutual Fund,Equity Scheme - Small Cap Fund,2025-05-07,182.5147
125497,SBI Small Cap Fund - Direct Plan - Growth,SBI Mutual Fund,Equity Scheme - Small Cap Fund,2025-05-08,181.2148
125497,SBI Small Cap Fund - Direct Plan - Growth,SBI Mutual Fund,Equity Scheme - Small Cap Fund,2025-05-09,180.3079
125497,SBI Small Cap Fund - Direct Plan - Growth,SBI Mutual Fund,Equity Scheme - Small Cap Fund,2025-05-12,185.5194
125497,SBI Small Cap Fund - Direct Plan - Growth,SBI Mutual Fund,Equity Scheme - Small Cap Fund,2025-05-13,185.9199
125497,SBI Small Cap Fund - Direct Plan - Growth,SBI Mutual Fund,Equity Scheme - Small Cap Fund,2025-05-14,188.3401
125497,SBI Small Cap Fund - Direct Plan - Growth,SBI Mutual Fund,Equity Scheme - Small Cap Fund,2025-05-15,189.7716
125497,SBI Small Cap Fund - Direct Plan - Growth,SBI Mutual Fund,Equity Scheme - Small Cap Fund,2025-05-16,190.5543
125497,SBI Small Cap Fund - Direct Plan - Growth,SBI Mutual Fund,Equity Scheme - Small Cap Fund,2025-05-19,192.0015
125497,SBI Small Cap Fund - Direct Plan - Growth,SBI Mutual Fund,Equity Scheme - Small Cap Fund,2025-05-20,190.162
125497,SBI Small Cap Fund - Direct Plan - Growth,SBI Mutual Fund,Equity Scheme - Small Cap Fund,2025-05-21,190.2708
125497,SBI Small Cap Fund - Direct Plan - Growth,SBI Mutual Fund,Equity Scheme - Small Cap Fund,2025-05-22,190.2297
125497,SBI Small Cap Fund - Direct Plan - Growth,SBI Mutual Fund,Equity Scheme - Small Cap Fund,2025-05-23,190.7428
125497,SBI Small Cap Fund - Direct Plan - Growth,SBI Mutual Fund,Equity Scheme - Small Cap Fund,2025-05-26,192.0116
125497,SBI Small Cap Fund - Direct Plan - Growth,SBI Mutual Fund,Equity Scheme - Small Cap Fund,2025-05-27,191.6915
125497,SBI Small Cap Fund - Direct Plan - Growth,SBI Mutual Fund,Equity Scheme - Small Cap Fund,2025-05-28,192.2322
125497,SBI Small Cap Fund - Direct Plan - Growth,SBI Mutual Fund,Equity Scheme - Small Cap Fund,2025-05-29,192.4906
125497,SBI Small Cap Fund - Direct Plan - Growth,SBI Mutual Fund,Equity Scheme - Small Cap Fund,2025-05-30,192.6772
125497,SBI Small Cap Fund - Direct Plan - Growth,SBI Mutual Fund,Equity Scheme - Small Cap Fund,2025-05-31,192.6784
125497,SBI Small Cap Fund - Direct Plan - Growth,SBI Mutual Fund,Equity Scheme - Small Cap Fund,2025-06-02,193.0141
125497,SBI Small Cap Fund - Direct Plan - Growth,SBI Mutual Fund,Equity Scheme - Small Cap Fund,2025-06-03,193.3558
125497,SBI Small Cap Fund - Direct Plan - Growth,SBI Mutual Fund,Equity Scheme - Small Cap Fund,2025-06-04,193.3241
125497,SBI Small Cap Fund - Direct Plan - Growth,SBI Mutual Fund,Equity Scheme - Small Cap Fund,2025-06-05,193.4622
125497,SBI Small Cap Fund - Direct Plan - Growth,SBI Mutual Fund,Equity Scheme - Small Cap Fund,2025-06-06,194.4367
125497,SBI Small Cap Fund - Direct Plan - Growth,SBI Mutual Fund,Equity Scheme - Small Cap Fund,2025-06-09,196.2268
125497,SBI Small Cap Fund - Direct Plan - Growth,SBI Mutual Fund,Equity Scheme - Small Cap Fund,2025-06-10,196.3203
125497,SBI Small Cap Fund - Direct Plan - Growth,SBI Mutual Fund,Equity Scheme - Small Cap Fund,2025-06-11,196.3155
125497,SBI Small Cap Fund - Direct Plan - Growth,SBI Mutual Fund,Equity Scheme - Small Cap Fund,2025-06-12,194.3159
125497,SBI Small Cap Fund - Direct Plan - Growth,SBI Mutual Fund,Equity Scheme - Small Cap Fund,2025-06-13,193.8702
125497,SBI Small Cap Fund - Direct Plan - Growth,SBI Mutual Fund,Equity Scheme - Small Cap Fund,2025-06-16,194.3117
125497,SBI Small Cap Fund - Direct Plan - Growth,SBI Mutual Fund,Equity Scheme - Small Cap Fund,2025-06-17,194.4976
125497,SBI Small Cap Fund - Direct Plan - Growth,SBI Mutual Fund,Equity Scheme - Small Cap Fund,2025-06-18,194.7498
125497,SBI Small Cap Fund - Direct Plan - Growth,SBI Mutual Fund,Equity Scheme - Small Cap Fund,2025-06-19,192.1535
125497,SBI Small Cap Fund - Direct Plan - Growth,SBI Mutual Fund,Equity Scheme - Small Cap Fund,2025-06-20,192.5872
125497,SBI Small Cap Fund - Direct Plan - Growth,SBI Mutual Fund,Equity Scheme - Small Cap Fund,2025-06-23,192.973
125497,SBI Small Cap Fund - Direct Plan - Growth,SBI Mutual Fund,Equity Scheme - Small Cap Fund,2025-06-24,194.4838
125497,SBI Small Cap Fund - Direct Plan - Growth,SBI Mutual Fund,Equity Scheme - Small Cap Fund,2025-06-25,197.4405
125497,SBI Small Cap Fund - Direct Plan - Growth,SBI Mutual Fund,Equity Scheme - Small Cap Fund,2025-06-26,197.2286
125497,SBI Small Cap Fund - Direct Plan - Growth,SBI Mutual Fund,Equity Scheme - Small Cap Fund,2025-06-27,198.0688
125497,SBI Small Cap Fund - Direct Plan - Growth,SBI Mutual Fund,Equity Scheme - Small Cap Fund,2025-06-30,200.3178
125497,SBI Small Cap Fund - Direct Plan - Growth,SBI Mutual Fund,Equity Scheme - Small Cap Fund,2025-07-01,200.2672
125497,SBI Small Cap Fund - Direct Plan - Growth,SBI Mutual Fund,Equity Scheme - Small Cap Fund,2025-07-02,199.3409
125497,SBI Small Cap Fund - Direct Plan - Growth,SBI Mutual Fund,Equity Scheme - Small Cap Fund,2025-07-03,200.0186
125497,SBI Small Cap Fund - Direct Plan - Growth,SBI Mutual Fund,Equity Scheme - Small Cap Fund,2025-07-04,200.6762
125497,SBI Small Cap Fund - Direct Plan - Growth,SBI Mutual Fund,Equity Scheme - Small Cap Fund,2025-07-07,200.3235
125497,SBI Small Cap Fund - Direct Plan - Growth,SBI Mutual Fund,Equity Scheme - Small Cap Fund,2025-07-08,200.4396
125497,SBI Small Cap Fund - Direct Plan - Growth,SBI Mutual Fund,Equity Scheme - Small Cap Fund,2025-07-09,201.3287
125497,SBI Small Cap Fund - Direct Plan - Growth,SBI Mutual Fund,Equity Scheme - Small Cap Fund,2025-07-10,201.5985
125497,SBI Small Cap Fund - Direct Plan - Growth,SBI Mutual Fund,Equity Scheme - Small Cap Fund,2025-07-11,201.2606
125497,SBI Small Cap Fund - Direct Plan - Growth,SBI Mutual Fund,Equity Scheme - Small Cap Fund,2025-07-14,202.0189
125497,SBI Small Cap Fund - Direct Plan - Growth,SBI Mutual Fund,Equity Scheme - Small Cap Fund,2025-07-15,203.9268
125497,SBI Small Cap Fund - Direct Plan - Growth,SBI Mutual Fund,Equity Scheme - Small Cap Fund,2025-07-16,203.6835
125497,SBI Small Cap Fund - Direct Plan - Growth,SBI Mutual Fund,Equity Scheme - Small Cap Fund,2025-07-17,204.9043
125497,SBI Small Cap Fund - Direct Plan - Growth,SBI Mutual Fund,Equity Scheme - Small Cap Fund,2025-07-18,204.0356
125497,SBI Small Cap Fund - Direct Plan - Growth,SBI Mutual Fund,Equity Scheme - Small Cap Fund,2025-07-21,203.8028
125497,SBI Small Cap Fund - Direct Plan - Growth,SBI Mutual Fund,Equity Scheme - Small Cap Fund,2025-07-22,203.3714
125497,SBI Small Cap Fund - Direct Plan - Growth,SBI Mutual Fund,Equity Scheme - Small Cap Fund,2025-07-23,203.9043
125497,SBI Small Cap Fund - Direct Plan - Growth,SBI Mutual Fund,Equity Scheme - Small Cap Fund,2025-07-24,202.721
125497,SBI Small Cap Fund - Direct Plan - Growth,SBI Mutual Fund,Equity Scheme - Small Cap Fund,2025-07-25,199.4349
125497,SBI Small Cap Fund - Direct Plan - Growth,SBI Mutual Fund,Equity Scheme - Small Cap Fund,2025-07-28,197.4629
125497,SBI Small Cap Fund - Direct Plan - Growth,SBI Mutual Fund,Equity Scheme - Small Cap Fund,2025-07-29,197.8146
125497,SBI Small Cap Fund - Direct Plan - Growth,SBI Mutual Fund,Equity Scheme - Small Cap Fund,2025-07-30,198.4508
125497,SBI Small Cap Fund - Direct Plan - Growth,SBI Mutual Fund,Equity Scheme - Small Cap Fund,2025-07-31,197.489
125497,SBI Small Cap Fund - Direct Plan - Growth,SBI Mutual Fund,Equity Scheme - Small Cap Fund,2025-08-01,194.9548
125497,SBI Small Cap Fund - Direct Plan - Growth,SBI Mutual Fund,Equity Scheme - Small Cap Fund,2025-08-04,195.6536
125497,SBI Small Cap Fund - Direct Plan - Growth,SBI Mutual Fund,Equity Scheme - Small Cap Fund,2025-08-05,194.9731
125497,SBI Small Cap Fund - Direct Plan - Growth,SBI Mutual Fund,Equity Scheme - Small Cap Fund,2025-08-06,193.5756
125497,SBI Small Cap Fund - Direct Plan - Growth,SBI Mutual Fund,Equity Scheme - Small Cap Fund,2025-08-07,193.0064
125497,SBI Small Cap Fund - Direct Plan - Growth,SBI Mutual Fund,Equity Scheme - Small Cap Fund,2025-08-08,191.9575
125497,SBI Small Cap Fund - Direct Plan - Growth,SBI Mutual Fund,Equity Scheme - Small Cap Fund,2025-08-11,193.1584
125497,SBI Small Cap Fund - Direct Plan - Growth,SBI Mutual Fund,Equity Scheme - Small Cap Fund,2025-08-12,192.705
125497,SBI Small Cap Fund - Direct Plan - Growth,SBI Mutual Fund,Equity Scheme - Small Cap Fund,2025-08-13,192.9222
125497,SBI Small Cap Fund - Direct Plan - Growth,SBI Mutual Fund,Equity Scheme - Small Cap Fund,2025-08-14,193.4131
125497,SBI Small Cap Fund - Direct Plan - Growth,SBI Mutual Fund,Equity Scheme - Small Cap Fund,2025-08-18,196.9203
125497,SBI Small Cap Fund - Direct Plan - Growth,SBI Mutual Fund,Equity Scheme - Small Cap Fund,2025-08-19,198.0389
125497,SBI Small Cap Fund - Direct Plan - Growth,SBI Mutual Fund,Equity Scheme - Small Cap Fund,2025-08-20,198.8477
125497,SBI Small Cap Fund - Direct Plan - Growth,SBI Mutual Fund,Equity Scheme - Small Cap Fund,2025-08-21,200.0554
125497,SBI Small Cap Fund - Direct Plan - Growth,SBI Mutual Fund,Equity Scheme - Small Cap Fund,2025-08-22,199.1156
125497,SBI Small Cap Fund - Direct Plan - Growth,SBI Mutual Fund,Equity Scheme - Small Cap Fund,2025-08-25,198.7805
125497,SBI Small Cap Fund - Direct Plan - Growth,SBI Mutual Fund,Equity Scheme - Small Cap Fund,2025-08-26,195.5946
125497,SBI Small Cap Fund - Direct Plan - Growth,SBI Mutual Fund,Equity Scheme - Small Cap Fund,2025-08-28,194.4893
125497,SBI Small Cap Fund - Direct Plan - Growth,SBI Mutual Fund,Equity Scheme - Small Cap Fund,2025-08-29,193.7532
125497,SBI Small Cap Fund - Direct Plan - Growth,SBI Mutual Fund,Equity Scheme - Small Cap Fund,2025-08-31,193.7537
125497,SBI Small Cap Fund - Direct Plan - Growth,SBI Mutual Fund,Equity Scheme - Small Cap Fund,2025-09-01,195.7343
125497,SBI Small Cap Fund - Direct Plan - Growth,SBI Mutual Fund,Equity Scheme - Small Cap Fund,2025-09-02,196.2367
125497,SBI Small Cap Fund - Direct Plan - Growth,SBI Mutual Fund,Equity Scheme - Small Cap Fund,2025-09-03,197.6325
125497,SBI Small Cap Fund - Direct Plan - Growth,SBI Mutual Fund,Equity Scheme - Small Cap Fund,2025-09-04,197.6887
125497,SBI Small Cap Fund - Direct Plan - Growth,SBI Mutual Fund,Equity Scheme - Small Cap Fund,2025-09-05,197.5939
125497,SBI Small Cap Fund - Direct Plan - Growth,SBI Mutual Fund,Equity Scheme - Small Cap Fund,2025-09-08,197.448
125497,SBI Small Cap Fund - Direct Plan - Growth,SBI Mutual Fund,Equity Scheme - Small Cap Fund,2025-09-09,198.2444
125497,SBI Small Cap Fund - Direct Plan - Growth,SBI Mutual Fund,Equity Scheme - Small Cap Fund,2025-09-10,198.7075
125497,SBI Small Cap Fund - Direct Plan - Growth,SBI Mutual Fund,Equity Scheme - Small Cap Fund,2025-09-11,198.9835
125497,SBI Small Cap Fund - Direct Plan - Growth,SBI Mutual Fund,Equity Scheme - Small Cap Fund,2025-09-12,199.0716
125497,SBI Small Cap Fund - Direct Plan - Growth,SBI Mutual Fund,Equity Scheme - Small Cap Fund,2025-09-15,200.0967
125497,SBI Small Cap Fund - Direct Plan - Growth,SBI Mutual Fund,Equity Scheme - Small Cap Fund,2025-09-16,201.1795
125497,SBI Small Cap Fund - Direct Plan - Growth,SBI Mutual Fund,Equity Scheme - Small Cap Fund,2025-09-17,201.82
125497,SBI Small Cap Fund - Direct Plan - Growth,SBI Mutual Fund,Equity Scheme - Small Cap Fund,2025-09-18,201.5447
125497,SBI Small Cap Fund - Direct Plan - Growth,SBI Mutual Fund,Equity Scheme - Small Cap Fund,2025-09-19,201.306
125497,SBI Small Cap Fund - Direct Plan - Growth,SBI Mutual Fund,Equity Scheme - Small Cap Fund,2025-09-22,200.2539
125497,SBI Small Cap Fund - Direct Plan - Growth,SBI Mutual Fund,Equity Scheme - Small Cap Fund,2025-09-23,199.4573
125497,SBI Small Cap Fund - Direct Plan - Growth,SBI Mutual Fund,Equity Scheme - Small Cap Fund,2025-09-24,198.8861
125497,SBI Small Cap Fund - Direct Plan - Growth,SBI Mutual Fund,Equity Scheme - Small Cap Fund,2025-09-25,197.3447
125497,SBI Small Cap Fund - Direct Plan - Growth,SBI Mutual Fund,Equity Scheme - Small Cap Fund,2025-09-26,194.0973
125497,SBI Small Cap Fund - Direct Plan - Growth,SBI Mutual Fund,Equity Scheme - Small Cap Fund,2025-09-30,193.8822
125497,SBI Small Cap Fund - Direct Plan - Growth,SBI Mutual Fund,Equity Scheme - Small Cap Fund,2025-10-01,195.0856
125497,SBI Small Cap Fund - Direct Plan - Growth,SBI Mutual Fund,Equity Scheme - Small Cap Fund,2025-10-03,196.2965
125497,SBI Small Cap Fund - Direct Plan - Growth,SBI Mutual Fund,Equity Scheme - Small Cap Fund,2025-10-06,196.5483
125497,SBI Small Cap Fund - Direct Plan - Growth,SBI Mutual Fund,Equity Scheme - Small Cap Fund,2025-10-07,196.4294
125497,SBI Small Cap Fund - Direct Plan - Growth,SBI Mutual Fund,Equity Scheme - Small Cap Fund,2025-10-08,195.8587
125497,SBI Small Cap Fund - Direct Plan - Growth,SBI Mutual Fund,Equity Scheme - Small Cap Fund,2025-10-09,195.0376
125497,SBI Small Cap Fund - Direct Plan - Growth,SBI Mutual Fund,Equity Scheme - Small Cap Fund,2025-10-10,195.1185
125497,SBI Small Cap Fund - Direct Plan - Growth,SBI Mutual Fund,Equity Scheme - Small Cap Fund,2025-10-13,194.5364
125497,SBI Small Cap Fund - Direct Plan - Growth,SBI Mutual Fund,Equity Scheme - Small Cap Fund,2025-10-14,193.3975
125497,SBI Small Cap Fund - Direct Plan - Growth,SBI Mutual Fund,Equity Scheme - Small Cap Fund,2025-10-15,194.7
125497,SBI Small Cap Fund - Direct Plan - Growth,SBI Mutual Fund,Equity Scheme - Small Cap Fund,2025-10-16,196.9521
125497,SBI Small Cap Fund - Direct Plan - Growth,SBI Mutual Fund,Equity Scheme - Small Cap Fund,2025-10-17,197.1075
125497,SBI Small Cap Fund - Direct Plan - Growth,SBI Mutual Fund,Equity Scheme - Small Cap Fund,2025-10-20,197.5258
125497,SBI Small Cap Fund - Direct Plan - Growth,SBI Mutual Fund,Equity Scheme - Small Cap Fund,2025-10-23,198.7521
125497,SBI Small Cap Fund - Direct Plan - Growth,SBI Mutual Fund,Equity Scheme - Small Cap Fund,2025-10-24,198.4115
125497,SBI Small Cap Fund - Direct Plan - Growth,SBI Mutual Fund,Equity Scheme - Small Cap Fund,2025-10-27,199.7965
125497,SBI Small Cap Fund - Direct Plan - Growth,SBI Mutual Fund,Equity Scheme - Small Cap Fund,2025-10-28,200.6348
125497,SBI Small Cap Fund - Direct Plan - Growth,SBI Mutual Fund,Equity Scheme - Small Cap Fund,2025-10-29,201.0375
125497,SBI Small Cap Fund - Direct Plan - Growth,SBI Mutual Fund,Equity Scheme - Small Cap Fund,2025-10-30,200.5185
125497,SBI Small Cap Fund - Direct Plan - Growth,SBI Mutual Fund,Equity Scheme - Small Cap Fund,2025-10-31,199.8234
125497,SBI Small Cap Fund - Direct Plan - Growth,SBI Mutual Fund,Equity Scheme - Small Cap Fund,2025-11-03,200.9709
125497,SBI Small Cap Fund - Direct Plan - Growth,SBI Mutual Fund,Equity Scheme - Small Cap Fund,2025-11-04,200.4678
125497,SBI Small Cap Fund - Direct Plan - Growth,SBI Mutual Fund,Equity Scheme - Small Cap Fund,2025-11-06,197.8032
125497,SBI Small Cap Fund - Direct Plan - Growth,SBI Mutual Fund,Equity Scheme - Small Cap Fund,2025-11-07,197.315
125497,SBI Small Cap Fund - Direct Plan - Growth,SBI Mutual Fund,Equity Scheme - Small Cap Fund,2025-11-10,196.2451
125497,SBI Small Cap Fund - Direct Plan - Growth,SBI Mutual Fund,Equity Scheme - Small Cap Fund,2025-11-11,196.4486
125497,SBI Small Cap Fund - Direct Plan - Growth,SBI Mutual Fund,Equity Scheme - Small Cap Fund,2025-11-12,196.884
125497,SBI Small Cap Fund - Direct Plan - Growth,SBI Mutual Fund,Equity Scheme - Small Cap Fund,2025-11-13,196.5465
125497,SBI Small Cap Fund - Direct Plan - Growth,SBI Mutual Fund,Equity Scheme - Small Cap Fund,2025-11-14,197.0676
125497,SBI Small Cap Fund - Direct Plan - Growth,SBI Mutual Fund,Equity Scheme - Small Cap Fund,2025-11-17,197.9212
125497,SBI Small Cap Fund - Direct Plan - Growth,SBI Mutual Fund,Equity Scheme - Small Cap Fund,2025-11-18,196.9478
125497,SBI Small Cap Fund - Direct Plan - Growth,SBI Mutual Fund,Equity Scheme - Small Cap Fund,2025-11-19,196.528
125497,SBI Small Cap Fund - Direct Plan - Growth,SBI Mutual Fund,Equity Scheme - Small Cap Fund,2025-11-20,196.0732
125497,SBI Small Cap Fund - Direct Plan - Growth,SBI Mutual Fund,Equity Scheme - Small Cap Fund,2025-11-21,194.2517
125497,SBI Small Cap Fund - Direct Plan - Growth,SBI Mutual Fund,Equity Scheme - Small Cap Fund,2025-11-24,193.9092
125497,SBI Small Cap Fund - Direct Plan - Growth,SBI Mutual Fund,Equity Scheme - Small Cap Fund,2025-11-25,194.2042
125497,SBI Small Cap Fund - Direct Plan - Growth,SBI Mutual Fund,Equity Scheme - Small Cap Fund,2025-11-26,195.8555
125497,SBI Small Cap Fund - Direct Plan - Growth,SBI Mutual Fund,Equity Scheme - Small Cap Fund,2025-11-27,195.149
125497,SBI Small Cap Fund - Direct Plan - Growth,SBI Mutual Fund,Equity Scheme - Small Cap Fund,2025-11-28,194.9784
125497,SBI Small Cap Fund - Direct Plan - Growth,SBI Mutual Fund,Equity Scheme - Small Cap Fund,2025-11-30,194.979
125497,SBI Small Cap Fund - Direct Plan - Growth,SBI Mutual Fund,Equity Scheme - Small Cap Fund,2025-12-01,195.3626
125497,SBI Small Cap Fund - Direct Plan - Growth,SBI Mutual Fund,Equity Scheme - Small Cap Fund,2025-12-02,194.4312
125497,SBI Small Cap Fund - Direct Plan - Growth,SBI Mutual Fund,Equity Scheme - Small Cap Fund,2025-12-03,194.3355
125497,SBI Small Cap Fund - Direct Plan - Growth,SBI Mutual Fund,Equity Scheme - Small Cap Fund,2025-12-04,193.4599
125497,SBI Small Cap Fund - Direct Plan - Growth,SBI Mutual Fund,Equity Scheme - Small Cap Fund,2025-12-05,193.1451
125497,SBI Small Cap Fund - Direct Plan - Growth,SBI Mutual Fund,Equity Scheme - Small Cap Fund,2025-12-08,190.1591
125497,SBI Small Cap Fund - Direct Plan - Growth,SBI Mutual Fund,Equity Scheme - Small Cap Fund,2025-12-09,191.3573
125497,SBI Small Cap Fund - Direct Plan - Growth,SBI Mutual Fund,Equity Scheme - Small Cap Fund,2025-12-10,191.2557
125497,SBI Small Cap Fund - Direct Plan - Growth,SBI Mutual Fund,Equity Scheme - Small Cap Fund,2025-12-11,191.4952
125497,SBI Small Cap Fund - Direct Plan - Growth,SBI Mutual Fund,Equity Scheme - Small Cap Fund,2025-12-12,192.3377
125497,SBI Small Cap Fund - Direct Plan - Growth,SBI Mutual Fund,Equity Scheme - Small Cap Fund,2025-12-15,193.1325
125497,SBI Small Cap Fund - Direct Plan - Growth,SBI Mutual Fund,Equity Scheme - Small Cap Fund,2025-12-16,191.3143
125497,SBI Small Cap Fund - Direct Plan - Growth,SBI Mutual Fund,Equity Scheme - Small Cap Fund,2025-12-17,190.0621
125497,SBI Small Cap Fund - Direct Plan - Growth,SBI Mutual Fund,Equity Scheme - Small Cap Fund,2025-12-18,189.542
125497,SBI Small Cap Fund - Direct Plan - Growth,SBI Mutual Fund,Equity Scheme - Small Cap Fund,2025-12-19,191.1157
125497,SBI Small Cap Fund - Direct Plan - Growth,SBI Mutual Fund,Equity Scheme - Small Cap Fund,2025-12-22,192.2573
125497,SBI Small Cap Fund - Direct Plan - Growth,SBI Mutual Fund,Equity Scheme - Small Cap Fund,2025-12-23,193.2652
125497,SBI Small Cap Fund - Direct Plan - Growth,SBI Mutual Fund,Equity Scheme - Small Cap Fund,2025-12-24,193.2848
125497,SBI Small Cap Fund - Direct Plan - Growth,SBI Mutual Fund,Equity Scheme - Small Cap Fund,2025-12-26,192.5913
125497,SBI Small Cap Fund - Direct Plan - Growth,SBI Mutual Fund,Equity Scheme - Small Cap Fund,2025-12-29,192.541
125497,SBI Small Cap Fund - Direct Plan - Growth,SBI Mutual Fund,Equity Scheme - Small Cap Fund,2025-12-30,191.9501
125497,SBI Small Cap Fund - Direct Plan - Growth,SBI Mutual Fund,Equity Scheme - Small Cap Fund,2025-12-31,193.7724
125497,SBI Small Cap Fund - Direct Plan - Growth,SBI Mutual Fund,Equity Scheme - Small Cap Fund,2026-01-01,193.6417
125497,SBI Small Cap Fund - Direct Plan - Growth,SBI Mutual Fund,Equity Scheme - Small Cap Fund,2026-01-02,194.574
125497,SBI Small Cap Fund - Direct Plan - Growth,SBI Mutual Fund,Equity Scheme - Small Cap Fund,2026-01-05,194.3786
125497,SBI Small Cap Fund - Direct Plan - Growth,SBI Mutual Fund,Equity Scheme - Small Cap Fund,2026-01-06,193.7027
125497,SBI Small Cap Fund - Direct Plan - Growth,SBI Mutual Fund,Equity Scheme - Small Cap Fund,2026-01-07,193.3173
125497,SBI Small Cap Fund - Direct Plan - Growth,SBI Mutual Fund,Equity Scheme - Small Cap Fund,2026-01-08,190.16
125497,SBI Small Cap Fund - Direct Plan - Growth,SBI Mutual Fund,Equity Scheme - Small Cap Fund,2026-01-09,187.0971
125497,SBI Small Cap Fund - Direct Plan - Growth,SBI Mutual Fund,Equity Scheme - Small Cap Fund,2026-01-12,186.1837
125497,SBI Small Cap Fund - Direct Plan - Growth,SBI Mutual Fund,Equity Scheme - Small Cap Fund,2026-01-13,187.6594
125497,SBI Small Cap Fund - Direct Plan - Growth,SBI Mutual Fund,Equity Scheme - Small Cap Fund,2026-01-14,187.3375
125497,SBI Small Cap Fund - Direct Plan - Growth,SBI Mutual Fund,Equity Scheme - Small Cap Fund,2026-01-16,186.9719
125497,SBI Small Cap Fund - Direct Plan - Growth,SBI Mutual Fund,Equity Scheme - Small Cap Fund,2026-01-19,185.4042
125497,SBI Small Cap Fund - Direct Plan - Growth,SBI Mutual Fund,Equity Scheme - Small Cap Fund,2026-01-20,181.835
125497,SBI Small Cap Fund - Direct Plan - Growth,SBI Mutual Fund,Equity Scheme - Small Cap Fund,2026-01-21,181.5325
125497,SBI Small Cap Fund - Direct Plan - Growth,SBI Mutual Fund,Equity Scheme - Small Cap Fund,2026-01-22,182.7544
125497,SBI Small Cap Fund - Direct Plan - Growth,SBI Mutual Fund,Equity Scheme - Small Cap Fund,2026-01-23,179.8035
125497,SBI Small Cap Fund - Direct Plan - Growth,SBI Mutual Fund,Equity Scheme - Small Cap Fund,2026-01-27,179.5515
125497,SBI Small Cap Fund - Direct Plan - Growth,SBI Mutual Fund,Equity Scheme - Small Cap Fund,2026-01-28,181.0873
125497,SBI Small Cap Fund - Direct Plan - Growth,SBI Mutual Fund,Equity Scheme - Small Cap Fund,2026-01-29,179.9408
125497,SBI Small Cap Fund - Direct Plan - Growth,SBI Mutual Fund,Equity Scheme - Small Cap Fund,2026-01-30,183.3021
125497,SBI Small Cap Fund - Direct Plan - Growth,SBI Mutual Fund,Equity Scheme - Small Cap Fund,2026-01-31,183.301
125497,SBI Small Cap Fund - Direct Plan - Growth,SBI Mutual Fund,Equity Scheme - Small Cap Fund,2026-02-02,180.5424
125497,SBI Small Cap Fund - Direct Plan - Growth,SBI Mutual Fund,Equity Scheme - Small Cap Fund,2026-02-03,186.7009
125497,SBI Small Cap Fund - Direct Plan - Growth,SBI Mutual Fund,Equity Scheme - Small Cap Fund,2026-02-04,186.7774
125497,SBI Small Cap Fund - Direct Plan - Growth,SBI Mutual Fund,Equity Scheme - Small Cap Fund,2026-02-05,185.6949
125497,SBI Small Cap Fund - Direct Plan - Growth,SBI Mutual Fund,Equity Scheme - Small Cap Fund,2026-02-06,184.627
125497,SBI Small Cap Fund - Direct Plan - Growth,SBI Mutual Fund,Equity Scheme - Small Cap Fund,2026-02-09,188.469
125497,SBI Small Cap Fund - Direct Plan - Growth,SBI Mutual Fund,Equity Scheme - Small Cap Fund,2026-02-10,189.019
125497,SBI Small Cap Fund - Direct Plan - Growth,SBI Mutual Fund,Equity Scheme - Small Cap Fund,2026-02-11,189.7464
125497,SBI Small Cap Fund - Direct Plan - Growth,SBI Mutual Fund,Equity Scheme - Small Cap Fund,2026-02-12,189.6029
125497,SBI Small Cap Fund - Direct Plan - Growth,SBI Mutual Fund,Equity Scheme - Small Cap Fund,2026-02-13,187.236
125497,SBI Small Cap Fund - Direct Plan - Growth,SBI Mutual Fund,Equity Scheme - Small Cap Fund,2026-02-16,185.8471
125497,SBI Small Cap Fund - Direct Plan - Growth,SBI Mutual Fund,Equity Scheme - Small Cap Fund,2026-02-17,187.6437
125497,SBI Small Cap Fund - Direct Plan - Growth,SBI Mutual Fund,Equity Scheme - Small Cap Fund,2026-02-18,188.2128
125497,SBI Small Cap Fund - Direct Plan - Growth,SBI Mutual Fund,Equity Scheme - Small Cap Fund,2026-02-19,186.6666
125497,SBI Small Cap Fund - Direct Plan - Growth,SBI Mutual Fund,Equity Scheme - Small Cap Fund,2026-02-20,186.2228
125497,SBI Small Cap Fund - Direct Plan - Growth,SBI Mutual Fund,Equity Scheme - Small Cap Fund,2026-02-23,187.5721
125497,SBI Small Cap Fund - Direct Plan - Growth,SBI Mutual Fund,Equity Scheme - Small Cap Fund,2026-02-24,186.208
125497,SBI Small Cap Fund - Direct Plan - Growth,SBI Mutual Fund,Equity Scheme - Small Cap Fund,2026-02-25,186.0488
125497,SBI Small Cap Fund - Direct Plan - Growth,SBI Mutual Fund,Equity Scheme - Small Cap Fund,2026-02-26,186.095
125497,SBI Small Cap Fund - Direct Plan - Growth,SBI Mutual Fund,Equity Scheme - Small Cap Fund,2026-02-27,184.7581
125497,SBI Small Cap Fund - Direct Plan - Growth,SBI Mutual Fund,Equity Scheme - Small Cap Fund,2026-02-28,184.7579
125497,SBI Small Cap Fund - Direct Plan - Growth,SBI Mutual Fund,Equity Scheme - Small Cap Fund,2026-03-02,181.3175
125497,SBI Small Cap Fund - Direct Plan - Growth,SBI Mutual Fund,Equity Scheme - Small Cap Fund,2026-03-04,177.9961
125497,SBI Small Cap Fund - Direct Plan - Growth,SBI Mutual Fund,Equity Scheme - Small Cap Fund,2026-03-05,179.3239
125497,SBI Small Cap Fund - Direct Plan - Growth,SBI Mutual Fund,Equity Scheme - Small Cap Fund,2026-03-06,178.9784
125497,SBI Small Cap Fund - Direct Plan - Growth,SBI Mutual Fund,Equity Scheme - Small Cap Fund,2026-03-09,175.7742
125497,SBI Small Cap Fund - Direct Plan - Growth,SBI Mutual Fund,Equity Scheme - Small Cap Fund,2026-03-10,178.8419
125497,SBI Small Cap Fund - Direct Plan - Growth,SBI Mutual Fund,Equity Scheme - Small Cap Fund,2026-03-11,178.3891
125497,SBI Small Cap Fund - Direct Plan - Growth,SBI Mutual Fund,Equity Scheme - Small Cap Fund,2026-03-12,177.9888
125497,SBI Small Cap Fund - Direct Plan - Growth,SBI Mutual Fund,Equity Scheme - Small Cap Fund,2026-03-13,173.9754
125497,SBI Small Cap Fund - Direct Plan - Growth,SBI Mutual Fund,Equity Scheme - Small Cap Fund,2026-03-16,173.8198
125497,SBI Small Cap Fund - Direct Plan - Growth,SBI Mutual Fund,Equity Scheme - Small Cap Fund,2026-03-17,174.0628
125497,SBI Small Cap Fund - Direct Plan - Growth,SBI Mutual Fund,Equity Scheme - Small Cap Fund,2026-03-18,177.4908
125497,SBI Small Cap Fund - Direct Plan - Growth,SBI Mutual Fund,Equity Scheme - Small Cap Fund,2026-03-19,173.9004
125497,SBI Small Cap Fund - Direct Plan - Growth,SBI Mutual Fund,Equity Scheme - Small Cap Fund,2026-03-20,174.6205
125497,SBI Small Cap Fund - Direct Plan - Growth,SBI Mutual Fund,Equity Scheme - Small Cap Fund,2026-03-23,169.1091
125497,SBI Small Cap Fund - Direct Plan - Growth,SBI Mutual Fund,Equity Scheme - Small Cap Fund,2026-03-24,172.0049
125497,SBI Small Cap Fund - Direct Plan - Growth,SBI Mutual Fund,Equity Scheme - Small Cap Fund,2026-03-25,175.4211
125497,SBI Small Cap Fund - Direct Plan - Growth,SBI Mutual Fund,Equity Scheme - Small Cap Fund,2026-03-27,172.4739
125497,SBI Small Cap Fund - Direct Plan - Growth,SBI Mutual Fund,Equity Scheme - Small Cap Fund,2026-03-30,169.3708
125497,SBI Small Cap Fund - Direct Plan - Growth,SBI Mutual Fund,Equity Scheme - Small Cap Fund,2026-03-31,169.3706
125497,SBI Small Cap Fund - Direct Plan - Growth,SBI Mutual Fund,Equity Scheme - Small Cap Fund,2026-04-01,173.782
125497,SBI Small Cap Fund - Direct Plan - Growth,SBI Mutual Fund,Equity Scheme - Small Cap Fund,2026-04-02,173.8471
125497,SBI Small Cap Fund - Direct Plan - Growth,SBI Mutual Fund,Equity Scheme - Small Cap Fund,2026-04-06,174.9151
125497,SBI Small Cap Fund - Direct Plan - Growth,SBI Mutual Fund,Equity Scheme - Small Cap Fund,2026-04-07,174.8342
125497,SBI Small Cap Fund - Direct Plan - Growth,SBI Mutual Fund,Equity Scheme - Small Cap Fund,2026-04-08,180.5783
125497,SBI Small Cap Fund - Direct Plan - Growth,SBI Mutual Fund,Equity Scheme - Small Cap Fund,2026-04-09,181.2455
125497,SBI Small Cap Fund - Direct Plan - Growth,SBI Mutual Fund,Equity Scheme - Small Cap Fund,2026-04-10,184.6967
125497,SBI Small Cap Fund - Direct Plan - Growth,SBI Mutual Fund,Equity Scheme - Small Cap Fund,2026-04-13,184.3491
125497,SBI Small Cap Fund - Direct Plan - Growth,SBI Mutual Fund,Equity Scheme - Small Cap Fund,2026-04-15,187.2786
125497,SBI Small Cap Fund - Direct Plan - Growth,SBI Mutual Fund,Equity Scheme - Small Cap Fund,2026-04-16,188.3316
125497,SBI Small Cap Fund - Direct Plan - Growth,SBI Mutual Fund,Equity Scheme - Small Cap Fund,2026-04-17,190.5242
125497,SBI Small Cap Fund - Direct Plan - Growth,SBI Mutual Fund,Equity Scheme - Small Cap Fund,2026-04-20,191.0583
125497,SBI Small Cap Fund - Direct Plan - Growth,SBI Mutual Fund,Equity Scheme - Small Cap Fund,2026-04-21,192.6397
125497,SBI Small Cap Fund - Direct Plan - Growth,SBI Mutual Fund,Equity Scheme - Small Cap Fund,2026-04-22,194.1928
125497,SBI Small Cap Fund - Direct Plan - Growth,SBI Mutual Fund,Equity Scheme - Small Cap Fund,2026-04-23,193.0317
125497,SBI Small Cap Fund - Direct Plan - Growth,SBI Mutual Fund,Equity Scheme - Small Cap Fund,2026-04-24,191.0425
125497,SBI Small Cap Fund - Direct Plan - Growth,SBI Mutual Fund,Equity Scheme - Small Cap Fund,2026-04-27,193.8317
125497,SBI Small Cap Fund - Direct Plan - Growth,SBI Mutual Fund,Equity Scheme - Small Cap Fund,2026-04-28,193.4843
125497,SBI Small Cap Fund - Direct Plan - Growth,SBI Mutual Fund,Equity Scheme - Small Cap Fund,2026-04-29,194.1523
125497,SBI Small Cap Fund - Direct Plan - Growth,SBI Mutual Fund,Equity Scheme - Small Cap Fund,2026-04-30,193.4131
125497,SBI Small Cap Fund - Direct Plan - Growth,SBI Mutual Fund,Equity Scheme - Small Cap Fund,2026-05-04,195.4469
125497,SBI Small Cap Fund - Direct Plan - Growth,SBI Mutual Fund,Equity Scheme - Small Cap Fund,2026-05-05,194.5618
125497,SBI Small Cap Fund - Direct Plan - Growth,SBI Mutual Fund,Equity Scheme - Small Cap Fund,2026-05-06,196.0036
125497,SBI Small Cap Fund - Direct Plan - Growth,SBI Mutual Fund,Equity Scheme - Small Cap Fund,2026-05-07,197.4753
125497,SBI Small Cap Fund - Direct Plan - Growth,SBI Mutual Fund,Equity Scheme - Small Cap Fund,2026-05-08,196.8821
125497,SBI Small Cap Fund - Direct Plan - Growth,SBI Mutual Fund,Equity Scheme - Small Cap Fund,2026-05-11,195.586
125497,SBI Small Cap Fund - Direct Plan - Growth,SBI Mutual Fund,Equity Scheme - Small Cap Fund,2026-05-12,190.6152
125497,SBI Small Cap Fund - Direct Plan - Growth,SBI Mutual Fund,Equity Scheme - Small Cap Fund,2026-05-13,190.464
125497,SBI Small Cap Fund - Direct Plan - Growth,SBI Mutual Fund,Equity Scheme - Small Cap Fund,2026-05-14,189.9345
125497,SBI Small Cap Fund - Direct Plan - Growth,SBI Mutual Fund,Equity Scheme - Small Cap Fund,2026-05-15,190.2405
125497,SBI Small Cap Fund - Direct Plan - Growth,SBI Mutual Fund,Equity Scheme - Small Cap Fund,2026-05-18,187.9126
125497,SBI Small Cap Fund - Direct Plan - Growth,SBI Mutual Fund,Equity Scheme - Small Cap Fund,2026-05-19,189.5553
125497,SBI Small Cap Fund - Direct Plan - Growth,SBI Mutual Fund,Equity Scheme - Small Cap Fund,2026-05-20,189.8661
125497,SBI Small Cap Fund - Direct Plan - Growth,SBI Mutual Fund,Equity Scheme - Small Cap Fund,2026-05-21,191.7575
125497,SBI Small Cap Fund - Direct Plan - Growth,SBI Mutual Fund,Equity Scheme - Small Cap Fund,2026-05-22,192.1227
125497,SBI Small Cap Fund - Direct Plan - Growth,SBI Mutual Fund,Equity Scheme - Small Cap Fund,2026-05-25,193.5599
125497,SBI Small Cap Fund - Direct Plan - Growth,SBI Mutual Fund,Equity Scheme - Small Cap Fund,2026-05-26,194.2258
125497,SBI Small Cap Fund - Direct Plan - Growth,SBI Mutual Fund,Equity Scheme - Small Cap Fund,2026-05-27,195.0501
125497,SBI Small Cap Fund - Direct Plan - Growth,SBI Mutual Fund,Equity Scheme - Small Cap Fund,2026-05-29,193.6848
125497,SBI Small Cap Fund - Direct Plan - Growth,SBI Mutual Fund,Equity Scheme - Small Cap Fund,2026-05-31,193.6836
