scheme_code,scheme_name,fund_house,scheme_category,date,nav
125497,SBI Small Cap Fund - Direct Plan - Growth,SBI Mutual Fund,Equity Scheme - Small Cap Fund,2019-05-13,52.8389
125497,SBI Small Cap Fund - Direct Plan - Growth,SBI Mutual Fund,Equity Scheme - Small Cap Fund,2019-05-14,53.1004
125497,SBI Small Cap Fund - Direct Plan - Growth,SBI Mutual Fund,Equity Scheme - Small Cap Fund,2019-05-15,53.0303
125497,SBI Small Cap Fund - Direct Plan - Growth,SBI Mutual Fund,Equity Scheme - Small Cap Fund,2019-05-16,52.9338
125497,SBI Small Cap Fund - Direct Plan - Growth,SBI Mutual Fund,Equity Scheme - Small Cap Fund,2019-05-17,53.073
125497,SBI Small Cap Fund - Direct Plan - Growth,SBI Mutual Fund,Equity Scheme - Small Cap Fund,2019-05-20,54.4867
125497,SBI Small Cap Fund - Direct Plan - Growth,SBI Mutual Fund,Equity Scheme - Small Cap Fund,2019-05-21,54.0838
125497,SBI Small Cap Fund - Direct Plan - Growth,SBI Mutual Fund,Equity Scheme - Small Cap Fund,2019-05-22,54.0958
125497,SBI Small Cap Fund - Direct Plan - Growth,SBI Mutual Fund,Equity Scheme - Small Cap Fund,2019-05-23,53.9873
125497,SBI Small Cap Fund - Direct Plan - Growth,SBI Mutual Fund,Equity Scheme - Small Cap Fund,2019-05-24,54.9948
125497,SBI Small Cap Fund - Direct Plan - Growth,SBI Mutual Fund,Equity Scheme - Small Cap Fund,2019-05-27,55.9036
125497,SBI Small Cap Fund - Direct Plan - Growth,SBI Mutual Fund,Equity Scheme - Small Cap Fund,2019-05-28,56.5415
125497,SBI Small Cap Fund - Direct Plan - Growth,SBI Mutual Fund,Equity Scheme - Small Cap Fund,2019-05-29,56.3573
125497,SBI Small Cap Fund - Direct Plan - Growth,SBI Mutual Fund,Equity Scheme - Small Cap Fund,2019-05-30,56.1882
125497,SBI Small Cap Fund - Direct Plan - Growth,SBI Mutual Fund,Equity Scheme - Small Cap Fund,2019-05-31,56.4804
125497,SBI Small Cap Fund - Direct Plan - Growth,SBI Mutual Fund,Equity Scheme - Small Cap Fund,2019-06-03,56.7417
125497,SBI Small Cap Fund - Direct Plan - Growth,SBI Mutual Fund,Equity Scheme - Small Cap Fund,2019-06-04,56.7067
125497,SBI Small Cap Fund - Direct Plan - Growth,SBI Mutual Fund,Equity Scheme - Small Cap Fund,2019-06-06,56.1253
125497,SBI Small Cap Fund - Direct Plan - Growth,SBI Mutual Fund,Equity Scheme - Small Cap Fund,2019-06-07,56.094
125497,SBI Small Cap Fund - Direct Plan - Growth,SBI Mutual Fund,Equity Scheme - Small Cap Fund,2019-06-10,55.7431
125497,SBI Small Cap Fund - Direct Plan - Growth,SBI Mutual Fund,Equity Scheme - Small Cap Fund,2019-06-11,55.677
125497,SBI Small Cap Fund - Direct Plan - Growth,SBI Mutual Fund,Equity Scheme - Small Cap Fund,2019-06-12,55.6663
125497,SBI Small Cap Fund - Direct Plan - Growth,SBI Mutual Fund,Equity Scheme - Small Cap Fund,2019-06-13,55.3583
125497,SBI Small Cap Fund - Direct Plan - Growth,SBI Mutual Fund,Equity Scheme - Small Cap Fund,2019-06-14,55.2265
125497,SBI Small Cap Fund - Direct Plan - Growth,SBI Mutual Fund,Equity Scheme - Small Cap Fund,2019-06-17,54.651
125497,SBI Small Cap Fund - Direct Plan - Growth,SBI Mutual Fund,Equity Scheme - Small Cap Fund,2019-06-18,54.3588
125497,SBI Small Cap Fund - Direct Plan - Growth,SBI Mutual Fund,Equity Scheme - Small Cap Fund,2019-06-19,54.0946
125497,SBI Small Cap Fund - Direct Plan - Growth,SBI Mutual Fund,Equity Scheme - Small Cap Fund,2019-06-20,54.4507
125497,SBI Small Cap Fund - Direct Plan - Growth,SBI Mutual Fund,Equity Scheme - Small Cap Fund,2019-06-21,54.4826
125497,SBI Small Cap Fund - Direct Plan - Growth,SBI Mutual Fund,Equity Scheme - Small Cap Fund,2019-06-24,54.1894
125497,SBI Small Cap Fund - Direct Plan - Growth,SBI Mutual Fund,Equity Scheme - Small Cap Fund,2019-06-25,54.4957
125497,SBI Small Cap Fund - Direct Plan - Growth,SBI Mutual Fund,Equity Scheme - Small Cap Fund,2019-06-26,54.9657
125497,SBI Small Cap Fund - Direct Plan - Growth,SBI Mutual Fund,Equity Scheme - Small Cap Fund,2019-06-27,55.097
125497,SBI Small Cap Fund - Direct Plan - Growth,SBI Mutual Fund,Equity Scheme - Small Cap Fund,2019-06-28,55.224
125497,SBI Small Cap Fund - Direct Plan - Growth,SBI Mutual Fund,Equity Scheme - Small Cap Fund,2019-07-01,55.3031
125497,SBI Small Cap Fund - Direct Plan - Growth,SBI Mutual Fund,Equity Scheme - Small Cap Fund,2019-07-02,55.456
125497,SBI Small Cap Fund - Direct Plan - Growth,SBI Mutual Fund,Equity Scheme - Small Cap Fund,2019-07-03,55.3738
125497,SBI Small Cap Fund - Direct Plan - Growth,SBI Mutual Fund,Equity Scheme - Small Cap Fund,2019-07-04,55.4699
125497,SBI Small Cap Fund - Direct Plan - Growth,SBI Mutual Fund,Equity Scheme - Small Cap Fund,2019-07-05,54.8561
125497,SBI Small Cap Fund - Direct Plan - Growth,SBI Mutual Fund,Equity Scheme - Small Cap Fund,2019-07-08,54.1644
125497,SBI Small Cap Fund - Direct Plan - Growth,SBI Mutual Fund,Equity Scheme - Small Cap Fund,2019-07-09,54.0836
125497,SBI Small Cap Fund - Direct Plan - Growth,SBI Mutual Fund,Equity Scheme - Small Cap Fund,2019-07-10,53.8443
125497,SBI Small Cap Fund - Direct Plan - Growth,SBI Mutual Fund,Equity Scheme - Small Cap Fund,2019-07-11,54.0984
125497,SBI Small Cap Fund - Direct Plan - Growth,SBI Mutual Fund,Equity Scheme - Small Cap Fund,2019-07-12,54.2785
125497,SBI Small Cap Fund - Direct Plan - Growth,SBI Mutual Fund,Equity Scheme - Small Cap Fund,2019-07-15,54.1461
125497,SBI Small Cap Fund - Direct Plan - Growth,SBI Mutual Fund,Equity Scheme - Small Cap Fund,2019-07-16,54.0856
125497,SBI Small Cap Fund - Direct Plan - Growth,SBI Mutual Fund,Equity Scheme - Small Cap Fund,2019-07-17,54.319
125497,SBI Small Cap Fund - Direct Plan - Growth,SBI Mutual Fund,Equity Scheme - Small Cap Fund,2019-07-18,54.0147
125497,SBI Small Cap Fund - Direct Plan - Growth,SBI Mutual Fund,Equity Scheme - Small Cap Fund,2019-07-19,53.4029
125497,SBI Small Cap Fund - Direct Plan - Growth,SBI Mutual Fund,Equity Scheme - Small Cap Fund,2019-07-22,53.024
125497,SBI Small Cap Fund - Direct Plan - Growth,SBI Mutual Fund,Equity Scheme - Small Cap Fund,2019-07-23,53.155
125497,SBI Small Cap Fund - Direct Plan - Growth,SBI Mutual Fund,Equity Scheme - Small Cap Fund,2019-07-24,52.7374
125497,SBI Small Cap Fund - Direct Plan - Growth,SBI Mutual Fund,Equity Scheme - Small Cap Fund,2019-07-25,52.5207
125497,SBI Small Cap Fund - Direct Plan - Growth,SBI Mutual Fund,Equity Scheme - Small Cap Fund,2019-07-26,52.5686
125497,SBI Small Cap Fund - Direct Plan - Growth,SBI Mutual Fund,Equity Scheme - Small Cap Fund,2019-07-29,52.1616
125497,SBI Small Cap Fund - Direct Plan - Growth,SBI Mutual Fund,Equity Scheme - Small Cap Fund,2019-07-30,51.466
125497,SBI Small Cap Fund - Direct Plan - Growth,SBI Mutual Fund,Equity Scheme - Small Cap Fund,2019-07-31,51.9017
125497,SBI Small Cap Fund - Direct Plan - Growth,SBI Mutual Fund,Equity Scheme - Small Cap Fund,2019-08-01,51.3082
125497,SBI Small Cap Fund - Direct Plan - Growth,SBI Mutual Fund,Equity Scheme - Small Cap Fund,2019-08-02,51.0349
125497,SBI Small Cap Fund - Direct Plan - Growth,SBI Mutual Fund,Equity Scheme - Small Cap Fund,2019-08-05,50.5861
125497,SBI Small Cap Fund - Direct Plan - Growth,SBI Mutual Fund,Equity Scheme - Small Cap Fund,2019-08-06,51.0319
125497,SBI Small Cap Fund - Direct Plan - Growth,SBI Mutual Fund,Equity Scheme - Small Cap Fund,2019-08-07,51.1681
125497,SBI Small Cap Fund - Direct Plan - Growth,SBI Mutual Fund,Equity Scheme - Small Cap Fund,2019-08-08,51.2595
125497,SBI Small Cap Fund - Direct Plan - Growth,SBI Mutual Fund,Equity Scheme - Small Cap Fund,2019-08-09,51.6177
125497,SBI Small Cap Fund - Direct Plan - Growth,SBI Mutual Fund,Equity Scheme - Small Cap Fund,2019-08-13,51.0979
125497,SBI Small Cap Fund - Direct Plan - Growth,SBI Mutual Fund,Equity Scheme - Small Cap Fund,2019-08-14,51.7299
125497,SBI Small Cap Fund - Direct Plan - Growth,SBI Mutual Fund,Equity Scheme - Small Cap Fund,2019-08-16,52.0211
125497,SBI Small Cap Fund - Direct Plan - Growth,SBI Mutual Fund,Equity Scheme - Small Cap Fund,2019-08-19,51.9983
125497,SBI Small Cap Fund - Direct Plan - Growth,SBI Mutual Fund,Equity Scheme - Small Cap Fund,2019-08-20,51.9247
125497,SBI Small Cap Fund - Direct Plan - Growth,SBI Mutual Fund,Equity Scheme - Small Cap Fund,2019-08-21,51.522
125497,SBI Small Cap Fund - Direct Plan - Growth,SBI Mutual Fund,Equity Scheme - Small Cap Fund,2019-08-22,51.038
125497,SBI Small Cap Fund - Direct Plan - Growth,SBI Mutual Fund,Equity Scheme - Small Cap Fund,2019-08-23,51.3091
125497,SBI Small Cap Fund - Direct Plan - Growth,SBI Mutual Fund,Equity Scheme - Small Cap Fund,2019-08-26,52.0341
125497,SBI Small Cap Fund - Direct Plan - Growth,SBI Mutual Fund,Equity Scheme - Small Cap Fund,2019-08-27,52.5731
125497,SBI Small Cap Fund - Direct Plan - Growth,SBI Mutual Fund,Equity Scheme - Small Cap Fund,2019-08-28,52.4938
125497,SBI Small Cap Fund - Direct Plan - Growth,SBI Mutual Fund,Equity Scheme - Small Cap Fund,2019-08-29,52.0987
125497,SBI Small Cap Fund - Direct Plan - Growth,SBI Mutual Fund,Equity Scheme - Small Cap Fund,2019-08-30,52.3752
125497,SBI Small Cap Fund - Direct Plan - Growth,SBI Mutual Fund,Equity Scheme - Small Cap Fund,2019-09-03,51.9742
125497,SBI Small Cap Fund - Direct Plan - Growth,SBI Mutual Fund,Equity Scheme - Small Cap Fund,2019-09-04,52.1216
125497,SBI Small Cap Fund - Direct Plan - Growth,SBI Mutual Fund,Equity Scheme - Small Cap Fund,2019-09-05,52.2783
125497,SBI Small Cap Fund - Direct Plan - Growth,SBI Mutual Fund,Equity Scheme - Small Cap Fund,2019-09-06,52.6455
125497,SBI Small Cap Fund - Direct Plan - Growth,SBI Mutual Fund,Equity Scheme - Small Cap Fund,2019-09-09,52.9366
125497,SBI Small Cap Fund - Direct Plan - Growth,SBI Mutual Fund,Equity Scheme - Small Cap Fund,2019-09-11,53.7478
125497,SBI Small Cap Fund - Direct Plan - Growth,SBI Mutual Fund,Equity Scheme - Small Cap Fund,2019-09-12,53.6476
125497,SBI Small Cap Fund - Direct Plan - Growth,SBI Mutual Fund,Equity Scheme - Small Cap Fund,2019-09-13,53.6012
125497,SBI Small Cap Fund - Direct Plan - Growth,SBI Mutual Fund,Equity Scheme - Small Cap Fund,2019-09-16,53.814
125497,SBI Small Cap Fund - Direct Plan - Growth,SBI Mutual Fund,Equity Scheme - Small Cap Fund,2019-09-17,53.1853
125497,SBI Small Cap Fund - Direct Plan - Growth,SBI Mutual Fund,Equity Scheme - Small Cap Fund,2019-09-18,53.1334
125497,SBI Small Cap Fund - Direct Plan - Growth,SBI Mutual Fund,Equity Scheme - Small Cap Fund,2019-09-19,52.7845
125497,SBI Small Cap Fund - Direct Plan - Growth,SBI Mutual Fund,Equity Scheme - Small Cap Fund,2019-09-20,54.447
125497,SBI Small Cap Fund - Direct Plan - Growth,SBI Mutual Fund,Equity Scheme - Small Cap Fund,2019-09-23,56.3502
125497,SBI Small Cap Fund - Direct Plan - Growth,SBI Mutual Fund,Equity Scheme - Small Cap Fund,2019-09-24,56.4498
125497,SBI Small Cap Fund - Direct Plan - Growth,SBI Mutual Fund,Equity Scheme - Small Cap Fund,2019-09-25,55.9413
125497,SBI Small Cap Fund - Direct Plan - Growth,SBI Mutual Fund,Equity Scheme - Small Cap Fund,2019-09-26,56.3859
125497,SBI Small Cap Fund - Direct Plan - Growth,SBI Mutual Fund,Equity Scheme - Small Cap Fund,2019-09-27,56.3843
125497,SBI Small Cap Fund - Direct Plan - Growth,SBI Mutual Fund,Equity Scheme - Small Cap Fund,2019-09-30,56.147
125497,SBI Small Cap Fund - Direct Plan - Growth,SBI Mutual Fund,Equity Scheme - Small Cap Fund,2019-10-01,55.6556
125497,SBI Small Cap Fund - Direct Plan - Growth,SBI Mutual Fund,Equity Scheme - Small Cap Fund,2019-10-03,55.399
125497,SBI Small Cap Fund - Direct Plan - Growth,SBI Mutual Fund,Equity Scheme - Small Cap Fund,2019-10-04,54.9464
125497,SBI Small Cap Fund - Direct Plan - Growth,SBI Mutual Fund,Equity Scheme - Small Cap Fund,2019-10-07,54.8053
125497,SBI Small Cap Fund - Direct Plan - Growth,SBI Mutual Fund,Equity Scheme - Small Cap Fund,2019-10-09,55.0566
125497,SBI Small Cap Fund - Direct Plan - Growth,SBI Mutual Fund,Equity Scheme - Small Cap Fund,2019-10-10,54.7665
125497,SBI Small Cap Fund - Direct Plan - Growth,SBI Mutual Fund,Equity Scheme - Small Cap Fund,2019-10-11,54.8222
125497,SBI Small Cap Fund - Direct Plan - Growth,SBI Mutual Fund,Equity Scheme - Small Cap Fund,2019-10-14,54.9658
125497,SBI Small Cap Fund - Direct Plan - Growth,SBI Mutual Fund,Equity Scheme - Small Cap Fund,2019-10-15,55.0504
125497,SBI Small Cap Fund - Direct Plan - Growth,SBI Mutual Fund,Equity Scheme - Small Cap Fund,2019-10-16,54.9299
125497,SBI Small Cap Fund - Direct Plan - Growth,SBI Mutual Fund,Equity Scheme - Small Cap Fund,2019-10-17,55.2661
125497,SBI Small Cap Fund - Direct Plan - Growth,SBI Mutual Fund,Equity Scheme - Small Cap Fund,2019-10-18,56.3596
125497,SBI Small Cap Fund - Direct Plan - Growth,SBI Mutual Fund,Equity Scheme - Small Cap Fund,2019-10-22,56.3394
125497,SBI Small Cap Fund - Direct Plan - Growth,SBI Mutual Fund,Equity Scheme - Small Cap Fund,2019-10-23,56.394
125497,SBI Small Cap Fund - Direct Plan - Growth,SBI Mutual Fund,Equity Scheme - Small Cap Fund,2019-10-24,56.4878
125497,SBI Small Cap Fund - Direct Plan - Growth,SBI Mutual Fund,Equity Scheme - Small Cap Fund,2019-10-25,56.3768
125497,SBI Small Cap Fund - Direct Plan - Growth,SBI Mutual Fund,Equity Scheme - Small Cap Fund,2019-10-29,57.0785
125497,SBI Small Cap Fund - Direct Plan - Growth,SBI Mutual Fund,Equity Scheme - Small Cap Fund,2019-10-30,57.1831
125497,SBI Small Cap Fund - Direct Plan - Growth,SBI Mutual Fund,Equity Scheme - Small Cap Fund,2019-10-31,57.6615
125497,SBI Small Cap Fund - Direct Plan - Growth,SBI Mutual Fund,Equity Scheme - Small Cap Fund,2019-11-01,57.9809
125497,SBI Small Cap Fund - Direct Plan - Growth,SBI Mutual Fund,Equity Scheme - Small Cap Fund,2019-11-04,58.5157
125497,SBI Small Cap Fund - Direct Plan - Growth,SBI Mutual Fund,Equity Scheme - Small Cap Fund,2019-11-05,58.0708
125497,SBI Small Cap Fund - Direct Plan - Growth,SBI Mutual Fund,Equity Scheme - Small Cap Fund,2019-11-06,57.7536
125497,SBI Small Cap Fund - Direct Plan - Growth,SBI Mutual Fund,Equity Scheme - Small Cap Fund,2019-11-07,57.9074
125497,SBI Small Cap Fund - Direct Plan - Growth,SBI Mutual Fund,Equity Scheme - Small Cap Fund,2019-11-08,57.4537
125497,SBI Small Cap Fund - Direct Plan - Growth,SBI Mutual Fund,Equity Scheme - Small Cap Fund,2019-11-11,57.692
125497,SBI Small Cap Fund - Direct Plan - Growth,SBI Mutual Fund,Equity Scheme - Small Cap Fund,2019-11-13,57.9023
125497,SBI Small Cap Fund - Direct Plan - Growth,SBI Mutual Fund,Equity Scheme - Small Cap Fund,2019-11-14,57.8273
125497,SBI Small Cap Fund - Direct Plan - Growth,SBI Mutual Fund,Equity Scheme - Small Cap Fund,2019-11-15,57.71
125497,SBI Small Cap Fund - Direct Plan - Growth,SBI Mutual Fund,Equity Scheme - Small Cap Fund,2019-11-18,57.7894
125497,SBI Small Cap Fund - Direct Plan - Growth,SBI Mutual Fund,Equity Scheme - Small Cap Fund,2019-11-19,57.8266
125497,SBI Small Cap Fund - Direct Plan - Growth,SBI Mutual Fund,Equity Scheme - Small Cap Fund,2019-11-20,57.8357
125497,SBI Small Cap Fund - Direct Plan - Growth,SBI Mutual Fund,Equity Scheme - Small Cap Fund,2019-11-21,58.0232
125497,SBI Small Cap Fund - Direct Plan - Growth,SBI Mutual Fund,Equity Scheme - Small Cap Fund,2019-11-22,58.0555
125497,SBI Small Cap Fund - Direct Plan - Growth,SBI Mutual Fund,Equity Scheme - Small Cap Fund,2019-11-25,58.2373
125497,SBI Small Cap Fund - Direct Plan - Growth,SBI Mutual Fund,Equity Scheme - Small Cap Fund,2019-11-26,57.9258
125497,SBI Small Cap Fund - Direct Plan - Growth,SBI Mutual Fund,Equity Scheme - Small Cap Fund,2019-11-27,57.825
125497,SBI Small Cap Fund - Direct Plan - Growth,SBI Mutual Fund,Equity Scheme - Small Cap Fund,2019-11-28,57.7441
125497,SBI Small Cap Fund - Direct Plan - Growth,SBI Mutual Fund,Equity Scheme - Small Cap Fund,2019-11-29,57.9839
125497,SBI Small Cap Fund - Direct Plan - Growth,SBI Mutual Fund,Equity Scheme - Small Cap Fund,2019-12-02,58.0533
125497,SBI Small Cap Fund - Direct Plan - Growth,SBI Mutual Fund,Equity Scheme - Small Cap Fund,2019-12-03,57.9542
125497,SBI Small Cap Fund - Direct Plan - Growth,SBI Mutual Fund,Equity Scheme - Small Cap Fund,2019-12-04,58.3397
125497,SBI Small Cap Fund - Direct Plan - Growth,SBI Mutual Fund,Equity Scheme - Small Cap Fund,2019-12-05,58.2459
125497,SBI Small Cap Fund - Direct Plan - Growth,SBI Mutual Fund,Equity Scheme - Small Cap Fund,2019-12-06,57.6323
125497,SBI Small Cap Fund - Direct Plan - Growth,SBI Mutual Fund,Equity Scheme - Small Cap Fund,2019-12-09,57.3044
125497,SBI Small Cap Fund - Direct Plan - Growth,SBI Mutual Fund,Equity Scheme - Small Cap Fund,2019-12-10,56.8176
125497,SBI Small Cap Fund - Direct Plan - Growth,SBI Mutual Fund,Equity Scheme - Small Cap Fund,2019-12-11,56.6208
125497,SBI Small Cap Fund - Direct Plan - Growth,SBI Mutual Fund,Equity Scheme - Small Cap Fund,2019-12-12,56.7141
125497,SBI Small Cap Fund - Direct Plan - Growth,SBI Mutual Fund,Equity Scheme - Small Cap Fund,2019-12-13,57.2957
125497,SBI Small Cap Fund - Direct Plan - Growth,SBI Mutual Fund,Equity Scheme - Small Cap Fund,2019-12-16,56.9909
125497,SBI Small Cap Fund - Direct Plan - Growth,SBI Mutual Fund,Equity Scheme - Small Cap Fund,2019-12-17,57.3155
125497,SBI Small Cap Fund - Direct Plan - Growth,SBI Mutual Fund,Equity Scheme - Small Cap Fund,2019-12-18,57.1274
125497,SBI Small Cap Fund - Direct Plan - Growth,SBI Mutual Fund,Equity Scheme - Small Cap Fund,2019-12-19,57.3051
125497,SBI Small Cap Fund - Direct Plan - Growth,SBI Mutual Fund,Equity Scheme - Small Cap Fund,2019-12-20,57.6649
125497,SBI Small Cap Fund - Direct Plan - Growth,SBI Mutual Fund,Equity Scheme - Small Cap Fund,2019-12-23,57.5756
125497,SBI Small Cap Fund - Direct Plan - Growth,SBI Mutual Fund,Equity Scheme - Small Cap Fund,2019-12-24,57.4196
125497,SBI Small Cap Fund - Direct Plan - Growth,SBI Mutual Fund,Equity Scheme - Small Cap Fund,2019-12-26,57.4846
125497,SBI Small Cap Fund - Direct Plan - Growth,SBI Mutual Fund,Equity Scheme - Small Cap Fund,2019-12-27,57.7682
125497,SBI Small Cap Fund - Direct Plan - Growth,SBI Mutual Fund,Equity Scheme - Small Cap Fund,2019-12-30,57.7981
125497,SBI Small Cap Fund - Direct Plan - Growth,SBI Mutual Fund,Equity Scheme - Small Cap Fund,2019-12-31,57.8093
125497,SBI Small Cap Fund - Direct Plan - Growth,SBI Mutual Fund,Equity Scheme - Small Cap Fund,2020-01-01,57.886
125497,SBI Small Cap Fund - Direct Plan - Growth,SBI Mutual Fund,Equity Scheme - Small Cap Fund,2020-01-02,58.3988
125497,SBI Small Cap Fund - Direct Plan - Growth,SBI Mutual Fund,Equity Scheme - Small Cap Fund,2020-01-03,58.6872
125497,SBI Small Cap Fund - Direct Plan - Growth,SBI Mutual Fund,Equity Scheme - Small Cap Fund,2020-01-06,57.7329
125497,SBI Small Cap Fund - Direct Plan - Growth,SBI Mutual Fund,Equity Scheme - Small Cap Fund,2020-01-07,58.2107
125497,SBI Small Cap Fund - Direct Plan - Growth,SBI Mutual Fund,Equity Scheme - Small Cap Fund,2020-01-08,57.9868
125497,SBI Small Cap Fund - Direct Plan - Growth,SBI Mutual Fund,Equity Scheme - Small Cap Fund,2020-01-09,58.6407
125497,SBI Small Cap Fund - Direct Plan - Growth,SBI Mutual Fund,Equity Scheme - Small Cap Fund,2020-01-10,58.9076
125497,SBI Small Cap Fund - Direct Plan - Growth,SBI Mutual Fund,Equity Scheme - Small Cap Fund,2020-01-13,59.1726
125497,SBI Small Cap Fund - Direct Plan - Growth,SBI Mutual Fund,Equity Scheme - Small Cap Fund,2020-01-14,59.2895
125497,SBI Small Cap Fund - Direct Plan - Growth,SBI Mutual Fund,Equity Scheme - Small Cap Fund,2020-01-15,59.6795
125497,SBI Small Cap Fund - Direct Plan - Growth,SBI Mutual Fund,Equity Scheme - Small Cap Fund,2020-01-16,60.2189
125497,SBI Small Cap Fund - Direct Plan - Growth,SBI Mutual Fund,Equity Scheme - Small Cap Fund,2020-01-17,60.8952
125497,SBI Small Cap Fund - Direct Plan - Growth,SBI Mutual Fund,Equity Scheme - Small Cap Fund,2020-01-20,60.9709
125497,SBI Small Cap Fund - Direct Plan - Growth,SBI Mutual Fund,Equity Scheme - Small Cap Fund,2020-01-21,60.7275
125497,SBI Small Cap Fund - Direct Plan - Growth,SBI Mutual Fund,Equity Scheme - Small Cap Fund,2020-01-22,60.8469
125497,SBI Small Cap Fund - Direct Plan - Growth,SBI Mutual Fund,Equity Scheme - Small Cap Fund,2020-01-23,61.1488
125497,SBI Small Cap Fund - Direct Plan - Growth,SBI Mutual Fund,Equity Scheme - Small Cap Fund,2020-01-24,61.8393
125497,SBI Small Cap Fund - Direct Plan - Growth,SBI Mutual Fund,Equity Scheme - Small Cap Fund,2020-01-27,61.9656
125497,SBI Small Cap Fund - Direct Plan - Growth,SBI Mutual Fund,Equity Scheme - Small Cap Fund,2020-01-28,62.0886
125497,SBI Small Cap Fund - Direct Plan - Growth,SBI Mutual Fund,Equity Scheme - Small Cap Fund,2020-01-29,62.1324
125497,SBI Small Cap Fund - Direct Plan - Growth,SBI Mutual Fund,Equity Scheme - Small Cap Fund,2020-01-30,61.8134
125497,SBI Small Cap Fund - Direct Plan - Growth,SBI Mutual Fund,Equity Scheme - Small Cap Fund,2020-01-31,61.7543
125497,SBI Small Cap Fund - Direct Plan - Growth,SBI Mutual Fund,Equity Scheme - Small Cap Fund,2020-02-03,60.8872
125497,SBI Small Cap Fund - Direct Plan - Growth,SBI Mutual Fund,Equity Scheme - Small Cap Fund,2020-02-04,61.7883
125497,SBI Small Cap Fund - Direct Plan - Growth,SBI Mutual Fund,Equity Scheme - Small Cap Fund,2020-02-05,62.0606
125497,SBI Small Cap Fund - Direct Plan - Growth,SBI Mutual Fund,Equity Scheme - Small Cap Fund,2020-02-06,62.089
125497,SBI Small Cap Fund - Direct Plan - Growth,SBI Mutual Fund,Equity Scheme - Small Cap Fund,2020-02-07,62.3167
125497,SBI Small Cap Fund - Direct Plan - Growth,SBI Mutual Fund,Equity Scheme - Small Cap Fund,2020-02-10,61.9086
125497,SBI Small Cap Fund - Direct Plan - Growth,SBI Mutual Fund,Equity Scheme - Small Cap Fund,2020-02-11,62.1921
125497,SBI Small Cap Fund - Direct Plan - Growth,SBI Mutual Fund,Equity Scheme - Small Cap Fund,2020-02-12,62.2058
125497,SBI Small Cap Fund - Direct Plan - Growth,SBI Mutual Fund,Equity Scheme - Small Cap Fund,2020-02-13,62.2181
125497,SBI Small Cap Fund - Direct Plan - Growth,SBI Mutual Fund,Equity Scheme - Small Cap Fund,2020-02-14,62.2419
125497,SBI Small Cap Fund - Direct Plan - Growth,SBI Mutual Fund,Equity Scheme - Small Cap Fund,2020-02-17,62.0469
125497,SBI Small Cap Fund - Direct Plan - Growth,SBI Mutual Fund,Equity Scheme - Small Cap Fund,2020-02-18,61.5595
125497,SBI Small Cap Fund - Direct Plan - Growth,SBI Mutual Fund,Equity Scheme - Small Cap Fund,2020-02-19,62.26
125497,SBI Small Cap Fund - Direct Plan - Growth,SBI Mutual Fund,Equity Scheme - Small Cap Fund,2020-02-20,62.3727
125497,SBI Small Cap Fund - Direct Plan - Growth,SBI Mutual Fund,Equity Scheme - Small Cap Fund,2020-02-24,61.7942
125497,SBI Small Cap Fund - Direct Plan - Growth,SBI Mutual Fund,Equity Scheme - Small Cap Fund,2020-02-25,61.6015
125497,SBI Small Cap Fund - Direct Plan - Growth,SBI Mutual Fund,Equity Scheme - Small Cap Fund,2020-02-26,61.1649
125497,SBI Small Cap Fund - Direct Plan - Growth,SBI Mutual Fund,Equity Scheme - Small Cap Fund,2020-02-27,61.0899
125497,SBI Small Cap Fund - Direct Plan - Growth,SBI Mutual Fund,Equity Scheme - Small Cap Fund,2020-02-28,59.45
125497,SBI Small Cap Fund - Direct Plan - Growth,SBI Mutual Fund,Equity Scheme - Small Cap Fund,2020-03-02,59.4357
125497,SBI Small Cap Fund - Direct Plan - Growth,SBI Mutual Fund,Equity Scheme - Small Cap Fund,2020-03-03,59.7023
125497,SBI Small Cap Fund - Direct Plan - Growth,SBI Mutual Fund,Equity Scheme - Small Cap Fund,2020-03-04,58.8308
125497,SBI Small Cap Fund - Direct Plan - Growth,SBI Mutual Fund,Equity Scheme - Small Cap Fund,2020-03-05,59.2727
125497,SBI Small Cap Fund - Direct Plan - Growth,SBI Mutual Fund,Equity Scheme - Small Cap Fund,2020-03-06,58.5236
125497,SBI Small Cap Fund - Direct Plan - Growth,SBI Mutual Fund,Equity Scheme - Small Cap Fund,2020-03-09,56.7701
125497,SBI Small Cap Fund - Direct Plan - Growth,SBI Mutual Fund,Equity Scheme - Small Cap Fund,2020-03-11,56.6672
125497,SBI Small Cap Fund - Direct Plan - Growth,SBI Mutual Fund,Equity Scheme - Small Cap Fund,2020-03-12,53.1617
125497,SBI Small Cap Fund - Direct Plan - Growth,SBI Mutual Fund,Equity Scheme - Small Cap Fund,2020-03-13,53.1576
125497,SBI Small Cap Fund - Direct Plan - Growth,SBI Mutual Fund,Equity Scheme - Small Cap Fund,2020-03-16,50.8999
125497,SBI Small Cap Fund - Direct Plan - Growth,SBI Mutual Fund,Equity Scheme - Small Cap Fund,2020-03-17,49.9371
125497,SBI Small Cap Fund - Direct Plan - Growth,SBI Mutual Fund,Equity Scheme - Small Cap Fund,2020-03-18,47.0783
125497,SBI Small Cap Fund - Direct Plan - Growth,SBI Mutual Fund,Equity Scheme - Small Cap Fund,2020-03-19,45.2642
125497,SBI Small Cap Fund - Direct Plan - Growth,SBI Mutual Fund,Equity Scheme - Small Cap Fund,2020-03-20,45.7468
125497,SBI Small Cap Fund - Direct Plan - Growth,SBI Mutual Fund,Equity Scheme - Small Cap Fund,2020-03-23,41.311
125497,SBI Small Cap Fund - Direct Plan - Growth,SBI Mutual Fund,Equity Scheme - Small Cap Fund,2020-03-24,41.26
125497,SBI Small Cap Fund - Direct Plan - Growth,SBI Mutual Fund,Equity Scheme - Small Cap Fund,2020-03-25,42.2905
125497,SBI Small Cap Fund - Direct Plan - Growth,SBI Mutual Fund,Equity Scheme - Small Cap Fund,2020-03-26,43.7048
125497,SBI Small Cap Fund - Direct Plan - Growth,SBI Mutual Fund,Equity Scheme - Small Cap Fund,2020-03-27,44.2552
125497,SBI Small Cap Fund - Direct Plan - Growth,SBI Mutual Fund,Equity Scheme - Small Cap Fund,2020-03-30,43.1613
125497,SBI Small Cap Fund - Direct Plan - Growth,SBI Mutual Fund,Equity Scheme - Small Cap Fund,2020-03-31,44.2998
125497,SBI Small Cap Fund - Direct Plan - Growth,SBI Mutual Fund,Equity Scheme - Small Cap Fund,2020-04-01,43.7773
125497,SBI Small Cap Fund - Direct Plan - Growth,SBI Mutual Fund,Equity Scheme - Small Cap Fund,2020-04-03,43.6981
125497,SBI Small Cap Fund - Direct Plan - Growth,SBI Mutual Fund,Equity Scheme - Small Cap Fund,2020-04-07,45.121
125497,SBI Small Cap Fund - Direct Plan - Growth,SBI Mutual Fund,Equity Scheme - Small Cap Fund,2020-04-08,45.7678
125497,SBI Small Cap Fund - Direct Plan - Growth,SBI Mutual Fund,Equity Scheme - Small Cap Fund,2020-04-09,46.7891
125497,SBI Small Cap Fund - Direct Plan - Growth,SBI Mutual Fund,Equity Scheme - Small Cap Fund,2020-04-13,46.3737
125497,SBI Small Cap Fund - Direct Plan - Growth,SBI Mutual Fund,Equity Scheme - Small Cap Fund,2020-04-15,46.6621
125497,SBI Small Cap Fund - Direct Plan - Growth,SBI Mutual Fund,Equity Scheme - Small Cap Fund,2020-04-16,47.0044
125497,SBI Small Cap Fund - Direct Plan - Growth,SBI Mutual Fund,Equity Scheme - Small Cap Fund,2020-04-17,47.9462
125497,SBI Small Cap Fund - Direct Plan - Growth,SBI Mutual Fund,Equity Scheme - Small Cap Fund,2020-04-20,48.8951
125497,SBI Small Cap Fund - Direct Plan - Growth,SBI Mutual Fund,Equity Scheme - Small Cap Fund,2020-04-21,47.7874
125497,SBI Small Cap Fund - Direct Plan - Growth,SBI Mutual Fund,Equity Scheme - Small Cap Fund,2020-04-22,48.307
125497,SBI Small Cap Fund - Direct Plan - Growth,SBI Mutual Fund,Equity Scheme - Small Cap Fund,2020-04-23,48.6464
125497,SBI Small Cap Fund - Direct Plan - Growth,SBI Mutual Fund,Equity Scheme - Small Cap Fund,2020-04-24,47.8799
125497,SBI Small Cap Fund - Direct Plan - Growth,SBI Mutual Fund,Equity Scheme - Small Cap Fund,2020-04-27,48.0846
125497,SBI Small Cap Fund - Direct Plan - Growth,SBI Mutual Fund,Equity Scheme - Small Cap Fund,2020-04-28,48.4286
125497,SBI Small Cap Fund - Direct Plan - Growth,SBI Mutual Fund,Equity Scheme - Small Cap Fund,2020-04-29,48.915
125497,SBI Small Cap Fund - Direct Plan - Growth,SBI Mutual Fund,Equity Scheme - Small Cap Fund,2020-04-30,49.4021
125497,SBI Small Cap Fund - Direct Plan - Growth,SBI Mutual Fund,Equity Scheme - Small Cap Fund,2020-05-04,48.0018
125497,SBI Small Cap Fund - Direct Plan - Growth,SBI Mutual Fund,Equity Scheme - Small Cap Fund,2020-05-05,47.5152
125497,SBI Small Cap Fund - Direct Plan - Growth,SBI Mutual Fund,Equity Scheme - Small Cap Fund,2020-05-06,47.5508
125497,SBI Small Cap Fund - Direct Plan - Growth,SBI Mutual Fund,Equity Scheme - Small Cap Fund,2020-05-07,47.4015
125497,SBI Small Cap Fund - Direct Plan - Growth,SBI Mutual Fund,Equity Scheme - Small Cap Fund,2020-05-08,47.0197
125497,SBI Small Cap Fund - Direct Plan - Growth,SBI Mutual Fund,Equity Scheme - Small Cap Fund,2020-05-11,46.9345
125497,SBI Small Cap Fund - Direct Plan - Growth,SBI Mutual Fund,Equity Scheme - Small Cap Fund,2020-05-12,46.6427
125497,SBI Small Cap Fund - Direct Plan - Growth,SBI Mutual Fund,Equity Scheme - Small Cap Fund,2020-05-13,47.5349
125497,SBI Small Cap Fund - Direct Plan - Growth,SBI Mutual Fund,Equity Scheme - Small Cap Fund,2020-05-14,46.8328
125497,SBI Small Cap Fund - Direct Plan - Growth,SBI Mutual Fund,Equity Scheme - Small Cap Fund,2020-05-15,46.9331
125497,SBI Small Cap Fund - Direct Plan - Growth,SBI Mutual Fund,Equity Scheme - Small Cap Fund,2020-05-18,45.8781
125497,SBI Small Cap Fund - Direct Plan - Growth,SBI Mutual Fund,Equity Scheme - Small Cap Fund,2020-05-19,45.725
125497,SBI Small Cap Fund - Direct Plan - Growth,SBI Mutual Fund,Equity Scheme - Small Cap Fund,2020-05-20,46.2563
125497,SBI Small Cap Fund - Direct Plan - Growth,SBI Mutual Fund,Equity Scheme - Small Cap Fund,2020-05-21,46.5947
125497,SBI Small Cap Fund - Direct Plan - Growth,SBI Mutual Fund,Equity Scheme - Small Cap Fund,2020-05-22,46.2132
125497,SBI Small Cap Fund - Direct Plan - Growth,SBI Mutual Fund,Equity Scheme - Small Cap Fund,2020-05-26,46.4193
125497,SBI Small Cap Fund - Direct Plan - Growth,SBI Mutual Fund,Equity Scheme - Small Cap Fund,2020-05-27,46.5354
125497,SBI Small Cap Fund - Direct Plan - Growth,SBI Mutual Fund,Equity Scheme - Small Cap Fund,2020-05-28,47.1434
125497,SBI Small Cap Fund - Direct Plan - Growth,SBI Mutual Fund,Equity Scheme - Small Cap Fund,2020-05-29,47.8748
125497,SBI Small Cap Fund - Direct Plan - Growth,SBI Mutual Fund,Equity Scheme - Small Cap Fund,2020-06-01,49.3635
125497,SBI Small Cap Fund - Direct Plan - Growth,SBI Mutual Fund,Equity Scheme - Small Cap Fund,2020-06-02,50.232
125497,SBI Small Cap Fund - Direct Plan - Growth,SBI Mutual Fund,Equity Scheme - Small Cap Fund,2020-06-03,50.9722
125497,SBI Small Cap Fund - Direct Plan - Growth,SBI Mutual Fund,Equity Scheme - Small Cap Fund,2020-06-04,50.798
125497,SBI Small Cap Fund - Direct Plan - Growth,SBI Mutual Fund,Equity Scheme - Small Cap Fund,2020-06-05,51.3008
125497,SBI Small Cap Fund - Direct Plan - Growth,SBI Mutual Fund,Equity Scheme - Small Cap Fund,2020-06-08,51.7451
125497,SBI Small Cap Fund - Direct Plan - Growth,SBI Mutual Fund,Equity Scheme - Small Cap Fund,2020-06-09,51.1714
125497,SBI Small Cap Fund - Direct Plan - Growth,SBI Mutual Fund,Equity Scheme - Small Cap Fund,2020-06-10,51.4119
125497,SBI Small Cap Fund - Direct Plan - Growth,SBI Mutual Fund,Equity Scheme - Small Cap Fund,2020-06-11,50.6426
125497,SBI Small Cap Fund - Direct Plan - Growth,SBI Mutual Fund,Equity Scheme - Small Cap Fund,2020-06-12,50.8648
125497,SBI Small Cap Fund - Direct Plan - Growth,SBI Mutual Fund,Equity Scheme - Small Cap Fund,2020-06-15,51.0041
125497,SBI Small Cap Fund - Direct Plan - Growth,SBI Mutual Fund,Equity Scheme - Small Cap Fund,2020-06-16,50.7675
125497,SBI Small Cap Fund - Direct Plan - Growth,SBI Mutual Fund,Equity Scheme - Small Cap Fund,2020-06-17,50.9734
125497,SBI Small Cap Fund - Direct Plan - Growth,SBI Mutual Fund,Equity Scheme - Small Cap Fund,2020-06-18,51.5685
125497,SBI Small Cap Fund - Direct Plan - Growth,SBI Mutual Fund,Equity Scheme - Small Cap Fund,2020-06-19,52.3501
125497,SBI Small Cap Fund - Direct Plan - Growth,SBI Mutual Fund,Equity Scheme - Small Cap Fund,2020-06-22,53.2647
125497,SBI Small Cap Fund - Direct Plan - Growth,SBI Mutual Fund,Equity Scheme - Small Cap Fund,2020-06-23,53.6129
125497,SBI Small Cap Fund - Direct Plan - Growth,SBI Mutual Fund,Equity Scheme - Small Cap Fund,2020-06-24,53.2495
125497,SBI Small Cap Fund - Direct Plan - Growth,SBI Mutual Fund,Equity Scheme - Small Cap Fund,2020-06-25,53.1915
125497,SBI Small Cap Fund - Direct Plan - Growth,SBI Mutual Fund,Equity Scheme - Small Cap Fund,2020-06-26,53.4577
125497,SBI Small Cap Fund - Direct Plan - Growth,SBI Mutual Fund,Equity Scheme - Small Cap Fund,2020-06-29,52.9446
125497,SBI Small Cap Fund - Direct Plan - Growth,SBI Mutual Fund,Equity Scheme - Small Cap Fund,2020-06-30,52.8219
125497,SBI Small Cap Fund - Direct Plan - Growth,SBI Mutual Fund,Equity Scheme - Small Cap Fund,2020-07-01,53.0526
125497,SBI Small Cap Fund - Direct Plan - Growth,SBI Mutual Fund,Equity Scheme - Small Cap Fund,2020-07-02,53.4633
125497,SBI Small Cap Fund - Direct Plan - Growth,SBI Mutual Fund,Equity Scheme - Small Cap Fund,2020-07-03,53.9367
125497,SBI Small Cap Fund - Direct Plan - Growth,SBI Mutual Fund,Equity Scheme - Small Cap Fund,2020-07-06,54.7915
125497,SBI Small Cap Fund - Direct Plan - Growth,SBI Mutual Fund,Equity Scheme - Small Cap Fund,2020-07-07,54.932
125497,SBI Small Cap Fund - Direct Plan - Growth,SBI Mutual Fund,Equity Scheme - Small Cap Fund,2020-07-08,54.5073
125497,SBI Small Cap Fund - Direct Plan - Growth,SBI Mutual Fund,Equity Scheme - Small Cap Fund,2020-07-09,54.9956
125497,SBI Small Cap Fund - Direct Plan - Growth,SBI Mutual Fund,Equity Scheme - Small Cap Fund,2020-07-10,54.9376
125497,SBI Small Cap Fund - Direct Plan - Growth,SBI Mutual Fund,Equity Scheme - Small Cap Fund,2020-07-13,54.5398
125497,SBI Small Cap Fund - Direct Plan - Growth,SBI Mutual Fund,Equity Scheme - Small Cap Fund,2020-07-14,54.2574
125497,SBI Small Cap Fund - Direct Plan - Growth,SBI Mutual Fund,Equity Scheme - Small Cap Fund,2020-07-15,54.4579
125497,SBI Small Cap Fund - Direct Plan - Growth,SBI Mutual Fund,Equity Scheme - Small Cap Fund,2020-07-16,54.2633
125497,SBI Small Cap Fund - Direct Plan - Growth,SBI Mutual Fund,Equity Scheme - Small Cap Fund,2020-07-17,54.546
125497,SBI Small Cap Fund - Direct Plan - Growth,SBI Mutual Fund,Equity Scheme - Small Cap Fund,2020-07-20,54.9045
125497,SBI Small Cap Fund - Direct Plan - Growth,SBI Mutual Fund,Equity Scheme - Small Cap Fund,2020-07-21,55.4238
125497,SBI Small Cap Fund - Direct Plan - Growth,SBI Mutual Fund,Equity Scheme - Small Cap Fund,2020-07-22,55.5652
125497,SBI Small Cap Fund - Direct Plan - Growth,SBI Mutual Fund,Equity Scheme - Small Cap Fund,2020-07-23,55.9901
125497,SBI Small Cap Fund - Direct Plan - Growth,SBI Mutual Fund,Equity Scheme - Small Cap Fund,2020-07-24,56.1087
125497,SBI Small Cap Fund - Direct Plan - Growth,SBI Mutual Fund,Equity Scheme - Small Cap Fund,2020-07-27,55.5097
125497,SBI Small Cap Fund - Direct Plan - Growth,SBI Mutual Fund,Equity Scheme - Small Cap Fund,2020-07-28,55.2362
125497,SBI Small Cap Fund - Direct Plan - Growth,SBI Mutual Fund,Equity Scheme - Small Cap Fund,2020-07-29,55.1299
125497,SBI Small Cap Fund - Direct Plan - Growth,SBI Mutual Fund,Equity Scheme - Small Cap Fund,2020-07-30,55.0194
125497,SBI Small Cap Fund - Direct Plan - Growth,SBI Mutual Fund,Equity Scheme - Small Cap Fund,2020-07-31,55.3008
125497,SBI Small Cap Fund - Direct Plan - Growth,SBI Mutual Fund,Equity Scheme - Small Cap Fund,2020-08-03,56.0147
125497,SBI Small Cap Fund - Direct Plan - Growth,SBI Mutual Fund,Equity Scheme - Small Cap Fund,2020-08-04,56.5565
125497,SBI Small Cap Fund - Direct Plan - Growth,SBI Mutual Fund,Equity Scheme - Small Cap Fund,2020-08-05,57.0065
125497,SBI Small Cap Fund - Direct Plan - Growth,SBI Mutual Fund,Equity Scheme - Small Cap Fund,2020-08-06,57.6979
125497,SBI Small Cap Fund - Direct Plan - Growth,SBI Mutual Fund,Equity Scheme - Small Cap Fund,2020-08-07,57.9724
125497,SBI Small Cap Fund - Direct Plan - Growth,SBI Mutual Fund,Equity Scheme - Small Cap Fund,2020-08-10,58.7216
125497,SBI Small Cap Fund - Direct Plan - Growth,SBI Mutual Fund,Equity Scheme - Small Cap Fund,2020-08-11,58.9922
125497,SBI Small Cap Fund - Direct Plan - Growth,SBI Mutual Fund,Equity Scheme - Small Cap Fund,2020-08-12,59.2859
125497,SBI Small Cap Fund - Direct Plan - Growth,SBI Mutual Fund,Equity Scheme - Small Cap Fund,2020-08-13,60.7092
125497,SBI Small Cap Fund - Direct Plan - Growth,SBI Mutual Fund,Equity Scheme - Small Cap Fund,2020-08-14,60.8519
125497,SBI Small Cap Fund - Direct Plan - Growth,SBI Mutual Fund,Equity Scheme - Small Cap Fund,2020-08-17,61.0084
125497,SBI Small Cap Fund - Direct Plan - Growth,SBI Mutual Fund,Equity Scheme - Small Cap Fund,2020-08-18,61.5686
125497,SBI Small Cap Fund - Direct Plan - Growth,SBI Mutual Fund,Equity Scheme - Small Cap Fund,2020-08-19,61.7767
125497,SBI Small Cap Fund - Direct Plan - Growth,SBI Mutual Fund,Equity Scheme - Small Cap Fund,2020-08-20,62.3087
125497,SBI Small Cap Fund - Direct Plan - Growth,SBI Mutual Fund,Equity Scheme - Small Cap Fund,2020-08-21,63.2056
125497,SBI Small Cap Fund - Direct Plan - Growth,SBI Mutual Fund,Equity Scheme - Small Cap Fund,2020-08-24,64.2166
125497,SBI Small Cap Fund - Direct Plan - Growth,SBI Mutual Fund,Equity Scheme - Small Cap Fund,2020-08-25,64.2012
125497,SBI Small Cap Fund - Direct Plan - Growth,SBI Mutual Fund,Equity Scheme - Small Cap Fund,2020-08-26,64.6439
125497,SBI Small Cap Fund - Direct Plan - Growth,SBI Mutual Fund,Equity Scheme - Small Cap Fund,2020-08-27,65.0304
125497,SBI Small Cap Fund - Direct Plan - Growth,SBI Mutual Fund,Equity Scheme - Small Cap Fund,2020-08-28,65.0345
125497,SBI Small Cap Fund - Direct Plan - Growth,SBI Mutual Fund,Equity Scheme - Small Cap Fund,2020-08-31,62.3588
125497,SBI Small Cap Fund - Direct Plan - Growth,SBI Mutual Fund,Equity Scheme - Small Cap Fund,2020-09-01,62.3265
125497,SBI Small Cap Fund - Direct Plan - Growth,SBI Mutual Fund,Equity Scheme - Small Cap Fund,2020-09-02,63.5433
125497,SBI Small Cap Fund - Direct Plan - Growth,SBI Mutual Fund,Equity Scheme - Small Cap Fund,2020-09-03,63.6277
125497,SBI Small Cap Fund - Direct Plan - Growth,SBI Mutual Fund,Equity Scheme - Small Cap Fund,2020-09-04,63.0449
125497,SBI Small Cap Fund - Direct Plan - Growth,SBI Mutual Fund,Equity Scheme - Small Cap Fund,2020-09-07,63.1455
125497,SBI Small Cap Fund - Direct Plan - Growth,SBI Mutual Fund,Equity Scheme - Small Cap Fund,2020-09-08,62.6925
125497,SBI Small Cap Fund - Direct Plan - Growth,SBI Mutual Fund,Equity Scheme - Small Cap Fund,2020-09-09,61.9976
125497,SBI Small Cap Fund - Direct Plan - Growth,SBI Mutual Fund,Equity Scheme - Small Cap Fund,2020-09-10,62.9838
125497,SBI Small Cap Fund - Direct Plan - Growth,SBI Mutual Fund,Equity Scheme - Small Cap Fund,2020-09-11,62.9364
125497,SBI Small Cap Fund - Direct Plan - Growth,SBI Mutual Fund,Equity Scheme - Small Cap Fund,2020-09-14,65.8331
125497,SBI Small Cap Fund - Direct Plan - Growth,SBI Mutual Fund,Equity Scheme - Small Cap Fund,2020-09-15,66.5188
125497,SBI Small Cap Fund - Direct Plan - Growth,SBI Mutual Fund,Equity Scheme - Small Cap Fund,2020-09-16,66.7009
125497,SBI Small Cap Fund - Direct Plan - Growth,SBI Mutual Fund,Equity Scheme - Small Cap Fund,2020-09-17,66.2742
125497,SBI Small Cap Fund - Direct Plan - Growth,SBI Mutual Fund,Equity Scheme - Small Cap Fund,2020-09-18,65.7147
125497,SBI Small Cap Fund - Direct Plan - Growth,SBI Mutual Fund,Equity Scheme - Small Cap Fund,2020-09-21,63.9585
125497,SBI Small Cap Fund - Direct Plan - Growth,SBI Mutual Fund,Equity Scheme - Small Cap Fund,2020-09-22,62.8153
125497,SBI Small Cap Fund - Direct Plan - Growth,SBI Mutual Fund,Equity Scheme - Small Cap Fund,2020-09-23,62.7063
125497,SBI Small Cap Fund - Direct Plan - Growth,SBI Mutual Fund,Equity Scheme - Small Cap Fund,2020-09-24,61.6467
125497,SBI Small Cap Fund - Direct Plan - Growth,SBI Mutual Fund,Equity Scheme - Small Cap Fund,2020-09-25,62.4845
125497,SBI Small Cap Fund - Direct Plan - Growth,SBI Mutual Fund,Equity Scheme - Small Cap Fund,2020-09-28,63.5663
125497,SBI Small Cap Fund - Direct Plan - Growth,SBI Mutual Fund,Equity Scheme - Small Cap Fund,2020-09-29,63.6305
125497,SBI Small Cap Fund - Direct Plan - Growth,SBI Mutual Fund,Equity Scheme - Small Cap Fund,2020-09-30,63.8023
125497,SBI Small Cap Fund - Direct Plan - Growth,SBI Mutual Fund,Equity Scheme - Small Cap Fund,2020-10-01,64.1093
125497,SBI Small Cap Fund - Direct Plan - Growth,SBI Mutual Fund,Equity Scheme - Small Cap Fund,2020-10-05,64.3535
125497,SBI Small Cap Fund - Direct Plan - Growth,SBI Mutual Fund,Equity Scheme - Small Cap Fund,2020-10-06,64.2617
125497,SBI Small Cap Fund - Direct Plan - Growth,SBI Mutual Fund,Equity Scheme - Small Cap Fund,2020-10-07,64.1025
125497,SBI Small Cap Fund - Direct Plan - Growth,SBI Mutual Fund,Equity Scheme - Small Cap Fund,2020-10-08,63.4817
125497,SBI Small Cap Fund - Direct Plan - Growth,SBI Mutual Fund,Equity Scheme - Small Cap Fund,2020-10-09,63.2906
125497,SBI Small Cap Fund - Direct Plan - Growth,SBI Mutual Fund,Equity Scheme - Small Cap Fund,2020-10-12,62.7597
125497,SBI Small Cap Fund - Direct Plan - Growth,SBI Mutual Fund,Equity Scheme - Small Cap Fund,2020-10-13,62.8658
125497,SBI Small Cap Fund - Direct Plan - Growth,SBI Mutual Fund,Equity Scheme - Small Cap Fund,2020-10-14,63.4637
125497,SBI Small Cap Fund - Direct Plan - Growth,SBI Mutual Fund,Equity Scheme - Small Cap Fund,2020-10-15,62.5586
125497,SBI Small Cap Fund - Direct Plan - Growth,SBI Mutual Fund,Equity Scheme - Small Cap Fund,2020-10-16,63.2883
125497,SBI Small Cap Fund - Direct Plan - Growth,SBI Mutual Fund,Equity Scheme - Small Cap Fund,2020-10-19,63.7933
125497,SBI Small Cap Fund - Direct Plan - Growth,SBI Mutual Fund,Equity Scheme - Small Cap Fund,2020-10-20,63.7148
125497,SBI Small Cap Fund - Direct Plan - Growth,SBI Mutual Fund,Equity Scheme - Small Cap Fund,2020-10-21,63.7626
125497,SBI Small Cap Fund - Direct Plan - Growth,SBI Mutual Fund,Equity Scheme - Small Cap Fund,2020-10-22,63.9264
125497,SBI Small Cap Fund - Direct Plan - Growth,SBI Mutual Fund,Equity Scheme - Small Cap Fund,2020-10-23,64.4167
125497,SBI Small Cap Fund - Direct Plan - Growth,SBI Mutual Fund,Equity Scheme - Small Cap Fund,2020-10-26,64.1467
125497,SBI Small Cap Fund - Direct Plan - Growth,SBI Mutual Fund,Equity Scheme - Small Cap Fund,2020-10-27,64.2905
125497,SBI Small Cap Fund - Direct Plan - Growth,SBI Mutual Fund,Equity Scheme - Small Cap Fund,2020-10-28,64.1264
125497,SBI Small Cap Fund - Direct Plan - Growth,SBI Mutual Fund,Equity Scheme - Small Cap Fund,2020-10-29,63.8738
125497,SBI Small Cap Fund - Direct Plan - Growth,SBI Mutual Fund,Equity Scheme - Small Cap Fund,2020-10-30,64.0422
125497,SBI Small Cap Fund - Direct Plan - Growth,SBI Mutual Fund,Equity Scheme - Small Cap Fund,2020-11-02,63.9582
125497,SBI Small Cap Fund - Direct Plan - Growth,SBI Mutual Fund,Equity Scheme - Small Cap Fund,2020-11-03,64.2757
125497,SBI Small Cap Fund - Direct Plan - Growth,SBI Mutual Fund,Equity Scheme - Small Cap Fund,2020-11-04,64.6703
125497,SBI Small Cap Fund - Direct Plan - Growth,SBI Mutual Fund,Equity Scheme - Small Cap Fund,2020-11-05,65.3632
125497,SBI Small Cap Fund - Direct Plan - Growth,SBI Mutual Fund,Equity Scheme - Small Cap Fund,2020-11-06,65.761
125497,SBI Small Cap Fund - Direct Plan - Growth,SBI Mutual Fund,Equity Scheme - Small Cap Fund,2020-11-09,66.5707
125497,SBI Small Cap Fund - Direct Plan - Growth,SBI Mutual Fund,Equity Scheme - Small Cap Fund,2020-11-10,66.4961
125497,SBI Small Cap Fund - Direct Plan - Growth,SBI Mutual Fund,Equity Scheme - Small Cap Fund,2020-11-11,66.6685
125497,SBI Small Cap Fund - Direct Plan - Growth,SBI Mutual Fund,Equity Scheme - Small Cap Fund,2020-11-12,67.0874
125497,SBI Small Cap Fund - Direct Plan - Growth,SBI Mutual Fund,Equity Scheme - Small Cap Fund,2020-11-13,67.8975
125497,SBI Small Cap Fund - Direct Plan - Growth,SBI Mutual Fund,Equity Scheme - Small Cap Fund,2020-11-17,69.2585
125497,SBI Small Cap Fund - Direct Plan - Growth,SBI Mutual Fund,Equity Scheme - Small Cap Fund,2020-11-18,70.0787
125497,SBI Small Cap Fund - Direct Plan - Growth,SBI Mutual Fund,Equity Scheme - Small Cap Fund,2020-11-19,70.3257
125497,SBI Small Cap Fund - Direct Plan - Growth,SBI Mutual Fund,Equity Scheme - Small Cap Fund,2020-11-20,70.6897
125497,SBI Small Cap Fund - Direct Plan - Growth,SBI Mutual Fund,Equity Scheme - Small Cap Fund,2020-11-23,71.3108
125497,SBI Small Cap Fund - Direct Plan - Growth,SBI Mutual Fund,Equity Scheme - Small Cap Fund,2020-11-24,72.0394
125497,SBI Small Cap Fund - Direct Plan - Growth,SBI Mutual Fund,Equity Scheme - Small Cap Fund,2020-11-25,71.2859
125497,SBI Small Cap Fund - Direct Plan - Growth,SBI Mutual Fund,Equity Scheme - Small Cap Fund,2020-11-26,71.4394
125497,SBI Small Cap Fund - Direct Plan - Growth,SBI Mutual Fund,Equity Scheme - Small Cap Fund,2020-11-27,73.1105
125497,SBI Small Cap Fund - Direct Plan - Growth,SBI Mutual Fund,Equity Scheme - Small Cap Fund,2020-12-01,73.9151
125497,SBI Small Cap Fund - Direct Plan - Growth,SBI Mutual Fund,Equity Scheme - Small Cap Fund,2020-12-02,74.0961
125497,SBI Small Cap Fund - Direct Plan - Growth,SBI Mutual Fund,Equity Scheme - Small Cap Fund,2020-12-03,74.5188
125497,SBI Small Cap Fund - Direct Plan - Growth,SBI Mutual Fund,Equity Scheme - Small Cap Fund,2020-12-04,75.2531
125497,SBI Small Cap Fund - Direct Plan - Growth,SBI Mutual Fund,Equity Scheme - Small Cap Fund,2020-12-07,76.2757
125497,SBI Small Cap Fund - Direct Plan - Growth,SBI Mutual Fund,Equity Scheme - Small Cap Fund,2020-12-08,76.0347
125497,SBI Small Cap Fund - Direct Plan - Growth,SBI Mutual Fund,Equity Scheme - Small Cap Fund,2020-12-09,76.3633
125497,SBI Small Cap Fund - Direct Plan - Growth,SBI Mutual Fund,Equity Scheme - Small Cap Fund,2020-12-10,76.0258
125497,SBI Small Cap Fund - Direct Plan - Growth,SBI Mutual Fund,Equity Scheme - Small Cap Fund,2020-12-11,76.1897
125497,SBI Small Cap Fund - Direct Plan - Growth,SBI Mutual Fund,Equity Scheme - Small Cap Fund,2020-12-14,76.7302
125497,SBI Small Cap Fund - Direct Plan - Growth,SBI Mutual Fund,Equity Scheme - Small Cap Fund,2020-12-15,76.8527
125497,SBI Small Cap Fund - Direct Plan - Growth,SBI Mutual Fund,Equity Scheme - Small Cap Fund,2020-12-16,77.1352
125497,SBI Small Cap Fund - Direct Plan - Growth,SBI Mutual Fund,Equity Scheme - Small Cap Fund,2020-12-17,76.9464
125497,SBI Small Cap Fund - Direct Plan - Growth,SBI Mutual Fund,Equity Scheme - Small Cap Fund,2020-12-18,76.6351
125497,SBI Small Cap Fund - Direct Plan - Growth,SBI Mutual Fund,Equity Scheme - Small Cap Fund,2020-12-21,74.3431
125497,SBI Small Cap Fund - Direct Plan - Growth,SBI Mutual Fund,Equity Scheme - Small Cap Fund,2020-12-22,74.4438
125497,SBI Small Cap Fund - Direct Plan - Growth,SBI Mutual Fund,Equity Scheme - Small Cap Fund,2020-12-23,75.995
125497,SBI Small Cap Fund - Direct Plan - Growth,SBI Mutual Fund,Equity Scheme - Small Cap Fund,2020-12-24,76.2652
125497,SBI Small Cap Fund - Direct Plan - Growth,SBI Mutual Fund,Equity Scheme - Small Cap Fund,2020-12-28,77.201
125497,SBI Small Cap Fund - Direct Plan - Growth,SBI Mutual Fund,Equity Scheme - Small Cap Fund,2020-12-29,77.9378
125497,SBI Small Cap Fund - Direct Plan - Growth,SBI Mutual Fund,Equity Scheme - Small Cap Fund,2020-12-30,78.1608
125497,SBI Small Cap Fund - Direct Plan - Growth,SBI Mutual Fund,Equity Scheme - Small Cap Fund,2020-12-31,78.1396
125497,SBI Small Cap Fund - Direct Plan - Growth,SBI Mutual Fund,Equity Scheme - Small Cap Fund,2021-01-01,78.961
125497,SBI Small Cap Fund - Direct Plan - Growth,SBI Mutual Fund,Equity Scheme - Small Cap Fund,2021-01-04,79.9178
125497,SBI Small Cap Fund - Direct Plan - Growth,SBI Mutual Fund,Equity Scheme - Small Cap Fund,2021-01-05,80.6897
125497,SBI Small Cap Fund - Direct Plan - Growth,SBI Mutual Fund,Equity Scheme - Small Cap Fund,2021-01-06,80.8795
125497,SBI Small Cap Fund - Direct Plan - Growth,SBI Mutual Fund,Equity Scheme - Small Cap Fund,2021-01-07,81.8689
125497,SBI Small Cap Fund - Direct Plan - Growth,SBI Mutual Fund,Equity Scheme - Small Cap Fund,2021-01-08,82.4047
125497,SBI Small Cap Fund - Direct Plan - Growth,SBI Mutual Fund,Equity Scheme - Small Cap Fund,2021-01-11,82.0949
125497,SBI Small Cap Fund - Direct Plan - Growth,SBI Mutual Fund,Equity Scheme - Small Cap Fund,2021-01-12,81.9853
125497,SBI Small Cap Fund - Direct Plan - Growth,SBI Mutual Fund,Equity Scheme - Small Cap Fund,2021-01-13,81.6065
125497,SBI Small Cap Fund - Direct Plan - Growth,SBI Mutual Fund,Equity Scheme - Small Cap Fund,2021-01-14,81.0944
125497,SBI Small Cap Fund - Direct Plan - Growth,SBI Mutual Fund,Equity Scheme - Small Cap Fund,2021-01-15,80.5302
125497,SBI Small Cap Fund - Direct Plan - Growth,SBI Mutual Fund,Equity Scheme - Small Cap Fund,2021-01-18,79.4401
125497,SBI Small Cap Fund - Direct Plan - Growth,SBI Mutual Fund,Equity Scheme - Small Cap Fund,2021-01-19,80.6173
125497,SBI Small Cap Fund - Direct Plan - Growth,SBI Mutual Fund,Equity Scheme - Small Cap Fund,2021-01-20,80.6259
125497,SBI Small Cap Fund - Direct Plan - Growth,SBI Mutual Fund,Equity Scheme - Small Cap Fund,2021-01-21,80.5094
125497,SBI Small Cap Fund - Direct Plan - Growth,SBI Mutual Fund,Equity Scheme - Small Cap Fund,2021-01-22,79.6084
125497,SBI Small Cap Fund - Direct Plan - Growth,SBI Mutual Fund,Equity Scheme - Small Cap Fund,2021-01-25,78.9867
125497,SBI Small Cap Fund - Direct Plan - Growth,SBI Mutual Fund,Equity Scheme - Small Cap Fund,2021-01-27,78.2494
125497,SBI Small Cap Fund - Direct Plan - Growth,SBI Mutual Fund,Equity Scheme - Small Cap Fund,2021-01-28,77.7009
125497,SBI Small Cap Fund - Direct Plan - Growth,SBI Mutual Fund,Equity Scheme - Small Cap Fund,2021-01-29,77.8537
125497,SBI Small Cap Fund - Direct Plan - Growth,SBI Mutual Fund,Equity Scheme - Small Cap Fund,2021-02-01,79.4344
125497,SBI Small Cap Fund - Direct Plan - Growth,SBI Mutual Fund,Equity Scheme - Small Cap Fund,2021-02-02,80.6225
125497,SBI Small Cap Fund - Direct Plan - Growth,SBI Mutual Fund,Equity Scheme - Small Cap Fund,2021-02-03,81.6538
125497,SBI Small Cap Fund - Direct Plan - Growth,SBI Mutual Fund,Equity Scheme - Small Cap Fund,2021-02-04,82.4453
125497,SBI Small Cap Fund - Direct Plan - Growth,SBI Mutual Fund,Equity Scheme - Small Cap Fund,2021-02-05,82.6153
125497,SBI Small Cap Fund - Direct Plan - Growth,SBI Mutual Fund,Equity Scheme - Small Cap Fund,2021-02-08,83.4924
125497,SBI Small Cap Fund - Direct Plan - Growth,SBI Mutual Fund,Equity Scheme - Small Cap Fund,2021-02-09,83.1303
125497,SBI Small Cap Fund - Direct Plan - Growth,SBI Mutual Fund,Equity Scheme - Small Cap Fund,2021-02-10,83.3864
125497,SBI Small Cap Fund - Direct Plan - Growth,SBI Mutual Fund,Equity Scheme - Small Cap Fund,2021-02-11,84.1694
125497,SBI Small Cap Fund - Direct Plan - Growth,SBI Mutual Fund,Equity Scheme - Small Cap Fund,2021-02-12,84.5864
125497,SBI Small Cap Fund - Direct Plan - Growth,SBI Mutual Fund,Equity Scheme - Small Cap Fund,2021-02-15,85.0276
125497,SBI Small Cap Fund - Direct Plan - Growth,SBI Mutual Fund,Equity Scheme - Small Cap Fund,2021-02-16,84.5871
125497,SBI Small Cap Fund - Direct Plan - Growth,SBI Mutual Fund,Equity Scheme - Small Cap Fund,2021-02-17,84.8193
125497,SBI Small Cap Fund - Direct Plan - Growth,SBI Mutual Fund,Equity Scheme - Small Cap Fund,2021-02-18,85.5317
125497,SBI Small Cap Fund - Direct Plan - Growth,SBI Mutual Fund,Equity Scheme - Small Cap Fund,2021-02-19,84.9273
125497,SBI Small Cap Fund - Direct Plan - Growth,SBI Mutual Fund,Equity Scheme - Small Cap Fund,2021-02-22,83.6608
125497,SBI Small Cap Fund - Direct Plan - Growth,SBI Mutual Fund,Equity Scheme - Small Cap Fund,2021-02-23,84.0135
125497,SBI Small Cap Fund - Direct Plan - Growth,SBI Mutual Fund,Equity Scheme - Small Cap Fund,2021-02-24,84.7936
125497,SBI Small Cap Fund - Direct Plan - Growth,SBI Mutual Fund,Equity Scheme - Small Cap Fund,2021-02-25,86.3588
125497,SBI Small Cap Fund - Direct Plan - Growth,SBI Mutual Fund,Equity Scheme - Small Cap Fund,2021-02-26,85.7878
125497,SBI Small Cap Fund - Direct Plan - Growth,SBI Mutual Fund,Equity Scheme - Small Cap Fund,2021-03-01,86.8947
125497,SBI Small Cap Fund - Direct Plan - Growth,SBI Mutual Fund,Equity Scheme - Small Cap Fund,2021-03-02,87.7662
125497,SBI Small Cap Fund - Direct Plan - Growth,SBI Mutual Fund,Equity Scheme - Small Cap Fund,2021-03-03,88.4923
125497,SBI Small Cap Fund - Direct Plan - Growth,SBI Mutual Fund,Equity Scheme - Small Cap Fund,2021-03-04,88.9623
125497,SBI Small Cap Fund - Direct Plan - Growth,SBI Mutual Fund,Equity Scheme - Small Cap Fund,2021-03-05,88.2252
125497,SBI Small Cap Fund - Direct Plan - Growth,SBI Mutual Fund,Equity Scheme - Small Cap Fund,2021-03-08,88.5876
125497,SBI Small Cap Fund - Direct Plan - Growth,SBI Mutual Fund,Equity Scheme - Small Cap Fund,2021-03-09,88.3161
125497,SBI Small Cap Fund - Direct Plan - Growth,SBI Mutual Fund,Equity Scheme - Small Cap Fund,2021-03-10,88.6966
125497,SBI Small Cap Fund - Direct Plan - Growth,SBI Mutual Fund,Equity Scheme - Small Cap Fund,2021-03-12,88.9315
125497,SBI Small Cap Fund - Direct Plan - Growth,SBI Mutual Fund,Equity Scheme - Small Cap Fund,2021-03-15,88.5963
125497,SBI Small Cap Fund - Direct Plan - Growth,SBI Mutual Fund,Equity Scheme - Small Cap Fund,2021-03-16,88.5682
125497,SBI Small Cap Fund - Direct Plan - Growth,SBI Mutual Fund,Equity Scheme - Small Cap Fund,2021-03-17,87.2732
125497,SBI Small Cap Fund - Direct Plan - Growth,SBI Mutual Fund,Equity Scheme - Small Cap Fund,2021-03-18,86.0465
125497,SBI Small Cap Fund - Direct Plan - Growth,SBI Mutual Fund,Equity Scheme - Small Cap Fund,2021-03-19,85.7498
125497,SBI Small Cap Fund - Direct Plan - Growth,SBI Mutual Fund,Equity Scheme - Small Cap Fund,2021-03-22,86.4156
125497,SBI Small Cap Fund - Direct Plan - Growth,SBI Mutual Fund,Equity Scheme - Small Cap Fund,2021-03-23,87.5212
125497,SBI Small Cap Fund - Direct Plan - Growth,SBI Mutual Fund,Equity Scheme - Small Cap Fund,2021-03-24,86.1717
125497,SBI Small Cap Fund - Direct Plan - Growth,SBI Mutual Fund,Equity Scheme - Small Cap Fund,2021-03-25,84.6698
125497,SBI Small Cap Fund - Direct Plan - Growth,SBI Mutual Fund,Equity Scheme - Small Cap Fund,2021-03-26,85.5087
125497,SBI Small Cap Fund - Direct Plan - Growth,SBI Mutual Fund,Equity Scheme - Small Cap Fund,2021-03-30,86.6977
125497,SBI Small Cap Fund - Direct Plan - Growth,SBI Mutual Fund,Equity Scheme - Small Cap Fund,2021-03-31,87.4737
125497,SBI Small Cap Fund - Direct Plan - Growth,SBI Mutual Fund,Equity Scheme - Small Cap Fund,2021-04-01,88.4903
125497,SBI Small Cap Fund - Direct Plan - Growth,SBI Mutual Fund,Equity Scheme - Small Cap Fund,2021-04-05,87.5976
125497,SBI Small Cap Fund - Direct Plan - Growth,SBI Mutual Fund,Equity Scheme - Small Cap Fund,2021-04-06,88.3419
125497,SBI Small Cap Fund - Direct Plan - Growth,SBI Mutual Fund,Equity Scheme - Small Cap Fund,2021-04-07,88.9063
125497,SBI Small Cap Fund - Direct Plan - Growth,SBI Mutual Fund,Equity Scheme - Small Cap Fund,2021-04-08,89.9964
125497,SBI Small Cap Fund - Direct Plan - Growth,SBI Mutual Fund,Equity Scheme - Small Cap Fund,2021-04-09,90.0091
125497,SBI Small Cap Fund - Direct Plan - Growth,SBI Mutual Fund,Equity Scheme - Small Cap Fund,2021-04-12,86.272
125497,SBI Small Cap Fund - Direct Plan - Growth,SBI Mutual Fund,Equity Scheme - Small Cap Fund,2021-04-13,86.9516
125497,SBI Small Cap Fund - Direct Plan - Growth,SBI Mutual Fund,Equity Scheme - Small Cap Fund,2021-04-15,87.1259
125497,SBI Small Cap Fund - Direct Plan - Growth,SBI Mutual Fund,Equity Scheme - Small Cap Fund,2021-04-16,87.3888
125497,SBI Small Cap Fund - Direct Plan - Growth,SBI Mutual Fund,Equity Scheme - Small Cap Fund,2021-04-19,86.7783
125497,SBI Small Cap Fund - Direct Plan - Growth,SBI Mutual Fund,Equity Scheme - Small Cap Fund,2021-04-20,87.1948
125497,SBI Small Cap Fund - Direct Plan - Growth,SBI Mutual Fund,Equity Scheme - Small Cap Fund,2021-04-22,87.767
125497,SBI Small Cap Fund - Direct Plan - Growth,SBI Mutual Fund,Equity Scheme - Small Cap Fund,2021-04-23,87.9149
125497,SBI Small Cap Fund - Direct Plan - Growth,SBI Mutual Fund,Equity Scheme - Small Cap Fund,2021-04-26,88.5558
125497,SBI Small Cap Fund - Direct Plan - Growth,SBI Mutual Fund,Equity Scheme - Small Cap Fund,2021-04-27,89.5712
125497,SBI Small Cap Fund - Direct Plan - Growth,SBI Mutual Fund,Equity Scheme - Small Cap Fund,2021-04-28,90.332
125497,SBI Small Cap Fund - Direct Plan - Growth,SBI Mutual Fund,Equity Scheme - Small Cap Fund,2021-04-29,90.6173
125497,SBI Small Cap Fund - Direct Plan - Growth,SBI Mutual Fund,Equity Scheme - Small Cap Fund,2021-04-30,90.4752
125497,SBI Small Cap Fund - Direct Plan - Growth,SBI Mutual Fund,Equity Scheme - Small Cap Fund,2021-05-03,91.3828
125497,SBI Small Cap Fund - Direct Plan - Growth,SBI Mutual Fund,Equity Scheme - Small Cap Fund,2021-05-04,91.3626
125497,SBI Small Cap Fund - Direct Plan - Growth,SBI Mutual Fund,Equity Scheme - Small Cap Fund,2021-05-05,92.0577
125497,SBI Small Cap Fund - Direct Plan - Growth,SBI Mutual Fund,Equity Scheme - Small Cap Fund,2021-05-06,92.1186
125497,SBI Small Cap Fund - Direct Plan - Growth,SBI Mutual Fund,Equity Scheme - Small Cap Fund,2021-05-07,92.2135
125497,SBI Small Cap Fund - Direct Plan - Growth,SBI Mutual Fund,Equity Scheme - Small Cap Fund,2021-05-10,92.846
125497,SBI Small Cap Fund - Direct Plan - Growth,SBI Mutual Fund,Equity Scheme - Small Cap Fund,2021-05-11,93.5737
125497,SBI Small Cap Fund - Direct Plan - Growth,SBI Mutual Fund,Equity Scheme - Small Cap Fund,2021-05-12,92.9124
125497,SBI Small Cap Fund - Direct Plan - Growth,SBI Mutual Fund,Equity Scheme - Small Cap Fund,2021-05-14,92.2765
125497,SBI Small Cap Fund - Direct Plan - Growth,SBI Mutual Fund,Equity Scheme - Small Cap Fund,2021-05-17,92.9585
125497,SBI Small Cap Fund - Direct Plan - Growth,SBI Mutual Fund,Equity Scheme - Small Cap Fund,2021-05-18,93.9225
125497,SBI Small Cap Fund - Direct Plan - Growth,SBI Mutual Fund,Equity Scheme - Small Cap Fund,2021-05-19,94.7558
125497,SBI Small Cap Fund - Direct Plan - Growth,SBI Mutual Fund,Equity Scheme - Small Cap Fund,2021-05-20,95.0316
125497,SBI Small Cap Fund - Direct Plan - Growth,SBI Mutual Fund,Equity Scheme - Small Cap Fund,2021-05-21,95.3914
125497,SBI Small Cap Fund - Direct Plan - Growth,SBI Mutual Fund,Equity Scheme - Small Cap Fund,2021-05-24,96.0305
125497,SBI Small Cap Fund - Direct Plan - Growth,SBI Mutual Fund,Equity Scheme - Small Cap Fund,2021-05-25,96.8992
125497,SBI Small Cap Fund - Direct Plan - Growth,SBI Mutual Fund,Equity Scheme - Small Cap Fund,2021-05-26,97.3437
125497,SBI Small Cap Fund - Direct Plan - Growth,SBI Mutual Fund,Equity Scheme - Small Cap Fund,2021-05-27,97.9063
125497,SBI Small Cap Fund - Direct Plan - Growth,SBI Mutual Fund,Equity Scheme - Small Cap Fund,2021-05-28,97.2483
125497,SBI Small Cap Fund - Direct Plan - Growth,SBI Mutual Fund,Equity Scheme - Small Cap Fund,2021-05-31,97.38
125497,SBI Small Cap Fund - Direct Plan - Growth,SBI Mutual Fund,Equity Scheme - Small Cap Fund,2021-06-01,97.2044
125497,SBI Small Cap Fund - Direct Plan - Growth,SBI Mutual Fund,Equity Scheme - Small Cap Fund,2021-06-02,98.0796
125497,SBI Small Cap Fund - Direct Plan - Growth,SBI Mutual Fund,Equity Scheme - Small Cap Fund,2021-06-03,98.125
125497,SBI Small Cap Fund - Direct Plan - Growth,SBI Mutual Fund,Equity Scheme - Small Cap Fund,2021-06-04,98.8539
125497,SBI Small Cap Fund - Direct Plan - Growth,SBI Mutual Fund,Equity Scheme - Small Cap Fund,2021-06-07,99.9491
125497,SBI Small Cap Fund - Direct Plan - Growth,SBI Mutual Fund,Equity Scheme - Small Cap Fund,2021-06-08,100.1122
125497,SBI Small Cap Fund - Direct Plan - Growth,SBI Mutual Fund,Equity Scheme - Small Cap Fund,2021-06-09,99.0036
125497,SBI Small Cap Fund - Direct Plan - Growth,SBI Mutual Fund,Equity Scheme - Small Cap Fund,2021-06-10,99.9654
125497,SBI Small Cap Fund - Direct Plan - Growth,SBI Mutual Fund,Equity Scheme - Small Cap Fund,2021-06-11,99.8345
125497,SBI Small Cap Fund - Direct Plan - Growth,SBI Mutual Fund,Equity Scheme - Small Cap Fund,2021-06-14,99.2339
125497,SBI Small Cap Fund - Direct Plan - Growth,SBI Mutual Fund,Equity Scheme - Small Cap Fund,2021-06-15,99.6014
125497,SBI Small Cap Fund - Direct Plan - Growth,SBI Mutual Fund,Equity Scheme - Small Cap Fund,2021-06-16,99.1338
125497,SBI Small Cap Fund - Direct Plan - Growth,SBI Mutual Fund,Equity Scheme - Small Cap Fund,2021-06-17,98.6026
125497,SBI Small Cap Fund - Direct Plan - Growth,SBI Mutual Fund,Equity Scheme - Small Cap Fund,2021-06-18,98.4344
125497,SBI Small Cap Fund - Direct Plan - Growth,SBI Mutual Fund,Equity Scheme - Small Cap Fund,2021-06-21,98.8195
125497,SBI Small Cap Fund - Direct Plan - Growth,SBI Mutual Fund,Equity Scheme - Small Cap Fund,2021-06-22,99.366
125497,SBI Small Cap Fund - Direct Plan - Growth,SBI Mutual Fund,Equity Scheme - Small Cap Fund,2021-06-23,99.71
125497,SBI Small Cap Fund - Direct Plan - Growth,SBI Mutual Fund,Equity Scheme - Small Cap Fund,2021-06-24,99.7729
125497,SBI Small Cap Fund - Direct Plan - Growth,SBI Mutual Fund,Equity Scheme - Small Cap Fund,2021-06-25,100.1155
125497,SBI Small Cap Fund - Direct Plan - Growth,SBI Mutual Fund,Equity Scheme - Small Cap Fund,2021-06-28,100.7862
125497,SBI Small Cap Fund - Direct Plan - Growth,SBI Mutual Fund,Equity Scheme - Small Cap Fund,2021-06-29,100.5042
125497,SBI Small Cap Fund - Direct Plan - Growth,SBI Mutual Fund,Equity Scheme - Small Cap Fund,2021-06-30,100.9756
125497,SBI Small Cap Fund - Direct Plan - Growth,SBI Mutual Fund,Equity Scheme - Small Cap Fund,2021-07-01,101.142
125497,SBI Small Cap Fund - Direct Plan - Growth,SBI Mutual Fund,Equity Scheme - Small Cap Fund,2021-07-02,101.8067
125497,SBI Small Cap Fund - Direct Plan - Growth,SBI Mutual Fund,Equity Scheme - Small Cap Fund,2021-07-05,102.4792
125497,SBI Small Cap Fund - Direct Plan - Growth,SBI Mutual Fund,Equity Scheme - Small Cap Fund,2021-07-06,102.8988
125497,SBI Small Cap Fund - Direct Plan - Growth,SBI Mutual Fund,Equity Scheme - Small Cap Fund,2021-07-07,103.5981
125497,SBI Small Cap Fund - Direct Plan - Growth,SBI Mutual Fund,Equity Scheme - Small Cap Fund,2021-07-08,103.0963
125497,SBI Small Cap Fund - Direct Plan - Growth,SBI Mutual Fund,Equity Scheme - Small Cap Fund,2021-07-09,103.1664
125497,SBI Small Cap Fund - Direct Plan - Growth,SBI Mutual Fund,Equity Scheme - Small Cap Fund,2021-07-12,104.1041
125497,SBI Small Cap Fund - Direct Plan - Growth,SBI Mutual Fund,Equity Scheme - Small Cap Fund,2021-07-13,104.6746
125497,SBI Small Cap Fund - Direct Plan - Growth,SBI Mutual Fund,Equity Scheme - Small Cap Fund,2021-07-14,105.2564
125497,SBI Small Cap Fund - Direct Plan - Growth,SBI Mutual Fund,Equity Scheme - Small Cap Fund,2021-07-15,105.0695
125497,SBI Small Cap Fund - Direct Plan - Growth,SBI Mutual Fund,Equity Scheme - Small Cap Fund,2021-07-16,104.9914
125497,SBI Small Cap Fund - Direct Plan - Growth,SBI Mutual Fund,Equity Scheme - Small Cap Fund,2021-07-19,104.8046
125497,SBI Small Cap Fund - Direct Plan - Growth,SBI Mutual Fund,Equity Scheme - Small Cap Fund,2021-07-20,103.3603
125497,SBI Small Cap Fund - Direct Plan - Growth,SBI Mutual Fund,Equity Scheme - Small Cap Fund,2021-07-22,104.1531
125497,SBI Small Cap Fund - Direct Plan - Growth,SBI Mutual Fund,Equity Scheme - Small Cap Fund,2021-07-23,104.3972
125497,SBI Small Cap Fund - Direct Plan - Growth,SBI Mutual Fund,Equity Scheme - Small Cap Fund,2021-07-26,104.4083
125497,SBI Small Cap Fund - Direct Plan - Growth,SBI Mutual Fund,Equity Scheme - Small Cap Fund,2021-07-27,103.8914
125497,SBI Small Cap Fund - Direct Plan - Growth,SBI Mutual Fund,Equity Scheme - Small Cap Fund,2021-07-28,103.617
125497,SBI Small Cap Fund - Direct Plan - Growth,SBI Mutual Fund,Equity Scheme - Small Cap Fund,2021-07-29,104.8903
125497,SBI Small Cap Fund - Direct Plan - Growth,SBI Mutual Fund,Equity Scheme - Small Cap Fund,2021-07-30,105.3714
125497,SBI Small Cap Fund - Direct Plan - Growth,SBI Mutual Fund,Equity Scheme - Small Cap Fund,2021-08-02,106.1017
125497,SBI Small Cap Fund - Direct Plan - Growth,SBI Mutual Fund,Equity Scheme - Small Cap Fund,2021-08-03,106.3929
125497,SBI Small Cap Fund - Direct Plan - Growth,SBI Mutual Fund,Equity Scheme - Small Cap Fund,2021-08-04,105.4579
125497,SBI Small Cap Fund - Direct Plan - Growth,SBI Mutual Fund,Equity Scheme - Small Cap Fund,2021-08-05,104.998
125497,SBI Small Cap Fund - Direct Plan - Growth,SBI Mutual Fund,Equity Scheme - Small Cap Fund,2021-08-06,104.8069
125497,SBI Small Cap Fund - Direct Plan - Growth,SBI Mutual Fund,Equity Scheme - Small Cap Fund,2021-08-09,104.2697
125497,SBI Small Cap Fund - Direct Plan - Growth,SBI Mutual Fund,Equity Scheme - Small Cap Fund,2021-08-10,102.739
125497,SBI Small Cap Fund - Direct Plan - Growth,SBI Mutual Fund,Equity Scheme - Small Cap Fund,2021-08-11,101.5778
125497,SBI Small Cap Fund - Direct Plan - Growth,SBI Mutual Fund,Equity Scheme - Small Cap Fund,2021-08-12,102.8351
125497,SBI Small Cap Fund - Direct Plan - Growth,SBI Mutual Fund,Equity Scheme - Small Cap Fund,2021-08-13,103.1156
125497,SBI Small Cap Fund - Direct Plan - Growth,SBI Mutual Fund,Equity Scheme - Small Cap Fund,2021-08-16,102.6818
125497,SBI Small Cap Fund - Direct Plan - Growth,SBI Mutual Fund,Equity Scheme - Small Cap Fund,2021-08-17,102.9948
125497,SBI Small Cap Fund - Direct Plan - Growth,SBI Mutual Fund,Equity Scheme - Small Cap Fund,2021-08-18,102.7792
125497,SBI Small Cap Fund - Direct Plan - Growth,SBI Mutual Fund,Equity Scheme - Small Cap Fund,2021-08-20,101.3154
125497,SBI Small Cap Fund - Direct Plan - Growth,SBI Mutual Fund,Equity Scheme - Small Cap Fund,2021-08-23,100.065
125497,SBI Small Cap Fund - Direct Plan - Growth,SBI Mutual Fund,Equity Scheme - Small Cap Fund,2021-08-24,101.0715
125497,SBI Small Cap Fund - Direct Plan - Growth,SBI Mutual Fund,Equity Scheme - Small Cap Fund,2021-08-25,101.532
125497,SBI Small Cap Fund - Direct Plan - Growth,SBI Mutual Fund,Equity Scheme - Small Cap Fund,2021-08-26,102.162
125497,SBI Small Cap Fund - Direct Plan - Growth,SBI Mutual Fund,Equity Scheme - Small Cap Fund,2021-08-27,102.8137
125497,SBI Small Cap Fund - Direct Plan - Growth,SBI Mutual Fund,Equity Scheme - Small Cap Fund,2021-08-30,104.648
125497,SBI Small Cap Fund - Direct Plan - Growth,SBI Mutual Fund,Equity Scheme - Small Cap Fund,2021-08-31,105.6214
125497,SBI Small Cap Fund - Direct Plan - Growth,SBI Mutual Fund,Equity Scheme - Small Cap Fund,2021-09-01,105.6616
125497,SBI Small Cap Fund - Direct Plan - Growth,SBI Mutual Fund,Equity Scheme - Small Cap Fund,2021-09-02,106.4916
125497,SBI Small Cap Fund - Direct Plan - Growth,SBI Mutual Fund,Equity Scheme - Small Cap Fund,2021-09-03,106.5171
125497,SBI Small Cap Fund - Direct Plan - Growth,SBI Mutual Fund,Equity Scheme - Small Cap Fund,2021-09-06,107.1149
125497,SBI Small Cap Fund - Direct Plan - Growth,SBI Mutual Fund,Equity Scheme - Small Cap Fund,2021-09-07,106.9263
125497,SBI Small Cap Fund - Direct Plan - Growth,SBI Mutual Fund,Equity Scheme - Small Cap Fund,2021-09-08,107.1416
125497,SBI Small Cap Fund - Direct Plan - Growth,SBI Mutual Fund,Equity Scheme - Small Cap Fund,2021-09-09,108.1289
125497,SBI Small Cap Fund - Direct Plan - Growth,SBI Mutual Fund,Equity Scheme - Small Cap Fund,2021-09-13,108.3557
125497,SBI Small Cap Fund - Direct Plan - Growth,SBI Mutual Fund,Equity Scheme - Small Cap Fund,2021-09-14,109.5639
125497,SBI Small Cap Fund - Direct Plan - Growth,SBI Mutual Fund,Equity Scheme - Small Cap Fund,2021-09-15,110.3295
125497,SBI Small Cap Fund - Direct Plan - Growth,SBI Mutual Fund,Equity Scheme - Small Cap Fund,2021-09-16,110.188
125497,SBI Small Cap Fund - Direct Plan - Growth,SBI Mutual Fund,Equity Scheme - Small Cap Fund,2021-09-17,109.0842
125497,SBI Small Cap Fund - Direct Plan - Growth,SBI Mutual Fund,Equity Scheme - Small Cap Fund,2021-09-20,107.5332
125497,SBI Small Cap Fund - Direct Plan - Growth,SBI Mutual Fund,Equity Scheme - Small Cap Fund,2021-09-21,107.9811
125497,SBI Small Cap Fund - Direct Plan - Growth,SBI Mutual Fund,Equity Scheme - Small Cap Fund,2021-09-22,109.0144
125497,SBI Small Cap Fund - Direct Plan - Growth,SBI Mutual Fund,Equity Scheme - Small Cap Fund,2021-09-23,110.2011
125497,SBI Small Cap Fund - Direct Plan - Growth,SBI Mutual Fund,Equity Scheme - Small Cap Fund,2021-09-24,109.5436
125497,SBI Small Cap Fund - Direct Plan - Growth,SBI Mutual Fund,Equity Scheme - Small Cap Fund,2021-09-27,109.313
125497,SBI Small Cap Fund - Direct Plan - Growth,SBI Mutual Fund,Equity Scheme - Small Cap Fund,2021-09-28,109.4454
125497,SBI Small Cap Fund - Direct Plan - Growth,SBI Mutual Fund,Equity Scheme - Small Cap Fund,2021-09-29,109.4882
125497,SBI Small Cap Fund - Direct Plan - Growth,SBI Mutual Fund,Equity Scheme - Small Cap Fund,2021-09-30,110.1672
125497,SBI Small Cap Fund - Direct Plan - Growth,SBI Mutual Fund,Equity Scheme - Small Cap Fund,2021-10-01,110.9385
125497,SBI Small Cap Fund - Direct Plan - Growth,SBI Mutual Fund,Equity Scheme - Small Cap Fund,2021-10-04,112.8335
125497,SBI Small Cap Fund - Direct Plan - Growth,SBI Mutual Fund,Equity Scheme - Small Cap Fund,2021-10-05,112.8715
125497,SBI Small Cap Fund - Direct Plan - Growth,SBI Mutual Fund,Equity Scheme - Small Cap Fund,2021-10-06,112.5383
125497,SBI Small Cap Fund - Direct Plan - Growth,SBI Mutual Fund,Equity Scheme - Small Cap Fund,2021-10-07,113.9512
125497,SBI Small Cap Fund - Direct Plan - Growth,SBI Mutual Fund,Equity Scheme - Small Cap Fund,2021-10-08,114.3972
125497,SBI Small Cap Fund - Direct Plan - Growth,SBI Mutual Fund,Equity Scheme - Small Cap Fund,2021-10-11,115.1336
125497,SBI Small Cap Fund - Direct Plan - Growth,SBI Mutual Fund,Equity Scheme - Small Cap Fund,2021-10-12,115.2274
125497,SBI Small Cap Fund - Direct Plan - Growth,SBI Mutual Fund,Equity Scheme - Small Cap Fund,2021-10-13,116.4436
125497,SBI Small Cap Fund - Direct Plan - Growth,SBI Mutual Fund,Equity Scheme - Small Cap Fund,2021-10-14,116.6919
125497,SBI Small Cap Fund - Direct Plan - Growth,SBI Mutual Fund,Equity Scheme - Small Cap Fund,2021-10-18,117.5222
125497,SBI Small Cap Fund - Direct Plan - Growth,SBI Mutual Fund,Equity Scheme - Small Cap Fund,2021-10-19,116.2545
125497,SBI Small Cap Fund - Direct Plan - Growth,SBI Mutual Fund,Equity Scheme - Small Cap Fund,2021-10-20,113.4912
125497,SBI Small Cap Fund - Direct Plan - Growth,SBI Mutual Fund,Equity Scheme - Small Cap Fund,2021-10-21,113.8861
125497,SBI Small Cap Fund - Direct Plan - Growth,SBI Mutual Fund,Equity Scheme - Small Cap Fund,2021-10-22,113.4348
125497,SBI Small Cap Fund - Direct Plan - Growth,SBI Mutual Fund,Equity Scheme - Small Cap Fund,2021-10-25,111.9962
125497,SBI Small Cap Fund - Direct Plan - Growth,SBI Mutual Fund,Equity Scheme - Small Cap Fund,2021-10-26,113.5163
125497,SBI Small Cap Fund - Direct Plan - Growth,SBI Mutual Fund,Equity Scheme - Small Cap Fund,2021-10-27,114.1178
125497,SBI Small Cap Fund - Direct Plan - Growth,SBI Mutual Fund,Equity Scheme - Small Cap Fund,2021-10-28,113.475
125497,SBI Small Cap Fund - Direct Plan - Growth,SBI Mutual Fund,Equity Scheme - Small Cap Fund,2021-10-29,113.6715
125497,SBI Small Cap Fund - Direct Plan - Growth,SBI Mutual Fund,Equity Scheme - Small Cap Fund,2021-11-01,114.2579
125497,SBI Small Cap Fund - Direct Plan - Growth,SBI Mutual Fund,Equity Scheme - Small Cap Fund,2021-11-02,115.5178
125497,SBI Small Cap Fund - Direct Plan - Growth,SBI Mutual Fund,Equity Scheme - Small Cap Fund,2021-11-03,115.5222
125497,SBI Small Cap Fund - Direct Plan - Growth,SBI Mutual Fund,Equity Scheme - Small Cap Fund,2021-11-08,117.3055
125497,SBI Small Cap Fund - Direct Plan - Growth,SBI Mutual Fund,Equity Scheme - Small Cap Fund,2021-11-09,117.9077
125497,SBI Small Cap Fund - Direct Plan - Growth,SBI Mutual Fund,Equity Scheme - Small Cap Fund,2021-11-10,117.9059
125497,SBI Small Cap Fund - Direct Plan - Growth,SBI Mutual Fund,Equity Scheme - Small Cap Fund,2021-11-11,118.4235
125497,SBI Small Cap Fund - Direct Plan - Growth,SBI Mutual Fund,Equity Scheme - Small Cap Fund,2021-11-12,119.2912
125497,SBI Small Cap Fund - Direct Plan - Growth,SBI Mutual Fund,Equity Scheme - Small Cap Fund,2021-11-15,119.239
125497,SBI Small Cap Fund - Direct Plan - Growth,SBI Mutual Fund,Equity Scheme - Small Cap Fund,2021-11-16,118.6213
125497,SBI Small Cap Fund - Direct Plan - Growth,SBI Mutual Fund,Equity Scheme - Small Cap Fund,2021-11-17,118.1513
125497,SBI Small Cap Fund - Direct Plan - Growth,SBI Mutual Fund,Equity Scheme - Small Cap Fund,2021-11-18,116.9958
125497,SBI Small Cap Fund - Direct Plan - Growth,SBI Mutual Fund,Equity Scheme - Small Cap Fund,2021-11-22,114.5634
125497,SBI Small Cap Fund - Direct Plan - Growth,SBI Mutual Fund,Equity Scheme - Small Cap Fund,2021-11-23,115.7625
125497,SBI Small Cap Fund - Direct Plan - Growth,SBI Mutual Fund,Equity Scheme - Small Cap Fund,2021-11-24,116.9382
125497,SBI Small Cap Fund - Direct Plan - Growth,SBI Mutual Fund,Equity Scheme - Small Cap Fund,2021-11-25,117.3365
125497,SBI Small Cap Fund - Direct Plan - Growth,SBI Mutual Fund,Equity Scheme - Small Cap Fund,2021-11-26,113.7581
125497,SBI Small Cap Fund - Direct Plan - Growth,SBI Mutual Fund,Equity Scheme - Small Cap Fund,2021-11-29,112.0406
125497,SBI Small Cap Fund - Direct Plan - Growth,SBI Mutual Fund,Equity Scheme - Small Cap Fund,2021-11-30,114.6061
125497,SBI Small Cap Fund - Direct Plan - Growth,SBI Mutual Fund,Equity Scheme - Small Cap Fund,2021-12-01,114.5225
125497,SBI Small Cap Fund - Direct Plan - Growth,SBI Mutual Fund,Equity Scheme - Small Cap Fund,2021-12-02,115.1803
125497,SBI Small Cap Fund - Direct Plan - Growth,SBI Mutual Fund,Equity Scheme - Small Cap Fund,2021-12-03,115.4989
125497,SBI Small Cap Fund - Direct Plan - Growth,SBI Mutual Fund,Equity Scheme - Small Cap Fund,2021-12-06,114.2375
125497,SBI Small Cap Fund - Direct Plan - Growth,SBI Mutual Fund,Equity Scheme - Small Cap Fund,2021-12-07,115.5693
125497,SBI Small Cap Fund - Direct Plan - Growth,SBI Mutual Fund,Equity Scheme - Small Cap Fund,2021-12-08,115.9955
125497,SBI Small Cap Fund - Direct Plan - Growth,SBI Mutual Fund,Equity Scheme - Small Cap Fund,2021-12-09,116.4189
125497,SBI Small Cap Fund - Direct Plan - Growth,SBI Mutual Fund,Equity Scheme - Small Cap Fund,2021-12-10,117.0295
125497,SBI Small Cap Fund - Direct Plan - Growth,SBI Mutual Fund,Equity Scheme - Small Cap Fund,2021-12-13,116.6731
125497,SBI Small Cap Fund - Direct Plan - Growth,SBI Mutual Fund,Equity Scheme - Small Cap Fund,2021-12-14,116.5661
125497,SBI Small Cap Fund - Direct Plan - Growth,SBI Mutual Fund,Equity Scheme - Small Cap Fund,2021-12-15,116.7334
125497,SBI Small Cap Fund - Direct Plan - Growth,SBI Mutual Fund,Equity Scheme - Small Cap Fund,2021-12-16,115.5621
125497,SBI Small Cap Fund - Direct Plan - Growth,SBI Mutual Fund,Equity Scheme - Small Cap Fund,2021-12-17,114.4182
125497,SBI Small Cap Fund - Direct Plan - Growth,SBI Mutual Fund,Equity Scheme - Small Cap Fund,2021-12-20,111.4291
125497,SBI Small Cap Fund - Direct Plan - Growth,SBI Mutual Fund,Equity Scheme - Small Cap Fund,2021-12-21,112.1347
125497,SBI Small Cap Fund - Direct Plan - Growth,SBI Mutual Fund,Equity Scheme - Small Cap Fund,2021-12-22,113.5008
125497,SBI Small Cap Fund - Direct Plan - Growth,SBI Mutual Fund,Equity Scheme - Small Cap Fund,2021-12-23,114.0603
125497,SBI Small Cap Fund - Direct Plan - Growth,SBI Mutual Fund,Equity Scheme - Small Cap Fund,2021-12-24,113.0034
125497,SBI Small Cap Fund - Direct Plan - Growth,SBI Mutual Fund,Equity Scheme - Small Cap Fund,2021-12-27,113.1013
125497,SBI Small Cap Fund - Direct Plan - Growth,SBI Mutual Fund,Equity Scheme - Small Cap Fund,2021-12-28,114.187
125497,SBI Small Cap Fund - Direct Plan - Growth,SBI Mutual Fund,Equity Scheme - Small Cap Fund,2021-12-29,115.107
125497,SBI Small Cap Fund - Direct Plan - Growth,SBI Mutual Fund,Equity Scheme - Small Cap Fund,2021-12-30,115.0392
125497,SBI Small Cap Fund - Direct Plan - Growth,SBI Mutual Fund,Equity Scheme - Small Cap Fund,2021-12-31,116.5135
125497,SBI Small Cap Fund - Direct Plan - Growth,SBI Mutual Fund,Equity Scheme - Small Cap Fund,2022-01-03,117.8295
125497,SBI Small Cap Fund - Direct Plan - Growth,SBI Mutual Fund,Equity Scheme - Small Cap Fund,2022-01-04,117.9937
125497,SBI Small Cap Fund - Direct Plan - Growth,SBI Mutual Fund,Equity Scheme - Small Cap Fund,2022-01-05,117.8449
125497,SBI Small Cap Fund - Direct Plan - Growth,SBI Mutual Fund,Equity Scheme - Small Cap Fund,2022-01-06,118.078
125497,SBI Small Cap Fund - Direct Plan - Growth,SBI Mutual Fund,Equity Scheme - Small Cap Fund,2022-01-07,118.0578
125497,SBI Small Cap Fund - Direct Plan - Growth,SBI Mutual Fund,Equity Scheme - Small Cap Fund,2022-01-10,119.259
125497,SBI Small Cap Fund - Direct Plan - Growth,SBI Mutual Fund,Equity Scheme - Small Cap Fund,2022-01-11,119.2122
125497,SBI Small Cap Fund - Direct Plan - Growth,SBI Mutual Fund,Equity Scheme - Small Cap Fund,2022-01-12,120.503
125497,SBI Small Cap Fund - Direct Plan - Growth,SBI Mutual Fund,Equity Scheme - Small Cap Fund,2022-01-13,120.6145
125497,SBI Small Cap Fund - Direct Plan - Growth,SBI Mutual Fund,Equity Scheme - Small Cap Fund,2022-01-14,121.5144
125497,SBI Small Cap Fund - Direct Plan - Growth,SBI Mutual Fund,Equity Scheme - Small Cap Fund,2022-01-17,121.889
125497,SBI Small Cap Fund - Direct Plan - Growth,SBI Mutual Fund,Equity Scheme - Small Cap Fund,2022-01-18,120.3738
125497,SBI Small Cap Fund - Direct Plan - Growth,SBI Mutual Fund,Equity Scheme - Small Cap Fund,2022-01-19,120.1682
125497,SBI Small Cap Fund - Direct Plan - Growth,SBI Mutual Fund,Equity Scheme - Small Cap Fund,2022-01-20,120.1311
125497,SBI Small Cap Fund - Direct Plan - Growth,SBI Mutual Fund,Equity Scheme - Small Cap Fund,2022-01-21,118.8871
125497,SBI Small Cap Fund - Direct Plan - Growth,SBI Mutual Fund,Equity Scheme - Small Cap Fund,2022-01-24,113.8388
125497,SBI Small Cap Fund - Direct Plan - Growth,SBI Mutual Fund,Equity Scheme - Small Cap Fund,2022-01-25,114.9265
125497,SBI Small Cap Fund - Direct Plan - Growth,SBI Mutual Fund,Equity Scheme - Small Cap Fund,2022-01-27,113.4644
125497,SBI Small Cap Fund - Direct Plan - Growth,SBI Mutual Fund,Equity Scheme - Small Cap Fund,2022-01-28,113.7542
125497,SBI Small Cap Fund - Direct Plan - Growth,SBI Mutual Fund,Equity Scheme - Small Cap Fund,2022-01-31,115.1383
125497,SBI Small Cap Fund - Direct Plan - Growth,SBI Mutual Fund,Equity Scheme - Small Cap Fund,2022-02-01,116.8615
125497,SBI Small Cap Fund - Direct Plan - Growth,SBI Mutual Fund,Equity Scheme - Small Cap Fund,2022-02-02,118.2925
125497,SBI Small Cap Fund - Direct Plan - Growth,SBI Mutual Fund,Equity Scheme - Small Cap Fund,2022-02-03,117.9384
125497,SBI Small Cap Fund - Direct Plan - Growth,SBI Mutual Fund,Equity Scheme - Small Cap Fund,2022-02-04,118.1779
125497,SBI Small Cap Fund - Direct Plan - Growth,SBI Mutual Fund,Equity Scheme - Small Cap Fund,2022-02-07,118.1213
125497,SBI Small Cap Fund - Direct Plan - Growth,SBI Mutual Fund,Equity Scheme - Small Cap Fund,2022-02-08,116.9897
125497,SBI Small Cap Fund - Direct Plan - Growth,SBI Mutual Fund,Equity Scheme - Small Cap Fund,2022-02-09,116.6628
125497,SBI Small Cap Fund - Direct Plan - Growth,SBI Mutual Fund,Equity Scheme - Small Cap Fund,2022-02-10,116.361
125497,SBI Small Cap Fund - Direct Plan - Growth,SBI Mutual Fund,Equity Scheme - Small Cap Fund,2022-02-11,114.5805
125497,SBI Small Cap Fund - Direct Plan - Growth,SBI Mutual Fund,Equity Scheme - Small Cap Fund,2022-02-14,111.1649
125497,SBI Small Cap Fund - Direct Plan - Growth,SBI Mutual Fund,Equity Scheme - Small Cap Fund,2022-02-15,112.2859
125497,SBI Small Cap Fund - Direct Plan - Growth,SBI Mutual Fund,Equity Scheme - Small Cap Fund,2022-02-16,113.4702
125497,SBI Small Cap Fund - Direct Plan - Growth,SBI Mutual Fund,Equity Scheme - Small Cap Fund,2022-02-17,113.0094
125497,SBI Small Cap Fund - Direct Plan - Growth,SBI Mutual Fund,Equity Scheme - Small Cap Fund,2022-02-18,112.6163
125497,SBI Small Cap Fund - Direct Plan - Growth,SBI Mutual Fund,Equity Scheme - Small Cap Fund,2022-02-21,110.5555
125497,SBI Small Cap Fund - Direct Plan - Growth,SBI Mutual Fund,Equity Scheme - Small Cap Fund,2022-02-22,109.2415
125497,SBI Small Cap Fund - Direct Plan - Growth,SBI Mutual Fund,Equity Scheme - Small Cap Fund,2022-02-23,109.8892
125497,SBI Small Cap Fund - Direct Plan - Growth,SBI Mutual Fund,Equity Scheme - Small Cap Fund,2022-02-24,105.5919
125497,SBI Small Cap Fund - Direct Plan - Growth,SBI Mutual Fund,Equity Scheme - Small Cap Fund,2022-02-25,109.1447
125497,SBI Small Cap Fund - Direct Plan - Growth,SBI Mutual Fund,Equity Scheme - Small Cap Fund,2022-02-28,109.8735
125497,SBI Small Cap Fund - Direct Plan - Growth,SBI Mutual Fund,Equity Scheme - Small Cap Fund,2022-03-02,109.7898
125497,SBI Small Cap Fund - Direct Plan - Growth,SBI Mutual Fund,Equity Scheme - Small Cap Fund,2022-03-03,109.9523
125497,SBI Small Cap Fund - Direct Plan - Growth,SBI Mutual Fund,Equity Scheme - Small Cap Fund,2022-03-04,108.4432
125497,SBI Small Cap Fund - Direct Plan - Growth,SBI Mutual Fund,Equity Scheme - Small Cap Fund,2022-03-07,106.6562
125497,SBI Small Cap Fund - Direct Plan - Growth,SBI Mutual Fund,Equity Scheme - Small Cap Fund,2022-03-08,107.1074
125497,SBI Small Cap Fund - Direct Plan - Growth,SBI Mutual Fund,Equity Scheme - Small Cap Fund,2022-03-09,108.7536
125497,SBI Small Cap Fund - Direct Plan - Growth,SBI Mutual Fund,Equity Scheme - Small Cap Fund,2022-03-10,109.8399
125497,SBI Small Cap Fund - Direct Plan - Growth,SBI Mutual Fund,Equity Scheme - Small Cap Fund,2022-03-11,110.3959
125497,SBI Small Cap Fund - Direct Plan - Growth,SBI Mutual Fund,Equity Scheme - Small Cap Fund,2022-03-14,111.3776
125497,SBI Small Cap Fund - Direct Plan - Growth,SBI Mutual Fund,Equity Scheme - Small Cap Fund,2022-03-15,110.7915
125497,SBI Small Cap Fund - Direct Plan - Growth,SBI Mutual Fund,Equity Scheme - Small Cap Fund,2022-03-16,111.4996
125497,SBI Small Cap Fund - Direct Plan - Growth,SBI Mutual Fund,Equity Scheme - Small Cap Fund,2022-03-17,112.1278
125497,SBI Small Cap Fund - Direct Plan - Growth,SBI Mutual Fund,Equity Scheme - Small Cap Fund,2022-03-21,111.8034
125497,SBI Small Cap Fund - Direct Plan - Growth,SBI Mutual Fund,Equity Scheme - Small Cap Fund,2022-03-22,111.8136
125497,SBI Small Cap Fund - Direct Plan - Growth,SBI Mutual Fund,Equity Scheme - Small Cap Fund,2022-03-23,112.0594
125497,SBI Small Cap Fund - Direct Plan - Growth,SBI Mutual Fund,Equity Scheme - Small Cap Fund,2022-03-24,112.129
125497,SBI Small Cap Fund - Direct Plan - Growth,SBI Mutual Fund,Equity Scheme - Small Cap Fund,2022-03-25,111.8414
125497,SBI Small Cap Fund - Direct Plan - Growth,SBI Mutual Fund,Equity Scheme - Small Cap Fund,2022-03-28,111.3773
125497,SBI Small Cap Fund - Direct Plan - Growth,SBI Mutual Fund,Equity Scheme - Small Cap Fund,2022-03-29,112.833
125497,SBI Small Cap Fund - Direct Plan - Growth,SBI Mutual Fund,Equity Scheme - Small Cap Fund,2022-03-30,113.3938
125497,SBI Small Cap Fund - Direct Plan - Growth,SBI Mutual Fund,Equity Scheme - Small Cap Fund,2022-03-31,113.3881
125497,SBI Small Cap Fund - Direct Plan - Growth,SBI Mutual Fund,Equity Scheme - Small Cap Fund,2022-04-01,114.8655
125497,SBI Small Cap Fund - Direct Plan - Growth,SBI Mutual Fund,Equity Scheme - Small Cap Fund,2022-04-04,116.1819
125497,SBI Small Cap Fund - Direct Plan - Growth,SBI Mutual Fund,Equity Scheme - Small Cap Fund,2022-04-05,117.6729
125497,SBI Small Cap Fund - Direct Plan - Growth,SBI Mutual Fund,Equity Scheme - Small Cap Fund,2022-04-06,117.9615
125497,SBI Small Cap Fund - Direct Plan - Growth,SBI Mutual Fund,Equity Scheme - Small Cap Fund,2022-04-07,117.3808
125497,SBI Small Cap Fund - Direct Plan - Growth,SBI Mutual Fund,Equity Scheme - Small Cap Fund,2022-04-08,118.159
125497,SBI Small Cap Fund - Direct Plan - Growth,SBI Mutual Fund,Equity Scheme - Small Cap Fund,2022-04-11,118.7434
125497,SBI Small Cap Fund - Direct Plan - Growth,SBI Mutual Fund,Equity Scheme - Small Cap Fund,2022-04-12,117.6272
125497,SBI Small Cap Fund - Direct Plan - Growth,SBI Mutual Fund,Equity Scheme - Small Cap Fund,2022-04-13,117.5522
125497,SBI Small Cap Fund - Direct Plan - Growth,SBI Mutual Fund,Equity Scheme - Small Cap Fund,2022-04-18,117.0086
125497,SBI Small Cap Fund - Direct Plan - Growth,SBI Mutual Fund,Equity Scheme - Small Cap Fund,2022-04-19,116.0671
125497,SBI Small Cap Fund - Direct Plan - Growth,SBI Mutual Fund,Equity Scheme - Small Cap Fund,2022-04-20,116.0793
125497,SBI Small Cap Fund - Direct Plan - Growth,SBI Mutual Fund,Equity Scheme - Small Cap Fund,2022-04-21,117.0681
125497,SBI Small Cap Fund - Direct Plan - Growth,SBI Mutual Fund,Equity Scheme - Small Cap Fund,2022-04-22,116.9877
125497,SBI Small Cap Fund - Direct Plan - Growth,SBI Mutual Fund,Equity Scheme - Small Cap Fund,2022-04-25,115.7364
125497,SBI Small Cap Fund - Direct Plan - Growth,SBI Mutual Fund,Equity Scheme - Small Cap Fund,2022-04-26,116.5381
125497,SBI Small Cap Fund - Direct Plan - Growth,SBI Mutual Fund,Equity Scheme - Small Cap Fund,2022-04-27,116.3239
125497,SBI Small Cap Fund - Direct Plan - Growth,SBI Mutual Fund,Equity Scheme - Small Cap Fund,2022-04-28,117.2654
125497,SBI Small Cap Fund - Direct Plan - Growth,SBI Mutual Fund,Equity Scheme - Small Cap Fund,2022-04-29,116.4371
125497,SBI Small Cap Fund - Direct Plan - Growth,SBI Mutual Fund,Equity Scheme - Small Cap Fund,2022-05-02,115.6675
125497,SBI Small Cap Fund - Direct Plan - Growth,SBI Mutual Fund,Equity Scheme - Small Cap Fund,2022-05-04,113.5479
125497,SBI Small Cap Fund - Direct Plan - Growth,SBI Mutual Fund,Equity Scheme - Small Cap Fund,2022-05-05,113.3928
125497,SBI Small Cap Fund - Direct Plan - Growth,SBI Mutual Fund,Equity Scheme - Small Cap Fund,2022-05-06,111.917
125497,SBI Small Cap Fund - Direct Plan - Growth,SBI Mutual Fund,Equity Scheme - Small Cap Fund,2022-05-09,111.1072
125497,SBI Small Cap Fund - Direct Plan - Growth,SBI Mutual Fund,Equity Scheme - Small Cap Fund,2022-05-10,109.6278
125497,SBI Small Cap Fund - Direct Plan - Growth,SBI Mutual Fund,Equity Scheme - Small Cap Fund,2022-05-11,108.1924
125497,SBI Small Cap Fund - Direct Plan - Growth,SBI Mutual Fund,Equity Scheme - Small Cap Fund,2022-05-12,106.8265
125497,SBI Small Cap Fund - Direct Plan - Growth,SBI Mutual Fund,Equity Scheme - Small Cap Fund,2022-05-13,107.0481
125497,SBI Small Cap Fund - Direct Plan - Growth,SBI Mutual Fund,Equity Scheme - Small Cap Fund,2022-05-16,108.381
125497,SBI Small Cap Fund - Direct Plan - Growth,SBI Mutual Fund,Equity Scheme - Small Cap Fund,2022-05-17,110.5126
125497,SBI Small Cap Fund - Direct Plan - Growth,SBI Mutual Fund,Equity Scheme - Small Cap Fund,2022-05-18,110.4242
125497,SBI Small Cap Fund - Direct Plan - Growth,SBI Mutual Fund,Equity Scheme - Small Cap Fund,2022-05-19,109.1737
125497,SBI Small Cap Fund - Direct Plan - Growth,SBI Mutual Fund,Equity Scheme - Small Cap Fund,2022-05-20,110.5206
125497,SBI Small Cap Fund - Direct Plan - Growth,SBI Mutual Fund,Equity Scheme - Small Cap Fund,2022-05-23,110.7194
125497,SBI Small Cap Fund - Direct Plan - Growth,SBI Mutual Fund,Equity Scheme - Small Cap Fund,2022-05-24,110.3592
125497,SBI Small Cap Fund - Direct Plan - Growth,SBI Mutual Fund,Equity Scheme - Small Cap Fund,2022-05-25,108.4736
125497,SBI Small Cap Fund - Direct Plan - Growth,SBI Mutual Fund,Equity Scheme - Small Cap Fund,2022-05-26,109.0641
125497,SBI Small Cap Fund - Direct Plan - Growth,SBI Mutual Fund,Equity Scheme - Small Cap Fund,2022-05-27,109.1239
125497,SBI Small Cap Fund - Direct Plan - Growth,SBI Mutual Fund,Equity Scheme - Small Cap Fund,2022-05-30,110.8854
125497,SBI Small Cap Fund - Direct Plan - Growth,SBI Mutual Fund,Equity Scheme - Small Cap Fund,2022-05-31,111.3985
125497,SBI Small Cap Fund - Direct Plan - Growth,SBI Mutual Fund,Equity Scheme - Small Cap Fund,2022-06-01,113.0469
125497,SBI Small Cap Fund - Direct Plan - Growth,SBI Mutual Fund,Equity Scheme - Small Cap Fund,2022-06-02,113.0447
125497,SBI Small Cap Fund - Direct Plan - Growth,SBI Mutual Fund,Equity Scheme - Small Cap Fund,2022-06-03,111.6854
125497,SBI Small Cap Fund - Direct Plan - Growth,SBI Mutual Fund,Equity Scheme - Small Cap Fund,2022-06-06,111.468
125497,SBI Small Cap Fund - Direct Plan - Growth,SBI Mutual Fund,Equity Scheme - Small Cap Fund,2022-06-07,110.8741
125497,SBI Small Cap Fund - Direct Plan - Growth,SBI Mutual Fund,Equity Scheme - Small Cap Fund,2022-06-08,110.696
125497,SBI Small Cap Fund - Direct Plan - Growth,SBI Mutual Fund,Equity Scheme - Small Cap Fund,2022-06-09,110.773
125497,SBI Small Cap Fund - Direct Plan - Growth,SBI Mutual Fund,Equity Scheme - Small Cap Fund,2022-06-10,110.3611
125497,SBI Small Cap Fund - Direct Plan - Growth,SBI Mutual Fund,Equity Scheme - Small Cap Fund,2022-06-13,108.1973
125497,SBI Small Cap Fund - Direct Plan - Growth,SBI Mutual Fund,Equity Scheme - Small Cap Fund,2022-06-14,107.7655
125497,SBI Small Cap Fund - Direct Plan - Growth,SBI Mutual Fund,Equity Scheme - Small Cap Fund,2022-06-15,107.9569
125497,SBI Small Cap Fund - Direct Plan - Growth,SBI Mutual Fund,Equity Scheme - Small Cap Fund,2022-06-16,105.836
125497,SBI Small Cap Fund - Direct Plan - Growth,SBI Mutual Fund,Equity Scheme - Small Cap Fund,2022-06-17,104.8911
125497,SBI Small Cap Fund - Direct Plan - Growth,SBI Mutual Fund,Equity Scheme - Small Cap Fund,2022-06-20,103.2049
125497,SBI Small Cap Fund - Direct Plan - Growth,SBI Mutual Fund,Equity Scheme - Small Cap Fund,2022-06-21,104.8701
125497,SBI Small Cap Fund - Direct Plan - Growth,SBI Mutual Fund,Equity Scheme - Small Cap Fund,2022-06-22,104.2718
125497,SBI Small Cap Fund - Direct Plan - Growth,SBI Mutual Fund,Equity Scheme - Small Cap Fund,2022-06-23,105.5826
125497,SBI Small Cap Fund - Direct Plan - Growth,SBI Mutual Fund,Equity Scheme - Small Cap Fund,2022-06-24,106.563
125497,SBI Small Cap Fund - Direct Plan - Growth,SBI Mutual Fund,Equity Scheme - Small Cap Fund,2022-06-27,107.743
125497,SBI Small Cap Fund - Direct Plan - Growth,SBI Mutual Fund,Equity Scheme - Small Cap Fund,2022-06-28,107.8457
125497,SBI Small Cap Fund - Direct Plan - Growth,SBI Mutual Fund,Equity Scheme - Small Cap Fund,2022-06-29,107.5298
125497,SBI Small Cap Fund - Direct Plan - Growth,SBI Mutual Fund,Equity Scheme - Small Cap Fund,2022-06-30,107.3447
125497,SBI Small Cap Fund - Direct Plan - Growth,SBI Mutual Fund,Equity Scheme - Small Cap Fund,2022-07-01,107.2511
125497,SBI Small Cap Fund - Direct Plan - Growth,SBI Mutual Fund,Equity Scheme - Small Cap Fund,2022-07-04,108.086
125497,SBI Small Cap Fund - Direct Plan - Growth,SBI Mutual Fund,Equity Scheme - Small Cap Fund,2022-07-05,108.9019
125497,SBI Small Cap Fund - Direct Plan - Growth,SBI Mutual Fund,Equity Scheme - Small Cap Fund,2022-07-06,109.4531
125497,SBI Small Cap Fund - Direct Plan - Growth,SBI Mutual Fund,Equity Scheme - Small Cap Fund,2022-07-07,110.0959
125497,SBI Small Cap Fund - Direct Plan - Growth,SBI Mutual Fund,Equity Scheme - Small Cap Fund,2022-07-08,110.3205
125497,SBI Small Cap Fund - Direct Plan - Growth,SBI Mutual Fund,Equity Scheme - Small Cap Fund,2022-07-11,111.3735
125497,SBI Small Cap Fund - Direct Plan - Growth,SBI Mutual Fund,Equity Scheme - Small Cap Fund,2022-07-12,110.5217
125497,SBI Small Cap Fund - Direct Plan - Growth,SBI Mutual Fund,Equity Scheme - Small Cap Fund,2022-07-13,110.6876
125497,SBI Small Cap Fund - Direct Plan - Growth,SBI Mutual Fund,Equity Scheme - Small Cap Fund,2022-07-14,110.5523
125497,SBI Small Cap Fund - Direct Plan - Growth,SBI Mutual Fund,Equity Scheme - Small Cap Fund,2022-07-15,111.1987
125497,SBI Small Cap Fund - Direct Plan - Growth,SBI Mutual Fund,Equity Scheme - Small Cap Fund,2022-07-18,111.9322
125497,SBI Small Cap Fund - Direct Plan - Growth,SBI Mutual Fund,Equity Scheme - Small Cap Fund,2022-07-19,112.8046
125497,SBI Small Cap Fund - Direct Plan - Growth,SBI Mutual Fund,Equity Scheme - Small Cap Fund,2022-07-20,112.9868
125497,SBI Small Cap Fund - Direct Plan - Growth,SBI Mutual Fund,Equity Scheme - Small Cap Fund,2022-07-21,113.4094
125497,SBI Small Cap Fund - Direct Plan - Growth,SBI Mutual Fund,Equity Scheme - Small Cap Fund,2022-07-22,114.09
125497,SBI Small Cap Fund - Direct Plan - Growth,SBI Mutual Fund,Equity Scheme - Small Cap Fund,2022-07-25,114.3251
125497,SBI Small Cap Fund - Direct Plan - Growth,SBI Mutual Fund,Equity Scheme - Small Cap Fund,2022-07-26,113.9363
125497,SBI Small Cap Fund - Direct Plan - Growth,SBI Mutual Fund,Equity Scheme - Small Cap Fund,2022-07-27,114.2238
125497,SBI Small Cap Fund - Direct Plan - Growth,SBI Mutual Fund,Equity Scheme - Small Cap Fund,2022-07-28,115.4212
125497,SBI Small Cap Fund - Direct Plan - Growth,SBI Mutual Fund,Equity Scheme - Small Cap Fund,2022-07-29,115.8262
125497,SBI Small Cap Fund - Direct Plan - Growth,SBI Mutual Fund,Equity Scheme - Small Cap Fund,2022-08-01,118.4285
125497,SBI Small Cap Fund - Direct Plan - Growth,SBI Mutual Fund,Equity Scheme - Small Cap Fund,2022-08-02,119.6709
125497,SBI Small Cap Fund - Direct Plan - Growth,SBI Mutual Fund,Equity Scheme - Small Cap Fund,2022-08-03,119.3671
125497,SBI Small Cap Fund - Direct Plan - Growth,SBI Mutual Fund,Equity Scheme - Small Cap Fund,2022-08-04,119.5351
125497,SBI Small Cap Fund - Direct Plan - Growth,SBI Mutual Fund,Equity Scheme - Small Cap Fund,2022-08-05,119.5001
125497,SBI Small Cap Fund - Direct Plan - Growth,SBI Mutual Fund,Equity Scheme - Small Cap Fund,2022-08-08,120.8529
125497,SBI Small Cap Fund - Direct Plan - Growth,SBI Mutual Fund,Equity Scheme - Small Cap Fund,2022-08-10,121.7895
125497,SBI Small Cap Fund - Direct Plan - Growth,SBI Mutual Fund,Equity Scheme - Small Cap Fund,2022-08-11,122.0436
125497,SBI Small Cap Fund - Direct Plan - Growth,SBI Mutual Fund,Equity Scheme - Small Cap Fund,2022-08-12,122.1465
125497,SBI Small Cap Fund - Direct Plan - Growth,SBI Mutual Fund,Equity Scheme - Small Cap Fund,2022-08-16,122.5798
125497,SBI Small Cap Fund - Direct Plan - Growth,SBI Mutual Fund,Equity Scheme - Small Cap Fund,2022-08-17,122.7003
125497,SBI Small Cap Fund - Direct Plan - Growth,SBI Mutual Fund,Equity Scheme - Small Cap Fund,2022-08-18,123.1031
125497,SBI Small Cap Fund - Direct Plan - Growth,SBI Mutual Fund,Equity Scheme - Small Cap Fund,2022-08-19,121.8963
125497,SBI Small Cap Fund - Direct Plan - Growth,SBI Mutual Fund,Equity Scheme - Small Cap Fund,2022-08-22,121.1594
125497,SBI Small Cap Fund - Direct Plan - Growth,SBI Mutual Fund,Equity Scheme - Small Cap Fund,2022-08-23,122.1378
125497,SBI Small Cap Fund - Direct Plan - Growth,SBI Mutual Fund,Equity Scheme - Small Cap Fund,2022-08-24,122.9131
125497,SBI Small Cap Fund - Direct Plan - Growth,SBI Mutual Fund,Equity Scheme - Small Cap Fund,2022-08-25,123.2572
125497,SBI Small Cap Fund - Direct Plan - Growth,SBI Mutual Fund,Equity Scheme - Small Cap Fund,2022-08-26,123.6562
125497,SBI Small Cap Fund - Direct Plan - Growth,SBI Mutual Fund,Equity Scheme - Small Cap Fund,2022-08-29,123.2418
125497,SBI Small Cap Fund - Direct Plan - Growth,SBI Mutual Fund,Equity Scheme - Small Cap Fund,2022-08-30,124.7127
125497,SBI Small Cap Fund - Direct Plan - Growth,SBI Mutual Fund,Equity Scheme - Small Cap Fund,2022-09-01,124.8265
125497,SBI Small Cap Fund - Direct Plan - Growth,SBI Mutual Fund,Equity Scheme - Small Cap Fund,2022-09-02,126.1091
125497,SBI Small Cap Fund - Direct Plan - Growth,SBI Mutual Fund,Equity Scheme - Small Cap Fund,2022-09-05,126.9883
125497,SBI Small Cap Fund - Direct Plan - Growth,SBI Mutual Fund,Equity Scheme - Small Cap Fund,2022-09-06,127.812
125497,SBI Small Cap Fund - Direct Plan - Growth,SBI Mutual Fund,Equity Scheme - Small Cap Fund,2022-09-07,128.9903
125497,SBI Small Cap Fund - Direct Plan - Growth,SBI Mutual Fund,Equity Scheme - Small Cap Fund,2022-09-08,129.8388
125497,SBI Small Cap Fund - Direct Plan - Growth,SBI Mutual Fund,Equity Scheme - Small Cap Fund,2022-09-09,130.1662
125497,SBI Small Cap Fund - Direct Plan - Growth,SBI Mutual Fund,Equity Scheme - Small Cap Fund,2022-09-12,131.2711
125497,SBI Small Cap Fund - Direct Plan - Growth,SBI Mutual Fund,Equity Scheme - Small Cap Fund,2022-09-13,130.9984
125497,SBI Small Cap Fund - Direct Plan - Growth,SBI Mutual Fund,Equity Scheme - Small Cap Fund,2022-09-14,131.5105
125497,SBI Small Cap Fund - Direct Plan - Growth,SBI Mutual Fund,Equity Scheme - Small Cap Fund,2022-09-15,130.8477
125497,SBI Small Cap Fund - Direct Plan - Growth,SBI Mutual Fund,Equity Scheme - Small Cap Fund,2022-09-16,128.0029
125497,SBI Small Cap Fund - Direct Plan - Growth,SBI Mutual Fund,Equity Scheme - Small Cap Fund,2022-09-19,127.8166
125497,SBI Small Cap Fund - Direct Plan - Growth,SBI Mutual Fund,Equity Scheme - Small Cap Fund,2022-09-20,128.8983
125497,SBI Small Cap Fund - Direct Plan - Growth,SBI Mutual Fund,Equity Scheme - Small Cap Fund,2022-09-21,128.623
125497,SBI Small Cap Fund - Direct Plan - Growth,SBI Mutual Fund,Equity Scheme - Small Cap Fund,2022-09-22,128.606
125497,SBI Small Cap Fund - Direct Plan - Growth,SBI Mutual Fund,Equity Scheme - Small Cap Fund,2022-09-23,126.9671
125497,SBI Small Cap Fund - Direct Plan - Growth,SBI Mutual Fund,Equity Scheme - Small Cap Fund,2022-09-26,123.8437
125497,SBI Small Cap Fund - Direct Plan - Growth,SBI Mutual Fund,Equity Scheme - Small Cap Fund,2022-09-27,124.6406
125497,SBI Small Cap Fund - Direct Plan - Growth,SBI Mutual Fund,Equity Scheme - Small Cap Fund,2022-09-28,124.4319
125497,SBI Small Cap Fund - Direct Plan - Growth,SBI Mutual Fund,Equity Scheme - Small Cap Fund,2022-09-29,125.2023
125497,SBI Small Cap Fund - Direct Plan - Growth,SBI Mutual Fund,Equity Scheme - Small Cap Fund,2022-09-30,126.7384
125497,SBI Small Cap Fund - Direct Plan - Growth,SBI Mutual Fund,Equity Scheme - Small Cap Fund,2022-10-03,127.1351
125497,SBI Small Cap Fund - Direct Plan - Growth,SBI Mutual Fund,Equity Scheme - Small Cap Fund,2022-10-04,128.2436
125497,SBI Small Cap Fund - Direct Plan - Growth,SBI Mutual Fund,Equity Scheme - Small Cap Fund,2022-10-06,128.8844
125497,SBI Small Cap Fund - Direct Plan - Growth,SBI Mutual Fund,Equity Scheme - Small Cap Fund,2022-10-07,129.3889
125497,SBI Small Cap Fund - Direct Plan - Growth,SBI Mutual Fund,Equity Scheme - Small Cap Fund,2022-10-10,128.2879
125497,SBI Small Cap Fund - Direct Plan - Growth,SBI Mutual Fund,Equity Scheme - Small Cap Fund,2022-10-11,127.5503
125497,SBI Small Cap Fund - Direct Plan - Growth,SBI Mutual Fund,Equity Scheme - Small Cap Fund,2022-10-12,127.8117
125497,SBI Small Cap Fund - Direct Plan - Growth,SBI Mutual Fund,Equity Scheme - Small Cap Fund,2022-10-13,127.0832
125497,SBI Small Cap Fund - Direct Plan - Growth,SBI Mutual Fund,Equity Scheme - Small Cap Fund,2022-10-14,127.3371
125497,SBI Small Cap Fund - Direct Plan - Growth,SBI Mutual Fund,Equity Scheme - Small Cap Fund,2022-10-17,127.4936
125497,SBI Small Cap Fund - Direct Plan - Growth,SBI Mutual Fund,Equity Scheme - Small Cap Fund,2022-10-18,128.0846
125497,SBI Small Cap Fund - Direct Plan - Growth,SBI Mutual Fund,Equity Scheme - Small Cap Fund,2022-10-19,128.6649
125497,SBI Small Cap Fund - Direct Plan - Growth,SBI Mutual Fund,Equity Scheme - Small Cap Fund,2022-10-20,128.7159
125497,SBI Small Cap Fund - Direct Plan - Growth,SBI Mutual Fund,Equity Scheme - Small Cap Fund,2022-10-21,127.685
125497,SBI Small Cap Fund - Direct Plan - Growth,SBI Mutual Fund,Equity Scheme - Small Cap Fund,2022-10-25,128.1443
125497,SBI Small Cap Fund - Direct Plan - Growth,SBI Mutual Fund,Equity Scheme - Small Cap Fund,2022-10-27,128.5742
125497,SBI Small Cap Fund - Direct Plan - Growth,SBI Mutual Fund,Equity Scheme - Small Cap Fund,2022-10-28,127.8495
125497,SBI Small Cap Fund - Direct Plan - Growth,SBI Mutual Fund,Equity Scheme - Small Cap Fund,2022-10-31,127.6411
125497,SBI Small Cap Fund - Direct Plan - Growth,SBI Mutual Fund,Equity Scheme - Small Cap Fund,2022-11-01,127.8603
125497,SBI Small Cap Fund - Direct Plan - Growth,SBI Mutual Fund,Equity Scheme - Small Cap Fund,2022-11-02,128.4568
125497,SBI Small Cap Fund - Direct Plan - Growth,SBI Mutual Fund,Equity Scheme - Small Cap Fund,2022-11-03,128.4345
125497,SBI Small Cap Fund - Direct Plan - Growth,SBI Mutual Fund,Equity Scheme - Small Cap Fund,2022-11-04,128.615
125497,SBI Small Cap Fund - Direct Plan - Growth,SBI Mutual Fund,Equity Scheme - Small Cap Fund,2022-11-07,128.9903
125497,SBI Small Cap Fund - Direct Plan - Growth,SBI Mutual Fund,Equity Scheme - Small Cap Fund,2022-11-09,128.443
125497,SBI Small Cap Fund - Direct Plan - Growth,SBI Mutual Fund,Equity Scheme - Small Cap Fund,2022-11-10,127.722
125497,SBI Small Cap Fund - Direct Plan - Growth,SBI Mutual Fund,Equity Scheme - Small Cap Fund,2022-11-11,127.747
125497,SBI Small Cap Fund - Direct Plan - Growth,SBI Mutual Fund,Equity Scheme - Small Cap Fund,2022-11-14,127.4932
125497,SBI Small Cap Fund - Direct Plan - Growth,SBI Mutual Fund,Equity Scheme - Small Cap Fund,2022-11-15,127.4028
125497,SBI Small Cap Fund - Direct Plan - Growth,SBI Mutual Fund,Equity Scheme - Small Cap Fund,2022-11-16,128.1135
125497,SBI Small Cap Fund - Direct Plan - Growth,SBI Mutual Fund,Equity Scheme - Small Cap Fund,2022-11-17,128.0744
125497,SBI Small Cap Fund - Direct Plan - Growth,SBI Mutual Fund,Equity Scheme - Small Cap Fund,2022-11-18,127.4022
125497,SBI Small Cap Fund - Direct Plan - Growth,SBI Mutual Fund,Equity Scheme - Small Cap Fund,2022-11-21,127.6535
125497,SBI Small Cap Fund - Direct Plan - Growth,SBI Mutual Fund,Equity Scheme - Small Cap Fund,2022-11-22,127.4269
125497,SBI Small Cap Fund - Direct Plan - Growth,SBI Mutual Fund,Equity Scheme - Small Cap Fund,2022-11-23,127.7493
125497,SBI Small Cap Fund - Direct Plan - Growth,SBI Mutual Fund,Equity Scheme - Small Cap Fund,2022-11-24,128.2567
125497,SBI Small Cap Fund - Direct Plan - Growth,SBI Mutual Fund,Equity Scheme - Small Cap Fund,2022-11-25,128.5562
125497,SBI Small Cap Fund - Direct Plan - Growth,SBI Mutual Fund,Equity Scheme - Small Cap Fund,2022-11-28,129.0166
125497,SBI Small Cap Fund - Direct Plan - Growth,SBI Mutual Fund,Equity Scheme - Small Cap Fund,2022-11-29,128.544
125497,SBI Small Cap Fund - Direct Plan - Growth,SBI Mutual Fund,Equity Scheme - Small Cap Fund,2022-11-30,129.5097
125497,SBI Small Cap Fund - Direct Plan - Growth,SBI Mutual Fund,Equity Scheme - Small Cap Fund,2022-12-01,130.2758
125497,SBI Small Cap Fund - Direct Plan - Growth,SBI Mutual Fund,Equity Scheme - Small Cap Fund,2022-12-02,130.6855
125497,SBI Small Cap Fund - Direct Plan - Growth,SBI Mutual Fund,Equity Scheme - Small Cap Fund,2022-12-05,131.0408
125497,SBI Small Cap Fund - Direct Plan - Growth,SBI Mutual Fund,Equity Scheme - Small Cap Fund,2022-12-06,130.9286
125497,SBI Small Cap Fund - Direct Plan - Growth,SBI Mutual Fund,Equity Scheme - Small Cap Fund,2022-12-07,130.6184
125497,SBI Small Cap Fund - Direct Plan - Growth,SBI Mutual Fund,Equity Scheme - Small Cap Fund,2022-12-08,131.3288
125497,SBI Small Cap Fund - Direct Plan - Growth,SBI Mutual Fund,Equity Scheme - Small Cap Fund,2022-12-09,130.5903
125497,SBI Small Cap Fund - Direct Plan - Growth,SBI Mutual Fund,Equity Scheme - Small Cap Fund,2022-12-12,130.6256
125497,SBI Small Cap Fund - Direct Plan - Growth,SBI Mutual Fund,Equity Scheme - Small Cap Fund,2022-12-13,131.0784
125497,SBI Small Cap Fund - Direct Plan - Growth,SBI Mutual Fund,Equity Scheme - Small Cap Fund,2022-12-14,131.9951
125497,SBI Small Cap Fund - Direct Plan - Growth,SBI Mutual Fund,Equity Scheme - Small Cap Fund,2022-12-15,130.9591
125497,SBI Small Cap Fund - Direct Plan - Growth,SBI Mutual Fund,Equity Scheme - Small Cap Fund,2022-12-16,129.8891
125497,SBI Small Cap Fund - Direct Plan - Growth,SBI Mutual Fund,Equity Scheme - Small Cap Fund,2022-12-19,129.9222
125497,SBI Small Cap Fund - Direct Plan - Growth,SBI Mutual Fund,Equity Scheme - Small Cap Fund,2022-12-20,130.2814
125497,SBI Small Cap Fund - Direct Plan - Growth,SBI Mutual Fund,Equity Scheme - Small Cap Fund,2022-12-21,128.1564
125497,SBI Small Cap Fund - Direct Plan - Growth,SBI Mutual Fund,Equity Scheme - Small Cap Fund,2022-12-22,125.9663
125497,SBI Small Cap Fund - Direct Plan - Growth,SBI Mutual Fund,Equity Scheme - Small Cap Fund,2022-12-23,122.5751
125497,SBI Small Cap Fund - Direct Plan - Growth,SBI Mutual Fund,Equity Scheme - Small Cap Fund,2022-12-26,125.3049
125497,SBI Small Cap Fund - Direct Plan - Growth,SBI Mutual Fund,Equity Scheme - Small Cap Fund,2022-12-27,126.32
125497,SBI Small Cap Fund - Direct Plan - Growth,SBI Mutual Fund,Equity Scheme - Small Cap Fund,2022-12-28,126.6449
125497,SBI Small Cap Fund - Direct Plan - Growth,SBI Mutual Fund,Equity Scheme - Small Cap Fund,2022-12-29,127.0211
125497,SBI Small Cap Fund - Direct Plan - Growth,SBI Mutual Fund,Equity Scheme - Small Cap Fund,2022-12-30,127.3348
125497,SBI Small Cap Fund - Direct Plan - Growth,SBI Mutual Fund,Equity Scheme - Small Cap Fund,2023-01-02,127.8404
125497,SBI Small Cap Fund - Direct Plan - Growth,SBI Mutual Fund,Equity Scheme - Small Cap Fund,2023-01-03,127.7046
125497,SBI Small Cap Fund - Direct Plan - Growth,SBI Mutual Fund,Equity Scheme - Small Cap Fund,2023-01-04,126.7266
125497,SBI Small Cap Fund - Direct Plan - Growth,SBI Mutual Fund,Equity Scheme - Small Cap Fund,2023-01-05,126.7327
125497,SBI Small Cap Fund - Direct Plan - Growth,SBI Mutual Fund,Equity Scheme - Small Cap Fund,2023-01-06,125.7185
125497,SBI Small Cap Fund - Direct Plan - Growth,SBI Mutual Fund,Equity Scheme - Small Cap Fund,2023-01-09,126.4462
125497,SBI Small Cap Fund - Direct Plan - Growth,SBI Mutual Fund,Equity Scheme - Small Cap Fund,2023-01-10,125.8004
125497,SBI Small Cap Fund - Direct Plan - Growth,SBI Mutual Fund,Equity Scheme - Small Cap Fund,2023-01-11,125.908
125497,SBI Small Cap Fund - Direct Plan - Growth,SBI Mutual Fund,Equity Scheme - Small Cap Fund,2023-01-12,126.1964
125497,SBI Small Cap Fund - Direct Plan - Growth,SBI Mutual Fund,Equity Scheme - Small Cap Fund,2023-01-13,126.0588
125497,SBI Small Cap Fund - Direct Plan - Growth,SBI Mutual Fund,Equity Scheme - Small Cap Fund,2023-01-16,125.9832
125497,SBI Small Cap Fund - Direct Plan - Growth,SBI Mutual Fund,Equity Scheme - Small Cap Fund,2023-01-17,125.8074
125497,SBI Small Cap Fund - Direct Plan - Growth,SBI Mutual Fund,Equity Scheme - Small Cap Fund,2023-01-18,125.7186
125497,SBI Small Cap Fund - Direct Plan - Growth,SBI Mutual Fund,Equity Scheme - Small Cap Fund,2023-01-19,125.5433
125497,SBI Small Cap Fund - Direct Plan - Growth,SBI Mutual Fund,Equity Scheme - Small Cap Fund,2023-01-20,124.805
125497,SBI Small Cap Fund - Direct Plan - Growth,SBI Mutual Fund,Equity Scheme - Small Cap Fund,2023-01-23,124.425
125497,SBI Small Cap Fund - Direct Plan - Growth,SBI Mutual Fund,Equity Scheme - Small Cap Fund,2023-01-24,124.1328
125497,SBI Small Cap Fund - Direct Plan - Growth,SBI Mutual Fund,Equity Scheme - Small Cap Fund,2023-01-25,123.7522
125497,SBI Small Cap Fund - Direct Plan - Growth,SBI Mutual Fund,Equity Scheme - Small Cap Fund,2023-01-27,122.6962
125497,SBI Small Cap Fund - Direct Plan - Growth,SBI Mutual Fund,Equity Scheme - Small Cap Fund,2023-01-30,122.3633
125497,SBI Small Cap Fund - Direct Plan - Growth,SBI Mutual Fund,Equity Scheme - Small Cap Fund,2023-01-31,124.3138
125497,SBI Small Cap Fund - Direct Plan - Growth,SBI Mutual Fund,Equity Scheme - Small Cap Fund,2023-02-01,123.4784
125497,SBI Small Cap Fund - Direct Plan - Growth,SBI Mutual Fund,Equity Scheme - Small Cap Fund,2023-02-02,124.0083
125497,SBI Small Cap Fund - Direct Plan - Growth,SBI Mutual Fund,Equity Scheme - Small Cap Fund,2023-02-03,124.2907
125497,SBI Small Cap Fund - Direct Plan - Growth,SBI Mutual Fund,Equity Scheme - Small Cap Fund,2023-02-06,123.9921
125497,SBI Small Cap Fund - Direct Plan - Growth,SBI Mutual Fund,Equity Scheme - Small Cap Fund,2023-02-07,124.4182
125497,SBI Small Cap Fund - Direct Plan - Growth,SBI Mutual Fund,Equity Scheme - Small Cap Fund,2023-02-08,125.1117
125497,SBI Small Cap Fund - Direct Plan - Growth,SBI Mutual Fund,Equity Scheme - Small Cap Fund,2023-02-09,124.7379
125497,SBI Small Cap Fund - Direct Plan - Growth,SBI Mutual Fund,Equity Scheme - Small Cap Fund,2023-02-10,125.1702
125497,SBI Small Cap Fund - Direct Plan - Growth,SBI Mutual Fund,Equity Scheme - Small Cap Fund,2023-02-13,124.4056
125497,SBI Small Cap Fund - Direct Plan - Growth,SBI Mutual Fund,Equity Scheme - Small Cap Fund,2023-02-14,124.0916
125497,SBI Small Cap Fund - Direct Plan - Growth,SBI Mutual Fund,Equity Scheme - Small Cap Fund,2023-02-15,124.4506
125497,SBI Small Cap Fund - Direct Plan - Growth,SBI Mutual Fund,Equity Scheme - Small Cap Fund,2023-02-16,124.9714
125497,SBI Small Cap Fund - Direct Plan - Growth,SBI Mutual Fund,Equity Scheme - Small Cap Fund,2023-02-17,125.1119
125497,SBI Small Cap Fund - Direct Plan - Growth,SBI Mutual Fund,Equity Scheme - Small Cap Fund,2023-02-20,124.9814
125497,SBI Small Cap Fund - Direct Plan - Growth,SBI Mutual Fund,Equity Scheme - Small Cap Fund,2023-02-21,124.5172
125497,SBI Small Cap Fund - Direct Plan - Growth,SBI Mutual Fund,Equity Scheme - Small Cap Fund,2023-02-22,123.392
125497,SBI Small Cap Fund - Direct Plan - Growth,SBI Mutual Fund,Equity Scheme - Small Cap Fund,2023-02-23,123.0513
125497,SBI Small Cap Fund - Direct Plan - Growth,SBI Mutual Fund,Equity Scheme - Small Cap Fund,2023-02-24,123.1777
125497,SBI Small Cap Fund - Direct Plan - Growth,SBI Mutual Fund,Equity Scheme - Small Cap Fund,2023-02-27,122.0552
125497,SBI Small Cap Fund - Direct Plan - Growth,SBI Mutual Fund,Equity Scheme - Small Cap Fund,2023-02-28,122.8701
125497,SBI Small Cap Fund - Direct Plan - Growth,SBI Mutual Fund,Equity Scheme - Small Cap Fund,2023-03-01,123.665
125497,SBI Small Cap Fund - Direct Plan - Growth,SBI Mutual Fund,Equity Scheme - Small Cap Fund,2023-03-02,123.3993
125497,SBI Small Cap Fund - Direct Plan - Growth,SBI Mutual Fund,Equity Scheme - Small Cap Fund,2023-03-03,123.9481
125497,SBI Small Cap Fund - Direct Plan - Growth,SBI Mutual Fund,Equity Scheme - Small Cap Fund,2023-03-06,124.8339
125497,SBI Small Cap Fund - Direct Plan - Growth,SBI Mutual Fund,Equity Scheme - Small Cap Fund,2023-03-08,124.7469
125497,SBI Small Cap Fund - Direct Plan - Growth,SBI Mutual Fund,Equity Scheme - Small Cap Fund,2023-03-09,124.5502
125497,SBI Small Cap Fund - Direct Plan - Growth,SBI Mutual Fund,Equity Scheme - Small Cap Fund,2023-03-10,124.211
125497,SBI Small Cap Fund - Direct Plan - Growth,SBI Mutual Fund,Equity Scheme - Small Cap Fund,2023-03-13,122.7771
125497,SBI Small Cap Fund - Direct Plan - Growth,SBI Mutual Fund,Equity Scheme - Small Cap Fund,2023-03-14,121.7529
125497,SBI Small Cap Fund - Direct Plan - Growth,SBI Mutual Fund,Equity Scheme - Small Cap Fund,2023-03-15,121.8605
125497,SBI Small Cap Fund - Direct Plan - Growth,SBI Mutual Fund,Equity Scheme - Small Cap Fund,2023-03-16,120.9417
125497,SBI Small Cap Fund - Direct Plan - Growth,SBI Mutual Fund,Equity Scheme - Small Cap Fund,2023-03-17,121.446
125497,SBI Small Cap Fund - Direct Plan - Growth,SBI Mutual Fund,Equity Scheme - Small Cap Fund,2023-03-20,120.3344
125497,SBI Small Cap Fund - Direct Plan - Growth,SBI Mutual Fund,Equity Scheme - Small Cap Fund,2023-03-21,120.9953
125497,SBI Small Cap Fund - Direct Plan - Growth,SBI Mutual Fund,Equity Scheme - Small Cap Fund,2023-03-22,121.4156
125497,SBI Small Cap Fund - Direct Plan - Growth,SBI Mutual Fund,Equity Scheme - Small Cap Fund,2023-03-23,121.7065
125497,SBI Small Cap Fund - Direct Plan - Growth,SBI Mutual Fund,Equity Scheme - Small Cap Fund,2023-03-24,120.2745
125497,SBI Small Cap Fund - Direct Plan - Growth,SBI Mutual Fund,Equity Scheme - Small Cap Fund,2023-03-27,119.383
125497,SBI Small Cap Fund - Direct Plan - Growth,SBI Mutual Fund,Equity Scheme - Small Cap Fund,2023-03-28,118.3058
125497,SBI Small Cap Fund - Direct Plan - Growth,SBI Mutual Fund,Equity Scheme - Small Cap Fund,2023-03-29,120.0371
125497,SBI Small Cap Fund - Direct Plan - Growth,SBI Mutual Fund,Equity Scheme - Small Cap Fund,2023-03-31,121.7144
125497,SBI Small Cap Fund - Direct Plan - Growth,SBI Mutual Fund,Equity Scheme - Small Cap Fund,2023-04-03,122.1271
125497,SBI Small Cap Fund - Direct Plan - Growth,SBI Mutual Fund,Equity Scheme - Small Cap Fund,2023-04-05,122.6212
125497,SBI Small Cap Fund - Direct Plan - Growth,SBI Mutual Fund,Equity Scheme - Small Cap Fund,2023-04-06,122.7811
125497,SBI Small Cap Fund - Direct Plan - Growth,SBI Mutual Fund,Equity Scheme - Small Cap Fund,2023-04-10,122.9416
125497,SBI Small Cap Fund - Direct Plan - Growth,SBI Mutual Fund,Equity Scheme - Small Cap Fund,2023-04-11,123.2215
125497,SBI Small Cap Fund - Direct Plan - Growth,SBI Mutual Fund,Equity Scheme - Small Cap Fund,2023-04-12,123.6808
125497,SBI Small Cap Fund - Direct Plan - Growth,SBI Mutual Fund,Equity Scheme - Small Cap Fund,2023-04-13,123.9911
125497,SBI Small Cap Fund - Direct Plan - Growth,SBI Mutual Fund,Equity Scheme - Small Cap Fund,2023-04-17,124.2728
125497,SBI Small Cap Fund - Direct Plan - Growth,SBI Mutual Fund,Equity Scheme - Small Cap Fund,2023-04-18,124.3244
125497,SBI Small Cap Fund - Direct Plan - Growth,SBI Mutual Fund,Equity Scheme - Small Cap Fund,2023-04-19,124.6246
125497,SBI Small Cap Fund - Direct Plan - Growth,SBI Mutual Fund,Equity Scheme - Small Cap Fund,2023-04-20,125.3792
125497,SBI Small Cap Fund - Direct Plan - Growth,SBI Mutual Fund,Equity Scheme - Small Cap Fund,2023-04-21,125.2284
125497,SBI Small Cap Fund - Direct Plan - Growth,SBI Mutual Fund,Equity Scheme - Small Cap Fund,2023-04-24,125.372
125497,SBI Small Cap Fund - Direct Plan - Growth,SBI Mutual Fund,Equity Scheme - Small Cap Fund,2023-04-25,125.3949
125497,SBI Small Cap Fund - Direct Plan - Growth,SBI Mutual Fund,Equity Scheme - Small Cap Fund,2023-04-26,125.8618
125497,SBI Small Cap Fund - Direct Plan - Growth,SBI Mutual Fund,Equity Scheme - Small Cap Fund,2023-04-27,126.338
125497,SBI Small Cap Fund - Direct Plan - Growth,SBI Mutual Fund,Equity Scheme - Small Cap Fund,2023-04-28,127.1712
125497,SBI Small Cap Fund - Direct Plan - Growth,SBI Mutual Fund,Equity Scheme - Small Cap Fund,2023-05-02,127.3545
125497,SBI Small Cap Fund - Direct Plan - Growth,SBI Mutual Fund,Equity Scheme - Small Cap Fund,2023-05-03,127.493
125497,SBI Small Cap Fund - Direct Plan - Growth,SBI Mutual Fund,Equity Scheme - Small Cap Fund,2023-05-04,128.1846
125497,SBI Small Cap Fund - Direct Plan - Growth,SBI Mutual Fund,Equity Scheme - Small Cap Fund,2023-05-05,127.7371
125497,SBI Small Cap Fund - Direct Plan - Growth,SBI Mutual Fund,Equity Scheme - Small Cap Fund,2023-05-08,128.9877
125497,SBI Small Cap Fund - Direct Plan - Growth,SBI Mutual Fund,Equity Scheme - Small Cap Fund,2023-05-09,128.8274
125497,SBI Small Cap Fund - Direct Plan - Growth,SBI Mutual Fund,Equity Scheme - Small Cap Fund,2023-05-10,129.4546
125497,SBI Small Cap Fund - Direct Plan - Growth,SBI Mutual Fund,Equity Scheme - Small Cap Fund,2023-05-11,130.2851
125497,SBI Small Cap Fund - Direct Plan - Growth,SBI Mutual Fund,Equity Scheme - Small Cap Fund,2023-05-12,130.1433
125497,SBI Small Cap Fund - Direct Plan - Growth,SBI Mutual Fund,Equity Scheme - Small Cap Fund,2023-05-15,130.5259
125497,SBI Small Cap Fund - Direct Plan - Growth,SBI Mutual Fund,Equity Scheme - Small Cap Fund,2023-05-16,130.8127
125497,SBI Small Cap Fund - Direct Plan - Growth,SBI Mutual Fund,Equity Scheme - Small Cap Fund,2023-05-17,130.5682
125497,SBI Small Cap Fund - Direct Plan - Growth,SBI Mutual Fund,Equity Scheme - Small Cap Fund,2023-05-18,130.6447
125497,SBI Small Cap Fund - Direct Plan - Growth,SBI Mutual Fund,Equity Scheme - Small Cap Fund,2023-05-19,130.2383
125497,SBI Small Cap Fund - Direct Plan - Growth,SBI Mutual Fund,Equity Scheme - Small Cap Fund,2023-05-22,131.1264
125497,SBI Small Cap Fund - Direct Plan - Growth,SBI Mutual Fund,Equity Scheme - Small Cap Fund,2023-05-23,130.87
125497,SBI Small Cap Fund - Direct Plan - Growth,SBI Mutual Fund,Equity Scheme - Small Cap Fund,2023-05-24,130.9864
125497,SBI Small Cap Fund - Direct Plan - Growth,SBI Mutual Fund,Equity Scheme - Small Cap Fund,2023-05-25,131.1635
125497,SBI Small Cap Fund - Direct Plan - Growth,SBI Mutual Fund,Equity Scheme - Small Cap Fund,2023-05-26,131.5821
125497,SBI Small Cap Fund - Direct Plan - Growth,SBI Mutual Fund,Equity Scheme - Small Cap Fund,2023-05-29,131.7139
125497,SBI Small Cap Fund - Direct Plan - Growth,SBI Mutual Fund,Equity Scheme - Small Cap Fund,2023-05-30,131.9012
125497,SBI Small Cap Fund - Direct Plan - Growth,SBI Mutual Fund,Equity Scheme - Small Cap Fund,2023-05-31,132.2913
125497,SBI Small Cap Fund - Direct Plan - Growth,SBI Mutual Fund,Equity Scheme - Small Cap Fund,2023-06-01,132.3341
125497,SBI Small Cap Fund - Direct Plan - Growth,SBI Mutual Fund,Equity Scheme - Small Cap Fund,2023-06-02,132.614
125497,SBI Small Cap Fund - Direct Plan - Growth,SBI Mutual Fund,Equity Scheme - Small Cap Fund,2023-06-05,133.1177
125497,SBI Small Cap Fund - Direct Plan - Growth,SBI Mutual Fund,Equity Scheme - Small Cap Fund,2023-06-06,133.5734
125497,SBI Small Cap Fund - Direct Plan - Growth,SBI Mutual Fund,Equity Scheme - Small Cap Fund,2023-06-07,134.9855
125497,SBI Small Cap Fund - Direct Plan - Growth,SBI Mutual Fund,Equity Scheme - Small Cap Fund,2023-06-08,134.5646
125497,SBI Small Cap Fund - Direct Plan - Growth,SBI Mutual Fund,Equity Scheme - Small Cap Fund,2023-06-09,134.1118
125497,SBI Small Cap Fund - Direct Plan - Growth,SBI Mutual Fund,Equity Scheme - Small Cap Fund,2023-06-12,134.7018
125497,SBI Small Cap Fund - Direct Plan - Growth,SBI Mutual Fund,Equity Scheme - Small Cap Fund,2023-06-13,135.9844
125497,SBI Small Cap Fund - Direct Plan - Growth,SBI Mutual Fund,Equity Scheme - Small Cap Fund,2023-06-14,136.5423
125497,SBI Small Cap Fund - Direct Plan - Growth,SBI Mutual Fund,Equity Scheme - Small Cap Fund,2023-06-15,136.6775
125497,SBI Small Cap Fund - Direct Plan - Growth,SBI Mutual Fund,Equity Scheme - Small Cap Fund,2023-06-16,137.2618
125497,SBI Small Cap Fund - Direct Plan - Growth,SBI Mutual Fund,Equity Scheme - Small Cap Fund,2023-06-19,137.0258
125497,SBI Small Cap Fund - Direct Plan - Growth,SBI Mutual Fund,Equity Scheme - Small Cap Fund,2023-06-20,137.3878
125497,SBI Small Cap Fund - Direct Plan - Growth,SBI Mutual Fund,Equity Scheme - Small Cap Fund,2023-06-21,137.8518
125497,SBI Small Cap Fund - Direct Plan - Growth,SBI Mutual Fund,Equity Scheme - Small Cap Fund,2023-06-22,137.2514
125497,SBI Small Cap Fund - Direct Plan - Growth,SBI Mutual Fund,Equity Scheme - Small Cap Fund,2023-06-23,136.3524
125497,SBI Small Cap Fund - Direct Plan - Growth,SBI Mutual Fund,Equity Scheme - Small Cap Fund,2023-06-26,137.1738
125497,SBI Small Cap Fund - Direct Plan - Growth,SBI Mutual Fund,Equity Scheme - Small Cap Fund,2023-06-27,137.5173
125497,SBI Small Cap Fund - Direct Plan - Growth,SBI Mutual Fund,Equity Scheme - Small Cap Fund,2023-06-28,137.561
125497,SBI Small Cap Fund - Direct Plan - Growth,SBI Mutual Fund,Equity Scheme - Small Cap Fund,2023-06-30,138.0883
125497,SBI Small Cap Fund - Direct Plan - Growth,SBI Mutual Fund,Equity Scheme - Small Cap Fund,2023-07-03,138.6742
125497,SBI Small Cap Fund - Direct Plan - Growth,SBI Mutual Fund,Equity Scheme - Small Cap Fund,2023-07-04,138.2876
125497,SBI Small Cap Fund - Direct Plan - Growth,SBI Mutual Fund,Equity Scheme - Small Cap Fund,2023-07-05,138.9579
125497,SBI Small Cap Fund - Direct Plan - Growth,SBI Mutual Fund,Equity Scheme - Small Cap Fund,2023-07-06,139.6278
125497,SBI Small Cap Fund - Direct Plan - Growth,SBI Mutual Fund,Equity Scheme - Small Cap Fund,2023-07-07,139.5112
125497,SBI Small Cap Fund - Direct Plan - Growth,SBI Mutual Fund,Equity Scheme - Small Cap Fund,2023-07-10,139.4743
125497,SBI Small Cap Fund - Direct Plan - Growth,SBI Mutual Fund,Equity Scheme - Small Cap Fund,2023-07-11,139.9054
125497,SBI Small Cap Fund - Direct Plan - Growth,SBI Mutual Fund,Equity Scheme - Small Cap Fund,2023-07-12,140.8036
125497,SBI Small Cap Fund - Direct Plan - Growth,SBI Mutual Fund,Equity Scheme - Small Cap Fund,2023-07-13,140.3448
125497,SBI Small Cap Fund - Direct Plan - Growth,SBI Mutual Fund,Equity Scheme - Small Cap Fund,2023-07-14,141.0983
125497,SBI Small Cap Fund - Direct Plan - Growth,SBI Mutual Fund,Equity Scheme - Small Cap Fund,2023-07-17,142.205
125497,SBI Small Cap Fund - Direct Plan - Growth,SBI Mutual Fund,Equity Scheme - Small Cap Fund,2023-07-18,141.8948
125497,SBI Small Cap Fund - Direct Plan - Growth,SBI Mutual Fund,Equity Scheme - Small Cap Fund,2023-07-19,142.4317
125497,SBI Small Cap Fund - Direct Plan - Growth,SBI Mutual Fund,Equity Scheme - Small Cap Fund,2023-07-20,143.0615
125497,SBI Small Cap Fund - Direct Plan - Growth,SBI Mutual Fund,Equity Scheme - Small Cap Fund,2023-07-21,142.8064
125497,SBI Small Cap Fund - Direct Plan - Growth,SBI Mutual Fund,Equity Scheme - Small Cap Fund,2023-07-24,143.1832
125497,SBI Small Cap Fund - Direct Plan - Growth,SBI Mutual Fund,Equity Scheme - Small Cap Fund,2023-07-25,143.1863
125497,SBI Small Cap Fund - Direct Plan - Growth,SBI Mutual Fund,Equity Scheme - Small Cap Fund,2023-07-26,143.6188
125497,SBI Small Cap Fund - Direct Plan - Growth,SBI Mutual Fund,Equity Scheme - Small Cap Fund,2023-07-27,143.8359
125497,SBI Small Cap Fund - Direct Plan - Growth,SBI Mutual Fund,Equity Scheme - Small Cap Fund,2023-07-28,144.5824
125497,SBI Small Cap Fund - Direct Plan - Growth,SBI Mutual Fund,Equity Scheme - Small Cap Fund,2023-07-31,146.1582
125497,SBI Small Cap Fund - Direct Plan - Growth,SBI Mutual Fund,Equity Scheme - Small Cap Fund,2023-08-01,146.7457
125497,SBI Small Cap Fund - Direct Plan - Growth,SBI Mutual Fund,Equity Scheme - Small Cap Fund,2023-08-02,145.4234
125497,SBI Small Cap Fund - Direct Plan - Growth,SBI Mutual Fund,Equity Scheme - Small Cap Fund,2023-08-03,145.0795
125497,SBI Small Cap Fund - Direct Plan - Growth,SBI Mutual Fund,Equity Scheme - Small Cap Fund,2023-08-04,145.7129
125497,SBI Small Cap Fund - Direct Plan - Growth,SBI Mutual Fund,Equity Scheme - Small Cap Fund,2023-08-07,145.7272
125497,SBI Small Cap Fund - Direct Plan - Growth,SBI Mutual Fund,Equity Scheme - Small Cap Fund,2023-08-08,145.5002
125497,SBI Small Cap Fund - Direct Plan - Growth,SBI Mutual Fund,Equity Scheme - Small Cap Fund,2023-08-09,146.3293
125497,SBI Small Cap Fund - Direct Plan - Growth,SBI Mutual Fund,Equity Scheme - Small Cap Fund,2023-08-10,145.4723
125497,SBI Small Cap Fund - Direct Plan - Growth,SBI Mutual Fund,Equity Scheme - Small Cap Fund,2023-08-11,145.5881
125497,SBI Small Cap Fund - Direct Plan - Growth,SBI Mutual Fund,Equity Scheme - Small Cap Fund,2023-08-14,145.3391
125497,SBI Small Cap Fund - Direct Plan - Growth,SBI Mutual Fund,Equity Scheme - Small Cap Fund,2023-08-16,145.847
125497,SBI Small Cap Fund - Direct Plan - Growth,SBI Mutual Fund,Equity Scheme - Small Cap Fund,2023-08-17,145.501
125497,SBI Small Cap Fund - Direct Plan - Growth,SBI Mutual Fund,Equity Scheme - Small Cap Fund,2023-08-18,145.4976
125497,SBI Small Cap Fund - Direct Plan - Growth,SBI Mutual Fund,Equity Scheme - Small Cap Fund,2023-08-21,145.9692
125497,SBI Small Cap Fund - Direct Plan - Growth,SBI Mutual Fund,Equity Scheme - Small Cap Fund,2023-08-22,147.4207
125497,SBI Small Cap Fund - Direct Plan - Growth,SBI Mutual Fund,Equity Scheme - Small Cap Fund,2023-08-23,147.6666
125497,SBI Small Cap Fund - Direct Plan - Growth,SBI Mutual Fund,Equity Scheme - Small Cap Fund,2023-08-24,147.6233
125497,SBI Small Cap Fund - Direct Plan - Growth,SBI Mutual Fund,Equity Scheme - Small Cap Fund,2023-08-25,147.0885
125497,SBI Small Cap Fund - Direct Plan - Growth,SBI Mutual Fund,Equity Scheme - Small Cap Fund,2023-08-28,148.1074
125497,SBI Small Cap Fund - Direct Plan - Growth,SBI Mutual Fund,Equity Scheme - Small Cap Fund,2023-08-29,148.5692
125497,SBI Small Cap Fund - Direct Plan - Growth,SBI Mutual Fund,Equity Scheme - Small Cap Fund,2023-08-30,149.2884
125497,SBI Small Cap Fund - Direct Plan - Growth,SBI Mutual Fund,Equity Scheme - Small Cap Fund,2023-08-31,150.2306
125497,SBI Small Cap Fund - Direct Plan - Growth,SBI Mutual Fund,Equity Scheme - Small Cap Fund,2023-09-01,150.4126
125497,SBI Small Cap Fund - Direct Plan - Growth,SBI Mutual Fund,Equity Scheme - Small Cap Fund,2023-09-04,151.5748
125497,SBI Small Cap Fund - Direct Plan - Growth,SBI Mutual Fund,Equity Scheme - Small Cap Fund,2023-09-05,151.7655
125497,SBI Small Cap Fund - Direct Plan - Growth,SBI Mutual Fund,Equity Scheme - Small Cap Fund,2023-09-06,151.6147
125497,SBI Small Cap Fund - Direct Plan - Growth,SBI Mutual Fund,Equity Scheme - Small Cap Fund,2023-09-07,153.151
125497,SBI Small Cap Fund - Direct Plan - Growth,SBI Mutual Fund,Equity Scheme - Small Cap Fund,2023-09-08,153.8431
125497,SBI Small Cap Fund - Direct Plan - Growth,SBI Mutual Fund,Equity Scheme - Small Cap Fund,2023-09-11,154.9908
125497,SBI Small Cap Fund - Direct Plan - Growth,SBI Mutual Fund,Equity Scheme - Small Cap Fund,2023-09-12,151.6583
125497,SBI Small Cap Fund - Direct Plan - Growth,SBI Mutual Fund,Equity Scheme - Small Cap Fund,2023-09-13,151.9055
125497,SBI Small Cap Fund - Direct Plan - Growth,SBI Mutual Fund,Equity Scheme - Small Cap Fund,2023-09-14,153.1389
125497,SBI Small Cap Fund - Direct Plan - Growth,SBI Mutual Fund,Equity Scheme - Small Cap Fund,2023-09-15,153.193
125497,SBI Small Cap Fund - Direct Plan - Growth,SBI Mutual Fund,Equity Scheme - Small Cap Fund,2023-09-18,152.7061
125497,SBI Small Cap Fund - Direct Plan - Growth,SBI Mutual Fund,Equity Scheme - Small Cap Fund,2023-09-20,152.9313
125497,SBI Small Cap Fund - Direct Plan - Growth,SBI Mutual Fund,Equity Scheme - Small Cap Fund,2023-09-21,150.8272
125497,SBI Small Cap Fund - Direct Plan - Growth,SBI Mutual Fund,Equity Scheme - Small Cap Fund,2023-09-22,151.2597
125497,SBI Small Cap Fund - Direct Plan - Growth,SBI Mutual Fund,Equity Scheme - Small Cap Fund,2023-09-25,151.1966
125497,SBI Small Cap Fund - Direct Plan - Growth,SBI Mutual Fund,Equity Scheme - Small Cap Fund,2023-09-26,151.1526
125497,SBI Small Cap Fund - Direct Plan - Growth,SBI Mutual Fund,Equity Scheme - Small Cap Fund,2023-09-27,151.7553
125497,SBI Small Cap Fund - Direct Plan - Growth,SBI Mutual Fund,Equity Scheme - Small Cap Fund,2023-09-29,151.2497
125497,SBI Small Cap Fund - Direct Plan - Growth,SBI Mutual Fund,Equity Scheme - Small Cap Fund,2023-10-03,151.7295
125497,SBI Small Cap Fund - Direct Plan - Growth,SBI Mutual Fund,Equity Scheme - Small Cap Fund,2023-10-04,150.848
125497,SBI Small Cap Fund - Direct Plan - Growth,SBI Mutual Fund,Equity Scheme - Small Cap Fund,2023-10-05,151.0584
125497,SBI Small Cap Fund - Direct Plan - Growth,SBI Mutual Fund,Equity Scheme - Small Cap Fund,2023-10-06,151.72
125497,SBI Small Cap Fund - Direct Plan - Growth,SBI Mutual Fund,Equity Scheme - Small Cap Fund,2023-10-09,149.6845
125497,SBI Small Cap Fund - Direct Plan - Growth,SBI Mutual Fund,Equity Scheme - Small Cap Fund,2023-10-10,150.8563
125497,SBI Small Cap Fund - Direct Plan - Growth,SBI Mutual Fund,Equity Scheme - Small Cap Fund,2023-10-11,151.7229
125497,SBI Small Cap Fund - Direct Plan - Growth,SBI Mutual Fund,Equity Scheme - Small Cap Fund,2023-10-12,152.0191
125497,SBI Small Cap Fund - Direct Plan - Growth,SBI Mutual Fund,Equity Scheme - Small Cap Fund,2023-10-13,151.9922
125497,SBI Small Cap Fund - Direct Plan - Growth,SBI Mutual Fund,Equity Scheme - Small Cap Fund,2023-10-16,152.9747
125497,SBI Small Cap Fund - Direct Plan - Growth,SBI Mutual Fund,Equity Scheme - Small Cap Fund,2023-10-17,153.4866
125497,SBI Small Cap Fund - Direct Plan - Growth,SBI Mutual Fund,Equity Scheme - Small Cap Fund,2023-10-18,153.6252
125497,SBI Small Cap Fund - Direct Plan - Growth,SBI Mutual Fund,Equity Scheme - Small Cap Fund,2023-10-19,153.637
125497,SBI Small Cap Fund - Direct Plan - Growth,SBI Mutual Fund,Equity Scheme - Small Cap Fund,2023-10-20,152.8916
125497,SBI Small Cap Fund - Direct Plan - Growth,SBI Mutual Fund,Equity Scheme - Small Cap Fund,2023-10-23,148.0186
125497,SBI Small Cap Fund - Direct Plan - Growth,SBI Mutual Fund,Equity Scheme - Small Cap Fund,2023-10-25,146.7862
125497,SBI Small Cap Fund - Direct Plan - Growth,SBI Mutual Fund,Equity Scheme - Small Cap Fund,2023-10-26,145.453
125497,SBI Small Cap Fund - Direct Plan - Growth,SBI Mutual Fund,Equity Scheme - Small Cap Fund,2023-10-27,147.2793
125497,SBI Small Cap Fund - Direct Plan - Growth,SBI Mutual Fund,Equity Scheme - Small Cap Fund,2023-10-30,147.1974
125497,SBI Small Cap Fund - Direct Plan - Growth,SBI Mutual Fund,Equity Scheme - Small Cap Fund,2023-10-31,147.5626
125497,SBI Small Cap Fund - Direct Plan - Growth,SBI Mutual Fund,Equity Scheme - Small Cap Fund,2023-11-01,147.1546
125497,SBI Small Cap Fund - Direct Plan - Growth,SBI Mutual Fund,Equity Scheme - Small Cap Fund,2023-11-02,147.8192
125497,SBI Small Cap Fund - Direct Plan - Growth,SBI Mutual Fund,Equity Scheme - Small Cap Fund,2023-11-03,148.7205
125497,SBI Small Cap Fund - Direct Plan - Growth,SBI Mutual Fund,Equity Scheme - Small Cap Fund,2023-11-06,149.592
125497,SBI Small Cap Fund - Direct Plan - Growth,SBI Mutual Fund,Equity Scheme - Small Cap Fund,2023-11-07,150.0494
125497,SBI Small Cap Fund - Direct Plan - Growth,SBI Mutual Fund,Equity Scheme - Small Cap Fund,2023-11-08,150.5331
125497,SBI Small Cap Fund - Direct Plan - Growth,SBI Mutual Fund,Equity Scheme - Small Cap Fund,2023-11-09,150.3998
125497,SBI Small Cap Fund - Direct Plan - Growth,SBI Mutual Fund,Equity Scheme - Small Cap Fund,2023-11-10,150.5781
125497,SBI Small Cap Fund - Direct Plan - Growth,SBI Mutual Fund,Equity Scheme - Small Cap Fund,2023-11-13,151.314
125497,SBI Small Cap Fund - Direct Plan - Growth,SBI Mutual Fund,Equity Scheme - Small Cap Fund,2023-11-15,152.7398
125497,SBI Small Cap Fund - Direct Plan - Growth,SBI Mutual Fund,Equity Scheme - Small Cap Fund,2023-11-16,152.8377
125497,SBI Small Cap Fund - Direct Plan - Growth,SBI Mutual Fund,Equity Scheme - Small Cap Fund,2023-11-17,153.408
125497,SBI Small Cap Fund - Direct Plan - Growth,SBI Mutual Fund,Equity Scheme - Small Cap Fund,2023-11-20,153.9873
125497,SBI Small Cap Fund - Direct Plan - Growth,SBI Mutual Fund,Equity Scheme - Small Cap Fund,2023-11-21,154.9701
125497,SBI Small Cap Fund - Direct Plan - Growth,SBI Mutual Fund,Equity Scheme - Small Cap Fund,2023-11-22,154.4341
125497,SBI Small Cap Fund - Direct Plan - Growth,SBI Mutual Fund,Equity Scheme - Small Cap Fund,2023-11-23,154.3926
125497,SBI Small Cap Fund - Direct Plan - Growth,SBI Mutual Fund,Equity Scheme - Small Cap Fund,2023-11-24,154.683
125497,SBI Small Cap Fund - Direct Plan - Growth,SBI Mutual Fund,Equity Scheme - Small Cap Fund,2023-11-28,155.6451
125497,SBI Small Cap Fund - Direct Plan - Growth,SBI Mutual Fund,Equity Scheme - Small Cap Fund,2023-11-29,155.7105
125497,SBI Small Cap Fund - Direct Plan - Growth,SBI Mutual Fund,Equity Scheme - Small Cap Fund,2023-11-30,157.4314
125497,SBI Small Cap Fund - Direct Plan - Growth,SBI Mutual Fund,Equity Scheme - Small Cap Fund,2023-12-01,157.4176
125497,SBI Small Cap Fund - Direct Plan - Growth,SBI Mutual Fund,Equity Scheme - Small Cap Fund,2023-12-04,158.8101
125497,SBI Small Cap Fund - Direct Plan - Growth,SBI Mutual Fund,Equity Scheme - Small Cap Fund,2023-12-05,159.5041
125497,SBI Small Cap Fund - Direct Plan - Growth,SBI Mutual Fund,Equity Scheme - Small Cap Fund,2023-12-06,159.4849
125497,SBI Small Cap Fund - Direct Plan - Growth,SBI Mutual Fund,Equity Scheme - Small Cap Fund,2023-12-07,159.9568
125497,SBI Small Cap Fund - Direct Plan - Growth,SBI Mutual Fund,Equity Scheme - Small Cap Fund,2023-12-08,159.5553
125497,SBI Small Cap Fund - Direct Plan - Growth,SBI Mutual Fund,Equity Scheme - Small Cap Fund,2023-12-11,159.7954
125497,SBI Small Cap Fund - Direct Plan - Growth,SBI Mutual Fund,Equity Scheme - Small Cap Fund,2023-12-12,159.4436
125497,SBI Small Cap Fund - Direct Plan - Growth,SBI Mutual Fund,Equity Scheme - Small Cap Fund,2023-12-13,159.9402
125497,SBI Small Cap Fund - Direct Plan - Growth,SBI Mutual Fund,Equity Scheme - Small Cap Fund,2023-12-14,161.0609
125497,SBI Small Cap Fund - Direct Plan - Growth,SBI Mutual Fund,Equity Scheme - Small Cap Fund,2023-12-15,161.5428
125497,SBI Small Cap Fund - Direct Plan - Growth,SBI Mutual Fund,Equity Scheme - Small Cap Fund,2023-12-18,161.4356
125497,SBI Small Cap Fund - Direct Plan - Growth,SBI Mutual Fund,Equity Scheme - Small Cap Fund,2023-12-19,161.0618
125497,SBI Small Cap Fund - Direct Plan - Growth,SBI Mutual Fund,Equity Scheme - Small Cap Fund,2023-12-20,157.127
125497,SBI Small Cap Fund - Direct Plan - Growth,SBI Mutual Fund,Equity Scheme - Small Cap Fund,2023-12-21,158.6327
125497,SBI Small Cap Fund - Direct Plan - Growth,SBI Mutual Fund,Equity Scheme - Small Cap Fund,2023-12-22,159.2023
125497,SBI Small Cap Fund - Direct Plan - Growth,SBI Mutual Fund,Equity Scheme - Small Cap Fund,2023-12-26,159.3241
125497,SBI Small Cap Fund - Direct Plan - Growth,SBI Mutual Fund,Equity Scheme - Small Cap Fund,2023-12-27,159.8029
125497,SBI Small Cap Fund - Direct Plan - Growth,SBI Mutual Fund,Equity Scheme - Small Cap Fund,2023-12-28,159.9625
125497,SBI Small Cap Fund - Direct Plan - Growth,SBI Mutual Fund,Equity Scheme - Small Cap Fund,2023-12-29,161.2357
125497,SBI Small Cap Fund - Direct Plan - Growth,SBI Mutual Fund,Equity Scheme - Small Cap Fund,2024-01-01,161.4272
125497,SBI Small Cap Fund - Direct Plan - Growth,SBI Mutual Fund,Equity Scheme - Small Cap Fund,2024-01-02,162.0646
125497,SBI Small Cap Fund - Direct Plan - Growth,SBI Mutual Fund,Equity Scheme - Small Cap Fund,2024-01-03,162.106
125497,SBI Small Cap Fund - Direct Plan - Growth,SBI Mutual Fund,Equity Scheme - Small Cap Fund,2024-01-04,162.7609
125497,SBI Small Cap Fund - Direct Plan - Growth,SBI Mutual Fund,Equity Scheme - Small Cap Fund,2024-01-05,163.7499
125497,SBI Small Cap Fund - Direct Plan - Growth,SBI Mutual Fund,Equity Scheme - Small Cap Fund,2024-01-08,162.5916
125497,SBI Small Cap Fund - Direct Plan - Growth,SBI Mutual Fund,Equity Scheme - Small Cap Fund,2024-01-09,162.8311
125497,SBI Small Cap Fund - Direct Plan - Growth,SBI Mutual Fund,Equity Scheme - Small Cap Fund,2024-01-10,162.7562
125497,SBI Small Cap Fund - Direct Plan - Growth,SBI Mutual Fund,Equity Scheme - Small Cap Fund,2024-01-11,163.7165
125497,SBI Small Cap Fund - Direct Plan - Growth,SBI Mutual Fund,Equity Scheme - Small Cap Fund,2024-01-12,164.2106
125497,SBI Small Cap Fund - Direct Plan - Growth,SBI Mutual Fund,Equity Scheme - Small Cap Fund,2024-01-15,165.0183
125497,SBI Small Cap Fund - Direct Plan - Growth,SBI Mutual Fund,Equity Scheme - Small Cap Fund,2024-01-16,164.4321
125497,SBI Small Cap Fund - Direct Plan - Growth,SBI Mutual Fund,Equity Scheme - Small Cap Fund,2024-01-17,162.9031
125497,SBI Small Cap Fund - Direct Plan - Growth,SBI Mutual Fund,Equity Scheme - Small Cap Fund,2024-01-18,162.2609
125497,SBI Small Cap Fund - Direct Plan - Growth,SBI Mutual Fund,Equity Scheme - Small Cap Fund,2024-01-19,162.8323
125497,SBI Small Cap Fund - Direct Plan - Growth,SBI Mutual Fund,Equity Scheme - Small Cap Fund,2024-01-23,161.1305
125497,SBI Small Cap Fund - Direct Plan - Growth,SBI Mutual Fund,Equity Scheme - Small Cap Fund,2024-01-24,162.9044
125497,SBI Small Cap Fund - Direct Plan - Growth,SBI Mutual Fund,Equity Scheme - Small Cap Fund,2024-01-25,163.0642
125497,SBI Small Cap Fund - Direct Plan - Growth,SBI Mutual Fund,Equity Scheme - Small Cap Fund,2024-01-29,164.243
125497,SBI Small Cap Fund - Direct Plan - Growth,SBI Mutual Fund,Equity Scheme - Small Cap Fund,2024-01-30,163.8854
125497,SBI Small Cap Fund - Direct Plan - Growth,SBI Mutual Fund,Equity Scheme - Small Cap Fund,2024-01-31,167.0853
125497,SBI Small Cap Fund - Direct Plan - Growth,SBI Mutual Fund,Equity Scheme - Small Cap Fund,2024-02-01,166.5191
125497,SBI Small Cap Fund - Direct Plan - Growth,SBI Mutual Fund,Equity Scheme - Small Cap Fund,2024-02-02,166.8172
125497,SBI Small Cap Fund - Direct Plan - Growth,SBI Mutual Fund,Equity Scheme - Small Cap Fund,2024-02-05,165.8049
125497,SBI Small Cap Fund - Direct Plan - Growth,SBI Mutual Fund,Equity Scheme - Small Cap Fund,2024-02-06,168.0277
125497,SBI Small Cap Fund - Direct Plan - Growth,SBI Mutual Fund,Equity Scheme - Small Cap Fund,2024-02-07,168.7067
125497,SBI Small Cap Fund - Direct Plan - Growth,SBI Mutual Fund,Equity Scheme - Small Cap Fund,2024-02-08,168.6894
125497,SBI Small Cap Fund - Direct Plan - Growth,SBI Mutual Fund,Equity Scheme - Small Cap Fund,2024-02-09,168.0813
125497,SBI Small Cap Fund - Direct Plan - Growth,SBI Mutual Fund,Equity Scheme - Small Cap Fund,2024-02-12,165.3607
125497,SBI Small Cap Fund - Direct Plan - Growth,SBI Mutual Fund,Equity Scheme - Small Cap Fund,2024-02-13,166.3553
125497,SBI Small Cap Fund - Direct Plan - Growth,SBI Mutual Fund,Equity Scheme - Small Cap Fund,2024-02-14,168.0551
125497,SBI Small Cap Fund - Direct Plan - Growth,SBI Mutual Fund,Equity Scheme - Small Cap Fund,2024-02-15,168.783
125497,SBI Small Cap Fund - Direct Plan - Growth,SBI Mutual Fund,Equity Scheme - Small Cap Fund,2024-02-16,169.6879
125497,SBI Small Cap Fund - Direct Plan - Growth,SBI Mutual Fund,Equity Scheme - Small Cap Fund,2024-02-19,169.6421
125497,SBI Small Cap Fund - Direct Plan - Growth,SBI Mutual Fund,Equity Scheme - Small Cap Fund,2024-02-20,169.7975
125497,SBI Small Cap Fund - Direct Plan - Growth,SBI Mutual Fund,Equity Scheme - Small Cap Fund,2024-02-21,169.2609
125497,SBI Small Cap Fund - Direct Plan - Growth,SBI Mutual Fund,Equity Scheme - Small Cap Fund,2024-02-22,169.453
125497,SBI Small Cap Fund - Direct Plan - Growth,SBI Mutual Fund,Equity Scheme - Small Cap Fund,2024-02-23,170.7513
125497,SBI Small Cap Fund - Direct Plan - Growth,SBI Mutual Fund,Equity Scheme - Small Cap Fund,2024-02-26,170.7723
125497,SBI Small Cap Fund - Direct Plan - Growth,SBI Mutual Fund,Equity Scheme - Small Cap Fund,2024-02-27,171.1506
125497,SBI Small Cap Fund - Direct Plan - Growth,SBI Mutual Fund,Equity Scheme - Small Cap Fund,2024-02-28,169.6781
125497,SBI Small Cap Fund - Direct Plan - Growth,SBI Mutual Fund,Equity Scheme - Small Cap Fund,2024-02-29,169.9634
125497,SBI Small Cap Fund - Direct Plan - Growth,SBI Mutual Fund,Equity Scheme - Small Cap Fund,2024-03-01,171.3862
125497,SBI Small Cap Fund - Direct Plan - Growth,SBI Mutual Fund,Equity Scheme - Small Cap Fund,2024-03-04,172.0116
125497,SBI Small Cap Fund - Direct Plan - Growth,SBI Mutual Fund,Equity Scheme - Small Cap Fund,2024-03-05,171.4449
125497,SBI Small Cap Fund - Direct Plan - Growth,SBI Mutual Fund,Equity Scheme - Small Cap Fund,2024-03-06,168.7803
125497,SBI Small Cap Fund - Direct Plan - Growth,SBI Mutual Fund,Equity Scheme - Small Cap Fund,2024-03-07,169.9846
125497,SBI Small Cap Fund - Direct Plan - Growth,SBI Mutual Fund,Equity Scheme - Small Cap Fund,2024-03-11,168.4794
125497,SBI Small Cap Fund - Direct Plan - Growth,SBI Mutual Fund,Equity Scheme - Small Cap Fund,2024-03-12,166.2062
125497,SBI Small Cap Fund - Direct Plan - Growth,SBI Mutual Fund,Equity Scheme - Small Cap Fund,2024-03-13,160.5835
125497,SBI Small Cap Fund - Direct Plan - Growth,SBI Mutual Fund,Equity Scheme - Small Cap Fund,2024-03-14,162.5619
125497,SBI Small Cap Fund - Direct Plan - Growth,SBI Mutual Fund,Equity Scheme - Small Cap Fund,2024-03-15,162.6157
125497,SBI Small Cap Fund - Direct Plan - Growth,SBI Mutual Fund,Equity Scheme - Small Cap Fund,2024-03-18,163.1055
125497,SBI Small Cap Fund - Direct Plan - Growth,SBI Mutual Fund,Equity Scheme - Small Cap Fund,2024-03-19,162.3885
125497,SBI Small Cap Fund - Direct Plan - Growth,SBI Mutual Fund,Equity Scheme - Small Cap Fund,2024-03-20,162.0769
125497,SBI Small Cap Fund - Direct Plan - Growth,SBI Mutual Fund,Equity Scheme - Small Cap Fund,2024-03-21,165.0148
125497,SBI Small Cap Fund - Direct Plan - Growth,SBI Mutual Fund,Equity Scheme - Small Cap Fund,2024-03-22,166.5897
125497,SBI Small Cap Fund - Direct Plan - Growth,SBI Mutual Fund,Equity Scheme - Small Cap Fund,2024-03-26,166.3844
125497,SBI Small Cap Fund - Direct Plan - Growth,SBI Mutual Fund,Equity Scheme - Small Cap Fund,2024-03-27,167.1819
125497,SBI Small Cap Fund - Direct Plan - Growth,SBI Mutual Fund,Equity Scheme - Small Cap Fund,2024-03-28,167.8139
125497,SBI Small Cap Fund - Direct Plan - Growth,SBI Mutual Fund,Equity Scheme - Small Cap Fund,2024-03-31,167.8136
125497,SBI Small Cap Fund - Direct Plan - Growth,SBI Mutual Fund,Equity Scheme - Small Cap Fund,2024-04-01,171.3184
125497,SBI Small Cap Fund - Direct Plan - Growth,SBI Mutual Fund,Equity Scheme - Small Cap Fund,2024-04-02,172.3272
125497,SBI Small Cap Fund - Direct Plan - Growth,SBI Mutual Fund,Equity Scheme - Small Cap Fund,2024-04-03,173.6926
125497,SBI Small Cap Fund - Direct Plan - Growth,SBI Mutual Fund,Equity Scheme - Small Cap Fund,2024-04-04,174.6364
125497,SBI Small Cap Fund - Direct Plan - Growth,SBI Mutual Fund,Equity Scheme - Small Cap Fund,2024-04-05,175.3538
125497,SBI Small Cap Fund - Direct Plan - Growth,SBI Mutual Fund,Equity Scheme - Small Cap Fund,2024-04-08,175.5646
125497,SBI Small Cap Fund - Direct Plan - Growth,SBI Mutual Fund,Equity Scheme - Small Cap Fund,2024-04-09,175.3061
125497,SBI Small Cap Fund - Direct Plan - Growth,SBI Mutual Fund,Equity Scheme - Small Cap Fund,2024-04-10,176.9202
125497,SBI Small Cap Fund - Direct Plan - Growth,SBI Mutual Fund,Equity Scheme - Small Cap Fund,2024-04-12,175.8047
125497,SBI Small Cap Fund - Direct Plan - Growth,SBI Mutual Fund,Equity Scheme - Small Cap Fund,2024-04-15,174.1554
125497,SBI Small Cap Fund - Direct Plan - Growth,SBI Mutual Fund,Equity Scheme - Small Cap Fund,2024-04-16,174.6419
125497,SBI Small Cap Fund - Direct Plan - Growth,SBI Mutual Fund,Equity Scheme - Small Cap Fund,2024-04-18,174.7465
125497,SBI Small Cap Fund - Direct Plan - Growth,SBI Mutual Fund,Equity Scheme - Small Cap Fund,2024-04-19,175.6445
125497,SBI Small Cap Fund - Direct Plan - Growth,SBI Mutual Fund,Equity Scheme - Small Cap Fund,2024-04-22,177.2586
125497,SBI Small Cap Fund - Direct Plan - Growth,SBI Mutual Fund,Equity Scheme - Small Cap Fund,2024-04-23,178.2084
125497,SBI Small Cap Fund - Direct Plan - Growth,SBI Mutual Fund,Equity Scheme - Small Cap Fund,2024-04-24,179.5328
125497,SBI Small Cap Fund - Direct Plan - Growth,SBI Mutual Fund,Equity Scheme - Small Cap Fund,2024-04-25,180.4345
125497,SBI Small Cap Fund - Direct Plan - Growth,SBI Mutual Fund,Equity Scheme - Small Cap Fund,2024-04-26,180.425
125497,SBI Small Cap Fund - Direct Plan - Growth,SBI Mutual Fund,Equity Scheme - Small Cap Fund,2024-04-29,181.053
125497,SBI Small Cap Fund - Direct Plan - Growth,SBI Mutual Fund,Equity Scheme - Small Cap Fund,2024-04-30,181.4347
125497,SBI Small Cap Fund - Direct Plan - Growth,SBI Mutual Fund,Equity Scheme - Small Cap Fund,2024-05-02,181.828
125497,SBI Small Cap Fund - Direct Plan - Growth,SBI Mutual Fund,Equity Scheme - Small Cap Fund,2024-05-03,180.5829
125497,SBI Small Cap Fund - Direct Plan - Growth,SBI Mutual Fund,Equity Scheme - Small Cap Fund,2024-05-06,179.8196
125497,SBI Small Cap Fund - Direct Plan - Growth,SBI Mutual Fund,Equity Scheme - Small Cap Fund,2024-05-07,178.2565
125497,SBI Small Cap Fund - Direct Plan - Growth,SBI Mutual Fund,Equity Scheme - Small Cap Fund,2024-05-08,179.0846
125497,SBI Small Cap Fund - Direct Plan - Growth,SBI Mutual Fund,Equity Scheme - Small Cap Fund,2024-05-09,174.9782
125497,SBI Small Cap Fund - Direct Plan - Growth,SBI Mutual Fund,Equity Scheme - Small Cap Fund,2024-05-10,175.7796
125497,SBI Small Cap Fund - Direct Plan - Growth,SBI Mutual Fund,Equity Scheme - Small Cap Fund,2024-05-13,175.8048
125497,SBI Small Cap Fund - Direct Plan - Growth,SBI Mutual Fund,Equity Scheme - Small Cap Fund,2024-05-14,177.7655
125497,SBI Small Cap Fund - Direct Plan - Growth,SBI Mutual Fund,Equity Scheme - Small Cap Fund,2024-05-15,179.5407
125497,SBI Small Cap Fund - Direct Plan - Growth,SBI Mutual Fund,Equity Scheme - Small Cap Fund,2024-05-16,181.9138
125497,SBI Small Cap Fund - Direct Plan - Growth,SBI Mutual Fund,Equity Scheme - Small Cap Fund,2024-05-17,183.6697
125497,SBI Small Cap Fund - Direct Plan - Growth,SBI Mutual Fund,Equity Scheme - Small Cap Fund,2024-05-21,184.7749
125497,SBI Small Cap Fund - Direct Plan - Growth,SBI Mutual Fund,Equity Scheme - Small Cap Fund,2024-05-22,185.1718
125497,SBI Small Cap Fund - Direct Plan - Growth,SBI Mutual Fund,Equity Scheme - Small Cap Fund,2024-05-23,184.8647
125497,SBI Small Cap Fund - Direct Plan - Growth,SBI Mutual Fund,Equity Scheme - Small Cap Fund,2024-05-24,184.2296
125497,SBI Small Cap Fund - Direct Plan - Growth,SBI Mutual Fund,Equity Scheme - Small Cap Fund,2024-05-27,183.9672
125497,SBI Small Cap Fund - Direct Plan - Growth,SBI Mutual Fund,Equity Scheme - Small Cap Fund,2024-05-28,183.2963
125497,SBI Small Cap Fund - Direct Plan - Growth,SBI Mutual Fund,Equity Scheme - Small Cap Fund,2024-05-29,183.9199
125497,SBI Small Cap Fund - Direct Plan - Growth,SBI Mutual Fund,Equity Scheme - Small Cap Fund,2024-05-30,181.9907
125497,SBI Small Cap Fund - Direct Plan - Growth,SBI Mutual Fund,Equity Scheme - Small Cap Fund,2024-05-31,183.555
125497,SBI Small Cap Fund - Direct Plan - Growth,SBI Mutual Fund,Equity Scheme - Small Cap Fund,2024-06-03,186.9155
125497,SBI Small Cap Fund - Direct Plan - Growth,SBI Mutual Fund,Equity Scheme - Small Cap Fund,2024-06-04,178.3591
125497,SBI Small Cap Fund - Direct Plan - Growth,SBI Mutual Fund,Equity Scheme - Small Cap Fund,2024-06-05,183.0496
125497,SBI Small Cap Fund - Direct Plan - Growth,SBI Mutual Fund,Equity Scheme - Small Cap Fund,2024-06-06,186.5083
125497,SBI Small Cap Fund - Direct Plan - Growth,SBI Mutual Fund,Equity Scheme - Small Cap Fund,2024-06-07,189.5698
125497,SBI Small Cap Fund - Direct Plan - Growth,SBI Mutual Fund,Equity Scheme - Small Cap Fund,2024-06-10,192.3518
125497,SBI Small Cap Fund - Direct Plan - Growth,SBI Mutual Fund,Equity Scheme - Small Cap Fund,2024-06-11,193.7358
125497,SBI Small Cap Fund - Direct Plan - Growth,SBI Mutual Fund,Equity Scheme - Small Cap Fund,2024-06-12,195.4415
125497,SBI Small Cap Fund - Direct Plan - Growth,SBI Mutual Fund,Equity Scheme - Small Cap Fund,2024-06-13,196.4383
125497,SBI Small Cap Fund - Direct Plan - Growth,SBI Mutual Fund,Equity Scheme - Small Cap Fund,2024-06-14,198.1281
125497,SBI Small Cap Fund - Direct Plan - Growth,SBI Mutual Fund,Equity Scheme - Small Cap Fund,2024-06-18,198.2516
125497,SBI Small Cap Fund - Direct Plan - Growth,SBI Mutual Fund,Equity Scheme - Small Cap Fund,2024-06-19,197.8645
125497,SBI Small Cap Fund - Direct Plan - Growth,SBI Mutual Fund,Equity Scheme - Small Cap Fund,2024-06-20,198.7321
125497,SBI Small Cap Fund - Direct Plan - Growth,SBI Mutual Fund,Equity Scheme - Small Cap Fund,2024-06-21,198.8453
125497,SBI Small Cap Fund - Direct Plan - Growth,SBI Mutual Fund,Equity Scheme - Small Cap Fund,2024-06-24,198.9645
125497,SBI Small Cap Fund - Direct Plan - Growth,SBI Mutual Fund,Equity Scheme - Small Cap Fund,2024-06-25,199.2888
125497,SBI Small Cap Fund - Direct Plan - Growth,SBI Mutual Fund,Equity Scheme - Small Cap Fund,2024-06-26,198.6826
125497,SBI Small Cap Fund - Direct Plan - Growth,SBI Mutual Fund,Equity Scheme - Small Cap Fund,2024-06-27,197.541
125497,SBI Small Cap Fund - Direct Plan - Growth,SBI Mutual Fund,Equity Scheme - Small Cap Fund,2024-06-28,197.8746
125497,SBI Small Cap Fund - Direct Plan - Growth,SBI Mutual Fund,Equity Scheme - Small Cap Fund,2024-06-30,197.8755
125497,SBI Small Cap Fund - Direct Plan - Growth,SBI Mutual Fund,Equity Scheme - Small Cap Fund,2024-07-01,200.4556
125497,SBI Small Cap Fund - Direct Plan - Growth,SBI Mutual Fund,Equity Scheme - Small Cap Fund,2024-07-02,200.5912
125497,SBI Small Cap Fund - Direct Plan - Growth,SBI Mutual Fund,Equity Scheme - Small Cap Fund,2024-07-03,202.9049
125497,SBI Small Cap Fund - Direct Plan - Growth,SBI Mutual Fund,Equity Scheme - Small Cap Fund,2024-07-04,203.5723
125497,SBI Small Cap Fund - Direct Plan - Growth,SBI Mutual Fund,Equity Scheme - Small Cap Fund,2024-07-05,204.8921
125497,SBI Small Cap Fund - Direct Plan - Growth,SBI Mutual Fund,Equity Scheme - Small Cap Fund,2024-07-08,203.9505
125497,SBI Small Cap Fund - Direct Plan - Growth,SBI Mutual Fund,Equity Scheme - Small Cap Fund,2024-07-09,204.7434
125497,SBI Small Cap Fund - Direct Plan - Growth,SBI Mutual Fund,Equity Scheme - Small Cap Fund,2024-07-10,204.005
125497,SBI Small Cap Fund - Direct Plan - Growth,SBI Mutual Fund,Equity Scheme - Small Cap Fund,2024-07-11,205.3326
125497,SBI Small Cap Fund - Direct Plan - Growth,SBI Mutual Fund,Equity Scheme - Small Cap Fund,2024-07-12,204.3766
125497,SBI Small Cap Fund - Direct Plan - Growth,SBI Mutual Fund,Equity Scheme - Small Cap Fund,2024-07-15,204.2651
125497,SBI Small Cap Fund - Direct Plan - Growth,SBI Mutual Fund,Equity Scheme - Small Cap Fund,2024-07-16,204.6439
125497,SBI Small Cap Fund - Direct Plan - Growth,SBI Mutual Fund,Equity Scheme - Small Cap Fund,2024-07-18,203.6047
125497,SBI Small Cap Fund - Direct Plan - Growth,SBI Mutual Fund,Equity Scheme - Small Cap Fund,2024-07-19,200.7347
125497,SBI Small Cap Fund - Direct Plan - Growth,SBI Mutual Fund,Equity Scheme - Small Cap Fund,2024-07-22,202.0355
125497,SBI Small Cap Fund - Direct Plan - Growth,SBI Mutual Fund,Equity Scheme - Small Cap Fund,2024-07-23,201.7018
125497,SBI Small Cap Fund - Direct Plan - Growth,SBI Mutual Fund,Equity Scheme - Small Cap Fund,2024-07-24,204.4677
125497,SBI Small Cap Fund - Direct Plan - Growth,SBI Mutual Fund,Equity Scheme - Small Cap Fund,2024-07-25,203.7419
125497,SBI Small Cap Fund - Direct Plan - Growth,SBI Mutual Fund,Equity Scheme - Small Cap Fund,2024-07-26,205.4205
125497,SBI Small Cap Fund - Direct Plan - Growth,SBI Mutual Fund,Equity Scheme - Small Cap Fund,2024-07-29,208.2548
125497,SBI Small Cap Fund - Direct Plan - Growth,SBI Mutual Fund,Equity Scheme - Small Cap Fund,2024-07-30,208.6912
125497,SBI Small Cap Fund - Direct Plan - Growth,SBI Mutual Fund,Equity Scheme - Small Cap Fund,2024-07-31,208.4358
125497,SBI Small Cap Fund - Direct Plan - Growth,SBI Mutual Fund,Equity Scheme - Small Cap Fund,2024-08-01,207.8403
125497,SBI Small Cap Fund - Direct Plan - Growth,SBI Mutual Fund,Equity Scheme - Small Cap Fund,2024-08-02,206.2035
125497,SBI Small Cap Fund - Direct Plan - Growth,SBI Mutual Fund,Equity Scheme - Small Cap Fund,2024-08-05,199.5619
125497,SBI Small Cap Fund - Direct Plan - Growth,SBI Mutual Fund,Equity Scheme - Small Cap Fund,2024-08-06,199.0114
125497,SBI Small Cap Fund - Direct Plan - Growth,SBI Mutual Fund,Equity Scheme - Small Cap Fund,2024-08-07,202.0034
125497,SBI Small Cap Fund - Direct Plan - Growth,SBI Mutual Fund,Equity Scheme - Small Cap Fund,2024-08-08,201.0925
125497,SBI Small Cap Fund - Direct Plan - Growth,SBI Mutual Fund,Equity Scheme - Small Cap Fund,2024-08-09,201.5699
125497,SBI Small Cap Fund - Direct Plan - Growth,SBI Mutual Fund,Equity Scheme - Small Cap Fund,2024-08-12,202.1742
125497,SBI Small Cap Fund - Direct Plan - Growth,SBI Mutual Fund,Equity Scheme - Small Cap Fund,2024-08-13,201.6101
125497,SBI Small Cap Fund - Direct Plan - Growth,SBI Mutual Fund,Equity Scheme - Small Cap Fund,2024-08-14,200.5532
125497,SBI Small Cap Fund - Direct Plan - Growth,SBI Mutual Fund,Equity Scheme - Small Cap Fund,2024-08-16,202.8471
125497,SBI Small Cap Fund - Direct Plan - Growth,SBI Mutual Fund,Equity Scheme - Small Cap Fund,2024-08-19,204.1016
125497,SBI Small Cap Fund - Direct Plan - Growth,SBI Mutual Fund,Equity Scheme - Small Cap Fund,2024-08-20,204.2778
125497,SBI Small Cap Fund - Direct Plan - Growth,SBI Mutual Fund,Equity Scheme - Small Cap Fund,2024-08-21,205.6904
125497,SBI Small Cap Fund - Direct Plan - Growth,SBI Mutual Fund,Equity Scheme - Small Cap Fund,2024-08-22,206.1419
125497,SBI Small Cap Fund - Direct Plan - Growth,SBI Mutual Fund,Equity Scheme - Small Cap Fund,2024-08-23,206.3889
125497,SBI Small Cap Fund - Direct Plan - Growth,SBI Mutual Fund,Equity Scheme - Small Cap Fund,2024-08-26,206.7864
125497,SBI Small Cap Fund - Direct Plan - Growth,SBI Mutual Fund,Equity Scheme - Small Cap Fund,2024-08-27,207.4904
125497,SBI Small Cap Fund - Direct Plan - Growth,SBI Mutual Fund,Equity Scheme - Small Cap Fund,2024-08-28,207.8987
125497,SBI Small Cap Fund - Direct Plan - Growth,SBI Mutual Fund,Equity Scheme - Small Cap Fund,2024-08-29,207.0499
125497,SBI Small Cap Fund - Direct Plan - Growth,SBI Mutual Fund,Equity Scheme - Small Cap Fund,2024-08-30,208.4168
125497,SBI Small Cap Fund - Direct Plan - Growth,SBI Mutual Fund,Equity Scheme - Small Cap Fund,2024-08-31,208.4167
125497,SBI Small Cap Fund - Direct Plan - Growth,SBI Mutual Fund,Equity Scheme - Small Cap Fund,2024-09-02,208.3113
125497,SBI Small Cap Fund - Direct Plan - Growth,SBI Mutual Fund,Equity Scheme - Small Cap Fund,2024-09-03,209.171
125497,SBI Small Cap Fund - Direct Plan - Growth,SBI Mutual Fund,Equity Scheme - Small Cap Fund,2024-09-04,208.9043
125497,SBI Small Cap Fund - Direct Plan - Growth,SBI Mutual Fund,Equity Scheme - Small Cap Fund,2024-09-05,210.0836
125497,SBI Small Cap Fund - Direct Plan - Growth,SBI Mutual Fund,Equity Scheme - Small Cap Fund,2024-09-06,209.5018
125497,SBI Small Cap Fund - Direct Plan - Growth,SBI Mutual Fund,Equity Scheme - Small Cap Fund,2024-09-09,208.709
125497,SBI Small Cap Fund - Direct Plan - Growth,SBI Mutual Fund,Equity Scheme - Small Cap Fund,2024-09-10,211.8353
125497,SBI Small Cap Fund - Direct Plan - Growth,SBI Mutual Fund,Equity Scheme - Small Cap Fund,2024-09-11,210.1111
125497,SBI Small Cap Fund - Direct Plan - Growth,SBI Mutual Fund,Equity Scheme - Small Cap Fund,2024-09-12,211.2842
125497,SBI Small Cap Fund - Direct Plan - Growth,SBI Mutual Fund,Equity Scheme - Small Cap Fund,2024-09-13,212.6824
125497,SBI Small Cap Fund - Direct Plan - Growth,SBI Mutual Fund,Equity Scheme - Small Cap Fund,2024-09-16,213.118
125497,SBI Small Cap Fund - Direct Plan - Growth,SBI Mutual Fund,Equity Scheme - Small Cap Fund,2024-09-17,212.8713
125497,SBI Small Cap Fund - Direct Plan - Growth,SBI Mutual Fund,Equity Scheme - Small Cap Fund,2024-09-18,212.1974
125497,SBI Small Cap Fund - Direct Plan - Growth,SBI Mutual Fund,Equity Scheme - Small Cap Fund,2024-09-19,211.2903
125497,SBI Small Cap Fund - Direct Plan - Growth,SBI Mutual Fund,Equity Scheme - Small Cap Fund,2024-09-20,212.0753
125497,SBI Small Cap Fund - Direct Plan - Growth,SBI Mutual Fund,Equity Scheme - Small Cap Fund,2024-09-23,213.6607
125497,SBI Small Cap Fund - Direct Plan - Growth,SBI Mutual Fund,Equity Scheme - Small Cap Fund,2024-09-24,212.9454
125497,SBI Small Cap Fund - Direct Plan - Growth,SBI Mutual Fund,Equity Scheme - Small Cap Fund,2024-09-25,213.2071
125497,SBI Small Cap Fund - Direct Plan - Growth,SBI Mutual Fund,Equity Scheme - Small Cap Fund,2024-09-26,212.393
125497,SBI Small Cap Fund - Direct Plan - Growth,SBI Mutual Fund,Equity Scheme - Small Cap Fund,2024-09-27,213.8245
125497,SBI Small Cap Fund - Direct Plan - Growth,SBI Mutual Fund,Equity Scheme - Small Cap Fund,2024-09-30,213.8541
125497,SBI Small Cap Fund - Direct Plan - Growth,SBI Mutual Fund,Equity Scheme - Small Cap Fund,2024-10-01,214.2759
125497,SBI Small Cap Fund - Direct Plan - Growth,SBI Mutual Fund,Equity Scheme - Small Cap Fund,2024-10-03,211.1073
125497,SBI Small Cap Fund - Direct Plan - Growth,SBI Mutual Fund,Equity Scheme - Small Cap Fund,2024-10-04,210.645
125497,SBI Small Cap Fund - Direct Plan - Growth,SBI Mutual Fund,Equity Scheme - Small Cap Fund,2024-10-07,205.9307
125497,SBI Small Cap Fund - Direct Plan - Growth,SBI Mutual Fund,Equity Scheme - Small Cap Fund,2024-10-08,209.7125
125497,SBI Small Cap Fund - Direct Plan - Growth,SBI Mutual Fund,Equity Scheme - Small Cap Fund,2024-10-09,211.4618
125497,SBI Small Cap Fund - Direct Plan - Growth,SBI Mutual Fund,Equity Scheme - Small Cap Fund,2024-10-10,211.2075
125497,SBI Small Cap Fund - Direct Plan - Growth,SBI Mutual Fund,Equity Scheme - Small Cap Fund,2024-10-11,211.8682
125497,SBI Small Cap Fund - Direct Plan - Growth,SBI Mutual Fund,Equity Scheme - Small Cap Fund,2024-10-14,212.7061
125497,SBI Small Cap Fund - Direct Plan - Growth,SBI Mutual Fund,Equity Scheme - Small Cap Fund,2024-10-15,214.6767
125497,SBI Small Cap Fund - Direct Plan - Growth,SBI Mutual Fund,Equity Scheme - Small Cap Fund,2024-10-16,214.6138
125497,SBI Small Cap Fund - Direct Plan - Growth,SBI Mutual Fund,Equity Scheme - Small Cap Fund,2024-10-17,212.5836
125497,SBI Small Cap Fund - Direct Plan - Growth,SBI Mutual Fund,Equity Scheme - Small Cap Fund,2024-10-18,212.4258
125497,SBI Small Cap Fund - Direct Plan - Growth,SBI Mutual Fund,Equity Scheme - Small Cap Fund,2024-10-21,209.1812
125497,SBI Small Cap Fund - Direct Plan - Growth,SBI Mutual Fund,Equity Scheme - Small Cap Fund,2024-10-22,204.119
125497,SBI Small Cap Fund - Direct Plan - Growth,SBI Mutual Fund,Equity Scheme - Small Cap Fund,2024-10-23,204.1604
125497,SBI Small Cap Fund - Direct Plan - Growth,SBI Mutual Fund,Equity Scheme - Small Cap Fund,2024-10-24,202.3794
125497,SBI Small Cap Fund - Direct Plan - Growth,SBI Mutual Fund,Equity Scheme - Small Cap Fund,2024-10-25,199.0257
125497,SBI Small Cap Fund - Direct Plan - Growth,SBI Mutual Fund,Equity Scheme - Small Cap Fund,2024-10-28,198.762
125497,SBI Small Cap Fund - Direct Plan - Growth,SBI Mutual Fund,Equity Scheme - Small Cap Fund,2024-10-29,199.6621
125497,SBI Small Cap Fund - Direct Plan - Growth,SBI Mutual Fund,Equity Scheme - Small Cap Fund,2024-10-30,201.17
125497,SBI Small Cap Fund - Direct Plan - Growth,SBI Mutual Fund,Equity Scheme - Small Cap Fund,2024-10-31,204.7065
125497,SBI Small Cap Fund - Direct Plan - Growth,SBI Mutual Fund,Equity Scheme - Small Cap Fund,2024-11-04,204.1821
125497,SBI Small Cap Fund - Direct Plan - Growth,SBI Mutual Fund,Equity Scheme - Small Cap Fund,2024-11-05,203.8845
125497,SBI Small Cap Fund - Direct Plan - Growth,SBI Mutual Fund,Equity Scheme - Small Cap Fund,2024-11-06,205.5932
125497,SBI Small Cap Fund - Direct Plan - Growth,SBI Mutual Fund,Equity Scheme - Small Cap Fund,2024-11-07,204.9185
125497,SBI Small Cap Fund - Direct Plan - Growth,SBI Mutual Fund,Equity Scheme - Small Cap Fund,2024-11-08,202.8558
125497,SBI Small Cap Fund - Direct Plan - Growth,SBI Mutual Fund,Equity Scheme - Small Cap Fund,2024-11-11,201.1783
125497,SBI Small Cap Fund - Direct Plan - Growth,SBI Mutual Fund,Equity Scheme - Small Cap Fund,2024-11-12,198.665
125497,SBI Small Cap Fund - Direct Plan - Growth,SBI Mutual Fund,Equity Scheme - Small Cap Fund,2024-11-13,194.6035
125497,SBI Small Cap Fund - Direct Plan - Growth,SBI Mutual Fund,Equity Scheme - Small Cap Fund,2024-11-14,195.8825
125497,SBI Small Cap Fund - Direct Plan - Growth,SBI Mutual Fund,Equity Scheme - Small Cap Fund,2024-11-18,194.9632
125497,SBI Small Cap Fund - Direct Plan - Growth,SBI Mutual Fund,Equity Scheme - Small Cap Fund,2024-11-19,196.9149
125497,SBI Small Cap Fund - Direct Plan - Growth,SBI Mutual Fund,Equity Scheme - Small Cap Fund,2024-11-21,196.0174
125497,SBI Small Cap Fund - Direct Plan - Growth,SBI Mutual Fund,Equity Scheme - Small Cap Fund,2024-11-22,196.9679
125497,SBI Small Cap Fund - Direct Plan - Growth,SBI Mutual Fund,Equity Scheme - Small Cap Fund,2024-11-25,201.2427
125497,SBI Small Cap Fund - Direct Plan - Growth,SBI Mutual Fund,Equity Scheme - Small Cap Fund,2024-11-26,201.5981
125497,SBI Small Cap Fund - Direct Plan - Growth,SBI Mutual Fund,Equity Scheme - Small Cap Fund,2024-11-27,202.2303
125497,SBI Small Cap Fund - Direct Plan - Growth,SBI Mutual Fund,Equity Scheme - Small Cap Fund,2024-11-28,202.2046
125497,SBI Small Cap Fund - Direct Plan - Growth,SBI Mutual Fund,Equity Scheme - Small Cap Fund,2024-11-29,203.2298
125497,SBI Small Cap Fund - Direct Plan - Growth,SBI Mutual Fund,Equity Scheme - Small Cap Fund,2024-11-30,203.2306
125497,SBI Small Cap Fund - Direct Plan - Growth,SBI Mutual Fund,Equity Scheme - Small Cap Fund,2024-12-02,203.0662
125497,SBI Small Cap Fund - Direct Plan - Growth,SBI Mutual Fund,Equity Scheme - Small Cap Fund,2024-12-03,205.6142
125497,SBI Small Cap Fund - Direct Plan - Growth,SBI Mutual Fund,Equity Scheme - Small Cap Fund,2024-12-04,206.8799
125497,SBI Small Cap Fund - Direct Plan - Growth,SBI Mutual Fund,Equity Scheme - Small Cap Fund,2024-12-05,206.9634
125497,SBI Small Cap Fund - Direct Plan - Growth,SBI Mutual Fund,Equity Scheme - Small Cap Fund,2024-12-06,207.7793
125497,SBI Small Cap Fund - Direct Plan - Growth,SBI Mutual Fund,Equity Scheme - Small Cap Fund,2024-12-09,209.1188
125497,SBI Small Cap Fund - Direct Plan - Growth,SBI Mutual Fund,Equity Scheme - Small Cap Fund,2024-12-10,210.1936
125497,SBI Small Cap Fund - Direct Plan - Growth,SBI Mutual Fund,Equity Scheme - Small Cap Fund,2024-12-11,210.4887
125497,SBI Small Cap Fund - Direct Plan - Growth,SBI Mutual Fund,Equity Scheme - Small Cap Fund,2024-12-12,209.1364
125497,SBI Small Cap Fund - Direct Plan - Growth,SBI Mutual Fund,Equity Scheme - Small Cap Fund,2024-12-13,209.4705
125497,SBI Small Cap Fund - Direct Plan - Growth,SBI Mutual Fund,Equity Scheme - Small Cap Fund,2024-12-16,209.9361
125497,SBI Small Cap Fund - Direct Plan - Growth,SBI Mutual Fund,Equity Scheme - Small Cap Fund,2024-12-17,209.149
125497,SBI Small Cap Fund - Direct Plan - Growth,SBI Mutual Fund,Equity Scheme - Small Cap Fund,2024-12-18,208.9039
125497,SBI Small Cap Fund - Direct Plan - Growth,SBI Mutual Fund,Equity Scheme - Small Cap Fund,2024-12-19,208.1814
125497,SBI Small Cap Fund - Direct Plan - Growth,SBI Mutual Fund,Equity Scheme - Small Cap Fund,2024-12-20,203.8639
125497,SBI Small Cap Fund - Direct Plan - Growth,SBI Mutual Fund,Equity Scheme - Small Cap Fund,2024-12-23,201.8235
125497,SBI Small Cap Fund - Direct Plan - Growth,SBI Mutual Fund,Equity Scheme - Small Cap Fund,2024-12-24,201.9117
125497,SBI Small Cap Fund - Direct Plan - Growth,SBI Mutual Fund,Equity Scheme - Small Cap Fund,2024-12-26,201.1712
125497,SBI Small Cap Fund - Direct Plan - Growth,SBI Mutual Fund,Equity Scheme - Small Cap Fund,2024-12-27,202.2744
125497,SBI Small Cap Fund - Direct Plan - Growth,SBI Mutual Fund,Equity Scheme - Small Cap Fund,2024-12-30,200.9474
125497,SBI Small Cap Fund - Direct Plan - Growth,SBI Mutual Fund,Equity Scheme - Small Cap Fund,2024-12-31,202.025
125497,SBI Small Cap Fund - Direct Plan - Growth,SBI Mutual Fund,Equity Scheme - Small Cap Fund,2025-01-01,204.0133
125497,SBI Small Cap Fund - Direct Plan - Growth,SBI Mutual Fund,Equity Scheme - Small Cap Fund,2025-01-02,204.958
125497,SBI Small Cap Fund - Direct Plan - Growth,SBI Mutual Fund,Equity Scheme - Small Cap Fund,2025-01-03,204.7473
125497,SBI Small Cap Fund - Direct Plan - Growth,SBI Mutual Fund,Equity Scheme - Small Cap Fund,2025-01-06,199.9325
125497,SBI Small Cap Fund - Direct Plan - Growth,SBI Mutual Fund,Equity Scheme - Small Cap Fund,2025-01-07,201.51
125497,SBI Small Cap Fund - Direct Plan - Growth,SBI Mutual Fund,Equity Scheme - Small Cap Fund,2025-01-08,199.1083
125497,SBI Small Cap Fund - Direct Plan - Growth,SBI Mutual Fund,Equity Scheme - Small Cap Fund,2025-01-09,197.3978
125497,SBI Small Cap Fund - Direct Plan - Growth,SBI Mutual Fund,Equity Scheme - Small Cap Fund,2025-01-10,194.0951
125497,SBI Small Cap Fund - Direct Plan - Growth,SBI Mutual Fund,Equity Scheme - Small Cap Fund,2025-01-13,187.9708
125497,SBI Small Cap Fund - Direct Plan - Growth,SBI Mutual Fund,Equity Scheme - Small Cap Fund,2025-01-14,189.4394
125497,SBI Small Cap Fund - Direct Plan - Growth,SBI Mutual Fund,Equity Scheme - Small Cap Fund,2025-01-15,190.2908
125497,SBI Small Cap Fund - Direct Plan - Growth,SBI Mutual Fund,Equity Scheme - Small Cap Fund,2025-01-16,191.5461
125497,SBI Small Cap Fund - Direct Plan - Growth,SBI Mutual Fund,Equity Scheme - Small Cap Fund,2025-01-17,190.5474
125497,SBI Small Cap Fund - Direct Plan - Growth,SBI Mutual Fund,Equity Scheme - Small Cap Fund,2025-01-20,191.8699
125497,SBI Small Cap Fund - Direct Plan - Growth,SBI Mutual Fund,Equity Scheme - Small Cap Fund,2025-01-21,189.0302
125497,SBI Small Cap Fund - Direct Plan - Growth,SBI Mutual Fund,Equity Scheme - Small Cap Fund,2025-01-22,186.9925
125497,SBI Small Cap Fund - Direct Plan - Growth,SBI Mutual Fund,Equity Scheme - Small Cap Fund,2025-01-23,187.6026
125497,SBI Small Cap Fund - Direct Plan - Growth,SBI Mutual Fund,Equity Scheme - Small Cap Fund,2025-01-24,184.8357
125497,SBI Small Cap Fund - Direct Plan - Growth,SBI Mutual Fund,Equity Scheme - Small Cap Fund,2025-01-27,181.1505
125497,SBI Small Cap Fund - Direct Plan - Growth,SBI Mutual Fund,Equity Scheme - Small Cap Fund,2025-01-28,179.9981
125497,SBI Small Cap Fund - Direct Plan - Growth,SBI Mutual Fund,Equity Scheme - Small Cap Fund,2025-01-29,184.474
125497,SBI Small Cap Fund - Direct Plan - Growth,SBI Mutual Fund,Equity Scheme - Small Cap Fund,2025-01-30,183.9481
125497,SBI Small Cap Fund - Direct Plan - Growth,SBI Mutual Fund,Equity Scheme - Small Cap Fund,2025-01-31,185.8927
125497,SBI Small Cap Fund - Direct Plan - Growth,SBI Mutual Fund,Equity Scheme - Small Cap Fund,2025-02-03,186.5887
125497,SBI Small Cap Fund - Direct Plan - Growth,SBI Mutual Fund,Equity Scheme - Small Cap Fund,2025-02-04,187.7402
125497,SBI Small Cap Fund - Direct Plan - Growth,SBI Mutual Fund,Equity Scheme - Small Cap Fund,2025-02-05,188.0012
125497,SBI Small Cap Fund - Direct Plan - Growth,SBI Mutual Fund,Equity Scheme - Small Cap Fund,2025-02-06,188.2236
125497,SBI Small Cap Fund - Direct Plan - Growth,SBI Mutual Fund,Equity Scheme - Small Cap Fund,2025-02-07,186.6001
125497,SBI Small Cap Fund - Direct Plan - Growth,SBI Mutual Fund,Equity Scheme - Small Cap Fund,2025-02-10,183.4947
125497,SBI Small Cap Fund - Direct Plan - Growth,SBI Mutual Fund,Equity Scheme - Small Cap Fund,2025-02-11,178.8097
125497,SBI Small Cap Fund - Direct Plan - Growth,SBI Mutual Fund,Equity Scheme - Small Cap Fund,2025-02-12,178.0673
125497,SBI Small Cap Fund - Direct Plan - Growth,SBI Mutual Fund,Equity Scheme - Small Cap Fund,2025-02-13,177.2214
125497,SBI Small Cap Fund - Direct Plan - Growth,SBI Mutual Fund,Equity Scheme - Small Cap Fund,2025-02-14,173.7027
125497,SBI Small Cap Fund - Direct Plan - Growth,SBI Mutual Fund,Equity Scheme - Small Cap Fund,2025-02-17,172.6017
125497,SBI Small Cap Fund - Direct Plan - Growth,SBI Mutual Fund,Equity Scheme - Small Cap Fund,2025-02-18,170.6351
125497,SBI Small Cap Fund - Direct Plan - Growth,SBI Mutual Fund,Equity Scheme - Small Cap Fund,2025-02-19,172.8542
125497,SBI Small Cap Fund - Direct Plan - Growth,SBI Mutual Fund,Equity Scheme - Small Cap Fund,2025-02-20,173.7251
125497,SBI Small Cap Fund - Direct Plan - Growth,SBI Mutual Fund,Equity Scheme - Small Cap Fund,2025-02-21,173.194
125497,SBI Small Cap Fund - Direct Plan - Growth,SBI Mutual Fund,Equity Scheme - Small Cap Fund,2025-02-24,171.0281
125497,SBI Small Cap Fund - Direct Plan - Growth,SBI Mutual Fund,Equity Scheme - Small Cap Fund,2025-02-25,170.5772
125497,SBI Small Cap Fund - Direct Plan - Growth,SBI Mutual Fund,Equity Scheme - Small Cap Fund,2025-02-27,169.2761
125497,SBI Small Cap Fund - Direct Plan - Growth,SBI Mutual Fund,Equity Scheme - Small Cap Fund,2025-02-28,167.2753
125497,SBI Small Cap Fund - Direct Plan - Growth,SBI Mutual Fund,Equity Scheme - Small Cap Fund,2025-03-03,166.5363
125497,SBI Small Cap Fund - Direct Plan - Growth,SBI Mutual Fund,Equity Scheme - Small Cap Fund,2025-03-04,167.4144
125497,SBI Small Cap Fund - Direct Plan - Growth,SBI Mutual Fund,Equity Scheme - Small Cap Fund,2025-03-05,170.5378
125497,SBI Small Cap Fund - Direct Plan - Growth,SBI Mutual Fund,Equity Scheme - Small Cap Fund,2025-03-06,173.0546
125497,SBI Small Cap Fund - Direct Plan - Growth,SBI Mutual Fund,Equity Scheme - Small Cap Fund,2025-03-07,173.6464
125497,SBI Small Cap Fund - Direct Plan - Growth,SBI Mutual Fund,Equity Scheme - Small Cap Fund,2025-03-10,171.8878
125497,SBI Small Cap Fund - Direct Plan - Growth,SBI Mutual Fund,Equity Scheme - Small Cap Fund,2025-03-11,170.8118
125497,SBI Small Cap Fund - Direct Plan - Growth,SBI Mutual Fund,Equity Scheme - Small Cap Fund,2025-03-12,170.9127
125497,SBI Small Cap Fund - Direct Plan - Growth,SBI Mutual Fund,Equity Scheme - Small Cap Fund,2025-03-13,170.4454
125497,SBI Small Cap Fund - Direct Plan - Growth,SBI Mutual Fund,Equity Scheme - Small Cap Fund,2025-03-17,170.8415
125497,SBI Small Cap Fund - Direct Plan - Growth,SBI Mutual Fund,Equity Scheme - Small Cap Fund,2025-03-18,174.3065
125497,SBI Small Cap Fund - Direct Plan - Growth,SBI Mutual Fund,Equity Scheme - Small Cap Fund,2025-03-19,176.277
125497,SBI Small Cap Fund - Direct Plan - Growth,SBI Mutual Fund,Equity Scheme - Small Cap Fund,2025-03-20,177.2546
125497,SBI Small Cap Fund - Direct Plan - Growth,SBI Mutual Fund,Equity Scheme - Small Cap Fund,2025-03-21,179.8765
125497,SBI Small Cap Fund - Direct Plan - Growth,SBI Mutual Fund,Equity Scheme - Small Cap Fund,2025-03-24,181.6626
125497,SBI Small Cap Fund - Direct Plan - Growth,SBI Mutual Fund,Equity Scheme - Small Cap Fund,2025-03-25,181.1499
125497,SBI Small Cap Fund - Direct Plan - Growth,SBI Mutual Fund,Equity Scheme - Small Cap Fund,2025-03-26,178.8617
125497,SBI Small Cap Fund - Direct Plan - Growth,SBI Mutual Fund,Equity Scheme - Small Cap Fund,2025-03-27,178.6535
125497,SBI Small Cap Fund - Direct Plan - Growth,SBI Mutual Fund,Equity Scheme - Small Cap Fund,2025-03-28,178.5548
125497,SBI Small Cap Fund - Direct Plan - Growth,SBI Mutual Fund,Equity Scheme - Small Cap Fund,2025-03-31,178.5628
125497,SBI Small Cap Fund - Direct Plan - Growth,SBI Mutual Fund,Equity Scheme - Small Cap Fund,2025-04-01,178.3073
125497,SBI Small Cap Fund - Direct Plan - Growth,SBI Mutual Fund,Equity Scheme - Small Cap Fund,2025-04-02,180.504
125497,SBI Small Cap Fund - Direct Plan - Growth,SBI Mutual Fund,Equity Scheme - Small Cap Fund,2025-04-03,181.0205
125497,SBI Small Cap Fund - Direct Plan - Growth,SBI Mutual Fund,Equity Scheme - Small Cap Fund,2025-04-04,176.8853
125497,SBI Small Cap Fund - Direct Plan - Growth,SBI Mutual Fund,Equity Scheme - Small Cap Fund,2025-04-07,171.893
125497,SBI Small Cap Fund - Direct Plan - Growth,SBI Mutual Fund,Equity Scheme - Small Cap Fund,2025-04-08,174.6198
125497,SBI Small Cap Fund - Direct Plan - Growth,SBI Mutual Fund,Equity Scheme - Small Cap Fund,2025-04-09,173.4024
125497,SBI Small Cap Fund - Direct Plan - Growth,SBI Mutual Fund,Equity Scheme - Small Cap Fund,2025-04-11,177.359
125497,SBI Small Cap Fund - Direct Plan - Growth,SBI Mutual Fund,Equity Scheme - Small Cap Fund,2025-04-15,181.4688
125497,SBI Small Cap Fund - Direct Plan - Growth,SBI Mutual Fund,Equity Scheme - Small Cap Fund,2025-04-16,182.6797
125497,SBI Small Cap Fund - Direct Plan - Growth,SBI Mutual Fund,Equity Scheme - Small Cap Fund,2025-04-17,183.494
125497,SBI Small Cap Fund - Direct Plan - Growth,SBI Mutual Fund,Equity Scheme - Small Cap Fund,2025-04-21,186.1086
125497,SBI Small Cap Fund - Direct Plan - Growth,SBI Mutual Fund,Equity Scheme - Small Cap Fund,2025-04-22,187.4594
125497,SBI Small Cap Fund - Direct Plan - Growth,SBI Mutual Fund,Equity Scheme - Small Cap Fund,2025-04-23,187.4918
125497,SBI Small Cap Fund - Direct Plan - Growth,SBI Mutual Fund,Equity Scheme - Small Cap Fund,2025-04-24,187.4442
125497,SBI Small Cap Fund - Direct Plan - Growth,SBI Mutual Fund,Equity Scheme - Small Cap Fund,2025-04-25,184.3892
125497,SBI Small Cap Fund - Direct Plan - Growth,SBI Mutual Fund,Equity Scheme - Small Cap Fund,2025-04-28,184.7984
125497,SBI Small Cap Fund - Direct Plan - Growth,SBI Mutual Fund,Equity Scheme - Small Cap Fund,2025-04-29,184.4749
125497,SBI Small Cap Fund - Direct Plan - Growth,SBI Mutual Fund,Equity Scheme - Small Cap Fund,2025-04-30,181.8527
125497,SBI Small Cap Fund - Direct Plan - Growth,SBI Mutual Fund,Equity Scheme - Small Cap Fund,2025-05-02,181.6763
125497,SBI Small Cap Fund - Direct Plan - Growth,SBI Mutual Fund,Equity Scheme - Small Cap Fund,2025-05-05,183.67
125497,SBI Small Cap Fund - Direct Plan - Growth,SBI Mutual Fund,Equity Scheme - Small Cap Fund,2025-05-06,180.8742
125497,SBI Small Cap Fund - Direct Plan - Growth,SBI Mutual Fund,Equity Scheme - Small Cap Fund,2025-05-07,182.5147
125497,SBI Small Cap Fund - Direct Plan - Growth,SBI Mutual Fund,Equity Scheme - Small Cap Fund,2025-05-08,181.2148
125497,SBI Small Cap Fund - Direct Plan - Growth,SBI Mutual Fund,Equity Scheme - Small Cap Fund,2025-05-09,180.3079
125497,SBI Small Cap Fund - Direct Plan - Growth,SBI Mutual Fund,Equity Scheme - Small Cap Fund,2025-05-12,185.5194
125497,SBI Small Cap Fund - Direct Plan - Growth,SBI Mutual Fund,Equity Scheme - Small Cap Fund,2025-05-13,185.9199
125497,SBI Small Cap Fund - Direct Plan - Growth,SBI Mutual Fund,Equity Scheme - Small Cap Fund,2025-05-14,188.3401
125497,SBI Small Cap Fund - Direct Plan - Growth,SBI Mutual Fund,Equity Scheme - Small Cap Fund,2025-05-15,189.7716
125497,SBI Small Cap Fund - Direct Plan - Growth,SBI Mutual Fund,Equity Scheme - Small Cap Fund,2025-05-16,190.5543
125497,SBI Small Cap Fund - Direct Plan - Growth,SBI Mutual Fund,Equity Scheme - Small Cap Fund,2025-05-19,192.0015
125497,SBI Small Cap Fund - Direct Plan - Growth,SBI Mutual Fund,Equity Scheme - Small Cap Fund,2025-05-20,190.162
125497,SBI Small Cap Fund - Direct Plan - Growth,SBI Mutual Fund,Equity Scheme - Small Cap Fund,2025-05-21,190.2708
125497,SBI Small Cap Fund - Direct Plan - Growth,SBI Mutual Fund,Equity Scheme - Small Cap Fund,2025-05-22,190.2297
125497,SBI Small Cap Fund - Direct Plan - Growth,SBI Mutual Fund,Equity Scheme - Small Cap Fund,2025-05-23,190.7428
125497,SBI Small Cap Fund - Direct Plan - Growth,SBI Mutual Fund,Equity Scheme - Small Cap Fund,2025-05-26,192.0116
125497,SBI Small Cap Fund - Direct Plan - Growth,SBI Mutual Fund,Equity Scheme - Small Cap Fund,2025-05-27,191.6915
125497,SBI Small Cap Fund - Direct Plan - Growth,SBI Mutual Fund,Equity Scheme - Small Cap Fund,2025-05-28,192.2322
125497,SBI Small Cap Fund - Direct Plan - Growth,SBI Mutual Fund,Equity Scheme - Small Cap Fund,2025-05-29,192.4906
125497,SBI Small Cap Fund - Direct Plan - Growth,SBI Mutual Fund,Equity Scheme - Small Cap Fund,2025-05-30,192.6772
125497,SBI Small Cap Fund - Direct Plan - Growth,SBI Mutual Fund,Equity Scheme - Small Cap Fund,2025-05-31,192.6784
125497,SBI Small Cap Fund - Direct Plan - Growth,SBI Mutual Fund,Equity Scheme - Small Cap Fund,2025-06-02,193.0141
125497,SBI Small Cap Fund - Direct Plan - Growth,SBI Mutual Fund,Equity Scheme - Small Cap Fund,2025-06-03,193.3558
125497,SBI Small Cap Fund - Direct Plan - Growth,SBI Mutual Fund,Equity Scheme - Small Cap Fund,2025-06-04,193.3241
125497,SBI Small Cap Fund - Direct Plan - Growth,SBI Mutual Fund,Equity Scheme - Small Cap Fund,2025-06-05,193.4622
125497,SBI Small Cap Fund - Direct Plan - Growth,SBI Mutual Fund,Equity Scheme - Small Cap Fund,2025-06-06,194.4367
125497,SBI Small Cap Fund - Direct Plan - Growth,SBI Mutual Fund,Equity Scheme - Small Cap Fund,2025-06-09,196.2268
125497,SBI Small Cap Fund - Direct Plan - Growth,SBI Mutual Fund,Equity Scheme - Small Cap Fund,2025-06-10,196.3203
125497,SBI Small Cap Fund - Direct Plan - Growth,SBI Mutual Fund,Equity Scheme - Small Cap Fund,2025-06-11,196.3155
125497,SBI Small Cap Fund - Direct Plan - Growth,SBI Mutual Fund,Equity Scheme - Small Cap Fund,2025-06-12,194.3159
125497,SBI Small Cap Fund - Direct Plan - Growth,SBI Mutual Fund,Equity Scheme - Small Cap Fund,2025-06-13,193.8702
125497,SBI Small Cap Fund - Direct Plan - Growth,SBI Mutual Fund,Equity Scheme - Small Cap Fund,2025-06-16,194.3117
125497,SBI Small Cap Fund - Direct Plan - Growth,SBI Mutual Fund,Equity Scheme - Small Cap Fund,2025-06-17,194.4976
125497,SBI Small Cap Fund - Direct Plan - Growth,SBI Mutual Fund,Equity Scheme - Small Cap Fund,2025-06-18,194.7498
125497,SBI Small Cap Fund - Direct Plan - Growth,SBI Mutual Fund,Equity Scheme - Small Cap Fund,2025-06-19,192.1535
125497,SBI Small Cap Fund - Direct Plan - Growth,SBI Mutual Fund,Equity Scheme - Small Cap Fund,2025-06-20,192.5872
125497,SBI Small Cap Fund - Direct Plan - Growth,SBI Mutual Fund,Equity Scheme - Small Cap Fund,2025-06-23,192.973
125497,SBI Small Cap Fund - Direct Plan - Growth,SBI Mutual Fund,Equity Scheme - Small Cap Fund,2025-06-24,194.4838
125497,SBI Small Cap Fund - Direct Plan - Growth,SBI Mutual Fund,Equity Scheme - Small Cap Fund,2025-06-25,197.4405
125497,SBI Small Cap Fund - Direct Plan - Growth,SBI Mutual Fund,Equity Scheme - Small Cap Fund,2025-06-26,197.2286
125497,SBI Small Cap Fund - Direct Plan - Growth,SBI Mutual Fund,Equity Scheme - Small Cap Fund,2025-06-27,198.0688
125497,SBI Small Cap Fund - Direct Plan - Growth,SBI Mutual Fund,Equity Scheme - Small Cap Fund,2025-06-30,200.3178
125497,SBI Small Cap Fund - Direct Plan - Growth,SBI Mutual Fund,Equity Scheme - Small Cap Fund,2025-07-01,200.2672
125497,SBI Small Cap Fund - Direct Plan - Growth,SBI Mutual Fund,Equity Scheme - Small Cap Fund,2025-07-02,199.3409
125497,SBI Small Cap Fund - Direct Plan - Growth,SBI Mutual Fund,Equity Scheme - Small Cap Fund,2025-07-03,200.0186
125497,SBI Small Cap Fund - Direct Plan - Growth,SBI Mutual Fund,Equity Scheme - Small Cap Fund,2025-07-04,200.6762
125497,SBI Small Cap Fund - Direct Plan - Growth,SBI Mutual Fund,Equity Scheme - Small Cap Fund,2025-07-07,200.3235
125497,SBI Small Cap Fund - Direct Plan - Growth,SBI Mutual Fund,Equity Scheme - Small Cap Fund,2025-07-08,200.4396
125497,SBI Small Cap Fund - Direct Plan - Growth,SBI Mutual Fund,Equity Scheme - Small Cap Fund,2025-07-09,201.3287
125497,SBI Small Cap Fund - Direct Plan - Growth,SBI Mutual Fund,Equity Scheme - Small Cap Fund,2025-07-10,201.5985
125497,SBI Small Cap Fund - Direct Plan - Growth,SBI Mutual Fund,Equity Scheme - Small Cap Fund,2025-07-11,201.2606
125497,SBI Small Cap Fund - Direct Plan - Growth,SBI Mutual Fund,Equity Scheme - Small Cap Fund,2025-07-14,202.0189
125497,SBI Small Cap Fund - Direct Plan - Growth,SBI Mutual Fund,Equity Scheme - Small Cap Fund,2025-07-15,203.9268
125497,SBI Small Cap Fund - Direct Plan - Growth,SBI Mutual Fund,Equity Scheme - Small Cap Fund,2025-07-16,203.6835
125497,SBI Small Cap Fund - Direct Plan - Growth,SBI Mutual Fund,Equity Scheme - Small Cap Fund,2025-07-17,204.9043
125497,SBI Small Cap Fund - Direct Plan - Growth,SBI Mutual Fund,Equity Scheme - Small Cap Fund,2025-07-18,204.0356
125497,SBI Small Cap Fund - Direct Plan - Growth,SBI Mutual Fund,Equity Scheme - Small Cap Fund,2025-07-21,203.8028
125497,SBI Small Cap Fund - Direct Plan - Growth,SBI Mutual Fund,Equity Scheme - Small Cap Fund,2025-07-22,203.3714
125497,SBI Small Cap Fund - Direct Plan - Growth,SBI Mutual Fund,Equity Scheme - Small Cap Fund,2025-07-23,203.9043
125497,SBI Small Cap Fund - Direct Plan - Growth,SBI Mutual Fund,Equity Scheme - Small Cap Fund,2025-07-24,202.721
125497,SBI Small Cap Fund - Direct Plan - Growth,SBI Mutual Fund,Equity Scheme - Small Cap Fund,2025-07-25,199.4349
125497,SBI Small Cap Fund - Direct Plan - Growth,SBI Mutual Fund,Equity Scheme - Small Cap Fund,2025-07-28,197.4629
125497,SBI Small Cap Fund - Direct Plan - Growth,SBI Mutual Fund,Equity Scheme - Small Cap Fund,2025-07-29,197.8146
125497,SBI Small Cap Fund - Direct Plan - Growth,SBI Mutual Fund,Equity Scheme - Small Cap Fund,2025-07-30,198.4508
125497,SBI Small Cap Fund - Direct Plan - Growth,SBI Mutual Fund,Equity Scheme - Small Cap Fund,2025-07-31,197.489
125497,SBI Small Cap Fund - Direct Plan - Growth,SBI Mutual Fund,Equity Scheme - Small Cap Fund,2025-08-01,194.9548
125497,SBI Small Cap Fund - Direct Plan - Growth,SBI Mutual Fund,Equity Scheme - Small Cap Fund,2025-08-04,195.6536
125497,SBI Small Cap Fund - Direct Plan - Growth,SBI Mutual Fund,Equity Scheme - Small Cap Fund,2025-08-05,194.9731
125497,SBI Small Cap Fund - Direct Plan - Growth,SBI Mutual Fund,Equity Scheme - Small Cap Fund,2025-08-06,193.5756
125497,SBI Small Cap Fund - Direct Plan - Growth,SBI Mutual Fund,Equity Scheme - Small Cap Fund,2025-08-07,193.0064
125497,SBI Small Cap Fund - Direct Plan - Growth,SBI Mutual Fund,Equity Scheme - Small Cap Fund,2025-08-08,191.9575
125497,SBI Small Cap Fund - Direct Plan - Growth,SBI Mutual Fund,Equity Scheme - Small Cap Fund,2025-08-11,193.1584
125497,SBI Small Cap Fund - Direct Plan - Growth,SBI Mutual Fund,Equity Scheme - Small Cap Fund,2025-08-12,192.705
125497,SBI Small Cap Fund - Direct Plan - Growth,SBI Mutual Fund,Equity Scheme - Small Cap Fund,2025-08-13,192.9222
125497,SBI Small Cap Fund - Direct Plan - Growth,SBI Mutual Fund,Equity Scheme - Small Cap Fund,2025-08-14,193.4131
125497,SBI Small Cap Fund - Direct Plan - Growth,SBI Mutual Fund,Equity Scheme - Small Cap Fund,2025-08-18,196.9203
125497,SBI Small Cap Fund - Direct Plan - Growth,SBI Mutual Fund,Equity Scheme - Small Cap Fund,2025-08-19,198.0389
125497,SBI Small Cap Fund - Direct Plan - Growth,SBI Mutual Fund,Equity Scheme - Small Cap Fund,2025-08-20,198.8477
125497,SBI Small Cap Fund - Direct Plan - Growth,SBI Mutual Fund,Equity Scheme - Small Cap Fund,2025-08-21,200.0554
125497,SBI Small Cap Fund - Direct Plan - Growth,SBI Mutual Fund,Equity Scheme - Small Cap Fund,2025-08-22,199.1156
125497,SBI Small Cap Fund - Direct Plan - Growth,SBI Mutual Fund,Equity Scheme - Small Cap Fund,2025-08-25,198.7805
125497,SBI Small Cap Fund - Direct Plan - Growth,SBI Mutual Fund,Equity Scheme - Small Cap Fund,2025-08-26,195.5946
125497,SBI Small Cap Fund - Direct Plan - Growth,SBI Mutual Fund,Equity Scheme - Small Cap Fund,2025-08-28,194.4893
125497,SBI Small Cap Fund - Direct Plan - Growth,SBI Mutual Fund,Equity Scheme - Small Cap Fund,2025-08-29,193.7532
125497,SBI Small Cap Fund - Direct Plan - Growth,SBI Mutual Fund,Equity Scheme - Small Cap Fund,2025-08-31,193.7537
125497,SBI Small Cap Fund - Direct Plan - Growth,SBI Mutual Fund,Equity Scheme - Small Cap Fund,2025-09-01,195.7343
125497,SBI Small Cap Fund - Direct Plan - Growth,SBI Mutual Fund,Equity Scheme - Small Cap Fund,2025-09-02,196.2367
125497,SBI Small Cap Fund - Direct Plan - Growth,SBI Mutual Fund,Equity Scheme - Small Cap Fund,2025-09-03,197.6325
125497,SBI Small Cap Fund - Direct Plan - Growth,SBI Mutual Fund,Equity Scheme - Small Cap Fund,2025-09-04,197.6887
125497,SBI Small Cap Fund - Direct Plan - Growth,SBI Mutual Fund,Equity Scheme - Small Cap Fund,2025-09-05,197.5939
125497,SBI Small Cap Fund - Direct Plan - Growth,SBI Mutual Fund,Equity Scheme - Small Cap Fund,2025-09-08,197.448
125497,SBI Small Cap Fund - Direct Plan - Growth,SBI Mutual Fund,Equity Scheme - Small Cap Fund,2025-09-09,198.2444
125497,SBI Small Cap Fund - Direct Plan - Growth,SBI Mutual Fund,Equity Scheme - Small Cap Fund,2025-09-10,198.7075
125497,SBI Small Cap Fund - Direct Plan - Growth,SBI Mutual Fund,Equity Scheme - Small Cap Fund,2025-09-11,198.9835
125497,SBI Small Cap Fund - Direct Plan - Growth,SBI Mutual Fund,Equity Scheme - Small Cap Fund,2025-09-12,199.0716
125497,SBI Small Cap Fund - Direct Plan - Growth,SBI Mutual Fund,Equity Scheme - Small Cap Fund,2025-09-15,200.0967
125497,SBI Small Cap Fund - Direct Plan - Growth,SBI Mutual Fund,Equity Scheme - Small Cap Fund,2025-09-16,201.1795
125497,SBI Small Cap Fund - Direct Plan - Growth,SBI Mutual Fund,Equity Scheme - Small Cap Fund,2025-09-17,201.82
125497,SBI Small Cap Fund - Direct Plan - Growth,SBI Mutual Fund,Equity Scheme - Small Cap Fund,2025-09-18,201.5447
125497,SBI Small Cap Fund - Direct Plan - Growth,SBI Mutual Fund,Equity Scheme - Small Cap Fund,2025-09-19,201.306
125497,SBI Small Cap Fund - Direct Plan - Growth,SBI Mutual Fund,Equity Scheme - Small Cap Fund,2025-09-22,200.2539
125497,SBI Small Cap Fund - Direct Plan - Growth,SBI Mutual Fund,Equity Scheme - Small Cap Fund,2025-09-23,199.4573
125497,SBI Small Cap Fund - Direct Plan - Growth,SBI Mutual Fund,Equity Scheme - Small Cap Fund,2025-09-24,198.8861
125497,SBI Small Cap Fund - Direct Plan - Growth,SBI Mutual Fund,Equity Scheme - Small Cap Fund,2025-09-25,197.3447
125497,SBI Small Cap Fund - Direct Plan - Growth,SBI Mutual Fund,Equity Scheme - Small Cap Fund,2025-09-26,194.0973
125497,SBI Small Cap Fund - Direct Plan - Growth,SBI Mutual Fund,Equity Scheme - Small Cap Fund,2025-09-30,193.8822
125497,SBI Small Cap Fund - Direct Plan - Growth,SBI Mutual Fund,Equity Scheme - Small Cap Fund,2025-10-01,195.0856
125497,SBI Small Cap Fund - Direct Plan - Growth,SBI Mutual Fund,Equity Scheme - Small Cap Fund,2025-10-03,196.2965
125497,SBI Small Cap Fund - Direct Plan - Growth,SBI Mutual Fund,Equity Scheme - Small Cap Fund,2025-10-06,196.5483
125497,SBI Small Cap Fund - Direct Plan - Growth,SBI Mutual Fund,Equity Scheme - Small Cap Fund,2025-10-07,196.4294
125497,SBI Small Cap Fund - Direct Plan - Growth,SBI Mutual Fund,Equity Scheme - Small Cap Fund,2025-10-08,195.8587
125497,SBI Small Cap Fund - Direct Plan - Growth,SBI Mutual Fund,Equity Scheme - Small Cap Fund,2025-10-09,195.0376
125497,SBI Small Cap Fund - Direct Plan - Growth,SBI Mutual Fund,Equity Scheme - Small Cap Fund,2025-10-10,195.1185
125497,SBI Small Cap Fund - Direct Plan - Growth,SBI Mutual Fund,Equity Scheme - Small Cap Fund,2025-10-13,194.5364
125497,SBI Small Cap Fund - Direct Plan - Growth,SBI Mutual Fund,Equity Scheme - Small Cap Fund,2025-10-14,193.3975
125497,SBI Small Cap Fund - Direct Plan - Growth,SBI Mutual Fund,Equity Scheme - Small Cap Fund,2025-10-15,194.7
125497,SBI Small Cap Fund - Direct Plan - Growth,SBI Mutual Fund,Equity Scheme - Small Cap Fund,2025-10-16,196.9521
125497,SBI Small Cap Fund - Direct Plan - Growth,SBI Mutual Fund,Equity Scheme - Small Cap Fund,2025-10-17,197.1075
125497,SBI Small Cap Fund - Direct Plan - Growth,SBI Mutual Fund,Equity Scheme - Small Cap Fund,2025-10-20,197.5258
125497,SBI Small Cap Fund - Direct Plan - Growth,SBI Mutual Fund,Equity Scheme - Small Cap Fund,2025-10-23,198.7521
125497,SBI Small Cap Fund - Direct Plan - Growth,SBI Mutual Fund,Equity Scheme - Small Cap Fund,2025-10-24,198.4115
125497,SBI Small Cap Fund - Direct Plan - Growth,SBI Mutual Fund,Equity Scheme - Small Cap Fund,2025-10-27,199.7965
125497,SBI Small Cap Fund - Direct Plan - Growth,SBI Mutual Fund,Equity Scheme - Small Cap Fund,2025-10-28,200.6348
125497,SBI Small Cap Fund - Direct Plan - Growth,SBI Mutual Fund,Equity Scheme - Small Cap Fund,2025-10-29,201.0375
125497,SBI Small Cap Fund - Direct Plan - Growth,SBI Mutual Fund,Equity Scheme - Small Cap Fund,2025-10-30,200.5185
125497,SBI Small Cap Fund - Direct Plan - Growth,SBI Mutual Fund,Equity Scheme - Small Cap Fund,2025-10-31,199.8234
125497,SBI Small Cap Fund - Direct Plan - Growth,SBI Mutual Fund,Equity Scheme - Small Cap Fund,2025-11-03,200.9709
125497,SBI Small Cap Fund - Direct Plan - Growth,SBI Mutual Fund,Equity Scheme - Small Cap Fund,2025-11-04,200.4678
125497,SBI Small Cap Fund - Direct Plan - Growth,SBI Mutual Fund,Equity Scheme - Small Cap Fund,2025-11-06,197.8032
125497,SBI Small Cap Fund - Direct Plan - Growth,SBI Mutual Fund,Equity Scheme - Small Cap Fund,2025-11-07,197.315
125497,SBI Small Cap Fund - Direct Plan - Growth,SBI Mutual Fund,Equity Scheme - Small Cap Fund,2025-11-10,196.2451
125497,SBI Small Cap Fund - Direct Plan - Growth,SBI Mutual Fund,Equity Scheme - Small Cap Fund,2025-11-11,196.4486
125497,SBI Small Cap Fund - Direct Plan - Growth,SBI Mutual Fund,Equity Scheme - Small Cap Fund,2025-11-12,196.884
125497,SBI Small Cap Fund - Direct Plan - Growth,SBI Mutual Fund,Equity Scheme - Small Cap Fund,2025-11-13,196.5465
125497,SBI Small Cap Fund - Direct Plan - Growth,SBI Mutual Fund,Equity Scheme - Small Cap Fund,2025-11-14,197.0676
125497,SBI Small Cap Fund - Direct Plan - Growth,SBI Mutual Fund,Equity Scheme - Small Cap Fund,2025-11-17,197.9212
125497,SBI Small Cap Fund - Direct Plan - Growth,SBI Mutual Fund,Equity Scheme - Small Cap Fund,2025-11-18,196.9478
125497,SBI Small Cap Fund - Direct Plan - Growth,SBI Mutual Fund,Equity Scheme - Small Cap Fund,2025-11-19,196.528
125497,SBI Small Cap Fund - Direct Plan - Growth,SBI Mutual Fund,Equity Scheme - Small Cap Fund,2025-11-20,196.0732
125497,SBI Small Cap Fund - Direct Plan - Growth,SBI Mutual Fund,Equity Scheme - Small Cap Fund,2025-11-21,194.2517
125497,SBI Small Cap Fund - Direct Plan - Growth,SBI Mutual Fund,Equity Scheme - Small Cap Fund,2025-11-24,193.9092
125497,SBI Small Cap Fund - Direct Plan - Growth,SBI Mutual Fund,Equity Scheme - Small Cap Fund,2025-11-25,194.2042
125497,SBI Small Cap Fund - Direct Plan - Growth,SBI Mutual Fund,Equity Scheme - Small Cap Fund,2025-11-26,195.8555
125497,SBI Small Cap Fund - Direct Plan - Growth,SBI Mutual Fund,Equity Scheme - Small Cap Fund,2025-11-27,195.149
125497,SBI Small Cap Fund - Direct Plan - Growth,SBI Mutual Fund,Equity Scheme - Small Cap Fund,2025-11-28,194.9784
125497,SBI Small Cap Fund - Direct Plan - Growth,SBI Mutual Fund,Equity Scheme - Small Cap Fund,2025-11-30,194.979
125497,SBI Small Cap Fund - Direct Plan - Growth,SBI Mutual Fund,Equity Scheme - Small Cap Fund,2025-12-01,195.3626
125497,SBI Small Cap Fund - Direct Plan - Growth,SBI Mutual Fund,Equity Scheme - Small Cap Fund,2025-12-02,194.4312
125497,SBI Small Cap Fund - Direct Plan - Growth,SBI Mutual Fund,Equity Scheme - Small Cap Fund,2025-12-03,194.3355
125497,SBI Small Cap Fund - Direct Plan - Growth,SBI Mutual Fund,Equity Scheme - Small Cap Fund,2025-12-04,193.4599
125497,SBI Small Cap Fund - Direct Plan - Growth,SBI Mutual Fund,Equity Scheme - Small Cap Fund,2025-12-05,193.1451
125497,SBI Small Cap Fund - Direct Plan - Growth,SBI Mutual Fund,Equity Scheme - Small Cap Fund,2025-12-08,190.1591
125497,SBI Small Cap Fund - Direct Plan - Growth,SBI Mutual Fund,Equity Scheme - Small Cap Fund,2025-12-09,191.3573
125497,SBI Small Cap Fund - Direct Plan - Growth,SBI Mutual Fund,Equity Scheme - Small Cap Fund,2025-12-10,191.2557
125497,SBI Small Cap Fund - Direct Plan - Growth,SBI Mutual Fund,Equity Scheme - Small Cap Fund,2025-12-11,191.4952
125497,SBI Small Cap Fund - Direct Plan - Growth,SBI Mutual Fund,Equity Scheme - Small Cap Fund,2025-12-12,192.3377
125497,SBI Small Cap Fund - Direct Plan - Growth,SBI Mutual Fund,Equity Scheme - Small Cap Fund,2025-12-15,193.1325
125497,SBI Small Cap Fund - Direct Plan - Growth,SBI Mutual Fund,Equity Scheme - Small Cap Fund,2025-12-16,191.3143
125497,SBI Small Cap Fund - Direct Plan - Growth,SBI Mutual Fund,Equity Scheme - Small Cap Fund,2025-12-17,190.0621
125497,SBI Small Cap Fund - Direct Plan - Growth,SBI Mutual Fund,Equity Scheme - Small Cap Fund,2025-12-18,189.542
125497,SBI Small Cap Fund - Direct Plan - Growth,SBI Mutual Fund,Equity Scheme - Small Cap Fund,2025-12-19,191.1157
125497,SBI Small Cap Fund - Direct Plan - Growth,SBI Mutual Fund,Equity Scheme - Small Cap Fund,2025-12-22,192.2573
125497,SBI Small Cap Fund - Direct Plan - Growth,SBI Mutual Fund,Equity Scheme - Small Cap Fund,2025-12-23,193.2652
125497,SBI Small Cap Fund - Direct Plan - Growth,SBI Mutual Fund,Equity Scheme - Small Cap Fund,2025-12-24,193.2848
125497,SBI Small Cap Fund - Direct Plan - Growth,SBI Mutual Fund,Equity Scheme - Small Cap Fund,2025-12-26,192.5913
125497,SBI Small Cap Fund - Direct Plan - Growth,SBI Mutual Fund,Equity Scheme - Small Cap Fund,2025-12-29,192.541
125497,SBI Small Cap Fund - Direct Plan - Growth,SBI Mutual Fund,Equity Scheme - Small Cap Fund,2025-12-30,191.9501
125497,SBI Small Cap Fund - Direct Plan - Growth,SBI Mutual Fund,Equity Scheme - Small Cap Fund,2025-12-31,193.7724
125497,SBI Small Cap Fund - Direct Plan - Growth,SBI Mutual Fund,Equity Scheme - Small Cap Fund,2026-01-01,193.6417
125497,SBI Small Cap Fund - Direct Plan - Growth,SBI Mutual Fund,Equity Scheme - Small Cap Fund,2026-01-02,194.574
125497,SBI Small Cap Fund - Direct Plan - Growth,SBI Mutual Fund,Equity Scheme - Small Cap Fund,2026-01-05,194.3786
125497,SBI Small Cap Fund - Direct Plan - Growth,SBI Mutual Fund,Equity Scheme - Small Cap Fund,2026-01-06,193.7027
125497,SBI Small Cap Fund - Direct Plan - Growth,SBI Mutual Fund,Equity Scheme - Small Cap Fund,2026-01-07,193.3173
125497,SBI Small Cap Fund - Direct Plan - Growth,SBI Mutual Fund,Equity Scheme - Small Cap Fund,2026-01-08,190.16
125497,SBI Small Cap Fund - Direct Plan - Growth,SBI Mutual Fund,Equity Scheme - Small Cap Fund,2026-01-09,187.0971
125497,SBI Small Cap Fund - Direct Plan - Growth,SBI Mutual Fund,Equity Scheme - Small Cap Fund,2026-01-12,186.1837
125497,SBI Small Cap Fund - Direct Plan - Growth,SBI Mutual Fund,Equity Scheme - Small Cap Fund,2026-01-13,187.6594
125497,SBI Small Cap Fund - Direct Plan - Growth,SBI Mutual Fund,Equity Scheme - Small Cap Fund,2026-01-14,187.3375
125497,SBI Small Cap Fund - Direct Plan - Growth,SBI Mutual Fund,Equity Scheme - Small Cap Fund,2026-01-16,186.9719
125497,SBI Small Cap Fund - Direct Plan - Growth,SBI Mutual Fund,Equity Scheme - Small Cap Fund,2026-01-19,185.4042
125497,SBI Small Cap Fund - Direct Plan - Growth,SBI Mutual Fund,Equity Scheme - Small Cap Fund,2026-01-20,181.835
125497,SBI Small Cap Fund - Direct Plan - Growth,SBI Mutual Fund,Equity Scheme - Small Cap Fund,2026-01-21,181.5325
125497,SBI Small Cap Fund - Direct Plan - Growth,SBI Mutual Fund,Equity Scheme - Small Cap Fund,2026-01-22,182.7544
125497,SBI Small Cap Fund - Direct Plan - Growth,SBI Mutual Fund,Equity Scheme - Small Cap Fund,2026-01-23,179.8035
125497,SBI Small Cap Fund - Direct Plan - Growth,SBI Mutual Fund,Equity Scheme - Small Cap Fund,2026-01-27,179.5515
125497,SBI Small Cap Fund - Direct Plan - Growth,SBI Mutual Fund,Equity Scheme - Small Cap Fund,2026-01-28,181.0873
125497,SBI Small Cap Fund - Direct Plan - Growth,SBI Mutual Fund,Equity Scheme - Small Cap Fund,2026-01-29,179.9408
125497,SBI Small Cap Fund - Direct Plan - Growth,SBI Mutual Fund,Equity Scheme - Small Cap Fund,2026-01-30,183.3021
125497,SBI Small Cap Fund - Direct Plan - Growth,SBI Mutual Fund,Equity Scheme - Small Cap Fund,2026-01-31,183.301
125497,SBI Small Cap Fund - Direct Plan - Growth,SBI Mutual Fund,Equity Scheme - Small Cap Fund,2026-02-02,180.5424
125497,SBI Small Cap Fund - Direct Plan - Growth,SBI Mutual Fund,Equity Scheme - Small Cap Fund,2026-02-03,186.7009
125497,SBI Small Cap Fund - Direct Plan - Growth,SBI Mutual Fund,Equity Scheme - Small Cap Fund,2026-02-04,186.7774
125497,SBI Small Cap Fund - Direct Plan - Growth,SBI Mutual Fund,Equity Scheme - Small Cap Fund,2026-02-05,185.6949
125497,SBI Small Cap Fund - Direct Plan - Growth,SBI Mutual Fund,Equity Scheme - Small Cap Fund,2026-02-06,184.627
125497,SBI Small Cap Fund - Direct Plan - Growth,SBI Mutual Fund,Equity Scheme - Small Cap Fund,2026-02-09,188.469
125497,SBI Small Cap Fund - Direct Plan - Growth,SBI Mutual Fund,Equity Scheme - Small Cap Fund,2026-02-10,189.019
125497,SBI Small Cap Fund - Direct Plan - Growth,SBI Mutual Fund,Equity Scheme - Small Cap Fund,2026-02-11,189.7464
125497,SBI Small Cap Fund - Direct Plan - Growth,SBI Mutual Fund,Equity Scheme - Small Cap Fund,2026-02-12,189.6029
125497,SBI Small Cap Fund - Direct Plan - Growth,SBI Mutual Fund,Equity Scheme - Small Cap Fund,2026-02-13,187.236
125497,SBI Small Cap Fund - Direct Plan - Growth,SBI Mutual Fund,Equity Scheme - Small Cap Fund,2026-02-16,185.8471
125497,SBI Small Cap Fund - Direct Plan - Growth,SBI Mutual Fund,Equity Scheme - Small Cap Fund,2026-02-17,187.6437
125497,SBI Small Cap Fund - Direct Plan - Growth,SBI Mutual Fund,Equity Scheme - Small Cap Fund,2026-02-18,188.2128
125497,SBI Small Cap Fund - Direct Plan - Growth,SBI Mutual Fund,Equity Scheme - Small Cap Fund,2026-02-19,186.6666
125497,SBI Small Cap Fund - Direct Plan - Growth,SBI Mutual Fund,Equity Scheme - Small Cap Fund,2026-02-20,186.2228
125497,SBI Small Cap Fund - Direct Plan - Growth,SBI Mutual Fund,Equity Scheme - Small Cap Fund,2026-02-23,187.5721
125497,SBI Small Cap Fund - Direct Plan - Growth,SBI Mutual Fund,Equity Scheme - Small Cap Fund,2026-02-24,186.208
125497,SBI Small Cap Fund - Direct Plan - Growth,SBI Mutual Fund,Equity Scheme - Small Cap Fund,2026-02-25,186.0488
125497,SBI Small Cap Fund - Direct Plan - Growth,SBI Mutual Fund,Equity Scheme - Small Cap Fund,2026-02-26,186.095
125497,SBI Small Cap Fund - Direct Plan - Growth,SBI Mutual Fund,Equity Scheme - Small Cap Fund,2026-02-27,184.7581
125497,SBI Small Cap Fund - Direct Plan - Growth,SBI Mutual Fund,Equity Scheme - Small Cap Fund,2026-02-28,184.7579
125497,SBI Small Cap Fund - Direct Plan - Growth,SBI Mutual Fund,Equity Scheme - Small Cap Fund,2026-03-02,181.3175
125497,SBI Small Cap Fund - Direct Plan - Growth,SBI Mutual Fund,Equity Scheme - Small Cap Fund,2026-03-04,177.9961
125497,SBI Small Cap Fund - Direct Plan - Growth,SBI Mutual Fund,Equity Scheme - Small Cap Fund,2026-03-05,179.3239
125497,SBI Small Cap Fund - Direct Plan - Growth,SBI Mutual Fund,Equity Scheme - Small Cap Fund,2026-03-06,178.9784
125497,SBI Small Cap Fund - Direct Plan - Growth,SBI Mutual Fund,Equity Scheme - Small Cap Fund,2026-03-09,175.7742
125497,SBI Small Cap Fund - Direct Plan - Growth,SBI Mutual Fund,Equity Scheme - Small Cap Fund,2026-03-10,178.8419
125497,SBI Small Cap Fund - Direct Plan - Growth,SBI Mutual Fund,Equity Scheme - Small Cap Fund,2026-03-11,178.3891
125497,SBI Small Cap Fund - Direct Plan - Growth,SBI Mutual Fund,Equity Scheme - Small Cap Fund,2026-03-12,177.9888
125497,SBI Small Cap Fund - Direct Plan - Growth,SBI Mutual Fund,Equity Scheme - Small Cap Fund,2026-03-13,173.9754
125497,SBI Small Cap Fund - Direct Plan - Growth,SBI Mutual Fund,Equity Scheme - Small Cap Fund,2026-03-16,173.8198
125497,SBI Small Cap Fund - Direct Plan - Growth,SBI Mutual Fund,Equity Scheme - Small Cap Fund,2026-03-17,174.0628
125497,SBI Small Cap Fund - Direct Plan - Growth,SBI Mutual Fund,Equity Scheme - Small Cap Fund,2026-03-18,177.4908
125497,SBI Small Cap Fund - Direct Plan - Growth,SBI Mutual Fund,Equity Scheme - Small Cap Fund,2026-03-19,173.9004
125497,SBI Small Cap Fund - Direct Plan - Growth,SBI Mutual Fund,Equity Scheme - Small Cap Fund,2026-03-20,174.6205
125497,SBI Small Cap Fund - Direct Plan - Growth,SBI Mutual Fund,Equity Scheme - Small Cap Fund,2026-03-23,169.1091
125497,SBI Small Cap Fund - Direct Plan - Growth,SBI Mutual Fund,Equity Scheme - Small Cap Fund,2026-03-24,172.0049
125497,SBI Small Cap Fund - Direct Plan - Growth,SBI Mutual Fund,Equity Scheme - Small Cap Fund,2026-03-25,175.4211
125497,SBI Small Cap Fund - Direct Plan - Growth,SBI Mutual Fund,Equity Scheme - Small Cap Fund,2026-03-27,172.4739
125497,SBI Small Cap Fund - Direct Plan - Growth,SBI Mutual Fund,Equity Scheme - Small Cap Fund,2026-03-30,169.3708
125497,SBI Small Cap Fund - Direct Plan - Growth,SBI Mutual Fund,Equity Scheme - Small Cap Fund,2026-03-31,169.3706
125497,SBI Small Cap Fund - Direct Plan - Growth,SBI Mutual Fund,Equity Scheme - Small Cap Fund,2026-04-01,173.782
125497,SBI Small Cap Fund - Direct Plan - Growth,SBI Mutual Fund,Equity Scheme - Small Cap Fund,2026-04-02,173.8471
125497,SBI Small Cap Fund - Direct Plan - Growth,SBI Mutual Fund,Equity Scheme - Small Cap Fund,2026-04-06,174.9151
125497,SBI Small Cap Fund - Direct Plan - Growth,SBI Mutual Fund,Equity Scheme - Small Cap Fund,2026-04-07,174.8342
125497,SBI Small Cap Fund - Direct Plan - Growth,SBI Mutual Fund,Equity Scheme - Small Cap Fund,2026-04-08,180.5783
125497,SBI Small Cap Fund - Direct Plan - Growth,SBI Mutual Fund,Equity Scheme - Small Cap Fund,2026-04-09,181.2455
125497,SBI Small Cap Fund - Direct Plan - Growth,SBI Mutual Fund,Equity Scheme - Small Cap Fund,2026-04-10,184.6967
125497,SBI Small Cap Fund - Direct Plan - Growth,SBI Mutual Fund,Equity Scheme - Small Cap Fund,2026-04-13,184.3491
125497,SBI Small Cap Fund - Direct Plan - Growth,SBI Mutual Fund,Equity Scheme - Small Cap Fund,2026-04-15,187.2786
125497,SBI Small Cap Fund - Direct Plan - Growth,SBI Mutual Fund,Equity Scheme - Small Cap Fund,2026-04-16,188.3316
125497,SBI Small Cap Fund - Direct Plan - Growth,SBI Mutual Fund,Equity Scheme - Small Cap Fund,2026-04-17,190.5242
125497,SBI Small Cap Fund - Direct Plan - Growth,SBI Mutual Fund,Equity Scheme - Small Cap Fund,2026-04-20,191.0583
125497,SBI Small Cap Fund - Direct Plan - Growth,SBI Mutual Fund,Equity Scheme - Small Cap Fund,2026-04-21,192.6397
125497,SBI Small Cap Fund - Direct Plan - Growth,SBI Mutual Fund,Equity Scheme - Small Cap Fund,2026-04-22,194.1928
125497,SBI Small Cap Fund - Direct Plan - Growth,SBI Mutual Fund,Equity Scheme - Small Cap Fund,2026-04-23,193.0317
125497,SBI Small Cap Fund - Direct Plan - Growth,SBI Mutual Fund,Equity Scheme - Small Cap Fund,2026-04-24,191.0425
125497,SBI Small Cap Fund - Direct Plan - Growth,SBI Mutual Fund,Equity Scheme - Small Cap Fund,2026-04-27,193.8317
125497,SBI Small Cap Fund - Direct Plan - Growth,SBI Mutual Fund,Equity Scheme - Small Cap Fund,2026-04-28,193.4843
125497,SBI Small Cap Fund - Direct Plan - Growth,SBI Mutual Fund,Equity Scheme - Small Cap Fund,2026-04-29,194.1523
125497,SBI Small Cap Fund - Direct Plan - Growth,SBI Mutual Fund,Equity Scheme - Small Cap Fund,2026-04-30,193.4131
125497,SBI Small Cap Fund - Direct Plan - Growth,SBI Mutual Fund,Equity Scheme - Small Cap Fund,2026-05-04,195.4469
125497,SBI Small Cap Fund - Direct Plan - Growth,SBI Mutual Fund,Equity Scheme - Small Cap Fund,2026-05-05,194.5618
125497,SBI Small Cap Fund - Direct Plan - Growth,SBI Mutual Fund,Equity Scheme - Small Cap Fund,2026-05-06,196.0036
125497,SBI Small Cap Fund - Direct Plan - Growth,SBI Mutual Fund,Equity Scheme - Small Cap Fund,2026-05-07,197.4753
125497,SBI Small Cap Fund - Direct Plan - Growth,SBI Mutual Fund,Equity Scheme - Small Cap Fund,2026-05-08,196.8821
125497,SBI Small Cap Fund - Direct Plan - Growth,SBI Mutual Fund,Equity Scheme - Small Cap Fund,2026-05-11,195.586
125497,SBI Small Cap Fund - Direct Plan - Growth,SBI Mutual Fund,Equity Scheme - Small Cap Fund,2026-05-12,190.6152
125497,SBI Small Cap Fund - Direct Plan - Growth,SBI Mutual Fund,Equity Scheme - Small Cap Fund,2026-05-13,190.464
125497,SBI Small Cap Fund - Direct Plan - Growth,SBI Mutual Fund,Equity Scheme - Small Cap Fund,2026-05-14,189.9345
125497,SBI Small Cap Fund - Direct Plan - Growth,SBI Mutual Fund,Equity Scheme - Small Cap Fund,2026-05-15,190.2405
125497,SBI Small Cap Fund - Direct Plan - Growth,SBI Mutual Fund,Equity Scheme - Small Cap Fund,2026-05-18,187.9126
125497,SBI Small Cap Fund - Direct Plan - Growth,SBI Mutual Fund,Equity Scheme - Small Cap Fund,2026-05-19,189.5553
125497,SBI Small Cap Fund - Direct Plan - Growth,SBI Mutual Fund,Equity Scheme - Small Cap Fund,2026-05-20,189.8661
125497,SBI Small Cap Fund - Direct Plan - Growth,SBI Mutual Fund,Equity Scheme - Small Cap Fund,2026-05-21,191.7575
125497,SBI Small Cap Fund - Direct Plan - Growth,SBI Mutual Fund,Equity Scheme - Small Cap Fund,2026-05-22,192.1227
125497,SBI Small Cap Fund - Direct Plan - Growth,SBI Mutual Fund,Equity Scheme - Small Cap Fund,2026-05-25,193.5599
125497,SBI Small Cap Fund - Direct Plan - Growth,SBI Mutual Fund,Equity Scheme - Small Cap Fund,2026-05-26,194.2258
125497,SBI Small Cap Fund - Direct Plan - Growth,SBI Mutual Fund,Equity Scheme - Small Cap Fund,2026-05-27,195.0501
125497,SBI Small Cap Fund - Direct Plan - Growth,SBI Mutual Fund,Equity Scheme - Small Cap Fund,2026-05-29,193.6848
125497,SBI Small Cap Fund - Direct Plan - Growth,SBI Mutual Fund,Equity Scheme - Small Cap Fund,2026-05-31,193.6836
119551,Aditya Birla Sun Life Banking & PSU Debt Fund  - DIRECT - IDCW,Aditya Birla Sun Life Mutual Fund,Debt Scheme - Banking and PSU Fund,2019-02-22,151.2599
119551,Aditya Birla Sun Life Banking & PSU Debt Fund  - DIRECT - IDCW,Aditya Birla Sun Life Mutual Fund,Debt Scheme - Banking and PSU Fund,2019-02-25,151.3599
119551,Aditya Birla Sun Life Banking & PSU Debt Fund  - DIRECT - IDCW,Aditya Birla Sun Life Mutual Fund,Debt Scheme - Banking and PSU Fund,2019-02-26,151.362
119551,Aditya Birla Sun Life Banking & PSU Debt Fund  - DIRECT - IDCW,Aditya Birla Sun Life Mutual Fund,Debt Scheme - Banking and PSU Fund,2019-02-27,151.2991
119551,Aditya Birla Sun Life Banking & PSU Debt Fund  - DIRECT - IDCW,Aditya Birla Sun Life Mutual Fund,Debt Scheme - Banking and PSU Fund,2019-02-28,151.357
119551,Aditya Birla Sun Life Banking & PSU Debt Fund  - DIRECT - IDCW,Aditya Birla Sun Life Mutual Fund,Debt Scheme - Banking and PSU Fund,2019-03-01,151.443
119551,Aditya Birla Sun Life Banking & PSU Debt Fund  - DIRECT - IDCW,Aditya Birla Sun Life Mutual Fund,Debt Scheme - Banking and PSU Fund,2019-03-05,151.6357
119551,Aditya Birla Sun Life Banking & PSU Debt Fund  - DIRECT - IDCW,Aditya Birla Sun Life Mutual Fund,Debt Scheme - Banking and PSU Fund,2019-03-06,151.7285
119551,Aditya Birla Sun Life Banking & PSU Debt Fund  - DIRECT - IDCW,Aditya Birla Sun Life Mutual Fund,Debt Scheme - Banking and PSU Fund,2019-03-07,151.8551
119551,Aditya Birla Sun Life Banking & PSU Debt Fund  - DIRECT - IDCW,Aditya Birla Sun Life Mutual Fund,Debt Scheme - Banking and PSU Fund,2019-03-08,151.9735
119551,Aditya Birla Sun Life Banking & PSU Debt Fund  - DIRECT - IDCW,Aditya Birla Sun Life Mutual Fund,Debt Scheme - Banking and PSU Fund,2019-03-11,152.1524
119551,Aditya Birla Sun Life Banking & PSU Debt Fund  - DIRECT - IDCW,Aditya Birla Sun Life Mutual Fund,Debt Scheme - Banking and PSU Fund,2019-03-12,152.2662
119551,Aditya Birla Sun Life Banking & PSU Debt Fund  - DIRECT - IDCW,Aditya Birla Sun Life Mutual Fund,Debt Scheme - Banking and PSU Fund,2019-03-13,152.2831
119551,Aditya Birla Sun Life Banking & PSU Debt Fund  - DIRECT - IDCW,Aditya Birla Sun Life Mutual Fund,Debt Scheme - Banking and PSU Fund,2019-03-14,152.4552
119551,Aditya Birla Sun Life Banking & PSU Debt Fund  - DIRECT - IDCW,Aditya Birla Sun Life Mutual Fund,Debt Scheme - Banking and PSU Fund,2019-03-15,152.5838
119551,Aditya Birla Sun Life Banking & PSU Debt Fund  - DIRECT - IDCW,Aditya Birla Sun Life Mutual Fund,Debt Scheme - Banking and PSU Fund,2019-03-18,152.7412
119551,Aditya Birla Sun Life Banking & PSU Debt Fund  - DIRECT - IDCW,Aditya Birla Sun Life Mutual Fund,Debt Scheme - Banking and PSU Fund,2019-03-19,152.7005
119551,Aditya Birla Sun Life Banking & PSU Debt Fund  - DIRECT - IDCW,Aditya Birla Sun Life Mutual Fund,Debt Scheme - Banking and PSU Fund,2019-03-20,152.7699
119551,Aditya Birla Sun Life Banking & PSU Debt Fund  - DIRECT - IDCW,Aditya Birla Sun Life Mutual Fund,Debt Scheme - Banking and PSU Fund,2019-03-22,152.9006
119551,Aditya Birla Sun Life Banking & PSU Debt Fund  - DIRECT - IDCW,Aditya Birla Sun Life Mutual Fund,Debt Scheme - Banking and PSU Fund,2019-03-25,142.4171
119551,Aditya Birla Sun Life Banking & PSU Debt Fund  - DIRECT - IDCW,Aditya Birla Sun Life Mutual Fund,Debt Scheme - Banking and PSU Fund,2019-03-26,142.4063
119551,Aditya Birla Sun Life Banking & PSU Debt Fund  - DIRECT - IDCW,Aditya Birla Sun Life Mutual Fund,Debt Scheme - Banking and PSU Fund,2019-03-27,142.4266
119551,Aditya Birla Sun Life Banking & PSU Debt Fund  - DIRECT - IDCW,Aditya Birla Sun Life Mutual Fund,Debt Scheme - Banking and PSU Fund,2019-03-28,142.444
119551,Aditya Birla Sun Life Banking & PSU Debt Fund  - DIRECT - IDCW,Aditya Birla Sun Life Mutual Fund,Debt Scheme - Banking and PSU Fund,2019-03-29,142.8143
119551,Aditya Birla Sun Life Banking & PSU Debt Fund  - DIRECT - IDCW,Aditya Birla Sun Life Mutual Fund,Debt Scheme - Banking and PSU Fund,2019-04-02,143.2454
119551,Aditya Birla Sun Life Banking & PSU Debt Fund  - DIRECT - IDCW,Aditya Birla Sun Life Mutual Fund,Debt Scheme - Banking and PSU Fund,2019-04-03,143.216
119551,Aditya Birla Sun Life Banking & PSU Debt Fund  - DIRECT - IDCW,Aditya Birla Sun Life Mutual Fund,Debt Scheme - Banking and PSU Fund,2019-04-04,143.0993
119551,Aditya Birla Sun Life Banking & PSU Debt Fund  - DIRECT - IDCW,Aditya Birla Sun Life Mutual Fund,Debt Scheme - Banking and PSU Fund,2019-04-05,142.9577
119551,Aditya Birla Sun Life Banking & PSU Debt Fund  - DIRECT - IDCW,Aditya Birla Sun Life Mutual Fund,Debt Scheme - Banking and PSU Fund,2019-04-08,142.8229
119551,Aditya Birla Sun Life Banking & PSU Debt Fund  - DIRECT - IDCW,Aditya Birla Sun Life Mutual Fund,Debt Scheme - Banking and PSU Fund,2019-04-09,142.8298
119551,Aditya Birla Sun Life Banking & PSU Debt Fund  - DIRECT - IDCW,Aditya Birla Sun Life Mutual Fund,Debt Scheme - Banking and PSU Fund,2019-04-10,142.9046
119551,Aditya Birla Sun Life Banking & PSU Debt Fund  - DIRECT - IDCW,Aditya Birla Sun Life Mutual Fund,Debt Scheme - Banking and PSU Fund,2019-04-11,142.8471
119551,Aditya Birla Sun Life Banking & PSU Debt Fund  - DIRECT - IDCW,Aditya Birla Sun Life Mutual Fund,Debt Scheme - Banking and PSU Fund,2019-04-12,142.8054
119551,Aditya Birla Sun Life Banking & PSU Debt Fund  - DIRECT - IDCW,Aditya Birla Sun Life Mutual Fund,Debt Scheme - Banking and PSU Fund,2019-04-15,142.7628
119551,Aditya Birla Sun Life Banking & PSU Debt Fund  - DIRECT - IDCW,Aditya Birla Sun Life Mutual Fund,Debt Scheme - Banking and PSU Fund,2019-04-16,142.7755
119551,Aditya Birla Sun Life Banking & PSU Debt Fund  - DIRECT - IDCW,Aditya Birla Sun Life Mutual Fund,Debt Scheme - Banking and PSU Fund,2019-04-18,142.8003
119551,Aditya Birla Sun Life Banking & PSU Debt Fund  - DIRECT - IDCW,Aditya Birla Sun Life Mutual Fund,Debt Scheme - Banking and PSU Fund,2019-04-22,142.7099
119551,Aditya Birla Sun Life Banking & PSU Debt Fund  - DIRECT - IDCW,Aditya Birla Sun Life Mutual Fund,Debt Scheme - Banking and PSU Fund,2019-04-23,142.717
119551,Aditya Birla Sun Life Banking & PSU Debt Fund  - DIRECT - IDCW,Aditya Birla Sun Life Mutual Fund,Debt Scheme - Banking and PSU Fund,2019-04-24,142.817
119551,Aditya Birla Sun Life Banking & PSU Debt Fund  - DIRECT - IDCW,Aditya Birla Sun Life Mutual Fund,Debt Scheme - Banking and PSU Fund,2019-04-25,142.7254
119551,Aditya Birla Sun Life Banking & PSU Debt Fund  - DIRECT - IDCW,Aditya Birla Sun Life Mutual Fund,Debt Scheme - Banking and PSU Fund,2019-04-26,142.8116
119551,Aditya Birla Sun Life Banking & PSU Debt Fund  - DIRECT - IDCW,Aditya Birla Sun Life Mutual Fund,Debt Scheme - Banking and PSU Fund,2019-04-30,142.9462
119551,Aditya Birla Sun Life Banking & PSU Debt Fund  - DIRECT - IDCW,Aditya Birla Sun Life Mutual Fund,Debt Scheme - Banking and PSU Fund,2019-05-02,142.9669
119551,Aditya Birla Sun Life Banking & PSU Debt Fund  - DIRECT - IDCW,Aditya Birla Sun Life Mutual Fund,Debt Scheme - Banking and PSU Fund,2019-05-03,142.9162
119551,Aditya Birla Sun Life Banking & PSU Debt Fund  - DIRECT - IDCW,Aditya Birla Sun Life Mutual Fund,Debt Scheme - Banking and PSU Fund,2019-05-06,143.0201
119551,Aditya Birla Sun Life Banking & PSU Debt Fund  - DIRECT - IDCW,Aditya Birla Sun Life Mutual Fund,Debt Scheme - Banking and PSU Fund,2019-05-07,143.0787
119551,Aditya Birla Sun Life Banking & PSU Debt Fund  - DIRECT - IDCW,Aditya Birla Sun Life Mutual Fund,Debt Scheme - Banking and PSU Fund,2019-05-08,143.1504
119551,Aditya Birla Sun Life Banking & PSU Debt Fund  - DIRECT - IDCW,Aditya Birla Sun Life Mutual Fund,Debt Scheme - Banking and PSU Fund,2019-05-09,143.18
119551,Aditya Birla Sun Life Banking & PSU Debt Fund  - DIRECT - IDCW,Aditya Birla Sun Life Mutual Fund,Debt Scheme - Banking and PSU Fund,2019-05-10,143.2079
119551,Aditya Birla Sun Life Banking & PSU Debt Fund  - DIRECT - IDCW,Aditya Birla Sun Life Mutual Fund,Debt Scheme - Banking and PSU Fund,2019-05-13,143.3346
119551,Aditya Birla Sun Life Banking & PSU Debt Fund  - DIRECT - IDCW,Aditya Birla Sun Life Mutual Fund,Debt Scheme - Banking and PSU Fund,2019-05-14,143.4783
119551,Aditya Birla Sun Life Banking & PSU Debt Fund  - DIRECT - IDCW,Aditya Birla Sun Life Mutual Fund,Debt Scheme - Banking and PSU Fund,2019-05-15,143.5038
119551,Aditya Birla Sun Life Banking & PSU Debt Fund  - DIRECT - IDCW,Aditya Birla Sun Life Mutual Fund,Debt Scheme - Banking and PSU Fund,2019-05-16,143.5546
119551,Aditya Birla Sun Life Banking & PSU Debt Fund  - DIRECT - IDCW,Aditya Birla Sun Life Mutual Fund,Debt Scheme - Banking and PSU Fund,2019-05-17,143.6887
119551,Aditya Birla Sun Life Banking & PSU Debt Fund  - DIRECT - IDCW,Aditya Birla Sun Life Mutual Fund,Debt Scheme - Banking and PSU Fund,2019-05-20,143.9976
119551,Aditya Birla Sun Life Banking & PSU Debt Fund  - DIRECT - IDCW,Aditya Birla Sun Life Mutual Fund,Debt Scheme - Banking and PSU Fund,2019-05-21,144.0003
119551,Aditya Birla Sun Life Banking & PSU Debt Fund  - DIRECT - IDCW,Aditya Birla Sun Life Mutual Fund,Debt Scheme - Banking and PSU Fund,2019-05-22,144.0646
119551,Aditya Birla Sun Life Banking & PSU Debt Fund  - DIRECT - IDCW,Aditya Birla Sun Life Mutual Fund,Debt Scheme - Banking and PSU Fund,2019-05-23,144.3538
119551,Aditya Birla Sun Life Banking & PSU Debt Fund  - DIRECT - IDCW,Aditya Birla Sun Life Mutual Fund,Debt Scheme - Banking and PSU Fund,2019-05-24,144.51
119551,Aditya Birla Sun Life Banking & PSU Debt Fund  - DIRECT - IDCW,Aditya Birla Sun Life Mutual Fund,Debt Scheme - Banking and PSU Fund,2019-05-27,145.0011
119551,Aditya Birla Sun Life Banking & PSU Debt Fund  - DIRECT - IDCW,Aditya Birla Sun Life Mutual Fund,Debt Scheme - Banking and PSU Fund,2019-05-28,145.1418
119551,Aditya Birla Sun Life Banking & PSU Debt Fund  - DIRECT - IDCW,Aditya Birla Sun Life Mutual Fund,Debt Scheme - Banking and PSU Fund,2019-05-29,145.1587
119551,Aditya Birla Sun Life Banking & PSU Debt Fund  - DIRECT - IDCW,Aditya Birla Sun Life Mutual Fund,Debt Scheme - Banking and PSU Fund,2019-05-30,145.1312
119551,Aditya Birla Sun Life Banking & PSU Debt Fund  - DIRECT - IDCW,Aditya Birla Sun Life Mutual Fund,Debt Scheme - Banking and PSU Fund,2019-05-31,145.5041
119551,Aditya Birla Sun Life Banking & PSU Debt Fund  - DIRECT - IDCW,Aditya Birla Sun Life Mutual Fund,Debt Scheme - Banking and PSU Fund,2019-06-03,145.7548
119551,Aditya Birla Sun Life Banking & PSU Debt Fund  - DIRECT - IDCW,Aditya Birla Sun Life Mutual Fund,Debt Scheme - Banking and PSU Fund,2019-06-04,145.6843
119551,Aditya Birla Sun Life Banking & PSU Debt Fund  - DIRECT - IDCW,Aditya Birla Sun Life Mutual Fund,Debt Scheme - Banking and PSU Fund,2019-06-06,146.0295
119551,Aditya Birla Sun Life Banking & PSU Debt Fund  - DIRECT - IDCW,Aditya Birla Sun Life Mutual Fund,Debt Scheme - Banking and PSU Fund,2019-06-07,145.8035
119551,Aditya Birla Sun Life Banking & PSU Debt Fund  - DIRECT - IDCW,Aditya Birla Sun Life Mutual Fund,Debt Scheme - Banking and PSU Fund,2019-06-10,145.5955
119551,Aditya Birla Sun Life Banking & PSU Debt Fund  - DIRECT - IDCW,Aditya Birla Sun Life Mutual Fund,Debt Scheme - Banking and PSU Fund,2019-06-11,145.6404
119551,Aditya Birla Sun Life Banking & PSU Debt Fund  - DIRECT - IDCW,Aditya Birla Sun Life Mutual Fund,Debt Scheme - Banking and PSU Fund,2019-06-12,145.775
119551,Aditya Birla Sun Life Banking & PSU Debt Fund  - DIRECT - IDCW,Aditya Birla Sun Life Mutual Fund,Debt Scheme - Banking and PSU Fund,2019-06-13,145.8517
119551,Aditya Birla Sun Life Banking & PSU Debt Fund  - DIRECT - IDCW,Aditya Birla Sun Life Mutual Fund,Debt Scheme - Banking and PSU Fund,2019-06-14,146.087
119551,Aditya Birla Sun Life Banking & PSU Debt Fund  - DIRECT - IDCW,Aditya Birla Sun Life Mutual Fund,Debt Scheme - Banking and PSU Fund,2019-06-17,146.1223
119551,Aditya Birla Sun Life Banking & PSU Debt Fund  - DIRECT - IDCW,Aditya Birla Sun Life Mutual Fund,Debt Scheme - Banking and PSU Fund,2019-06-18,146.4654
119551,Aditya Birla Sun Life Banking & PSU Debt Fund  - DIRECT - IDCW,Aditya Birla Sun Life Mutual Fund,Debt Scheme - Banking and PSU Fund,2019-06-19,146.5025
119551,Aditya Birla Sun Life Banking & PSU Debt Fund  - DIRECT - IDCW,Aditya Birla Sun Life Mutual Fund,Debt Scheme - Banking and PSU Fund,2019-06-20,146.6796
119551,Aditya Birla Sun Life Banking & PSU Debt Fund  - DIRECT - IDCW,Aditya Birla Sun Life Mutual Fund,Debt Scheme - Banking and PSU Fund,2019-06-21,146.4745
119551,Aditya Birla Sun Life Banking & PSU Debt Fund  - DIRECT - IDCW,Aditya Birla Sun Life Mutual Fund,Debt Scheme - Banking and PSU Fund,2019-06-24,146.4771
119551,Aditya Birla Sun Life Banking & PSU Debt Fund  - DIRECT - IDCW,Aditya Birla Sun Life Mutual Fund,Debt Scheme - Banking and PSU Fund,2019-06-25,146.3663
119551,Aditya Birla Sun Life Banking & PSU Debt Fund  - DIRECT - IDCW,Aditya Birla Sun Life Mutual Fund,Debt Scheme - Banking and PSU Fund,2019-06-26,146.2151
119551,Aditya Birla Sun Life Banking & PSU Debt Fund  - DIRECT - IDCW,Aditya Birla Sun Life Mutual Fund,Debt Scheme - Banking and PSU Fund,2019-06-27,146.3061
119551,Aditya Birla Sun Life Banking & PSU Debt Fund  - DIRECT - IDCW,Aditya Birla Sun Life Mutual Fund,Debt Scheme - Banking and PSU Fund,2019-06-28,146.3797
119551,Aditya Birla Sun Life Banking & PSU Debt Fund  - DIRECT - IDCW,Aditya Birla Sun Life Mutual Fund,Debt Scheme - Banking and PSU Fund,2019-07-01,146.3903
119551,Aditya Birla Sun Life Banking & PSU Debt Fund  - DIRECT - IDCW,Aditya Birla Sun Life Mutual Fund,Debt Scheme - Banking and PSU Fund,2019-07-02,146.4817
119551,Aditya Birla Sun Life Banking & PSU Debt Fund  - DIRECT - IDCW,Aditya Birla Sun Life Mutual Fund,Debt Scheme - Banking and PSU Fund,2019-07-03,146.678
119551,Aditya Birla Sun Life Banking & PSU Debt Fund  - DIRECT - IDCW,Aditya Birla Sun Life Mutual Fund,Debt Scheme - Banking and PSU Fund,2019-07-04,146.9134
119551,Aditya Birla Sun Life Banking & PSU Debt Fund  - DIRECT - IDCW,Aditya Birla Sun Life Mutual Fund,Debt Scheme - Banking and PSU Fund,2019-07-05,147.2972
119551,Aditya Birla Sun Life Banking & PSU Debt Fund  - DIRECT - IDCW,Aditya Birla Sun Life Mutual Fund,Debt Scheme - Banking and PSU Fund,2019-07-08,147.8277
119551,Aditya Birla Sun Life Banking & PSU Debt Fund  - DIRECT - IDCW,Aditya Birla Sun Life Mutual Fund,Debt Scheme - Banking and PSU Fund,2019-07-09,147.8228
119551,Aditya Birla Sun Life Banking & PSU Debt Fund  - DIRECT - IDCW,Aditya Birla Sun Life Mutual Fund,Debt Scheme - Banking and PSU Fund,2019-07-10,148.0034
119551,Aditya Birla Sun Life Banking & PSU Debt Fund  - DIRECT - IDCW,Aditya Birla Sun Life Mutual Fund,Debt Scheme - Banking and PSU Fund,2019-07-11,148.2166
119551,Aditya Birla Sun Life Banking & PSU Debt Fund  - DIRECT - IDCW,Aditya Birla Sun Life Mutual Fund,Debt Scheme - Banking and PSU Fund,2019-07-12,148.2944
119551,Aditya Birla Sun Life Banking & PSU Debt Fund  - DIRECT - IDCW,Aditya Birla Sun Life Mutual Fund,Debt Scheme - Banking and PSU Fund,2019-07-15,148.5678
119551,Aditya Birla Sun Life Banking & PSU Debt Fund  - DIRECT - IDCW,Aditya Birla Sun Life Mutual Fund,Debt Scheme - Banking and PSU Fund,2019-07-16,148.9102
119551,Aditya Birla Sun Life Banking & PSU Debt Fund  - DIRECT - IDCW,Aditya Birla Sun Life Mutual Fund,Debt Scheme - Banking and PSU Fund,2019-07-17,148.8778
119551,Aditya Birla Sun Life Banking & PSU Debt Fund  - DIRECT - IDCW,Aditya Birla Sun Life Mutual Fund,Debt Scheme - Banking and PSU Fund,2019-07-18,148.8109
119551,Aditya Birla Sun Life Banking & PSU Debt Fund  - DIRECT - IDCW,Aditya Birla Sun Life Mutual Fund,Debt Scheme - Banking and PSU Fund,2019-07-19,148.8542
119551,Aditya Birla Sun Life Banking & PSU Debt Fund  - DIRECT - IDCW,Aditya Birla Sun Life Mutual Fund,Debt Scheme - Banking and PSU Fund,2019-07-22,148.7174
119551,Aditya Birla Sun Life Banking & PSU Debt Fund  - DIRECT - IDCW,Aditya Birla Sun Life Mutual Fund,Debt Scheme - Banking and PSU Fund,2019-07-23,148.6097
119551,Aditya Birla Sun Life Banking & PSU Debt Fund  - DIRECT - IDCW,Aditya Birla Sun Life Mutual Fund,Debt Scheme - Banking and PSU Fund,2019-07-24,148.6858
119551,Aditya Birla Sun Life Banking & PSU Debt Fund  - DIRECT - IDCW,Aditya Birla Sun Life Mutual Fund,Debt Scheme - Banking and PSU Fund,2019-07-25,148.3413
119551,Aditya Birla Sun Life Banking & PSU Debt Fund  - DIRECT - IDCW,Aditya Birla Sun Life Mutual Fund,Debt Scheme - Banking and PSU Fund,2019-07-26,148.3704
119551,Aditya Birla Sun Life Banking & PSU Debt Fund  - DIRECT - IDCW,Aditya Birla Sun Life Mutual Fund,Debt Scheme - Banking and PSU Fund,2019-07-29,148.7487
119551,Aditya Birla Sun Life Banking & PSU Debt Fund  - DIRECT - IDCW,Aditya Birla Sun Life Mutual Fund,Debt Scheme - Banking and PSU Fund,2019-07-30,148.892
119551,Aditya Birla Sun Life Banking & PSU Debt Fund  - DIRECT - IDCW,Aditya Birla Sun Life Mutual Fund,Debt Scheme - Banking and PSU Fund,2019-07-31,149.0512
119551,Aditya Birla Sun Life Banking & PSU Debt Fund  - DIRECT - IDCW,Aditya Birla Sun Life Mutual Fund,Debt Scheme - Banking and PSU Fund,2019-08-01,149.0367
119551,Aditya Birla Sun Life Banking & PSU Debt Fund  - DIRECT - IDCW,Aditya Birla Sun Life Mutual Fund,Debt Scheme - Banking and PSU Fund,2019-08-02,149.3724
119551,Aditya Birla Sun Life Banking & PSU Debt Fund  - DIRECT - IDCW,Aditya Birla Sun Life Mutual Fund,Debt Scheme - Banking and PSU Fund,2019-08-05,149.2155
119551,Aditya Birla Sun Life Banking & PSU Debt Fund  - DIRECT - IDCW,Aditya Birla Sun Life Mutual Fund,Debt Scheme - Banking and PSU Fund,2019-08-06,149.4147
119551,Aditya Birla Sun Life Banking & PSU Debt Fund  - DIRECT - IDCW,Aditya Birla Sun Life Mutual Fund,Debt Scheme - Banking and PSU Fund,2019-08-07,149.5577
119551,Aditya Birla Sun Life Banking & PSU Debt Fund  - DIRECT - IDCW,Aditya Birla Sun Life Mutual Fund,Debt Scheme - Banking and PSU Fund,2019-08-08,149.6843
119551,Aditya Birla Sun Life Banking & PSU Debt Fund  - DIRECT - IDCW,Aditya Birla Sun Life Mutual Fund,Debt Scheme - Banking and PSU Fund,2019-08-09,149.4248
119551,Aditya Birla Sun Life Banking & PSU Debt Fund  - DIRECT - IDCW,Aditya Birla Sun Life Mutual Fund,Debt Scheme - Banking and PSU Fund,2019-08-13,149.4511
119551,Aditya Birla Sun Life Banking & PSU Debt Fund  - DIRECT - IDCW,Aditya Birla Sun Life Mutual Fund,Debt Scheme - Banking and PSU Fund,2019-08-14,149.0809
119551,Aditya Birla Sun Life Banking & PSU Debt Fund  - DIRECT - IDCW,Aditya Birla Sun Life Mutual Fund,Debt Scheme - Banking and PSU Fund,2019-08-16,149.3311
119551,Aditya Birla Sun Life Banking & PSU Debt Fund  - DIRECT - IDCW,Aditya Birla Sun Life Mutual Fund,Debt Scheme - Banking and PSU Fund,2019-08-19,149.373
119551,Aditya Birla Sun Life Banking & PSU Debt Fund  - DIRECT - IDCW,Aditya Birla Sun Life Mutual Fund,Debt Scheme - Banking and PSU Fund,2019-08-20,149.4864
119551,Aditya Birla Sun Life Banking & PSU Debt Fund  - DIRECT - IDCW,Aditya Birla Sun Life Mutual Fund,Debt Scheme - Banking and PSU Fund,2019-08-21,149.6765
119551,Aditya Birla Sun Life Banking & PSU Debt Fund  - DIRECT - IDCW,Aditya Birla Sun Life Mutual Fund,Debt Scheme - Banking and PSU Fund,2019-08-22,149.8404
119551,Aditya Birla Sun Life Banking & PSU Debt Fund  - DIRECT - IDCW,Aditya Birla Sun Life Mutual Fund,Debt Scheme - Banking and PSU Fund,2019-08-23,149.9347
119551,Aditya Birla Sun Life Banking & PSU Debt Fund  - DIRECT - IDCW,Aditya Birla Sun Life Mutual Fund,Debt Scheme - Banking and PSU Fund,2019-08-26,150.2418
119551,Aditya Birla Sun Life Banking & PSU Debt Fund  - DIRECT - IDCW,Aditya Birla Sun Life Mutual Fund,Debt Scheme - Banking and PSU Fund,2019-08-27,150.2496
119551,Aditya Birla Sun Life Banking & PSU Debt Fund  - DIRECT - IDCW,Aditya Birla Sun Life Mutual Fund,Debt Scheme - Banking and PSU Fund,2019-08-28,150.1914
119551,Aditya Birla Sun Life Banking & PSU Debt Fund  - DIRECT - IDCW,Aditya Birla Sun Life Mutual Fund,Debt Scheme - Banking and PSU Fund,2019-08-29,150.0625
119551,Aditya Birla Sun Life Banking & PSU Debt Fund  - DIRECT - IDCW,Aditya Birla Sun Life Mutual Fund,Debt Scheme - Banking and PSU Fund,2019-08-30,150.1076
119551,Aditya Birla Sun Life Banking & PSU Debt Fund  - DIRECT - IDCW,Aditya Birla Sun Life Mutual Fund,Debt Scheme - Banking and PSU Fund,2019-09-03,150.4088
119551,Aditya Birla Sun Life Banking & PSU Debt Fund  - DIRECT - IDCW,Aditya Birla Sun Life Mutual Fund,Debt Scheme - Banking and PSU Fund,2019-09-04,150.4906
119551,Aditya Birla Sun Life Banking & PSU Debt Fund  - DIRECT - IDCW,Aditya Birla Sun Life Mutual Fund,Debt Scheme - Banking and PSU Fund,2019-09-05,150.4076
119551,Aditya Birla Sun Life Banking & PSU Debt Fund  - DIRECT - IDCW,Aditya Birla Sun Life Mutual Fund,Debt Scheme - Banking and PSU Fund,2019-09-06,150.3414
119551,Aditya Birla Sun Life Banking & PSU Debt Fund  - DIRECT - IDCW,Aditya Birla Sun Life Mutual Fund,Debt Scheme - Banking and PSU Fund,2019-09-09,150.5778
119551,Aditya Birla Sun Life Banking & PSU Debt Fund  - DIRECT - IDCW,Aditya Birla Sun Life Mutual Fund,Debt Scheme - Banking and PSU Fund,2019-09-11,150.4797
119551,Aditya Birla Sun Life Banking & PSU Debt Fund  - DIRECT - IDCW,Aditya Birla Sun Life Mutual Fund,Debt Scheme - Banking and PSU Fund,2019-09-12,150.3828
119551,Aditya Birla Sun Life Banking & PSU Debt Fund  - DIRECT - IDCW,Aditya Birla Sun Life Mutual Fund,Debt Scheme - Banking and PSU Fund,2019-09-13,150.4937
119551,Aditya Birla Sun Life Banking & PSU Debt Fund  - DIRECT - IDCW,Aditya Birla Sun Life Mutual Fund,Debt Scheme - Banking and PSU Fund,2019-09-16,150.4476
119551,Aditya Birla Sun Life Banking & PSU Debt Fund  - DIRECT - IDCW,Aditya Birla Sun Life Mutual Fund,Debt Scheme - Banking and PSU Fund,2019-09-17,150.3688
119551,Aditya Birla Sun Life Banking & PSU Debt Fund  - DIRECT - IDCW,Aditya Birla Sun Life Mutual Fund,Debt Scheme - Banking and PSU Fund,2019-09-18,150.6191
119551,Aditya Birla Sun Life Banking & PSU Debt Fund  - DIRECT - IDCW,Aditya Birla Sun Life Mutual Fund,Debt Scheme - Banking and PSU Fund,2019-09-19,150.6828
119551,Aditya Birla Sun Life Banking & PSU Debt Fund  - DIRECT - IDCW,Aditya Birla Sun Life Mutual Fund,Debt Scheme - Banking and PSU Fund,2019-09-20,150.0993
119551,Aditya Birla Sun Life Banking & PSU Debt Fund  - DIRECT - IDCW,Aditya Birla Sun Life Mutual Fund,Debt Scheme - Banking and PSU Fund,2019-09-23,150.1778
119551,Aditya Birla Sun Life Banking & PSU Debt Fund  - DIRECT - IDCW,Aditya Birla Sun Life Mutual Fund,Debt Scheme - Banking and PSU Fund,2019-09-24,150.1503
119551,Aditya Birla Sun Life Banking & PSU Debt Fund  - DIRECT - IDCW,Aditya Birla Sun Life Mutual Fund,Debt Scheme - Banking and PSU Fund,2019-09-25,150.1731
119551,Aditya Birla Sun Life Banking & PSU Debt Fund  - DIRECT - IDCW,Aditya Birla Sun Life Mutual Fund,Debt Scheme - Banking and PSU Fund,2019-09-26,150.2039
119551,Aditya Birla Sun Life Banking & PSU Debt Fund  - DIRECT - IDCW,Aditya Birla Sun Life Mutual Fund,Debt Scheme - Banking and PSU Fund,2019-09-27,150.2231
119551,Aditya Birla Sun Life Banking & PSU Debt Fund  - DIRECT - IDCW,Aditya Birla Sun Life Mutual Fund,Debt Scheme - Banking and PSU Fund,2019-09-30,150.4539
119551,Aditya Birla Sun Life Banking & PSU Debt Fund  - DIRECT - IDCW,Aditya Birla Sun Life Mutual Fund,Debt Scheme - Banking and PSU Fund,2019-10-01,150.5812
119551,Aditya Birla Sun Life Banking & PSU Debt Fund  - DIRECT - IDCW,Aditya Birla Sun Life Mutual Fund,Debt Scheme - Banking and PSU Fund,2019-10-03,150.7936
119551,Aditya Birla Sun Life Banking & PSU Debt Fund  - DIRECT - IDCW,Aditya Birla Sun Life Mutual Fund,Debt Scheme - Banking and PSU Fund,2019-10-04,150.7287
119551,Aditya Birla Sun Life Banking & PSU Debt Fund  - DIRECT - IDCW,Aditya Birla Sun Life Mutual Fund,Debt Scheme - Banking and PSU Fund,2019-10-07,150.8064
119551,Aditya Birla Sun Life Banking & PSU Debt Fund  - DIRECT - IDCW,Aditya Birla Sun Life Mutual Fund,Debt Scheme - Banking and PSU Fund,2019-10-09,150.861
119551,Aditya Birla Sun Life Banking & PSU Debt Fund  - DIRECT - IDCW,Aditya Birla Sun Life Mutual Fund,Debt Scheme - Banking and PSU Fund,2019-10-10,150.8965
119551,Aditya Birla Sun Life Banking & PSU Debt Fund  - DIRECT - IDCW,Aditya Birla Sun Life Mutual Fund,Debt Scheme - Banking and PSU Fund,2019-10-11,150.938
119551,Aditya Birla Sun Life Banking & PSU Debt Fund  - DIRECT - IDCW,Aditya Birla Sun Life Mutual Fund,Debt Scheme - Banking and PSU Fund,2019-10-14,151.0676
119551,Aditya Birla Sun Life Banking & PSU Debt Fund  - DIRECT - IDCW,Aditya Birla Sun Life Mutual Fund,Debt Scheme - Banking and PSU Fund,2019-10-15,151.1294
119551,Aditya Birla Sun Life Banking & PSU Debt Fund  - DIRECT - IDCW,Aditya Birla Sun Life Mutual Fund,Debt Scheme - Banking and PSU Fund,2019-10-16,151.2289
119551,Aditya Birla Sun Life Banking & PSU Debt Fund  - DIRECT - IDCW,Aditya Birla Sun Life Mutual Fund,Debt Scheme - Banking and PSU Fund,2019-10-17,151.266
119551,Aditya Birla Sun Life Banking & PSU Debt Fund  - DIRECT - IDCW,Aditya Birla Sun Life Mutual Fund,Debt Scheme - Banking and PSU Fund,2019-10-18,151.4029
119551,Aditya Birla Sun Life Banking & PSU Debt Fund  - DIRECT - IDCW,Aditya Birla Sun Life Mutual Fund,Debt Scheme - Banking and PSU Fund,2019-10-22,151.5632
119551,Aditya Birla Sun Life Banking & PSU Debt Fund  - DIRECT - IDCW,Aditya Birla Sun Life Mutual Fund,Debt Scheme - Banking and PSU Fund,2019-10-23,151.6974
119551,Aditya Birla Sun Life Banking & PSU Debt Fund  - DIRECT - IDCW,Aditya Birla Sun Life Mutual Fund,Debt Scheme - Banking and PSU Fund,2019-10-24,151.7896
119551,Aditya Birla Sun Life Banking & PSU Debt Fund  - DIRECT - IDCW,Aditya Birla Sun Life Mutual Fund,Debt Scheme - Banking and PSU Fund,2019-10-25,151.8433
119551,Aditya Birla Sun Life Banking & PSU Debt Fund  - DIRECT - IDCW,Aditya Birla Sun Life Mutual Fund,Debt Scheme - Banking and PSU Fund,2019-10-29,151.965
119551,Aditya Birla Sun Life Banking & PSU Debt Fund  - DIRECT - IDCW,Aditya Birla Sun Life Mutual Fund,Debt Scheme - Banking and PSU Fund,2019-10-30,152.1072
119551,Aditya Birla Sun Life Banking & PSU Debt Fund  - DIRECT - IDCW,Aditya Birla Sun Life Mutual Fund,Debt Scheme - Banking and PSU Fund,2019-10-31,152.3324
119551,Aditya Birla Sun Life Banking & PSU Debt Fund  - DIRECT - IDCW,Aditya Birla Sun Life Mutual Fund,Debt Scheme - Banking and PSU Fund,2019-11-01,152.4285
119551,Aditya Birla Sun Life Banking & PSU Debt Fund  - DIRECT - IDCW,Aditya Birla Sun Life Mutual Fund,Debt Scheme - Banking and PSU Fund,2019-11-04,152.4901
119551,Aditya Birla Sun Life Banking & PSU Debt Fund  - DIRECT - IDCW,Aditya Birla Sun Life Mutual Fund,Debt Scheme - Banking and PSU Fund,2019-11-05,152.4692
119551,Aditya Birla Sun Life Banking & PSU Debt Fund  - DIRECT - IDCW,Aditya Birla Sun Life Mutual Fund,Debt Scheme - Banking and PSU Fund,2019-11-06,152.4607
119551,Aditya Birla Sun Life Banking & PSU Debt Fund  - DIRECT - IDCW,Aditya Birla Sun Life Mutual Fund,Debt Scheme - Banking and PSU Fund,2019-11-07,152.4911
119551,Aditya Birla Sun Life Banking & PSU Debt Fund  - DIRECT - IDCW,Aditya Birla Sun Life Mutual Fund,Debt Scheme - Banking and PSU Fund,2019-11-08,152.3985
119551,Aditya Birla Sun Life Banking & PSU Debt Fund  - DIRECT - IDCW,Aditya Birla Sun Life Mutual Fund,Debt Scheme - Banking and PSU Fund,2019-11-11,152.4214
119551,Aditya Birla Sun Life Banking & PSU Debt Fund  - DIRECT - IDCW,Aditya Birla Sun Life Mutual Fund,Debt Scheme - Banking and PSU Fund,2019-11-13,152.5581
119551,Aditya Birla Sun Life Banking & PSU Debt Fund  - DIRECT - IDCW,Aditya Birla Sun Life Mutual Fund,Debt Scheme - Banking and PSU Fund,2019-11-14,152.6957
119551,Aditya Birla Sun Life Banking & PSU Debt Fund  - DIRECT - IDCW,Aditya Birla Sun Life Mutual Fund,Debt Scheme - Banking and PSU Fund,2019-11-15,152.7979
119551,Aditya Birla Sun Life Banking & PSU Debt Fund  - DIRECT - IDCW,Aditya Birla Sun Life Mutual Fund,Debt Scheme - Banking and PSU Fund,2019-11-18,152.9316
119551,Aditya Birla Sun Life Banking & PSU Debt Fund  - DIRECT - IDCW,Aditya Birla Sun Life Mutual Fund,Debt Scheme - Banking and PSU Fund,2019-11-19,152.9853
119551,Aditya Birla Sun Life Banking & PSU Debt Fund  - DIRECT - IDCW,Aditya Birla Sun Life Mutual Fund,Debt Scheme - Banking and PSU Fund,2019-11-20,153.0708
119551,Aditya Birla Sun Life Banking & PSU Debt Fund  - DIRECT - IDCW,Aditya Birla Sun Life Mutual Fund,Debt Scheme - Banking and PSU Fund,2019-11-21,153.0927
119551,Aditya Birla Sun Life Banking & PSU Debt Fund  - DIRECT - IDCW,Aditya Birla Sun Life Mutual Fund,Debt Scheme - Banking and PSU Fund,2019-11-22,153.1436
119551,Aditya Birla Sun Life Banking & PSU Debt Fund  - DIRECT - IDCW,Aditya Birla Sun Life Mutual Fund,Debt Scheme - Banking and PSU Fund,2019-11-25,153.296
119551,Aditya Birla Sun Life Banking & PSU Debt Fund  - DIRECT - IDCW,Aditya Birla Sun Life Mutual Fund,Debt Scheme - Banking and PSU Fund,2019-11-26,153.3485
119551,Aditya Birla Sun Life Banking & PSU Debt Fund  - DIRECT - IDCW,Aditya Birla Sun Life Mutual Fund,Debt Scheme - Banking and PSU Fund,2019-11-27,153.3903
119551,Aditya Birla Sun Life Banking & PSU Debt Fund  - DIRECT - IDCW,Aditya Birla Sun Life Mutual Fund,Debt Scheme - Banking and PSU Fund,2019-11-28,153.4934
119551,Aditya Birla Sun Life Banking & PSU Debt Fund  - DIRECT - IDCW,Aditya Birla Sun Life Mutual Fund,Debt Scheme - Banking and PSU Fund,2019-11-29,153.5381
119551,Aditya Birla Sun Life Banking & PSU Debt Fund  - DIRECT - IDCW,Aditya Birla Sun Life Mutual Fund,Debt Scheme - Banking and PSU Fund,2019-12-02,153.6046
119551,Aditya Birla Sun Life Banking & PSU Debt Fund  - DIRECT - IDCW,Aditya Birla Sun Life Mutual Fund,Debt Scheme - Banking and PSU Fund,2019-12-03,153.6259
119551,Aditya Birla Sun Life Banking & PSU Debt Fund  - DIRECT - IDCW,Aditya Birla Sun Life Mutual Fund,Debt Scheme - Banking and PSU Fund,2019-12-04,153.7405
119551,Aditya Birla Sun Life Banking & PSU Debt Fund  - DIRECT - IDCW,Aditya Birla Sun Life Mutual Fund,Debt Scheme - Banking and PSU Fund,2019-12-05,153.2483
119551,Aditya Birla Sun Life Banking & PSU Debt Fund  - DIRECT - IDCW,Aditya Birla Sun Life Mutual Fund,Debt Scheme - Banking and PSU Fund,2019-12-06,153.1405
119551,Aditya Birla Sun Life Banking & PSU Debt Fund  - DIRECT - IDCW,Aditya Birla Sun Life Mutual Fund,Debt Scheme - Banking and PSU Fund,2019-12-09,153.1183
119551,Aditya Birla Sun Life Banking & PSU Debt Fund  - DIRECT - IDCW,Aditya Birla Sun Life Mutual Fund,Debt Scheme - Banking and PSU Fund,2019-12-10,153.0738
119551,Aditya Birla Sun Life Banking & PSU Debt Fund  - DIRECT - IDCW,Aditya Birla Sun Life Mutual Fund,Debt Scheme - Banking and PSU Fund,2019-12-11,152.9832
119551,Aditya Birla Sun Life Banking & PSU Debt Fund  - DIRECT - IDCW,Aditya Birla Sun Life Mutual Fund,Debt Scheme - Banking and PSU Fund,2019-12-12,152.9682
119551,Aditya Birla Sun Life Banking & PSU Debt Fund  - DIRECT - IDCW,Aditya Birla Sun Life Mutual Fund,Debt Scheme - Banking and PSU Fund,2019-12-13,152.8576
119551,Aditya Birla Sun Life Banking & PSU Debt Fund  - DIRECT - IDCW,Aditya Birla Sun Life Mutual Fund,Debt Scheme - Banking and PSU Fund,2019-12-16,152.9814
119551,Aditya Birla Sun Life Banking & PSU Debt Fund  - DIRECT - IDCW,Aditya Birla Sun Life Mutual Fund,Debt Scheme - Banking and PSU Fund,2019-12-17,153.0346
119551,Aditya Birla Sun Life Banking & PSU Debt Fund  - DIRECT - IDCW,Aditya Birla Sun Life Mutual Fund,Debt Scheme - Banking and PSU Fund,2019-12-18,153.1337
119551,Aditya Birla Sun Life Banking & PSU Debt Fund  - DIRECT - IDCW,Aditya Birla Sun Life Mutual Fund,Debt Scheme - Banking and PSU Fund,2019-12-19,153.1526
119551,Aditya Birla Sun Life Banking & PSU Debt Fund  - DIRECT - IDCW,Aditya Birla Sun Life Mutual Fund,Debt Scheme - Banking and PSU Fund,2019-12-20,153.4572
119551,Aditya Birla Sun Life Banking & PSU Debt Fund  - DIRECT - IDCW,Aditya Birla Sun Life Mutual Fund,Debt Scheme - Banking and PSU Fund,2019-12-23,153.5537
119551,Aditya Birla Sun Life Banking & PSU Debt Fund  - DIRECT - IDCW,Aditya Birla Sun Life Mutual Fund,Debt Scheme - Banking and PSU Fund,2019-12-24,153.5626
119551,Aditya Birla Sun Life Banking & PSU Debt Fund  - DIRECT - IDCW,Aditya Birla Sun Life Mutual Fund,Debt Scheme - Banking and PSU Fund,2019-12-26,153.5576
119551,Aditya Birla Sun Life Banking & PSU Debt Fund  - DIRECT - IDCW,Aditya Birla Sun Life Mutual Fund,Debt Scheme - Banking and PSU Fund,2019-12-27,153.6346
119551,Aditya Birla Sun Life Banking & PSU Debt Fund  - DIRECT - IDCW,Aditya Birla Sun Life Mutual Fund,Debt Scheme - Banking and PSU Fund,2019-12-30,153.701
119551,Aditya Birla Sun Life Banking & PSU Debt Fund  - DIRECT - IDCW,Aditya Birla Sun Life Mutual Fund,Debt Scheme - Banking and PSU Fund,2019-12-31,153.7054
119551,Aditya Birla Sun Life Banking & PSU Debt Fund  - DIRECT - IDCW,Aditya Birla Sun Life Mutual Fund,Debt Scheme - Banking and PSU Fund,2020-01-01,153.8193
119551,Aditya Birla Sun Life Banking & PSU Debt Fund  - DIRECT - IDCW,Aditya Birla Sun Life Mutual Fund,Debt Scheme - Banking and PSU Fund,2020-01-02,153.8742
119551,Aditya Birla Sun Life Banking & PSU Debt Fund  - DIRECT - IDCW,Aditya Birla Sun Life Mutual Fund,Debt Scheme - Banking and PSU Fund,2020-01-03,154.0323
119551,Aditya Birla Sun Life Banking & PSU Debt Fund  - DIRECT - IDCW,Aditya Birla Sun Life Mutual Fund,Debt Scheme - Banking and PSU Fund,2020-01-06,154.0036
119551,Aditya Birla Sun Life Banking & PSU Debt Fund  - DIRECT - IDCW,Aditya Birla Sun Life Mutual Fund,Debt Scheme - Banking and PSU Fund,2020-01-07,154.0751
119551,Aditya Birla Sun Life Banking & PSU Debt Fund  - DIRECT - IDCW,Aditya Birla Sun Life Mutual Fund,Debt Scheme - Banking and PSU Fund,2020-01-08,154.127
119551,Aditya Birla Sun Life Banking & PSU Debt Fund  - DIRECT - IDCW,Aditya Birla Sun Life Mutual Fund,Debt Scheme - Banking and PSU Fund,2020-01-09,154.2202
119551,Aditya Birla Sun Life Banking & PSU Debt Fund  - DIRECT - IDCW,Aditya Birla Sun Life Mutual Fund,Debt Scheme - Banking and PSU Fund,2020-01-10,154.1672
119551,Aditya Birla Sun Life Banking & PSU Debt Fund  - DIRECT - IDCW,Aditya Birla Sun Life Mutual Fund,Debt Scheme - Banking and PSU Fund,2020-01-13,154.2362
119551,Aditya Birla Sun Life Banking & PSU Debt Fund  - DIRECT - IDCW,Aditya Birla Sun Life Mutual Fund,Debt Scheme - Banking and PSU Fund,2020-01-14,154.1151
119551,Aditya Birla Sun Life Banking & PSU Debt Fund  - DIRECT - IDCW,Aditya Birla Sun Life Mutual Fund,Debt Scheme - Banking and PSU Fund,2020-01-15,154.1889
119551,Aditya Birla Sun Life Banking & PSU Debt Fund  - DIRECT - IDCW,Aditya Birla Sun Life Mutual Fund,Debt Scheme - Banking and PSU Fund,2020-01-16,154.2713
119551,Aditya Birla Sun Life Banking & PSU Debt Fund  - DIRECT - IDCW,Aditya Birla Sun Life Mutual Fund,Debt Scheme - Banking and PSU Fund,2020-01-17,154.3249
119551,Aditya Birla Sun Life Banking & PSU Debt Fund  - DIRECT - IDCW,Aditya Birla Sun Life Mutual Fund,Debt Scheme - Banking and PSU Fund,2020-01-20,154.4228
119551,Aditya Birla Sun Life Banking & PSU Debt Fund  - DIRECT - IDCW,Aditya Birla Sun Life Mutual Fund,Debt Scheme - Banking and PSU Fund,2020-01-21,154.4776
119551,Aditya Birla Sun Life Banking & PSU Debt Fund  - DIRECT - IDCW,Aditya Birla Sun Life Mutual Fund,Debt Scheme - Banking and PSU Fund,2020-01-22,154.5903
119551,Aditya Birla Sun Life Banking & PSU Debt Fund  - DIRECT - IDCW,Aditya Birla Sun Life Mutual Fund,Debt Scheme - Banking and PSU Fund,2020-01-23,154.6714
119551,Aditya Birla Sun Life Banking & PSU Debt Fund  - DIRECT - IDCW,Aditya Birla Sun Life Mutual Fund,Debt Scheme - Banking and PSU Fund,2020-01-24,154.749
119551,Aditya Birla Sun Life Banking & PSU Debt Fund  - DIRECT - IDCW,Aditya Birla Sun Life Mutual Fund,Debt Scheme - Banking and PSU Fund,2020-01-27,154.8703
119551,Aditya Birla Sun Life Banking & PSU Debt Fund  - DIRECT - IDCW,Aditya Birla Sun Life Mutual Fund,Debt Scheme - Banking and PSU Fund,2020-01-28,154.9202
119551,Aditya Birla Sun Life Banking & PSU Debt Fund  - DIRECT - IDCW,Aditya Birla Sun Life Mutual Fund,Debt Scheme - Banking and PSU Fund,2020-01-29,154.8904
119551,Aditya Birla Sun Life Banking & PSU Debt Fund  - DIRECT - IDCW,Aditya Birla Sun Life Mutual Fund,Debt Scheme - Banking and PSU Fund,2020-01-30,154.9146
119551,Aditya Birla Sun Life Banking & PSU Debt Fund  - DIRECT - IDCW,Aditya Birla Sun Life Mutual Fund,Debt Scheme - Banking and PSU Fund,2020-01-31,154.9392
119551,Aditya Birla Sun Life Banking & PSU Debt Fund  - DIRECT - IDCW,Aditya Birla Sun Life Mutual Fund,Debt Scheme - Banking and PSU Fund,2020-02-03,155.2432
119551,Aditya Birla Sun Life Banking & PSU Debt Fund  - DIRECT - IDCW,Aditya Birla Sun Life Mutual Fund,Debt Scheme - Banking and PSU Fund,2020-02-04,155.3587
119551,Aditya Birla Sun Life Banking & PSU Debt Fund  - DIRECT - IDCW,Aditya Birla Sun Life Mutual Fund,Debt Scheme - Banking and PSU Fund,2020-02-05,155.3768
119551,Aditya Birla Sun Life Banking & PSU Debt Fund  - DIRECT - IDCW,Aditya Birla Sun Life Mutual Fund,Debt Scheme - Banking and PSU Fund,2020-02-06,155.9182
119551,Aditya Birla Sun Life Banking & PSU Debt Fund  - DIRECT - IDCW,Aditya Birla Sun Life Mutual Fund,Debt Scheme - Banking and PSU Fund,2020-02-07,156.3627
119551,Aditya Birla Sun Life Banking & PSU Debt Fund  - DIRECT - IDCW,Aditya Birla Sun Life Mutual Fund,Debt Scheme - Banking and PSU Fund,2020-02-10,156.5138
119551,Aditya Birla Sun Life Banking & PSU Debt Fund  - DIRECT - IDCW,Aditya Birla Sun Life Mutual Fund,Debt Scheme - Banking and PSU Fund,2020-02-11,156.5581
119551,Aditya Birla Sun Life Banking & PSU Debt Fund  - DIRECT - IDCW,Aditya Birla Sun Life Mutual Fund,Debt Scheme - Banking and PSU Fund,2020-02-12,156.5516
119551,Aditya Birla Sun Life Banking & PSU Debt Fund  - DIRECT - IDCW,Aditya Birla Sun Life Mutual Fund,Debt Scheme - Banking and PSU Fund,2020-02-13,156.7233
119551,Aditya Birla Sun Life Banking & PSU Debt Fund  - DIRECT - IDCW,Aditya Birla Sun Life Mutual Fund,Debt Scheme - Banking and PSU Fund,2020-02-14,156.828
119551,Aditya Birla Sun Life Banking & PSU Debt Fund  - DIRECT - IDCW,Aditya Birla Sun Life Mutual Fund,Debt Scheme - Banking and PSU Fund,2020-02-17,157.0124
119551,Aditya Birla Sun Life Banking & PSU Debt Fund  - DIRECT - IDCW,Aditya Birla Sun Life Mutual Fund,Debt Scheme - Banking and PSU Fund,2020-02-18,156.9444
119551,Aditya Birla Sun Life Banking & PSU Debt Fund  - DIRECT - IDCW,Aditya Birla Sun Life Mutual Fund,Debt Scheme - Banking and PSU Fund,2020-02-20,156.9353
119551,Aditya Birla Sun Life Banking & PSU Debt Fund  - DIRECT - IDCW,Aditya Birla Sun Life Mutual Fund,Debt Scheme - Banking and PSU Fund,2020-02-24,157.1105
119551,Aditya Birla Sun Life Banking & PSU Debt Fund  - DIRECT - IDCW,Aditya Birla Sun Life Mutual Fund,Debt Scheme - Banking and PSU Fund,2020-02-25,157.0423
119551,Aditya Birla Sun Life Banking & PSU Debt Fund  - DIRECT - IDCW,Aditya Birla Sun Life Mutual Fund,Debt Scheme - Banking and PSU Fund,2020-02-26,147.7681
119551,Aditya Birla Sun Life Banking & PSU Debt Fund  - DIRECT - IDCW,Aditya Birla Sun Life Mutual Fund,Debt Scheme - Banking and PSU Fund,2020-02-27,147.6783
119551,Aditya Birla Sun Life Banking & PSU Debt Fund  - DIRECT - IDCW,Aditya Birla Sun Life Mutual Fund,Debt Scheme - Banking and PSU Fund,2020-02-28,147.542
119551,Aditya Birla Sun Life Banking & PSU Debt Fund  - DIRECT - IDCW,Aditya Birla Sun Life Mutual Fund,Debt Scheme - Banking and PSU Fund,2020-03-02,147.6198
119551,Aditya Birla Sun Life Banking & PSU Debt Fund  - DIRECT - IDCW,Aditya Birla Sun Life Mutual Fund,Debt Scheme - Banking and PSU Fund,2020-03-03,147.6457
119551,Aditya Birla Sun Life Banking & PSU Debt Fund  - DIRECT - IDCW,Aditya Birla Sun Life Mutual Fund,Debt Scheme - Banking and PSU Fund,2020-03-04,148.0648
119551,Aditya Birla Sun Life Banking & PSU Debt Fund  - DIRECT - IDCW,Aditya Birla Sun Life Mutual Fund,Debt Scheme - Banking and PSU Fund,2020-03-05,148.039
119551,Aditya Birla Sun Life Banking & PSU Debt Fund  - DIRECT - IDCW,Aditya Birla Sun Life Mutual Fund,Debt Scheme - Banking and PSU Fund,2020-03-06,148.22
119551,Aditya Birla Sun Life Banking & PSU Debt Fund  - DIRECT - IDCW,Aditya Birla Sun Life Mutual Fund,Debt Scheme - Banking and PSU Fund,2020-03-09,148.1911
119551,Aditya Birla Sun Life Banking & PSU Debt Fund  - DIRECT - IDCW,Aditya Birla Sun Life Mutual Fund,Debt Scheme - Banking and PSU Fund,2020-03-11,147.9299
119551,Aditya Birla Sun Life Banking & PSU Debt Fund  - DIRECT - IDCW,Aditya Birla Sun Life Mutual Fund,Debt Scheme - Banking and PSU Fund,2020-03-12,147.1302
119551,Aditya Birla Sun Life Banking & PSU Debt Fund  - DIRECT - IDCW,Aditya Birla Sun Life Mutual Fund,Debt Scheme - Banking and PSU Fund,2020-03-13,146.4248
119551,Aditya Birla Sun Life Banking & PSU Debt Fund  - DIRECT - IDCW,Aditya Birla Sun Life Mutual Fund,Debt Scheme - Banking and PSU Fund,2020-03-16,146.3857
119551,Aditya Birla Sun Life Banking & PSU Debt Fund  - DIRECT - IDCW,Aditya Birla Sun Life Mutual Fund,Debt Scheme - Banking and PSU Fund,2020-03-17,145.7796
119551,Aditya Birla Sun Life Banking & PSU Debt Fund  - DIRECT - IDCW,Aditya Birla Sun Life Mutual Fund,Debt Scheme - Banking and PSU Fund,2020-03-18,145.1779
119551,Aditya Birla Sun Life Banking & PSU Debt Fund  - DIRECT - IDCW,Aditya Birla Sun Life Mutual Fund,Debt Scheme - Banking and PSU Fund,2020-03-19,143.9765
119551,Aditya Birla Sun Life Banking & PSU Debt Fund  - DIRECT - IDCW,Aditya Birla Sun Life Mutual Fund,Debt Scheme - Banking and PSU Fund,2020-03-20,144.6272
119551,Aditya Birla Sun Life Banking & PSU Debt Fund  - DIRECT - IDCW,Aditya Birla Sun Life Mutual Fund,Debt Scheme - Banking and PSU Fund,2020-03-23,143.7194
119551,Aditya Birla Sun Life Banking & PSU Debt Fund  - DIRECT - IDCW,Aditya Birla Sun Life Mutual Fund,Debt Scheme - Banking and PSU Fund,2020-03-24,143.8304
119551,Aditya Birla Sun Life Banking & PSU Debt Fund  - DIRECT - IDCW,Aditya Birla Sun Life Mutual Fund,Debt Scheme - Banking and PSU Fund,2020-03-26,144.1796
119551,Aditya Birla Sun Life Banking & PSU Debt Fund  - DIRECT - IDCW,Aditya Birla Sun Life Mutual Fund,Debt Scheme - Banking and PSU Fund,2020-03-27,147.851
119551,Aditya Birla Sun Life Banking & PSU Debt Fund  - DIRECT - IDCW,Aditya Birla Sun Life Mutual Fund,Debt Scheme - Banking and PSU Fund,2020-03-30,147.6988
119551,Aditya Birla Sun Life Banking & PSU Debt Fund  - DIRECT - IDCW,Aditya Birla Sun Life Mutual Fund,Debt Scheme - Banking and PSU Fund,2020-03-31,148.1709
119551,Aditya Birla Sun Life Banking & PSU Debt Fund  - DIRECT - IDCW,Aditya Birla Sun Life Mutual Fund,Debt Scheme - Banking and PSU Fund,2020-04-03,147.8815
119551,Aditya Birla Sun Life Banking & PSU Debt Fund  - DIRECT - IDCW,Aditya Birla Sun Life Mutual Fund,Debt Scheme - Banking and PSU Fund,2020-04-07,147.1769
119551,Aditya Birla Sun Life Banking & PSU Debt Fund  - DIRECT - IDCW,Aditya Birla Sun Life Mutual Fund,Debt Scheme - Banking and PSU Fund,2020-04-08,146.4112
119551,Aditya Birla Sun Life Banking & PSU Debt Fund  - DIRECT - IDCW,Aditya Birla Sun Life Mutual Fund,Debt Scheme - Banking and PSU Fund,2020-04-09,146.4196
119551,Aditya Birla Sun Life Banking & PSU Debt Fund  - DIRECT - IDCW,Aditya Birla Sun Life Mutual Fund,Debt Scheme - Banking and PSU Fund,2020-04-13,146.5785
119551,Aditya Birla Sun Life Banking & PSU Debt Fund  - DIRECT - IDCW,Aditya Birla Sun Life Mutual Fund,Debt Scheme - Banking and PSU Fund,2020-04-15,146.8633
119551,Aditya Birla Sun Life Banking & PSU Debt Fund  - DIRECT - IDCW,Aditya Birla Sun Life Mutual Fund,Debt Scheme - Banking and PSU Fund,2020-04-16,147.1239
119551,Aditya Birla Sun Life Banking & PSU Debt Fund  - DIRECT - IDCW,Aditya Birla Sun Life Mutual Fund,Debt Scheme - Banking and PSU Fund,2020-04-17,147.947
119551,Aditya Birla Sun Life Banking & PSU Debt Fund  - DIRECT - IDCW,Aditya Birla Sun Life Mutual Fund,Debt Scheme - Banking and PSU Fund,2020-04-20,148.7201
119551,Aditya Birla Sun Life Banking & PSU Debt Fund  - DIRECT - IDCW,Aditya Birla Sun Life Mutual Fund,Debt Scheme - Banking and PSU Fund,2020-04-21,149.0212
119551,Aditya Birla Sun Life Banking & PSU Debt Fund  - DIRECT - IDCW,Aditya Birla Sun Life Mutual Fund,Debt Scheme - Banking and PSU Fund,2020-04-22,149.0793
119551,Aditya Birla Sun Life Banking & PSU Debt Fund  - DIRECT - IDCW,Aditya Birla Sun Life Mutual Fund,Debt Scheme - Banking and PSU Fund,2020-04-23,149.5527
119551,Aditya Birla Sun Life Banking & PSU Debt Fund  - DIRECT - IDCW,Aditya Birla Sun Life Mutual Fund,Debt Scheme - Banking and PSU Fund,2020-04-24,148.6647
119551,Aditya Birla Sun Life Banking & PSU Debt Fund  - DIRECT - IDCW,Aditya Birla Sun Life Mutual Fund,Debt Scheme - Banking and PSU Fund,2020-04-27,148.6922
119551,Aditya Birla Sun Life Banking & PSU Debt Fund  - DIRECT - IDCW,Aditya Birla Sun Life Mutual Fund,Debt Scheme - Banking and PSU Fund,2020-04-28,148.5148
119551,Aditya Birla Sun Life Banking & PSU Debt Fund  - DIRECT - IDCW,Aditya Birla Sun Life Mutual Fund,Debt Scheme - Banking and PSU Fund,2020-04-29,148.549
119551,Aditya Birla Sun Life Banking & PSU Debt Fund  - DIRECT - IDCW,Aditya Birla Sun Life Mutual Fund,Debt Scheme - Banking and PSU Fund,2020-04-30,148.6556
119551,Aditya Birla Sun Life Banking & PSU Debt Fund  - DIRECT - IDCW,Aditya Birla Sun Life Mutual Fund,Debt Scheme - Banking and PSU Fund,2020-05-04,149.0855
119551,Aditya Birla Sun Life Banking & PSU Debt Fund  - DIRECT - IDCW,Aditya Birla Sun Life Mutual Fund,Debt Scheme - Banking and PSU Fund,2020-05-05,149.4229
119551,Aditya Birla Sun Life Banking & PSU Debt Fund  - DIRECT - IDCW,Aditya Birla Sun Life Mutual Fund,Debt Scheme - Banking and PSU Fund,2020-05-06,149.8549
119551,Aditya Birla Sun Life Banking & PSU Debt Fund  - DIRECT - IDCW,Aditya Birla Sun Life Mutual Fund,Debt Scheme - Banking and PSU Fund,2020-05-08,150.1326
119551,Aditya Birla Sun Life Banking & PSU Debt Fund  - DIRECT - IDCW,Aditya Birla Sun Life Mutual Fund,Debt Scheme - Banking and PSU Fund,2020-05-11,149.6699
119551,Aditya Birla Sun Life Banking & PSU Debt Fund  - DIRECT - IDCW,Aditya Birla Sun Life Mutual Fund,Debt Scheme - Banking and PSU Fund,2020-05-12,149.9687
119551,Aditya Birla Sun Life Banking & PSU Debt Fund  - DIRECT - IDCW,Aditya Birla Sun Life Mutual Fund,Debt Scheme - Banking and PSU Fund,2020-05-13,150.1633
119551,Aditya Birla Sun Life Banking & PSU Debt Fund  - DIRECT - IDCW,Aditya Birla Sun Life Mutual Fund,Debt Scheme - Banking and PSU Fund,2020-05-14,150.5497
119551,Aditya Birla Sun Life Banking & PSU Debt Fund  - DIRECT - IDCW,Aditya Birla Sun Life Mutual Fund,Debt Scheme - Banking and PSU Fund,2020-05-15,150.5483
119551,Aditya Birla Sun Life Banking & PSU Debt Fund  - DIRECT - IDCW,Aditya Birla Sun Life Mutual Fund,Debt Scheme - Banking and PSU Fund,2020-05-18,150.7375
119551,Aditya Birla Sun Life Banking & PSU Debt Fund  - DIRECT - IDCW,Aditya Birla Sun Life Mutual Fund,Debt Scheme - Banking and PSU Fund,2020-05-19,150.8998
119551,Aditya Birla Sun Life Banking & PSU Debt Fund  - DIRECT - IDCW,Aditya Birla Sun Life Mutual Fund,Debt Scheme - Banking and PSU Fund,2020-05-20,151.0347
119551,Aditya Birla Sun Life Banking & PSU Debt Fund  - DIRECT - IDCW,Aditya Birla Sun Life Mutual Fund,Debt Scheme - Banking and PSU Fund,2020-05-21,151.1568
119551,Aditya Birla Sun Life Banking & PSU Debt Fund  - DIRECT - IDCW,Aditya Birla Sun Life Mutual Fund,Debt Scheme - Banking and PSU Fund,2020-05-22,151.835
119551,Aditya Birla Sun Life Banking & PSU Debt Fund  - DIRECT - IDCW,Aditya Birla Sun Life Mutual Fund,Debt Scheme - Banking and PSU Fund,2020-05-26,151.9123
119551,Aditya Birla Sun Life Banking & PSU Debt Fund  - DIRECT - IDCW,Aditya Birla Sun Life Mutual Fund,Debt Scheme - Banking and PSU Fund,2020-05-27,151.8831
119551,Aditya Birla Sun Life Banking & PSU Debt Fund  - DIRECT - IDCW,Aditya Birla Sun Life Mutual Fund,Debt Scheme - Banking and PSU Fund,2020-05-28,151.8499
119551,Aditya Birla Sun Life Banking & PSU Debt Fund  - DIRECT - IDCW,Aditya Birla Sun Life Mutual Fund,Debt Scheme - Banking and PSU Fund,2020-05-29,151.8458
119551,Aditya Birla Sun Life Banking & PSU Debt Fund  - DIRECT - IDCW,Aditya Birla Sun Life Mutual Fund,Debt Scheme - Banking and PSU Fund,2020-06-01,151.7027
119551,Aditya Birla Sun Life Banking & PSU Debt Fund  - DIRECT - IDCW,Aditya Birla Sun Life Mutual Fund,Debt Scheme - Banking and PSU Fund,2020-06-02,151.5887
119551,Aditya Birla Sun Life Banking & PSU Debt Fund  - DIRECT - IDCW,Aditya Birla Sun Life Mutual Fund,Debt Scheme - Banking and PSU Fund,2020-06-03,151.7291
119551,Aditya Birla Sun Life Banking & PSU Debt Fund  - DIRECT - IDCW,Aditya Birla Sun Life Mutual Fund,Debt Scheme - Banking and PSU Fund,2020-06-04,151.7144
119551,Aditya Birla Sun Life Banking & PSU Debt Fund  - DIRECT - IDCW,Aditya Birla Sun Life Mutual Fund,Debt Scheme - Banking and PSU Fund,2020-06-05,151.7947
119551,Aditya Birla Sun Life Banking & PSU Debt Fund  - DIRECT - IDCW,Aditya Birla Sun Life Mutual Fund,Debt Scheme - Banking and PSU Fund,2020-06-08,151.7545
119551,Aditya Birla Sun Life Banking & PSU Debt Fund  - DIRECT - IDCW,Aditya Birla Sun Life Mutual Fund,Debt Scheme - Banking and PSU Fund,2020-06-09,151.8323
119551,Aditya Birla Sun Life Banking & PSU Debt Fund  - DIRECT - IDCW,Aditya Birla Sun Life Mutual Fund,Debt Scheme - Banking and PSU Fund,2020-06-10,151.9285
119551,Aditya Birla Sun Life Banking & PSU Debt Fund  - DIRECT - IDCW,Aditya Birla Sun Life Mutual Fund,Debt Scheme - Banking and PSU Fund,2020-06-11,152.0797
119551,Aditya Birla Sun Life Banking & PSU Debt Fund  - DIRECT - IDCW,Aditya Birla Sun Life Mutual Fund,Debt Scheme - Banking and PSU Fund,2020-06-12,152.1202
119551,Aditya Birla Sun Life Banking & PSU Debt Fund  - DIRECT - IDCW,Aditya Birla Sun Life Mutual Fund,Debt Scheme - Banking and PSU Fund,2020-06-15,152.2922
119551,Aditya Birla Sun Life Banking & PSU Debt Fund  - DIRECT - IDCW,Aditya Birla Sun Life Mutual Fund,Debt Scheme - Banking and PSU Fund,2020-06-16,152.463
119551,Aditya Birla Sun Life Banking & PSU Debt Fund  - DIRECT - IDCW,Aditya Birla Sun Life Mutual Fund,Debt Scheme - Banking and PSU Fund,2020-06-17,152.6873
119551,Aditya Birla Sun Life Banking & PSU Debt Fund  - DIRECT - IDCW,Aditya Birla Sun Life Mutual Fund,Debt Scheme - Banking and PSU Fund,2020-06-18,152.9942
119551,Aditya Birla Sun Life Banking & PSU Debt Fund  - DIRECT - IDCW,Aditya Birla Sun Life Mutual Fund,Debt Scheme - Banking and PSU Fund,2020-06-19,153.2792
119551,Aditya Birla Sun Life Banking & PSU Debt Fund  - DIRECT - IDCW,Aditya Birla Sun Life Mutual Fund,Debt Scheme - Banking and PSU Fund,2020-06-22,153.438
119551,Aditya Birla Sun Life Banking & PSU Debt Fund  - DIRECT - IDCW,Aditya Birla Sun Life Mutual Fund,Debt Scheme - Banking and PSU Fund,2020-06-23,153.6661
119551,Aditya Birla Sun Life Banking & PSU Debt Fund  - DIRECT - IDCW,Aditya Birla Sun Life Mutual Fund,Debt Scheme - Banking and PSU Fund,2020-06-24,153.6871
119551,Aditya Birla Sun Life Banking & PSU Debt Fund  - DIRECT - IDCW,Aditya Birla Sun Life Mutual Fund,Debt Scheme - Banking and PSU Fund,2020-06-25,153.8658
119551,Aditya Birla Sun Life Banking & PSU Debt Fund  - DIRECT - IDCW,Aditya Birla Sun Life Mutual Fund,Debt Scheme - Banking and PSU Fund,2020-06-26,154.0384
119551,Aditya Birla Sun Life Banking & PSU Debt Fund  - DIRECT - IDCW,Aditya Birla Sun Life Mutual Fund,Debt Scheme - Banking and PSU Fund,2020-06-29,154.1954
119551,Aditya Birla Sun Life Banking & PSU Debt Fund  - DIRECT - IDCW,Aditya Birla Sun Life Mutual Fund,Debt Scheme - Banking and PSU Fund,2020-06-30,154.3407
119551,Aditya Birla Sun Life Banking & PSU Debt Fund  - DIRECT - IDCW,Aditya Birla Sun Life Mutual Fund,Debt Scheme - Banking and PSU Fund,2020-07-01,154.4707
119551,Aditya Birla Sun Life Banking & PSU Debt Fund  - DIRECT - IDCW,Aditya Birla Sun Life Mutual Fund,Debt Scheme - Banking and PSU Fund,2020-07-02,154.6381
119551,Aditya Birla Sun Life Banking & PSU Debt Fund  - DIRECT - IDCW,Aditya Birla Sun Life Mutual Fund,Debt Scheme - Banking and PSU Fund,2020-07-03,154.7628
119551,Aditya Birla Sun Life Banking & PSU Debt Fund  - DIRECT - IDCW,Aditya Birla Sun Life Mutual Fund,Debt Scheme - Banking and PSU Fund,2020-07-06,154.9799
119551,Aditya Birla Sun Life Banking & PSU Debt Fund  - DIRECT - IDCW,Aditya Birla Sun Life Mutual Fund,Debt Scheme - Banking and PSU Fund,2020-07-07,155.2208
119551,Aditya Birla Sun Life Banking & PSU Debt Fund  - DIRECT - IDCW,Aditya Birla Sun Life Mutual Fund,Debt Scheme - Banking and PSU Fund,2020-07-08,155.4959
119551,Aditya Birla Sun Life Banking & PSU Debt Fund  - DIRECT - IDCW,Aditya Birla Sun Life Mutual Fund,Debt Scheme - Banking and PSU Fund,2020-07-09,155.6112
119551,Aditya Birla Sun Life Banking & PSU Debt Fund  - DIRECT - IDCW,Aditya Birla Sun Life Mutual Fund,Debt Scheme - Banking and PSU Fund,2020-07-10,155.929
119551,Aditya Birla Sun Life Banking & PSU Debt Fund  - DIRECT - IDCW,Aditya Birla Sun Life Mutual Fund,Debt Scheme - Banking and PSU Fund,2020-07-13,156.0307
119551,Aditya Birla Sun Life Banking & PSU Debt Fund  - DIRECT - IDCW,Aditya Birla Sun Life Mutual Fund,Debt Scheme - Banking and PSU Fund,2020-07-14,155.9369
119551,Aditya Birla Sun Life Banking & PSU Debt Fund  - DIRECT - IDCW,Aditya Birla Sun Life Mutual Fund,Debt Scheme - Banking and PSU Fund,2020-07-15,156.1332
119551,Aditya Birla Sun Life Banking & PSU Debt Fund  - DIRECT - IDCW,Aditya Birla Sun Life Mutual Fund,Debt Scheme - Banking and PSU Fund,2020-07-16,156.1683
119551,Aditya Birla Sun Life Banking & PSU Debt Fund  - DIRECT - IDCW,Aditya Birla Sun Life Mutual Fund,Debt Scheme - Banking and PSU Fund,2020-07-17,156.2261
119551,Aditya Birla Sun Life Banking & PSU Debt Fund  - DIRECT - IDCW,Aditya Birla Sun Life Mutual Fund,Debt Scheme - Banking and PSU Fund,2020-07-20,156.312
119551,Aditya Birla Sun Life Banking & PSU Debt Fund  - DIRECT - IDCW,Aditya Birla Sun Life Mutual Fund,Debt Scheme - Banking and PSU Fund,2020-07-21,156.218
119551,Aditya Birla Sun Life Banking & PSU Debt Fund  - DIRECT - IDCW,Aditya Birla Sun Life Mutual Fund,Debt Scheme - Banking and PSU Fund,2020-07-22,156.1462
119551,Aditya Birla Sun Life Banking & PSU Debt Fund  - DIRECT - IDCW,Aditya Birla Sun Life Mutual Fund,Debt Scheme - Banking and PSU Fund,2020-07-23,156.2261
119551,Aditya Birla Sun Life Banking & PSU Debt Fund  - DIRECT - IDCW,Aditya Birla Sun Life Mutual Fund,Debt Scheme - Banking and PSU Fund,2020-07-24,156.2363
119551,Aditya Birla Sun Life Banking & PSU Debt Fund  - DIRECT - IDCW,Aditya Birla Sun Life Mutual Fund,Debt Scheme - Banking and PSU Fund,2020-07-27,156.1419
119551,Aditya Birla Sun Life Banking & PSU Debt Fund  - DIRECT - IDCW,Aditya Birla Sun Life Mutual Fund,Debt Scheme - Banking and PSU Fund,2020-07-28,156.0234
119551,Aditya Birla Sun Life Banking & PSU Debt Fund  - DIRECT - IDCW,Aditya Birla Sun Life Mutual Fund,Debt Scheme - Banking and PSU Fund,2020-07-29,156.0698
119551,Aditya Birla Sun Life Banking & PSU Debt Fund  - DIRECT - IDCW,Aditya Birla Sun Life Mutual Fund,Debt Scheme - Banking and PSU Fund,2020-07-30,156.1385
119551,Aditya Birla Sun Life Banking & PSU Debt Fund  - DIRECT - IDCW,Aditya Birla Sun Life Mutual Fund,Debt Scheme - Banking and PSU Fund,2020-07-31,156.2908
119551,Aditya Birla Sun Life Banking & PSU Debt Fund  - DIRECT - IDCW,Aditya Birla Sun Life Mutual Fund,Debt Scheme - Banking and PSU Fund,2020-08-03,156.3569
119551,Aditya Birla Sun Life Banking & PSU Debt Fund  - DIRECT - IDCW,Aditya Birla Sun Life Mutual Fund,Debt Scheme - Banking and PSU Fund,2020-08-04,156.4151
119551,Aditya Birla Sun Life Banking & PSU Debt Fund  - DIRECT - IDCW,Aditya Birla Sun Life Mutual Fund,Debt Scheme - Banking and PSU Fund,2020-08-05,156.4515
119551,Aditya Birla Sun Life Banking & PSU Debt Fund  - DIRECT - IDCW,Aditya Birla Sun Life Mutual Fund,Debt Scheme - Banking and PSU Fund,2020-08-06,156.273
119551,Aditya Birla Sun Life Banking & PSU Debt Fund  - DIRECT - IDCW,Aditya Birla Sun Life Mutual Fund,Debt Scheme - Banking and PSU Fund,2020-08-07,156.1963
119551,Aditya Birla Sun Life Banking & PSU Debt Fund  - DIRECT - IDCW,Aditya Birla Sun Life Mutual Fund,Debt Scheme - Banking and PSU Fund,2020-08-10,156.1579
119551,Aditya Birla Sun Life Banking & PSU Debt Fund  - DIRECT - IDCW,Aditya Birla Sun Life Mutual Fund,Debt Scheme - Banking and PSU Fund,2020-08-11,156.1703
119551,Aditya Birla Sun Life Banking & PSU Debt Fund  - DIRECT - IDCW,Aditya Birla Sun Life Mutual Fund,Debt Scheme - Banking and PSU Fund,2020-08-12,156.1023
119551,Aditya Birla Sun Life Banking & PSU Debt Fund  - DIRECT - IDCW,Aditya Birla Sun Life Mutual Fund,Debt Scheme - Banking and PSU Fund,2020-08-13,156.2204
119551,Aditya Birla Sun Life Banking & PSU Debt Fund  - DIRECT - IDCW,Aditya Birla Sun Life Mutual Fund,Debt Scheme - Banking and PSU Fund,2020-08-14,156.1109
119551,Aditya Birla Sun Life Banking & PSU Debt Fund  - DIRECT - IDCW,Aditya Birla Sun Life Mutual Fund,Debt Scheme - Banking and PSU Fund,2020-08-17,156.1178
119551,Aditya Birla Sun Life Banking & PSU Debt Fund  - DIRECT - IDCW,Aditya Birla Sun Life Mutual Fund,Debt Scheme - Banking and PSU Fund,2020-08-18,156.0848
119551,Aditya Birla Sun Life Banking & PSU Debt Fund  - DIRECT - IDCW,Aditya Birla Sun Life Mutual Fund,Debt Scheme - Banking and PSU Fund,2020-08-19,156.0408
119551,Aditya Birla Sun Life Banking & PSU Debt Fund  - DIRECT - IDCW,Aditya Birla Sun Life Mutual Fund,Debt Scheme - Banking and PSU Fund,2020-08-20,156.1183
119551,Aditya Birla Sun Life Banking & PSU Debt Fund  - DIRECT - IDCW,Aditya Birla Sun Life Mutual Fund,Debt Scheme - Banking and PSU Fund,2020-08-21,155.6426
119551,Aditya Birla Sun Life Banking & PSU Debt Fund  - DIRECT - IDCW,Aditya Birla Sun Life Mutual Fund,Debt Scheme - Banking and PSU Fund,2020-08-24,155.3393
119551,Aditya Birla Sun Life Banking & PSU Debt Fund  - DIRECT - IDCW,Aditya Birla Sun Life Mutual Fund,Debt Scheme - Banking and PSU Fund,2020-08-25,155.4841
119551,Aditya Birla Sun Life Banking & PSU Debt Fund  - DIRECT - IDCW,Aditya Birla Sun Life Mutual Fund,Debt Scheme - Banking and PSU Fund,2020-08-26,155.3989
119551,Aditya Birla Sun Life Banking & PSU Debt Fund  - DIRECT - IDCW,Aditya Birla Sun Life Mutual Fund,Debt Scheme - Banking and PSU Fund,2020-08-27,155.293
119551,Aditya Birla Sun Life Banking & PSU Debt Fund  - DIRECT - IDCW,Aditya Birla Sun Life Mutual Fund,Debt Scheme - Banking and PSU Fund,2020-08-28,155.1542
119551,Aditya Birla Sun Life Banking & PSU Debt Fund  - DIRECT - IDCW,Aditya Birla Sun Life Mutual Fund,Debt Scheme - Banking and PSU Fund,2020-08-31,155.7972
119551,Aditya Birla Sun Life Banking & PSU Debt Fund  - DIRECT - IDCW,Aditya Birla Sun Life Mutual Fund,Debt Scheme - Banking and PSU Fund,2020-09-01,156.4621
119551,Aditya Birla Sun Life Banking & PSU Debt Fund  - DIRECT - IDCW,Aditya Birla Sun Life Mutual Fund,Debt Scheme - Banking and PSU Fund,2020-09-02,156.5163
119551,Aditya Birla Sun Life Banking & PSU Debt Fund  - DIRECT - IDCW,Aditya Birla Sun Life Mutual Fund,Debt Scheme - Banking and PSU Fund,2020-09-03,156.7417
119551,Aditya Birla Sun Life Banking & PSU Debt Fund  - DIRECT - IDCW,Aditya Birla Sun Life Mutual Fund,Debt Scheme - Banking and PSU Fund,2020-09-04,156.774
119551,Aditya Birla Sun Life Banking & PSU Debt Fund  - DIRECT - IDCW,Aditya Birla Sun Life Mutual Fund,Debt Scheme - Banking and PSU Fund,2020-09-07,156.5535
119551,Aditya Birla Sun Life Banking & PSU Debt Fund  - DIRECT - IDCW,Aditya Birla Sun Life Mutual Fund,Debt Scheme - Banking and PSU Fund,2020-09-08,156.1916
119551,Aditya Birla Sun Life Banking & PSU Debt Fund  - DIRECT - IDCW,Aditya Birla Sun Life Mutual Fund,Debt Scheme - Banking and PSU Fund,2020-09-09,156.2123
119551,Aditya Birla Sun Life Banking & PSU Debt Fund  - DIRECT - IDCW,Aditya Birla Sun Life Mutual Fund,Debt Scheme - Banking and PSU Fund,2020-09-10,156.1513
119551,Aditya Birla Sun Life Banking & PSU Debt Fund  - DIRECT - IDCW,Aditya Birla Sun Life Mutual Fund,Debt Scheme - Banking and PSU Fund,2020-09-11,156.1152
119551,Aditya Birla Sun Life Banking & PSU Debt Fund  - DIRECT - IDCW,Aditya Birla Sun Life Mutual Fund,Debt Scheme - Banking and PSU Fund,2020-09-14,156.1284
119551,Aditya Birla Sun Life Banking & PSU Debt Fund  - DIRECT - IDCW,Aditya Birla Sun Life Mutual Fund,Debt Scheme - Banking and PSU Fund,2020-09-15,156.0004
119551,Aditya Birla Sun Life Banking & PSU Debt Fund  - DIRECT - IDCW,Aditya Birla Sun Life Mutual Fund,Debt Scheme - Banking and PSU Fund,2020-09-16,156.1146
119551,Aditya Birla Sun Life Banking & PSU Debt Fund  - DIRECT - IDCW,Aditya Birla Sun Life Mutual Fund,Debt Scheme - Banking and PSU Fund,2020-09-17,156.1649
119551,Aditya Birla Sun Life Banking & PSU Debt Fund  - DIRECT - IDCW,Aditya Birla Sun Life Mutual Fund,Debt Scheme - Banking and PSU Fund,2020-09-18,156.2039
119551,Aditya Birla Sun Life Banking & PSU Debt Fund  - DIRECT - IDCW,Aditya Birla Sun Life Mutual Fund,Debt Scheme - Banking and PSU Fund,2020-09-21,156.2995
119551,Aditya Birla Sun Life Banking & PSU Debt Fund  - DIRECT - IDCW,Aditya Birla Sun Life Mutual Fund,Debt Scheme - Banking and PSU Fund,2020-09-22,156.3459
119551,Aditya Birla Sun Life Banking & PSU Debt Fund  - DIRECT - IDCW,Aditya Birla Sun Life Mutual Fund,Debt Scheme - Banking and PSU Fund,2020-09-23,156.4026
119551,Aditya Birla Sun Life Banking & PSU Debt Fund  - DIRECT - IDCW,Aditya Birla Sun Life Mutual Fund,Debt Scheme - Banking and PSU Fund,2020-09-24,156.37
119551,Aditya Birla Sun Life Banking & PSU Debt Fund  - DIRECT - IDCW,Aditya Birla Sun Life Mutual Fund,Debt Scheme - Banking and PSU Fund,2020-09-25,156.3293
119551,Aditya Birla Sun Life Banking & PSU Debt Fund  - DIRECT - IDCW,Aditya Birla Sun Life Mutual Fund,Debt Scheme - Banking and PSU Fund,2020-09-28,156.3511
119551,Aditya Birla Sun Life Banking & PSU Debt Fund  - DIRECT - IDCW,Aditya Birla Sun Life Mutual Fund,Debt Scheme - Banking and PSU Fund,2020-09-29,156.3187
119551,Aditya Birla Sun Life Banking & PSU Debt Fund  - DIRECT - IDCW,Aditya Birla Sun Life Mutual Fund,Debt Scheme - Banking and PSU Fund,2020-09-30,156.4483
119551,Aditya Birla Sun Life Banking & PSU Debt Fund  - DIRECT - IDCW,Aditya Birla Sun Life Mutual Fund,Debt Scheme - Banking and PSU Fund,2020-10-01,156.6388
119551,Aditya Birla Sun Life Banking & PSU Debt Fund  - DIRECT - IDCW,Aditya Birla Sun Life Mutual Fund,Debt Scheme - Banking and PSU Fund,2020-10-05,156.763
119551,Aditya Birla Sun Life Banking & PSU Debt Fund  - DIRECT - IDCW,Aditya Birla Sun Life Mutual Fund,Debt Scheme - Banking and PSU Fund,2020-10-06,156.8394
119551,Aditya Birla Sun Life Banking & PSU Debt Fund  - DIRECT - IDCW,Aditya Birla Sun Life Mutual Fund,Debt Scheme - Banking and PSU Fund,2020-10-07,156.9459
119551,Aditya Birla Sun Life Banking & PSU Debt Fund  - DIRECT - IDCW,Aditya Birla Sun Life Mutual Fund,Debt Scheme - Banking and PSU Fund,2020-10-08,157.086
119551,Aditya Birla Sun Life Banking & PSU Debt Fund  - DIRECT - IDCW,Aditya Birla Sun Life Mutual Fund,Debt Scheme - Banking and PSU Fund,2020-10-09,157.7498
119551,Aditya Birla Sun Life Banking & PSU Debt Fund  - DIRECT - IDCW,Aditya Birla Sun Life Mutual Fund,Debt Scheme - Banking and PSU Fund,2020-10-12,157.882
119551,Aditya Birla Sun Life Banking & PSU Debt Fund  - DIRECT - IDCW,Aditya Birla Sun Life Mutual Fund,Debt Scheme - Banking and PSU Fund,2020-10-13,158.0762
119551,Aditya Birla Sun Life Banking & PSU Debt Fund  - DIRECT - IDCW,Aditya Birla Sun Life Mutual Fund,Debt Scheme - Banking and PSU Fund,2020-10-14,158.1982
119551,Aditya Birla Sun Life Banking & PSU Debt Fund  - DIRECT - IDCW,Aditya Birla Sun Life Mutual Fund,Debt Scheme - Banking and PSU Fund,2020-10-15,158.3381
119551,Aditya Birla Sun Life Banking & PSU Debt Fund  - DIRECT - IDCW,Aditya Birla Sun Life Mutual Fund,Debt Scheme - Banking and PSU Fund,2020-10-16,158.3327
119551,Aditya Birla Sun Life Banking & PSU Debt Fund  - DIRECT - IDCW,Aditya Birla Sun Life Mutual Fund,Debt Scheme - Banking and PSU Fund,2020-10-19,158.4601
119551,Aditya Birla Sun Life Banking & PSU Debt Fund  - DIRECT - IDCW,Aditya Birla Sun Life Mutual Fund,Debt Scheme - Banking and PSU Fund,2020-10-20,158.5896
119551,Aditya Birla Sun Life Banking & PSU Debt Fund  - DIRECT - IDCW,Aditya Birla Sun Life Mutual Fund,Debt Scheme - Banking and PSU Fund,2020-10-21,158.5983
119551,Aditya Birla Sun Life Banking & PSU Debt Fund  - DIRECT - IDCW,Aditya Birla Sun Life Mutual Fund,Debt Scheme - Banking and PSU Fund,2020-10-22,158.5705
119551,Aditya Birla Sun Life Banking & PSU Debt Fund  - DIRECT - IDCW,Aditya Birla Sun Life Mutual Fund,Debt Scheme - Banking and PSU Fund,2020-10-23,158.6936
119551,Aditya Birla Sun Life Banking & PSU Debt Fund  - DIRECT - IDCW,Aditya Birla Sun Life Mutual Fund,Debt Scheme - Banking and PSU Fund,2020-10-26,158.8975
119551,Aditya Birla Sun Life Banking & PSU Debt Fund  - DIRECT - IDCW,Aditya Birla Sun Life Mutual Fund,Debt Scheme - Banking and PSU Fund,2020-10-27,158.8713
119551,Aditya Birla Sun Life Banking & PSU Debt Fund  - DIRECT - IDCW,Aditya Birla Sun Life Mutual Fund,Debt Scheme - Banking and PSU Fund,2020-10-28,158.857
119551,Aditya Birla Sun Life Banking & PSU Debt Fund  - DIRECT - IDCW,Aditya Birla Sun Life Mutual Fund,Debt Scheme - Banking and PSU Fund,2020-10-29,158.8367
119551,Aditya Birla Sun Life Banking & PSU Debt Fund  - DIRECT - IDCW,Aditya Birla Sun Life Mutual Fund,Debt Scheme - Banking and PSU Fund,2020-11-02,158.9295
119551,Aditya Birla Sun Life Banking & PSU Debt Fund  - DIRECT - IDCW,Aditya Birla Sun Life Mutual Fund,Debt Scheme - Banking and PSU Fund,2020-11-03,158.9366
119551,Aditya Birla Sun Life Banking & PSU Debt Fund  - DIRECT - IDCW,Aditya Birla Sun Life Mutual Fund,Debt Scheme - Banking and PSU Fund,2020-11-04,158.9374
119551,Aditya Birla Sun Life Banking & PSU Debt Fund  - DIRECT - IDCW,Aditya Birla Sun Life Mutual Fund,Debt Scheme - Banking and PSU Fund,2020-11-05,159.1355
119551,Aditya Birla Sun Life Banking & PSU Debt Fund  - DIRECT - IDCW,Aditya Birla Sun Life Mutual Fund,Debt Scheme - Banking and PSU Fund,2020-11-06,159.2468
119551,Aditya Birla Sun Life Banking & PSU Debt Fund  - DIRECT - IDCW,Aditya Birla Sun Life Mutual Fund,Debt Scheme - Banking and PSU Fund,2020-11-09,159.2568
119551,Aditya Birla Sun Life Banking & PSU Debt Fund  - DIRECT - IDCW,Aditya Birla Sun Life Mutual Fund,Debt Scheme - Banking and PSU Fund,2020-11-10,159.229
119551,Aditya Birla Sun Life Banking & PSU Debt Fund  - DIRECT - IDCW,Aditya Birla Sun Life Mutual Fund,Debt Scheme - Banking and PSU Fund,2020-11-11,159.2531
119551,Aditya Birla Sun Life Banking & PSU Debt Fund  - DIRECT - IDCW,Aditya Birla Sun Life Mutual Fund,Debt Scheme - Banking and PSU Fund,2020-11-12,159.3624
119551,Aditya Birla Sun Life Banking & PSU Debt Fund  - DIRECT - IDCW,Aditya Birla Sun Life Mutual Fund,Debt Scheme - Banking and PSU Fund,2020-11-13,159.4146
119551,Aditya Birla Sun Life Banking & PSU Debt Fund  - DIRECT - IDCW,Aditya Birla Sun Life Mutual Fund,Debt Scheme - Banking and PSU Fund,2020-11-17,159.5333
119551,Aditya Birla Sun Life Banking & PSU Debt Fund  - DIRECT - IDCW,Aditya Birla Sun Life Mutual Fund,Debt Scheme - Banking and PSU Fund,2020-11-18,159.5898
119551,Aditya Birla Sun Life Banking & PSU Debt Fund  - DIRECT - IDCW,Aditya Birla Sun Life Mutual Fund,Debt Scheme - Banking and PSU Fund,2020-11-19,159.7636
119551,Aditya Birla Sun Life Banking & PSU Debt Fund  - DIRECT - IDCW,Aditya Birla Sun Life Mutual Fund,Debt Scheme - Banking and PSU Fund,2020-11-20,159.8527
119551,Aditya Birla Sun Life Banking & PSU Debt Fund  - DIRECT - IDCW,Aditya Birla Sun Life Mutual Fund,Debt Scheme - Banking and PSU Fund,2020-11-23,159.9304
119551,Aditya Birla Sun Life Banking & PSU Debt Fund  - DIRECT - IDCW,Aditya Birla Sun Life Mutual Fund,Debt Scheme - Banking and PSU Fund,2020-11-24,159.983
119551,Aditya Birla Sun Life Banking & PSU Debt Fund  - DIRECT - IDCW,Aditya Birla Sun Life Mutual Fund,Debt Scheme - Banking and PSU Fund,2020-11-25,160.1039
119551,Aditya Birla Sun Life Banking & PSU Debt Fund  - DIRECT - IDCW,Aditya Birla Sun Life Mutual Fund,Debt Scheme - Banking and PSU Fund,2020-11-26,160.2708
119551,Aditya Birla Sun Life Banking & PSU Debt Fund  - DIRECT - IDCW,Aditya Birla Sun Life Mutual Fund,Debt Scheme - Banking and PSU Fund,2020-11-27,160.2778
119551,Aditya Birla Sun Life Banking & PSU Debt Fund  - DIRECT - IDCW,Aditya Birla Sun Life Mutual Fund,Debt Scheme - Banking and PSU Fund,2020-12-01,160.2519
119551,Aditya Birla Sun Life Banking & PSU Debt Fund  - DIRECT - IDCW,Aditya Birla Sun Life Mutual Fund,Debt Scheme - Banking and PSU Fund,2020-12-02,160.1204
119551,Aditya Birla Sun Life Banking & PSU Debt Fund  - DIRECT - IDCW,Aditya Birla Sun Life Mutual Fund,Debt Scheme - Banking and PSU Fund,2020-12-03,160.1281
119551,Aditya Birla Sun Life Banking & PSU Debt Fund  - DIRECT - IDCW,Aditya Birla Sun Life Mutual Fund,Debt Scheme - Banking and PSU Fund,2020-12-04,160.3103
119551,Aditya Birla Sun Life Banking & PSU Debt Fund  - DIRECT - IDCW,Aditya Birla Sun Life Mutual Fund,Debt Scheme - Banking and PSU Fund,2020-12-07,160.3502
119551,Aditya Birla Sun Life Banking & PSU Debt Fund  - DIRECT - IDCW,Aditya Birla Sun Life Mutual Fund,Debt Scheme - Banking and PSU Fund,2020-12-08,160.3514
119551,Aditya Birla Sun Life Banking & PSU Debt Fund  - DIRECT - IDCW,Aditya Birla Sun Life Mutual Fund,Debt Scheme - Banking and PSU Fund,2020-12-09,160.3147
119551,Aditya Birla Sun Life Banking & PSU Debt Fund  - DIRECT - IDCW,Aditya Birla Sun Life Mutual Fund,Debt Scheme - Banking and PSU Fund,2020-12-10,160.344
119551,Aditya Birla Sun Life Banking & PSU Debt Fund  - DIRECT - IDCW,Aditya Birla Sun Life Mutual Fund,Debt Scheme - Banking and PSU Fund,2020-12-11,160.2922
119551,Aditya Birla Sun Life Banking & PSU Debt Fund  - DIRECT - IDCW,Aditya Birla Sun Life Mutual Fund,Debt Scheme - Banking and PSU Fund,2020-12-14,160.3316
119551,Aditya Birla Sun Life Banking & PSU Debt Fund  - DIRECT - IDCW,Aditya Birla Sun Life Mutual Fund,Debt Scheme - Banking and PSU Fund,2020-12-15,160.3865
119551,Aditya Birla Sun Life Banking & PSU Debt Fund  - DIRECT - IDCW,Aditya Birla Sun Life Mutual Fund,Debt Scheme - Banking and PSU Fund,2020-12-16,160.3832
119551,Aditya Birla Sun Life Banking & PSU Debt Fund  - DIRECT - IDCW,Aditya Birla Sun Life Mutual Fund,Debt Scheme - Banking and PSU Fund,2020-12-17,160.4015
119551,Aditya Birla Sun Life Banking & PSU Debt Fund  - DIRECT - IDCW,Aditya Birla Sun Life Mutual Fund,Debt Scheme - Banking and PSU Fund,2020-12-18,160.4386
119551,Aditya Birla Sun Life Banking & PSU Debt Fund  - DIRECT - IDCW,Aditya Birla Sun Life Mutual Fund,Debt Scheme - Banking and PSU Fund,2020-12-21,160.3923
119551,Aditya Birla Sun Life Banking & PSU Debt Fund  - DIRECT - IDCW,Aditya Birla Sun Life Mutual Fund,Debt Scheme - Banking and PSU Fund,2020-12-22,160.403
119551,Aditya Birla Sun Life Banking & PSU Debt Fund  - DIRECT - IDCW,Aditya Birla Sun Life Mutual Fund,Debt Scheme - Banking and PSU Fund,2020-12-23,160.4658
119551,Aditya Birla Sun Life Banking & PSU Debt Fund  - DIRECT - IDCW,Aditya Birla Sun Life Mutual Fund,Debt Scheme - Banking and PSU Fund,2020-12-24,160.516
119551,Aditya Birla Sun Life Banking & PSU Debt Fund  - DIRECT - IDCW,Aditya Birla Sun Life Mutual Fund,Debt Scheme - Banking and PSU Fund,2020-12-28,160.6676
119551,Aditya Birla Sun Life Banking & PSU Debt Fund  - DIRECT - IDCW,Aditya Birla Sun Life Mutual Fund,Debt Scheme - Banking and PSU Fund,2020-12-29,160.7133
119551,Aditya Birla Sun Life Banking & PSU Debt Fund  - DIRECT - IDCW,Aditya Birla Sun Life Mutual Fund,Debt Scheme - Banking and PSU Fund,2020-12-30,160.7819
119551,Aditya Birla Sun Life Banking & PSU Debt Fund  - DIRECT - IDCW,Aditya Birla Sun Life Mutual Fund,Debt Scheme - Banking and PSU Fund,2020-12-31,160.8071
119551,Aditya Birla Sun Life Banking & PSU Debt Fund  - DIRECT - IDCW,Aditya Birla Sun Life Mutual Fund,Debt Scheme - Banking and PSU Fund,2021-01-01,160.8997
119551,Aditya Birla Sun Life Banking & PSU Debt Fund  - DIRECT - IDCW,Aditya Birla Sun Life Mutual Fund,Debt Scheme - Banking and PSU Fund,2021-01-04,161.0439
119551,Aditya Birla Sun Life Banking & PSU Debt Fund  - DIRECT - IDCW,Aditya Birla Sun Life Mutual Fund,Debt Scheme - Banking and PSU Fund,2021-01-05,161.2313
119551,Aditya Birla Sun Life Banking & PSU Debt Fund  - DIRECT - IDCW,Aditya Birla Sun Life Mutual Fund,Debt Scheme - Banking and PSU Fund,2021-01-06,161.2295
119551,Aditya Birla Sun Life Banking & PSU Debt Fund  - DIRECT - IDCW,Aditya Birla Sun Life Mutual Fund,Debt Scheme - Banking and PSU Fund,2021-01-07,161.2821
119551,Aditya Birla Sun Life Banking & PSU Debt Fund  - DIRECT - IDCW,Aditya Birla Sun Life Mutual Fund,Debt Scheme - Banking and PSU Fund,2021-01-08,161.3775
119551,Aditya Birla Sun Life Banking & PSU Debt Fund  - DIRECT - IDCW,Aditya Birla Sun Life Mutual Fund,Debt Scheme - Banking and PSU Fund,2021-01-11,161.1259
119551,Aditya Birla Sun Life Banking & PSU Debt Fund  - DIRECT - IDCW,Aditya Birla Sun Life Mutual Fund,Debt Scheme - Banking and PSU Fund,2021-01-12,160.9495
119551,Aditya Birla Sun Life Banking & PSU Debt Fund  - DIRECT - IDCW,Aditya Birla Sun Life Mutual Fund,Debt Scheme - Banking and PSU Fund,2021-01-13,160.9046
119551,Aditya Birla Sun Life Banking & PSU Debt Fund  - DIRECT - IDCW,Aditya Birla Sun Life Mutual Fund,Debt Scheme - Banking and PSU Fund,2021-01-14,160.6885
119551,Aditya Birla Sun Life Banking & PSU Debt Fund  - DIRECT - IDCW,Aditya Birla Sun Life Mutual Fund,Debt Scheme - Banking and PSU Fund,2021-01-15,160.6112
119551,Aditya Birla Sun Life Banking & PSU Debt Fund  - DIRECT - IDCW,Aditya Birla Sun Life Mutual Fund,Debt Scheme - Banking and PSU Fund,2021-01-18,160.3776
119551,Aditya Birla Sun Life Banking & PSU Debt Fund  - DIRECT - IDCW,Aditya Birla Sun Life Mutual Fund,Debt Scheme - Banking and PSU Fund,2021-01-19,160.3918
119551,Aditya Birla Sun Life Banking & PSU Debt Fund  - DIRECT - IDCW,Aditya Birla Sun Life Mutual Fund,Debt Scheme - Banking and PSU Fund,2021-01-20,160.4846
119551,Aditya Birla Sun Life Banking & PSU Debt Fund  - DIRECT - IDCW,Aditya Birla Sun Life Mutual Fund,Debt Scheme - Banking and PSU Fund,2021-01-21,160.5205
119551,Aditya Birla Sun Life Banking & PSU Debt Fund  - DIRECT - IDCW,Aditya Birla Sun Life Mutual Fund,Debt Scheme - Banking and PSU Fund,2021-01-22,160.4748
119551,Aditya Birla Sun Life Banking & PSU Debt Fund  - DIRECT - IDCW,Aditya Birla Sun Life Mutual Fund,Debt Scheme - Banking and PSU Fund,2021-01-25,160.5232
119551,Aditya Birla Sun Life Banking & PSU Debt Fund  - DIRECT - IDCW,Aditya Birla Sun Life Mutual Fund,Debt Scheme - Banking and PSU Fund,2021-01-27,160.5509
119551,Aditya Birla Sun Life Banking & PSU Debt Fund  - DIRECT - IDCW,Aditya Birla Sun Life Mutual Fund,Debt Scheme - Banking and PSU Fund,2021-01-28,160.5833
119551,Aditya Birla Sun Life Banking & PSU Debt Fund  - DIRECT - IDCW,Aditya Birla Sun Life Mutual Fund,Debt Scheme - Banking and PSU Fund,2021-01-29,160.5977
119551,Aditya Birla Sun Life Banking & PSU Debt Fund  - DIRECT - IDCW,Aditya Birla Sun Life Mutual Fund,Debt Scheme - Banking and PSU Fund,2021-02-01,160.0612
119551,Aditya Birla Sun Life Banking & PSU Debt Fund  - DIRECT - IDCW,Aditya Birla Sun Life Mutual Fund,Debt Scheme - Banking and PSU Fund,2021-02-02,159.6745
119551,Aditya Birla Sun Life Banking & PSU Debt Fund  - DIRECT - IDCW,Aditya Birla Sun Life Mutual Fund,Debt Scheme - Banking and PSU Fund,2021-02-03,159.7469
119551,Aditya Birla Sun Life Banking & PSU Debt Fund  - DIRECT - IDCW,Aditya Birla Sun Life Mutual Fund,Debt Scheme - Banking and PSU Fund,2021-02-04,159.7473
119551,Aditya Birla Sun Life Banking & PSU Debt Fund  - DIRECT - IDCW,Aditya Birla Sun Life Mutual Fund,Debt Scheme - Banking and PSU Fund,2021-02-05,159.5631
119551,Aditya Birla Sun Life Banking & PSU Debt Fund  - DIRECT - IDCW,Aditya Birla Sun Life Mutual Fund,Debt Scheme - Banking and PSU Fund,2021-02-08,159.6672
119551,Aditya Birla Sun Life Banking & PSU Debt Fund  - DIRECT - IDCW,Aditya Birla Sun Life Mutual Fund,Debt Scheme - Banking and PSU Fund,2021-02-09,159.5233
119551,Aditya Birla Sun Life Banking & PSU Debt Fund  - DIRECT - IDCW,Aditya Birla Sun Life Mutual Fund,Debt Scheme - Banking and PSU Fund,2021-02-10,159.5324
119551,Aditya Birla Sun Life Banking & PSU Debt Fund  - DIRECT - IDCW,Aditya Birla Sun Life Mutual Fund,Debt Scheme - Banking and PSU Fund,2021-02-11,159.676
119551,Aditya Birla Sun Life Banking & PSU Debt Fund  - DIRECT - IDCW,Aditya Birla Sun Life Mutual Fund,Debt Scheme - Banking and PSU Fund,2021-02-12,159.745
119551,Aditya Birla Sun Life Banking & PSU Debt Fund  - DIRECT - IDCW,Aditya Birla Sun Life Mutual Fund,Debt Scheme - Banking and PSU Fund,2021-02-15,159.817
119551,Aditya Birla Sun Life Banking & PSU Debt Fund  - DIRECT - IDCW,Aditya Birla Sun Life Mutual Fund,Debt Scheme - Banking and PSU Fund,2021-02-16,159.8868
119551,Aditya Birla Sun Life Banking & PSU Debt Fund  - DIRECT - IDCW,Aditya Birla Sun Life Mutual Fund,Debt Scheme - Banking and PSU Fund,2021-02-17,159.8489
119551,Aditya Birla Sun Life Banking & PSU Debt Fund  - DIRECT - IDCW,Aditya Birla Sun Life Mutual Fund,Debt Scheme - Banking and PSU Fund,2021-02-18,159.7964
119551,Aditya Birla Sun Life Banking & PSU Debt Fund  - DIRECT - IDCW,Aditya Birla Sun Life Mutual Fund,Debt Scheme - Banking and PSU Fund,2021-02-22,159.5796
119551,Aditya Birla Sun Life Banking & PSU Debt Fund  - DIRECT - IDCW,Aditya Birla Sun Life Mutual Fund,Debt Scheme - Banking and PSU Fund,2021-02-23,159.4945
119551,Aditya Birla Sun Life Banking & PSU Debt Fund  - DIRECT - IDCW,Aditya Birla Sun Life Mutual Fund,Debt Scheme - Banking and PSU Fund,2021-02-24,159.5155
119551,Aditya Birla Sun Life Banking & PSU Debt Fund  - DIRECT - IDCW,Aditya Birla Sun Life Mutual Fund,Debt Scheme - Banking and PSU Fund,2021-02-25,159.5286
119551,Aditya Birla Sun Life Banking & PSU Debt Fund  - DIRECT - IDCW,Aditya Birla Sun Life Mutual Fund,Debt Scheme - Banking and PSU Fund,2021-02-26,151.4836
119551,Aditya Birla Sun Life Banking & PSU Debt Fund  - DIRECT - IDCW,Aditya Birla Sun Life Mutual Fund,Debt Scheme - Banking and PSU Fund,2021-03-01,151.5474
119551,Aditya Birla Sun Life Banking & PSU Debt Fund  - DIRECT - IDCW,Aditya Birla Sun Life Mutual Fund,Debt Scheme - Banking and PSU Fund,2021-03-02,151.6292
119551,Aditya Birla Sun Life Banking & PSU Debt Fund  - DIRECT - IDCW,Aditya Birla Sun Life Mutual Fund,Debt Scheme - Banking and PSU Fund,2021-03-03,151.6682
119551,Aditya Birla Sun Life Banking & PSU Debt Fund  - DIRECT - IDCW,Aditya Birla Sun Life Mutual Fund,Debt Scheme - Banking and PSU Fund,2021-03-04,151.6971
119551,Aditya Birla Sun Life Banking & PSU Debt Fund  - DIRECT - IDCW,Aditya Birla Sun Life Mutual Fund,Debt Scheme - Banking and PSU Fund,2021-03-05,151.6682
119551,Aditya Birla Sun Life Banking & PSU Debt Fund  - DIRECT - IDCW,Aditya Birla Sun Life Mutual Fund,Debt Scheme - Banking and PSU Fund,2021-03-08,151.7216
119551,Aditya Birla Sun Life Banking & PSU Debt Fund  - DIRECT - IDCW,Aditya Birla Sun Life Mutual Fund,Debt Scheme - Banking and PSU Fund,2021-03-09,151.7148
119551,Aditya Birla Sun Life Banking & PSU Debt Fund  - DIRECT - IDCW,Aditya Birla Sun Life Mutual Fund,Debt Scheme - Banking and PSU Fund,2021-03-10,151.712
119551,Aditya Birla Sun Life Banking & PSU Debt Fund  - DIRECT - IDCW,Aditya Birla Sun Life Mutual Fund,Debt Scheme - Banking and PSU Fund,2021-03-12,151.6323
119551,Aditya Birla Sun Life Banking & PSU Debt Fund  - DIRECT - IDCW,Aditya Birla Sun Life Mutual Fund,Debt Scheme - Banking and PSU Fund,2021-03-15,151.3381
119551,Aditya Birla Sun Life Banking & PSU Debt Fund  - DIRECT - IDCW,Aditya Birla Sun Life Mutual Fund,Debt Scheme - Banking and PSU Fund,2021-03-16,151.3172
119551,Aditya Birla Sun Life Banking & PSU Debt Fund  - DIRECT - IDCW,Aditya Birla Sun Life Mutual Fund,Debt Scheme - Banking and PSU Fund,2021-03-17,151.3473
119551,Aditya Birla Sun Life Banking & PSU Debt Fund  - DIRECT - IDCW,Aditya Birla Sun Life Mutual Fund,Debt Scheme - Banking and PSU Fund,2021-03-18,151.3901
119551,Aditya Birla Sun Life Banking & PSU Debt Fund  - DIRECT - IDCW,Aditya Birla Sun Life Mutual Fund,Debt Scheme - Banking and PSU Fund,2021-03-19,151.6387
119551,Aditya Birla Sun Life Banking & PSU Debt Fund  - DIRECT - IDCW,Aditya Birla Sun Life Mutual Fund,Debt Scheme - Banking and PSU Fund,2021-03-22,151.8479
119551,Aditya Birla Sun Life Banking & PSU Debt Fund  - DIRECT - IDCW,Aditya Birla Sun Life Mutual Fund,Debt Scheme - Banking and PSU Fund,2021-03-23,152.2243
119551,Aditya Birla Sun Life Banking & PSU Debt Fund  - DIRECT - IDCW,Aditya Birla Sun Life Mutual Fund,Debt Scheme - Banking and PSU Fund,2021-03-24,152.3847
119551,Aditya Birla Sun Life Banking & PSU Debt Fund  - DIRECT - IDCW,Aditya Birla Sun Life Mutual Fund,Debt Scheme - Banking and PSU Fund,2021-03-25,152.4514
119551,Aditya Birla Sun Life Banking & PSU Debt Fund  - DIRECT - IDCW,Aditya Birla Sun Life Mutual Fund,Debt Scheme - Banking and PSU Fund,2021-03-26,152.5344
119551,Aditya Birla Sun Life Banking & PSU Debt Fund  - DIRECT - IDCW,Aditya Birla Sun Life Mutual Fund,Debt Scheme - Banking and PSU Fund,2021-03-30,152.6579
119551,Aditya Birla Sun Life Banking & PSU Debt Fund  - DIRECT - IDCW,Aditya Birla Sun Life Mutual Fund,Debt Scheme - Banking and PSU Fund,2021-03-31,152.7457
119551,Aditya Birla Sun Life Banking & PSU Debt Fund  - DIRECT - IDCW,Aditya Birla Sun Life Mutual Fund,Debt Scheme - Banking and PSU Fund,2021-04-05,153.0069
119551,Aditya Birla Sun Life Banking & PSU Debt Fund  - DIRECT - IDCW,Aditya Birla Sun Life Mutual Fund,Debt Scheme - Banking and PSU Fund,2021-04-06,153.2101
119551,Aditya Birla Sun Life Banking & PSU Debt Fund  - DIRECT - IDCW,Aditya Birla Sun Life Mutual Fund,Debt Scheme - Banking and PSU Fund,2021-04-07,153.1454
119551,Aditya Birla Sun Life Banking & PSU Debt Fund  - DIRECT - IDCW,Aditya Birla Sun Life Mutual Fund,Debt Scheme - Banking and PSU Fund,2021-04-08,153.1697
119551,Aditya Birla Sun Life Banking & PSU Debt Fund  - DIRECT - IDCW,Aditya Birla Sun Life Mutual Fund,Debt Scheme - Banking and PSU Fund,2021-04-09,153.2609
119551,Aditya Birla Sun Life Banking & PSU Debt Fund  - DIRECT - IDCW,Aditya Birla Sun Life Mutual Fund,Debt Scheme - Banking and PSU Fund,2021-04-12,153.3259
119551,Aditya Birla Sun Life Banking & PSU Debt Fund  - DIRECT - IDCW,Aditya Birla Sun Life Mutual Fund,Debt Scheme - Banking and PSU Fund,2021-04-15,153.2182
119551,Aditya Birla Sun Life Banking & PSU Debt Fund  - DIRECT - IDCW,Aditya Birla Sun Life Mutual Fund,Debt Scheme - Banking and PSU Fund,2021-04-16,153.1445
119551,Aditya Birla Sun Life Banking & PSU Debt Fund  - DIRECT - IDCW,Aditya Birla Sun Life Mutual Fund,Debt Scheme - Banking and PSU Fund,2021-04-19,153.2788
119551,Aditya Birla Sun Life Banking & PSU Debt Fund  - DIRECT - IDCW,Aditya Birla Sun Life Mutual Fund,Debt Scheme - Banking and PSU Fund,2021-04-20,153.322
119551,Aditya Birla Sun Life Banking & PSU Debt Fund  - DIRECT - IDCW,Aditya Birla Sun Life Mutual Fund,Debt Scheme - Banking and PSU Fund,2021-04-22,153.3766
119551,Aditya Birla Sun Life Banking & PSU Debt Fund  - DIRECT - IDCW,Aditya Birla Sun Life Mutual Fund,Debt Scheme - Banking and PSU Fund,2021-04-23,153.459
119551,Aditya Birla Sun Life Banking & PSU Debt Fund  - DIRECT - IDCW,Aditya Birla Sun Life Mutual Fund,Debt Scheme - Banking and PSU Fund,2021-04-26,153.6353
119551,Aditya Birla Sun Life Banking & PSU Debt Fund  - DIRECT - IDCW,Aditya Birla Sun Life Mutual Fund,Debt Scheme - Banking and PSU Fund,2021-04-27,153.7634
119551,Aditya Birla Sun Life Banking & PSU Debt Fund  - DIRECT - IDCW,Aditya Birla Sun Life Mutual Fund,Debt Scheme - Banking and PSU Fund,2021-04-28,153.8557
119551,Aditya Birla Sun Life Banking & PSU Debt Fund  - DIRECT - IDCW,Aditya Birla Sun Life Mutual Fund,Debt Scheme - Banking and PSU Fund,2021-04-29,153.8646
119551,Aditya Birla Sun Life Banking & PSU Debt Fund  - DIRECT - IDCW,Aditya Birla Sun Life Mutual Fund,Debt Scheme - Banking and PSU Fund,2021-04-30,153.951
119551,Aditya Birla Sun Life Banking & PSU Debt Fund  - DIRECT - IDCW,Aditya Birla Sun Life Mutual Fund,Debt Scheme - Banking and PSU Fund,2021-05-03,154.0501
119551,Aditya Birla Sun Life Banking & PSU Debt Fund  - DIRECT - IDCW,Aditya Birla Sun Life Mutual Fund,Debt Scheme - Banking and PSU Fund,2021-05-04,154.0742
119551,Aditya Birla Sun Life Banking & PSU Debt Fund  - DIRECT - IDCW,Aditya Birla Sun Life Mutual Fund,Debt Scheme - Banking and PSU Fund,2021-05-05,154.1232
119551,Aditya Birla Sun Life Banking & PSU Debt Fund  - DIRECT - IDCW,Aditya Birla Sun Life Mutual Fund,Debt Scheme - Banking and PSU Fund,2021-05-06,154.1495
119551,Aditya Birla Sun Life Banking & PSU Debt Fund  - DIRECT - IDCW,Aditya Birla Sun Life Mutual Fund,Debt Scheme - Banking and PSU Fund,2021-05-07,154.1903
119551,Aditya Birla Sun Life Banking & PSU Debt Fund  - DIRECT - IDCW,Aditya Birla Sun Life Mutual Fund,Debt Scheme - Banking and PSU Fund,2021-05-10,154.2372
119551,Aditya Birla Sun Life Banking & PSU Debt Fund  - DIRECT - IDCW,Aditya Birla Sun Life Mutual Fund,Debt Scheme - Banking and PSU Fund,2021-05-11,154.341
119551,Aditya Birla Sun Life Banking & PSU Debt Fund  - DIRECT - IDCW,Aditya Birla Sun Life Mutual Fund,Debt Scheme - Banking and PSU Fund,2021-05-12,154.3311
119551,Aditya Birla Sun Life Banking & PSU Debt Fund  - DIRECT - IDCW,Aditya Birla Sun Life Mutual Fund,Debt Scheme - Banking and PSU Fund,2021-05-14,154.3309
119551,Aditya Birla Sun Life Banking & PSU Debt Fund  - DIRECT - IDCW,Aditya Birla Sun Life Mutual Fund,Debt Scheme - Banking and PSU Fund,2021-05-17,154.4002
119551,Aditya Birla Sun Life Banking & PSU Debt Fund  - DIRECT - IDCW,Aditya Birla Sun Life Mutual Fund,Debt Scheme - Banking and PSU Fund,2021-05-18,154.4638
119551,Aditya Birla Sun Life Banking & PSU Debt Fund  - DIRECT - IDCW,Aditya Birla Sun Life Mutual Fund,Debt Scheme - Banking and PSU Fund,2021-05-19,154.599
119551,Aditya Birla Sun Life Banking & PSU Debt Fund  - DIRECT - IDCW,Aditya Birla Sun Life Mutual Fund,Debt Scheme - Banking and PSU Fund,2021-05-20,154.6073
119551,Aditya Birla Sun Life Banking & PSU Debt Fund  - DIRECT - IDCW,Aditya Birla Sun Life Mutual Fund,Debt Scheme - Banking and PSU Fund,2021-05-21,154.6417
119551,Aditya Birla Sun Life Banking & PSU Debt Fund  - DIRECT - IDCW,Aditya Birla Sun Life Mutual Fund,Debt Scheme - Banking and PSU Fund,2021-05-24,154.7069
119551,Aditya Birla Sun Life Banking & PSU Debt Fund  - DIRECT - IDCW,Aditya Birla Sun Life Mutual Fund,Debt Scheme - Banking and PSU Fund,2021-05-25,154.783
119551,Aditya Birla Sun Life Banking & PSU Debt Fund  - DIRECT - IDCW,Aditya Birla Sun Life Mutual Fund,Debt Scheme - Banking and PSU Fund,2021-05-27,154.8336
119551,Aditya Birla Sun Life Banking & PSU Debt Fund  - DIRECT - IDCW,Aditya Birla Sun Life Mutual Fund,Debt Scheme - Banking and PSU Fund,2021-05-28,154.8325
119551,Aditya Birla Sun Life Banking & PSU Debt Fund  - DIRECT - IDCW,Aditya Birla Sun Life Mutual Fund,Debt Scheme - Banking and PSU Fund,2021-05-31,154.8591
119551,Aditya Birla Sun Life Banking & PSU Debt Fund  - DIRECT - IDCW,Aditya Birla Sun Life Mutual Fund,Debt Scheme - Banking and PSU Fund,2021-06-01,154.8506
119551,Aditya Birla Sun Life Banking & PSU Debt Fund  - DIRECT - IDCW,Aditya Birla Sun Life Mutual Fund,Debt Scheme - Banking and PSU Fund,2021-06-02,154.8632
119551,Aditya Birla Sun Life Banking & PSU Debt Fund  - DIRECT - IDCW,Aditya Birla Sun Life Mutual Fund,Debt Scheme - Banking and PSU Fund,2021-06-03,154.9384
119551,Aditya Birla Sun Life Banking & PSU Debt Fund  - DIRECT - IDCW,Aditya Birla Sun Life Mutual Fund,Debt Scheme - Banking and PSU Fund,2021-06-04,154.9869
119551,Aditya Birla Sun Life Banking & PSU Debt Fund  - DIRECT - IDCW,Aditya Birla Sun Life Mutual Fund,Debt Scheme - Banking and PSU Fund,2021-06-07,155.1117
119551,Aditya Birla Sun Life Banking & PSU Debt Fund  - DIRECT - IDCW,Aditya Birla Sun Life Mutual Fund,Debt Scheme - Banking and PSU Fund,2021-06-08,155.1383
119551,Aditya Birla Sun Life Banking & PSU Debt Fund  - DIRECT - IDCW,Aditya Birla Sun Life Mutual Fund,Debt Scheme - Banking and PSU Fund,2021-06-09,155.2699
119551,Aditya Birla Sun Life Banking & PSU Debt Fund  - DIRECT - IDCW,Aditya Birla Sun Life Mutual Fund,Debt Scheme - Banking and PSU Fund,2021-06-10,155.3161
119551,Aditya Birla Sun Life Banking & PSU Debt Fund  - DIRECT - IDCW,Aditya Birla Sun Life Mutual Fund,Debt Scheme - Banking and PSU Fund,2021-06-11,155.3755
119551,Aditya Birla Sun Life Banking & PSU Debt Fund  - DIRECT - IDCW,Aditya Birla Sun Life Mutual Fund,Debt Scheme - Banking and PSU Fund,2021-06-14,155.429
119551,Aditya Birla Sun Life Banking & PSU Debt Fund  - DIRECT - IDCW,Aditya Birla Sun Life Mutual Fund,Debt Scheme - Banking and PSU Fund,2021-06-15,155.2961
119551,Aditya Birla Sun Life Banking & PSU Debt Fund  - DIRECT - IDCW,Aditya Birla Sun Life Mutual Fund,Debt Scheme - Banking and PSU Fund,2021-06-16,155.0843
119551,Aditya Birla Sun Life Banking & PSU Debt Fund  - DIRECT - IDCW,Aditya Birla Sun Life Mutual Fund,Debt Scheme - Banking and PSU Fund,2021-06-17,155.0726
119551,Aditya Birla Sun Life Banking & PSU Debt Fund  - DIRECT - IDCW,Aditya Birla Sun Life Mutual Fund,Debt Scheme - Banking and PSU Fund,2021-06-18,155.1221
119551,Aditya Birla Sun Life Banking & PSU Debt Fund  - DIRECT - IDCW,Aditya Birla Sun Life Mutual Fund,Debt Scheme - Banking and PSU Fund,2021-06-21,155.1952
119551,Aditya Birla Sun Life Banking & PSU Debt Fund  - DIRECT - IDCW,Aditya Birla Sun Life Mutual Fund,Debt Scheme - Banking and PSU Fund,2021-06-22,155.1506
119551,Aditya Birla Sun Life Banking & PSU Debt Fund  - DIRECT - IDCW,Aditya Birla Sun Life Mutual Fund,Debt Scheme - Banking and PSU Fund,2021-06-23,155.1573
119551,Aditya Birla Sun Life Banking & PSU Debt Fund  - DIRECT - IDCW,Aditya Birla Sun Life Mutual Fund,Debt Scheme - Banking and PSU Fund,2021-06-24,155.1814
119551,Aditya Birla Sun Life Banking & PSU Debt Fund  - DIRECT - IDCW,Aditya Birla Sun Life Mutual Fund,Debt Scheme - Banking and PSU Fund,2021-06-25,155.1462
119551,Aditya Birla Sun Life Banking & PSU Debt Fund  - DIRECT - IDCW,Aditya Birla Sun Life Mutual Fund,Debt Scheme - Banking and PSU Fund,2021-06-28,155.1258
119551,Aditya Birla Sun Life Banking & PSU Debt Fund  - DIRECT - IDCW,Aditya Birla Sun Life Mutual Fund,Debt Scheme - Banking and PSU Fund,2021-06-29,155.1137
119551,Aditya Birla Sun Life Banking & PSU Debt Fund  - DIRECT - IDCW,Aditya Birla Sun Life Mutual Fund,Debt Scheme - Banking and PSU Fund,2021-06-30,141.9021
119551,Aditya Birla Sun Life Banking & PSU Debt Fund  - DIRECT - IDCW,Aditya Birla Sun Life Mutual Fund,Debt Scheme - Banking and PSU Fund,2021-07-01,141.9515
119551,Aditya Birla Sun Life Banking & PSU Debt Fund  - DIRECT - IDCW,Aditya Birla Sun Life Mutual Fund,Debt Scheme - Banking and PSU Fund,2021-07-02,141.9245
119551,Aditya Birla Sun Life Banking & PSU Debt Fund  - DIRECT - IDCW,Aditya Birla Sun Life Mutual Fund,Debt Scheme - Banking and PSU Fund,2021-07-05,142.0229
119551,Aditya Birla Sun Life Banking & PSU Debt Fund  - DIRECT - IDCW,Aditya Birla Sun Life Mutual Fund,Debt Scheme - Banking and PSU Fund,2021-07-06,141.942
119551,Aditya Birla Sun Life Banking & PSU Debt Fund  - DIRECT - IDCW,Aditya Birla Sun Life Mutual Fund,Debt Scheme - Banking and PSU Fund,2021-07-07,142.0218
119551,Aditya Birla Sun Life Banking & PSU Debt Fund  - DIRECT - IDCW,Aditya Birla Sun Life Mutual Fund,Debt Scheme - Banking and PSU Fund,2021-07-08,142.1696
119551,Aditya Birla Sun Life Banking & PSU Debt Fund  - DIRECT - IDCW,Aditya Birla Sun Life Mutual Fund,Debt Scheme - Banking and PSU Fund,2021-07-09,142.2029
119551,Aditya Birla Sun Life Banking & PSU Debt Fund  - DIRECT - IDCW,Aditya Birla Sun Life Mutual Fund,Debt Scheme - Banking and PSU Fund,2021-07-12,142.1602
119551,Aditya Birla Sun Life Banking & PSU Debt Fund  - DIRECT - IDCW,Aditya Birla Sun Life Mutual Fund,Debt Scheme - Banking and PSU Fund,2021-07-13,142.2948
119551,Aditya Birla Sun Life Banking & PSU Debt Fund  - DIRECT - IDCW,Aditya Birla Sun Life Mutual Fund,Debt Scheme - Banking and PSU Fund,2021-07-14,142.2968
119551,Aditya Birla Sun Life Banking & PSU Debt Fund  - DIRECT - IDCW,Aditya Birla Sun Life Mutual Fund,Debt Scheme - Banking and PSU Fund,2021-07-15,142.3806
119551,Aditya Birla Sun Life Banking & PSU Debt Fund  - DIRECT - IDCW,Aditya Birla Sun Life Mutual Fund,Debt Scheme - Banking and PSU Fund,2021-07-16,142.5092
119551,Aditya Birla Sun Life Banking & PSU Debt Fund  - DIRECT - IDCW,Aditya Birla Sun Life Mutual Fund,Debt Scheme - Banking and PSU Fund,2021-07-19,142.5654
119551,Aditya Birla Sun Life Banking & PSU Debt Fund  - DIRECT - IDCW,Aditya Birla Sun Life Mutual Fund,Debt Scheme - Banking and PSU Fund,2021-07-20,142.6213
119551,Aditya Birla Sun Life Banking & PSU Debt Fund  - DIRECT - IDCW,Aditya Birla Sun Life Mutual Fund,Debt Scheme - Banking and PSU Fund,2021-07-22,142.6239
119551,Aditya Birla Sun Life Banking & PSU Debt Fund  - DIRECT - IDCW,Aditya Birla Sun Life Mutual Fund,Debt Scheme - Banking and PSU Fund,2021-07-23,142.6218
119551,Aditya Birla Sun Life Banking & PSU Debt Fund  - DIRECT - IDCW,Aditya Birla Sun Life Mutual Fund,Debt Scheme - Banking and PSU Fund,2021-07-26,142.719
119551,Aditya Birla Sun Life Banking & PSU Debt Fund  - DIRECT - IDCW,Aditya Birla Sun Life Mutual Fund,Debt Scheme - Banking and PSU Fund,2021-07-27,142.7747
119551,Aditya Birla Sun Life Banking & PSU Debt Fund  - DIRECT - IDCW,Aditya Birla Sun Life Mutual Fund,Debt Scheme - Banking and PSU Fund,2021-07-28,142.8006
119551,Aditya Birla Sun Life Banking & PSU Debt Fund  - DIRECT - IDCW,Aditya Birla Sun Life Mutual Fund,Debt Scheme - Banking and PSU Fund,2021-07-29,142.8184
119551,Aditya Birla Sun Life Banking & PSU Debt Fund  - DIRECT - IDCW,Aditya Birla Sun Life Mutual Fund,Debt Scheme - Banking and PSU Fund,2021-07-30,142.839
119551,Aditya Birla Sun Life Banking & PSU Debt Fund  - DIRECT - IDCW,Aditya Birla Sun Life Mutual Fund,Debt Scheme - Banking and PSU Fund,2021-08-02,142.9005
119551,Aditya Birla Sun Life Banking & PSU Debt Fund  - DIRECT - IDCW,Aditya Birla Sun Life Mutual Fund,Debt Scheme - Banking and PSU Fund,2021-08-03,142.9404
119551,Aditya Birla Sun Life Banking & PSU Debt Fund  - DIRECT - IDCW,Aditya Birla Sun Life Mutual Fund,Debt Scheme - Banking and PSU Fund,2021-08-04,142.9647
119551,Aditya Birla Sun Life Banking & PSU Debt Fund  - DIRECT - IDCW,Aditya Birla Sun Life Mutual Fund,Debt Scheme - Banking and PSU Fund,2021-08-05,143.021
119551,Aditya Birla Sun Life Banking & PSU Debt Fund  - DIRECT - IDCW,Aditya Birla Sun Life Mutual Fund,Debt Scheme - Banking and PSU Fund,2021-08-06,142.91
119551,Aditya Birla Sun Life Banking & PSU Debt Fund  - DIRECT - IDCW,Aditya Birla Sun Life Mutual Fund,Debt Scheme - Banking and PSU Fund,2021-08-09,142.9661
119551,Aditya Birla Sun Life Banking & PSU Debt Fund  - DIRECT - IDCW,Aditya Birla Sun Life Mutual Fund,Debt Scheme - Banking and PSU Fund,2021-08-10,143.0486
119551,Aditya Birla Sun Life Banking & PSU Debt Fund  - DIRECT - IDCW,Aditya Birla Sun Life Mutual Fund,Debt Scheme - Banking and PSU Fund,2021-08-11,143.0625
119551,Aditya Birla Sun Life Banking & PSU Debt Fund  - DIRECT - IDCW,Aditya Birla Sun Life Mutual Fund,Debt Scheme - Banking and PSU Fund,2021-08-12,143.136
119551,Aditya Birla Sun Life Banking & PSU Debt Fund  - DIRECT - IDCW,Aditya Birla Sun Life Mutual Fund,Debt Scheme - Banking and PSU Fund,2021-08-13,143.2392
119551,Aditya Birla Sun Life Banking & PSU Debt Fund  - DIRECT - IDCW,Aditya Birla Sun Life Mutual Fund,Debt Scheme - Banking and PSU Fund,2021-08-17,143.3696
119551,Aditya Birla Sun Life Banking & PSU Debt Fund  - DIRECT - IDCW,Aditya Birla Sun Life Mutual Fund,Debt Scheme - Banking and PSU Fund,2021-08-18,143.4818
119551,Aditya Birla Sun Life Banking & PSU Debt Fund  - DIRECT - IDCW,Aditya Birla Sun Life Mutual Fund,Debt Scheme - Banking and PSU Fund,2021-08-20,143.5164
119551,Aditya Birla Sun Life Banking & PSU Debt Fund  - DIRECT - IDCW,Aditya Birla Sun Life Mutual Fund,Debt Scheme - Banking and PSU Fund,2021-08-23,143.5597
119551,Aditya Birla Sun Life Banking & PSU Debt Fund  - DIRECT - IDCW,Aditya Birla Sun Life Mutual Fund,Debt Scheme - Banking and PSU Fund,2021-08-24,143.5629
119551,Aditya Birla Sun Life Banking & PSU Debt Fund  - DIRECT - IDCW,Aditya Birla Sun Life Mutual Fund,Debt Scheme - Banking and PSU Fund,2021-08-25,143.5853
119551,Aditya Birla Sun Life Banking & PSU Debt Fund  - DIRECT - IDCW,Aditya Birla Sun Life Mutual Fund,Debt Scheme - Banking and PSU Fund,2021-08-26,143.5893
119551,Aditya Birla Sun Life Banking & PSU Debt Fund  - DIRECT - IDCW,Aditya Birla Sun Life Mutual Fund,Debt Scheme - Banking and PSU Fund,2021-08-27,143.6277
119551,Aditya Birla Sun Life Banking & PSU Debt Fund  - DIRECT - IDCW,Aditya Birla Sun Life Mutual Fund,Debt Scheme - Banking and PSU Fund,2021-08-30,143.7535
119551,Aditya Birla Sun Life Banking & PSU Debt Fund  - DIRECT - IDCW,Aditya Birla Sun Life Mutual Fund,Debt Scheme - Banking and PSU Fund,2021-08-31,143.7984
119551,Aditya Birla Sun Life Banking & PSU Debt Fund  - DIRECT - IDCW,Aditya Birla Sun Life Mutual Fund,Debt Scheme - Banking and PSU Fund,2021-09-01,143.8746
119551,Aditya Birla Sun Life Banking & PSU Debt Fund  - DIRECT - IDCW,Aditya Birla Sun Life Mutual Fund,Debt Scheme - Banking and PSU Fund,2021-09-02,143.9444
119551,Aditya Birla Sun Life Banking & PSU Debt Fund  - DIRECT - IDCW,Aditya Birla Sun Life Mutual Fund,Debt Scheme - Banking and PSU Fund,2021-09-03,143.9699
119551,Aditya Birla Sun Life Banking & PSU Debt Fund  - DIRECT - IDCW,Aditya Birla Sun Life Mutual Fund,Debt Scheme - Banking and PSU Fund,2021-09-06,144.0148
119551,Aditya Birla Sun Life Banking & PSU Debt Fund  - DIRECT - IDCW,Aditya Birla Sun Life Mutual Fund,Debt Scheme - Banking and PSU Fund,2021-09-07,144.0042
119551,Aditya Birla Sun Life Banking & PSU Debt Fund  - DIRECT - IDCW,Aditya Birla Sun Life Mutual Fund,Debt Scheme - Banking and PSU Fund,2021-09-08,144.0275
119551,Aditya Birla Sun Life Banking & PSU Debt Fund  - DIRECT - IDCW,Aditya Birla Sun Life Mutual Fund,Debt Scheme - Banking and PSU Fund,2021-09-09,144.0574
119551,Aditya Birla Sun Life Banking & PSU Debt Fund  - DIRECT - IDCW,Aditya Birla Sun Life Mutual Fund,Debt Scheme - Banking and PSU Fund,2021-09-13,144.1118
119551,Aditya Birla Sun Life Banking & PSU Debt Fund  - DIRECT - IDCW,Aditya Birla Sun Life Mutual Fund,Debt Scheme - Banking and PSU Fund,2021-09-14,144.1251
119551,Aditya Birla Sun Life Banking & PSU Debt Fund  - DIRECT - IDCW,Aditya Birla Sun Life Mutual Fund,Debt Scheme - Banking and PSU Fund,2021-09-15,131.1996
119551,Aditya Birla Sun Life Banking & PSU Debt Fund  - DIRECT - IDCW,Aditya Birla Sun Life Mutual Fund,Debt Scheme - Banking and PSU Fund,2021-09-16,131.2345
119551,Aditya Birla Sun Life Banking & PSU Debt Fund  - DIRECT - IDCW,Aditya Birla Sun Life Mutual Fund,Debt Scheme - Banking and PSU Fund,2021-09-17,131.2591
119551,Aditya Birla Sun Life Banking & PSU Debt Fund  - DIRECT - IDCW,Aditya Birla Sun Life Mutual Fund,Debt Scheme - Banking and PSU Fund,2021-09-20,131.3222
119551,Aditya Birla Sun Life Banking & PSU Debt Fund  - DIRECT - IDCW,Aditya Birla Sun Life Mutual Fund,Debt Scheme - Banking and PSU Fund,2021-09-21,131.3316
119551,Aditya Birla Sun Life Banking & PSU Debt Fund  - DIRECT - IDCW,Aditya Birla Sun Life Mutual Fund,Debt Scheme - Banking and PSU Fund,2021-09-22,131.3513
119551,Aditya Birla Sun Life Banking & PSU Debt Fund  - DIRECT - IDCW,Aditya Birla Sun Life Mutual Fund,Debt Scheme - Banking and PSU Fund,2021-09-23,131.3554
119551,Aditya Birla Sun Life Banking & PSU Debt Fund  - DIRECT - IDCW,Aditya Birla Sun Life Mutual Fund,Debt Scheme - Banking and PSU Fund,2021-09-24,131.2694
119551,Aditya Birla Sun Life Banking & PSU Debt Fund  - DIRECT - IDCW,Aditya Birla Sun Life Mutual Fund,Debt Scheme - Banking and PSU Fund,2021-09-27,131.258
119551,Aditya Birla Sun Life Banking & PSU Debt Fund  - DIRECT - IDCW,Aditya Birla Sun Life Mutual Fund,Debt Scheme - Banking and PSU Fund,2021-09-28,131.3044
119551,Aditya Birla Sun Life Banking & PSU Debt Fund  - DIRECT - IDCW,Aditya Birla Sun Life Mutual Fund,Debt Scheme - Banking and PSU Fund,2021-09-29,131.2328
119551,Aditya Birla Sun Life Banking & PSU Debt Fund  - DIRECT - IDCW,Aditya Birla Sun Life Mutual Fund,Debt Scheme - Banking and PSU Fund,2021-09-30,131.2526
119551,Aditya Birla Sun Life Banking & PSU Debt Fund  - DIRECT - IDCW,Aditya Birla Sun Life Mutual Fund,Debt Scheme - Banking and PSU Fund,2021-10-01,131.2393
119551,Aditya Birla Sun Life Banking & PSU Debt Fund  - DIRECT - IDCW,Aditya Birla Sun Life Mutual Fund,Debt Scheme - Banking and PSU Fund,2021-10-04,131.3094
119551,Aditya Birla Sun Life Banking & PSU Debt Fund  - DIRECT - IDCW,Aditya Birla Sun Life Mutual Fund,Debt Scheme - Banking and PSU Fund,2021-10-05,131.2616
119551,Aditya Birla Sun Life Banking & PSU Debt Fund  - DIRECT - IDCW,Aditya Birla Sun Life Mutual Fund,Debt Scheme - Banking and PSU Fund,2021-10-06,131.2459
119551,Aditya Birla Sun Life Banking & PSU Debt Fund  - DIRECT - IDCW,Aditya Birla Sun Life Mutual Fund,Debt Scheme - Banking and PSU Fund,2021-10-07,131.2265
119551,Aditya Birla Sun Life Banking & PSU Debt Fund  - DIRECT - IDCW,Aditya Birla Sun Life Mutual Fund,Debt Scheme - Banking and PSU Fund,2021-10-08,131.2335
119551,Aditya Birla Sun Life Banking & PSU Debt Fund  - DIRECT - IDCW,Aditya Birla Sun Life Mutual Fund,Debt Scheme - Banking and PSU Fund,2021-10-11,131.2562
119551,Aditya Birla Sun Life Banking & PSU Debt Fund  - DIRECT - IDCW,Aditya Birla Sun Life Mutual Fund,Debt Scheme - Banking and PSU Fund,2021-10-12,131.2981
119551,Aditya Birla Sun Life Banking & PSU Debt Fund  - DIRECT - IDCW,Aditya Birla Sun Life Mutual Fund,Debt Scheme - Banking and PSU Fund,2021-10-13,131.3582
119551,Aditya Birla Sun Life Banking & PSU Debt Fund  - DIRECT - IDCW,Aditya Birla Sun Life Mutual Fund,Debt Scheme - Banking and PSU Fund,2021-10-14,131.3603
119551,Aditya Birla Sun Life Banking & PSU Debt Fund  - DIRECT - IDCW,Aditya Birla Sun Life Mutual Fund,Debt Scheme - Banking and PSU Fund,2021-10-18,131.3686
119551,Aditya Birla Sun Life Banking & PSU Debt Fund  - DIRECT - IDCW,Aditya Birla Sun Life Mutual Fund,Debt Scheme - Banking and PSU Fund,2021-10-20,131.3437
119551,Aditya Birla Sun Life Banking & PSU Debt Fund  - DIRECT - IDCW,Aditya Birla Sun Life Mutual Fund,Debt Scheme - Banking and PSU Fund,2021-10-21,131.4413
119551,Aditya Birla Sun Life Banking & PSU Debt Fund  - DIRECT - IDCW,Aditya Birla Sun Life Mutual Fund,Debt Scheme - Banking and PSU Fund,2021-10-22,131.4697
119551,Aditya Birla Sun Life Banking & PSU Debt Fund  - DIRECT - IDCW,Aditya Birla Sun Life Mutual Fund,Debt Scheme - Banking and PSU Fund,2021-10-25,131.5009
119551,Aditya Birla Sun Life Banking & PSU Debt Fund  - DIRECT - IDCW,Aditya Birla Sun Life Mutual Fund,Debt Scheme - Banking and PSU Fund,2021-10-26,131.4286
119551,Aditya Birla Sun Life Banking & PSU Debt Fund  - DIRECT - IDCW,Aditya Birla Sun Life Mutual Fund,Debt Scheme - Banking and PSU Fund,2021-10-27,131.4254
119551,Aditya Birla Sun Life Banking & PSU Debt Fund  - DIRECT - IDCW,Aditya Birla Sun Life Mutual Fund,Debt Scheme - Banking and PSU Fund,2021-10-28,131.396
119551,Aditya Birla Sun Life Banking & PSU Debt Fund  - DIRECT - IDCW,Aditya Birla Sun Life Mutual Fund,Debt Scheme - Banking and PSU Fund,2021-10-29,131.3687
119551,Aditya Birla Sun Life Banking & PSU Debt Fund  - DIRECT - IDCW,Aditya Birla Sun Life Mutual Fund,Debt Scheme - Banking and PSU Fund,2021-11-01,131.3951
119551,Aditya Birla Sun Life Banking & PSU Debt Fund  - DIRECT - IDCW,Aditya Birla Sun Life Mutual Fund,Debt Scheme - Banking and PSU Fund,2021-11-02,131.3907
119551,Aditya Birla Sun Life Banking & PSU Debt Fund  - DIRECT - IDCW,Aditya Birla Sun Life Mutual Fund,Debt Scheme - Banking and PSU Fund,2021-11-03,131.4386
119551,Aditya Birla Sun Life Banking & PSU Debt Fund  - DIRECT - IDCW,Aditya Birla Sun Life Mutual Fund,Debt Scheme - Banking and PSU Fund,2021-11-08,131.6163
119551,Aditya Birla Sun Life Banking & PSU Debt Fund  - DIRECT - IDCW,Aditya Birla Sun Life Mutual Fund,Debt Scheme - Banking and PSU Fund,2021-11-09,131.6599
119551,Aditya Birla Sun Life Banking & PSU Debt Fund  - DIRECT - IDCW,Aditya Birla Sun Life Mutual Fund,Debt Scheme - Banking and PSU Fund,2021-11-10,131.659
119551,Aditya Birla Sun Life Banking & PSU Debt Fund  - DIRECT - IDCW,Aditya Birla Sun Life Mutual Fund,Debt Scheme - Banking and PSU Fund,2021-11-11,131.6866
119551,Aditya Birla Sun Life Banking & PSU Debt Fund  - DIRECT - IDCW,Aditya Birla Sun Life Mutual Fund,Debt Scheme - Banking and PSU Fund,2021-11-12,131.6894
119551,Aditya Birla Sun Life Banking & PSU Debt Fund  - DIRECT - IDCW,Aditya Birla Sun Life Mutual Fund,Debt Scheme - Banking and PSU Fund,2021-11-15,131.7417
119551,Aditya Birla Sun Life Banking & PSU Debt Fund  - DIRECT - IDCW,Aditya Birla Sun Life Mutual Fund,Debt Scheme - Banking and PSU Fund,2021-11-16,131.7479
119551,Aditya Birla Sun Life Banking & PSU Debt Fund  - DIRECT - IDCW,Aditya Birla Sun Life Mutual Fund,Debt Scheme - Banking and PSU Fund,2021-11-17,131.7489
119551,Aditya Birla Sun Life Banking & PSU Debt Fund  - DIRECT - IDCW,Aditya Birla Sun Life Mutual Fund,Debt Scheme - Banking and PSU Fund,2021-11-18,131.7944
119551,Aditya Birla Sun Life Banking & PSU Debt Fund  - DIRECT - IDCW,Aditya Birla Sun Life Mutual Fund,Debt Scheme - Banking and PSU Fund,2021-11-22,131.858
119551,Aditya Birla Sun Life Banking & PSU Debt Fund  - DIRECT - IDCW,Aditya Birla Sun Life Mutual Fund,Debt Scheme - Banking and PSU Fund,2021-11-23,131.8686
119551,Aditya Birla Sun Life Banking & PSU Debt Fund  - DIRECT - IDCW,Aditya Birla Sun Life Mutual Fund,Debt Scheme - Banking and PSU Fund,2021-11-24,131.8645
119551,Aditya Birla Sun Life Banking & PSU Debt Fund  - DIRECT - IDCW,Aditya Birla Sun Life Mutual Fund,Debt Scheme - Banking and PSU Fund,2021-11-25,131.8704
119551,Aditya Birla Sun Life Banking & PSU Debt Fund  - DIRECT - IDCW,Aditya Birla Sun Life Mutual Fund,Debt Scheme - Banking and PSU Fund,2021-11-26,131.8818
119551,Aditya Birla Sun Life Banking & PSU Debt Fund  - DIRECT - IDCW,Aditya Birla Sun Life Mutual Fund,Debt Scheme - Banking and PSU Fund,2021-11-29,131.9194
119551,Aditya Birla Sun Life Banking & PSU Debt Fund  - DIRECT - IDCW,Aditya Birla Sun Life Mutual Fund,Debt Scheme - Banking and PSU Fund,2021-11-30,131.9668
119551,Aditya Birla Sun Life Banking & PSU Debt Fund  - DIRECT - IDCW,Aditya Birla Sun Life Mutual Fund,Debt Scheme - Banking and PSU Fund,2021-12-01,131.9697
119551,Aditya Birla Sun Life Banking & PSU Debt Fund  - DIRECT - IDCW,Aditya Birla Sun Life Mutual Fund,Debt Scheme - Banking and PSU Fund,2021-12-02,132.0146
119551,Aditya Birla Sun Life Banking & PSU Debt Fund  - DIRECT - IDCW,Aditya Birla Sun Life Mutual Fund,Debt Scheme - Banking and PSU Fund,2021-12-03,132.0162
119551,Aditya Birla Sun Life Banking & PSU Debt Fund  - DIRECT - IDCW,Aditya Birla Sun Life Mutual Fund,Debt Scheme - Banking and PSU Fund,2021-12-06,132.0903
119551,Aditya Birla Sun Life Banking & PSU Debt Fund  - DIRECT - IDCW,Aditya Birla Sun Life Mutual Fund,Debt Scheme - Banking and PSU Fund,2021-12-07,132.0998
119551,Aditya Birla Sun Life Banking & PSU Debt Fund  - DIRECT - IDCW,Aditya Birla Sun Life Mutual Fund,Debt Scheme - Banking and PSU Fund,2021-12-08,132.1611
119551,Aditya Birla Sun Life Banking & PSU Debt Fund  - DIRECT - IDCW,Aditya Birla Sun Life Mutual Fund,Debt Scheme - Banking and PSU Fund,2021-12-09,132.162
119551,Aditya Birla Sun Life Banking & PSU Debt Fund  - DIRECT - IDCW,Aditya Birla Sun Life Mutual Fund,Debt Scheme - Banking and PSU Fund,2021-12-10,132.1656
119551,Aditya Birla Sun Life Banking & PSU Debt Fund  - DIRECT - IDCW,Aditya Birla Sun Life Mutual Fund,Debt Scheme - Banking and PSU Fund,2021-12-13,132.1789
119551,Aditya Birla Sun Life Banking & PSU Debt Fund  - DIRECT - IDCW,Aditya Birla Sun Life Mutual Fund,Debt Scheme - Banking and PSU Fund,2021-12-14,132.2368
119551,Aditya Birla Sun Life Banking & PSU Debt Fund  - DIRECT - IDCW,Aditya Birla Sun Life Mutual Fund,Debt Scheme - Banking and PSU Fund,2021-12-15,132.2563
119551,Aditya Birla Sun Life Banking & PSU Debt Fund  - DIRECT - IDCW,Aditya Birla Sun Life Mutual Fund,Debt Scheme - Banking and PSU Fund,2021-12-16,132.2637
119551,Aditya Birla Sun Life Banking & PSU Debt Fund  - DIRECT - IDCW,Aditya Birla Sun Life Mutual Fund,Debt Scheme - Banking and PSU Fund,2021-12-17,132.2288
119551,Aditya Birla Sun Life Banking & PSU Debt Fund  - DIRECT - IDCW,Aditya Birla Sun Life Mutual Fund,Debt Scheme - Banking and PSU Fund,2021-12-20,132.1983
119551,Aditya Birla Sun Life Banking & PSU Debt Fund  - DIRECT - IDCW,Aditya Birla Sun Life Mutual Fund,Debt Scheme - Banking and PSU Fund,2021-12-21,132.1135
119551,Aditya Birla Sun Life Banking & PSU Debt Fund  - DIRECT - IDCW,Aditya Birla Sun Life Mutual Fund,Debt Scheme - Banking and PSU Fund,2021-12-22,120.8645
119551,Aditya Birla Sun Life Banking & PSU Debt Fund  - DIRECT - IDCW,Aditya Birla Sun Life Mutual Fund,Debt Scheme - Banking and PSU Fund,2021-12-23,120.8813
119551,Aditya Birla Sun Life Banking & PSU Debt Fund  - DIRECT - IDCW,Aditya Birla Sun Life Mutual Fund,Debt Scheme - Banking and PSU Fund,2021-12-24,120.886
119551,Aditya Birla Sun Life Banking & PSU Debt Fund  - DIRECT - IDCW,Aditya Birla Sun Life Mutual Fund,Debt Scheme - Banking and PSU Fund,2021-12-27,120.9367
119551,Aditya Birla Sun Life Banking & PSU Debt Fund  - DIRECT - IDCW,Aditya Birla Sun Life Mutual Fund,Debt Scheme - Banking and PSU Fund,2021-12-28,120.8977
119551,Aditya Birla Sun Life Banking & PSU Debt Fund  - DIRECT - IDCW,Aditya Birla Sun Life Mutual Fund,Debt Scheme - Banking and PSU Fund,2021-12-29,120.9039
119551,Aditya Birla Sun Life Banking & PSU Debt Fund  - DIRECT - IDCW,Aditya Birla Sun Life Mutual Fund,Debt Scheme - Banking and PSU Fund,2021-12-30,120.9049
119551,Aditya Birla Sun Life Banking & PSU Debt Fund  - DIRECT - IDCW,Aditya Birla Sun Life Mutual Fund,Debt Scheme - Banking and PSU Fund,2021-12-31,120.9424
119551,Aditya Birla Sun Life Banking & PSU Debt Fund  - DIRECT - IDCW,Aditya Birla Sun Life Mutual Fund,Debt Scheme - Banking and PSU Fund,2022-01-03,120.9791
119551,Aditya Birla Sun Life Banking & PSU Debt Fund  - DIRECT - IDCW,Aditya Birla Sun Life Mutual Fund,Debt Scheme - Banking and PSU Fund,2022-01-04,120.9326
119551,Aditya Birla Sun Life Banking & PSU Debt Fund  - DIRECT - IDCW,Aditya Birla Sun Life Mutual Fund,Debt Scheme - Banking and PSU Fund,2022-01-05,120.9314
119551,Aditya Birla Sun Life Banking & PSU Debt Fund  - DIRECT - IDCW,Aditya Birla Sun Life Mutual Fund,Debt Scheme - Banking and PSU Fund,2022-01-06,120.9577
119551,Aditya Birla Sun Life Banking & PSU Debt Fund  - DIRECT - IDCW,Aditya Birla Sun Life Mutual Fund,Debt Scheme - Banking and PSU Fund,2022-01-07,120.9547
119551,Aditya Birla Sun Life Banking & PSU Debt Fund  - DIRECT - IDCW,Aditya Birla Sun Life Mutual Fund,Debt Scheme - Banking and PSU Fund,2022-01-10,120.9198
119551,Aditya Birla Sun Life Banking & PSU Debt Fund  - DIRECT - IDCW,Aditya Birla Sun Life Mutual Fund,Debt Scheme - Banking and PSU Fund,2022-01-11,120.9723
119551,Aditya Birla Sun Life Banking & PSU Debt Fund  - DIRECT - IDCW,Aditya Birla Sun Life Mutual Fund,Debt Scheme - Banking and PSU Fund,2022-01-12,121.0236
119551,Aditya Birla Sun Life Banking & PSU Debt Fund  - DIRECT - IDCW,Aditya Birla Sun Life Mutual Fund,Debt Scheme - Banking and PSU Fund,2022-01-13,121.0679
119551,Aditya Birla Sun Life Banking & PSU Debt Fund  - DIRECT - IDCW,Aditya Birla Sun Life Mutual Fund,Debt Scheme - Banking and PSU Fund,2022-01-14,121.0906
119551,Aditya Birla Sun Life Banking & PSU Debt Fund  - DIRECT - IDCW,Aditya Birla Sun Life Mutual Fund,Debt Scheme - Banking and PSU Fund,2022-01-17,121.0746
119551,Aditya Birla Sun Life Banking & PSU Debt Fund  - DIRECT - IDCW,Aditya Birla Sun Life Mutual Fund,Debt Scheme - Banking and PSU Fund,2022-01-18,121.0769
119551,Aditya Birla Sun Life Banking & PSU Debt Fund  - DIRECT - IDCW,Aditya Birla Sun Life Mutual Fund,Debt Scheme - Banking and PSU Fund,2022-01-19,121.0829
119551,Aditya Birla Sun Life Banking & PSU Debt Fund  - DIRECT - IDCW,Aditya Birla Sun Life Mutual Fund,Debt Scheme - Banking and PSU Fund,2022-01-20,121.1056
119551,Aditya Birla Sun Life Banking & PSU Debt Fund  - DIRECT - IDCW,Aditya Birla Sun Life Mutual Fund,Debt Scheme - Banking and PSU Fund,2022-01-21,121.133
119551,Aditya Birla Sun Life Banking & PSU Debt Fund  - DIRECT - IDCW,Aditya Birla Sun Life Mutual Fund,Debt Scheme - Banking and PSU Fund,2022-01-24,121.1248
119551,Aditya Birla Sun Life Banking & PSU Debt Fund  - DIRECT - IDCW,Aditya Birla Sun Life Mutual Fund,Debt Scheme - Banking and PSU Fund,2022-01-25,121.1535
119551,Aditya Birla Sun Life Banking & PSU Debt Fund  - DIRECT - IDCW,Aditya Birla Sun Life Mutual Fund,Debt Scheme - Banking and PSU Fund,2022-01-27,121.1095
119551,Aditya Birla Sun Life Banking & PSU Debt Fund  - DIRECT - IDCW,Aditya Birla Sun Life Mutual Fund,Debt Scheme - Banking and PSU Fund,2022-01-28,121.1287
119551,Aditya Birla Sun Life Banking & PSU Debt Fund  - DIRECT - IDCW,Aditya Birla Sun Life Mutual Fund,Debt Scheme - Banking and PSU Fund,2022-01-31,121.2264
119551,Aditya Birla Sun Life Banking & PSU Debt Fund  - DIRECT - IDCW,Aditya Birla Sun Life Mutual Fund,Debt Scheme - Banking and PSU Fund,2022-02-01,121.041
119551,Aditya Birla Sun Life Banking & PSU Debt Fund  - DIRECT - IDCW,Aditya Birla Sun Life Mutual Fund,Debt Scheme - Banking and PSU Fund,2022-02-02,120.9797
119551,Aditya Birla Sun Life Banking & PSU Debt Fund  - DIRECT - IDCW,Aditya Birla Sun Life Mutual Fund,Debt Scheme - Banking and PSU Fund,2022-02-03,121.0079
119551,Aditya Birla Sun Life Banking & PSU Debt Fund  - DIRECT - IDCW,Aditya Birla Sun Life Mutual Fund,Debt Scheme - Banking and PSU Fund,2022-02-04,121.0091
119551,Aditya Birla Sun Life Banking & PSU Debt Fund  - DIRECT - IDCW,Aditya Birla Sun Life Mutual Fund,Debt Scheme - Banking and PSU Fund,2022-02-08,121.1629
119551,Aditya Birla Sun Life Banking & PSU Debt Fund  - DIRECT - IDCW,Aditya Birla Sun Life Mutual Fund,Debt Scheme - Banking and PSU Fund,2022-02-09,121.2257
119551,Aditya Birla Sun Life Banking & PSU Debt Fund  - DIRECT - IDCW,Aditya Birla Sun Life Mutual Fund,Debt Scheme - Banking and PSU Fund,2022-02-10,121.4458
119551,Aditya Birla Sun Life Banking & PSU Debt Fund  - DIRECT - IDCW,Aditya Birla Sun Life Mutual Fund,Debt Scheme - Banking and PSU Fund,2022-02-11,121.5265
119551,Aditya Birla Sun Life Banking & PSU Debt Fund  - DIRECT - IDCW,Aditya Birla Sun Life Mutual Fund,Debt Scheme - Banking and PSU Fund,2022-02-14,121.6236
119551,Aditya Birla Sun Life Banking & PSU Debt Fund  - DIRECT - IDCW,Aditya Birla Sun Life Mutual Fund,Debt Scheme - Banking and PSU Fund,2022-02-15,121.6181
119551,Aditya Birla Sun Life Banking & PSU Debt Fund  - DIRECT - IDCW,Aditya Birla Sun Life Mutual Fund,Debt Scheme - Banking and PSU Fund,2022-02-16,121.6448
119551,Aditya Birla Sun Life Banking & PSU Debt Fund  - DIRECT - IDCW,Aditya Birla Sun Life Mutual Fund,Debt Scheme - Banking and PSU Fund,2022-02-17,121.6561
119551,Aditya Birla Sun Life Banking & PSU Debt Fund  - DIRECT - IDCW,Aditya Birla Sun Life Mutual Fund,Debt Scheme - Banking and PSU Fund,2022-02-18,121.6824
119551,Aditya Birla Sun Life Banking & PSU Debt Fund  - DIRECT - IDCW,Aditya Birla Sun Life Mutual Fund,Debt Scheme - Banking and PSU Fund,2022-02-21,121.7193
119551,Aditya Birla Sun Life Banking & PSU Debt Fund  - DIRECT - IDCW,Aditya Birla Sun Life Mutual Fund,Debt Scheme - Banking and PSU Fund,2022-02-22,121.6893
119551,Aditya Birla Sun Life Banking & PSU Debt Fund  - DIRECT - IDCW,Aditya Birla Sun Life Mutual Fund,Debt Scheme - Banking and PSU Fund,2022-02-23,121.7264
119551,Aditya Birla Sun Life Banking & PSU Debt Fund  - DIRECT - IDCW,Aditya Birla Sun Life Mutual Fund,Debt Scheme - Banking and PSU Fund,2022-02-24,121.7161
119551,Aditya Birla Sun Life Banking & PSU Debt Fund  - DIRECT - IDCW,Aditya Birla Sun Life Mutual Fund,Debt Scheme - Banking and PSU Fund,2022-02-25,121.7161
119551,Aditya Birla Sun Life Banking & PSU Debt Fund  - DIRECT - IDCW,Aditya Birla Sun Life Mutual Fund,Debt Scheme - Banking and PSU Fund,2022-02-28,121.7348
119551,Aditya Birla Sun Life Banking & PSU Debt Fund  - DIRECT - IDCW,Aditya Birla Sun Life Mutual Fund,Debt Scheme - Banking and PSU Fund,2022-03-02,121.665
119551,Aditya Birla Sun Life Banking & PSU Debt Fund  - DIRECT - IDCW,Aditya Birla Sun Life Mutual Fund,Debt Scheme - Banking and PSU Fund,2022-03-03,121.6296
119551,Aditya Birla Sun Life Banking & PSU Debt Fund  - DIRECT - IDCW,Aditya Birla Sun Life Mutual Fund,Debt Scheme - Banking and PSU Fund,2022-03-04,121.6603
119551,Aditya Birla Sun Life Banking & PSU Debt Fund  - DIRECT - IDCW,Aditya Birla Sun Life Mutual Fund,Debt Scheme - Banking and PSU Fund,2022-03-07,121.6023
119551,Aditya Birla Sun Life Banking & PSU Debt Fund  - DIRECT - IDCW,Aditya Birla Sun Life Mutual Fund,Debt Scheme - Banking and PSU Fund,2022-03-08,121.5935
119551,Aditya Birla Sun Life Banking & PSU Debt Fund  - DIRECT - IDCW,Aditya Birla Sun Life Mutual Fund,Debt Scheme - Banking and PSU Fund,2022-03-09,121.6144
119551,Aditya Birla Sun Life Banking & PSU Debt Fund  - DIRECT - IDCW,Aditya Birla Sun Life Mutual Fund,Debt Scheme - Banking and PSU Fund,2022-03-10,121.6699
119551,Aditya Birla Sun Life Banking & PSU Debt Fund  - DIRECT - IDCW,Aditya Birla Sun Life Mutual Fund,Debt Scheme - Banking and PSU Fund,2022-03-11,121.6652
119551,Aditya Birla Sun Life Banking & PSU Debt Fund  - DIRECT - IDCW,Aditya Birla Sun Life Mutual Fund,Debt Scheme - Banking and PSU Fund,2022-03-14,121.7179
119551,Aditya Birla Sun Life Banking & PSU Debt Fund  - DIRECT - IDCW,Aditya Birla Sun Life Mutual Fund,Debt Scheme - Banking and PSU Fund,2022-03-15,121.8177
119551,Aditya Birla Sun Life Banking & PSU Debt Fund  - DIRECT - IDCW,Aditya Birla Sun Life Mutual Fund,Debt Scheme - Banking and PSU Fund,2022-03-16,121.7919
119551,Aditya Birla Sun Life Banking & PSU Debt Fund  - DIRECT - IDCW,Aditya Birla Sun Life Mutual Fund,Debt Scheme - Banking and PSU Fund,2022-03-17,121.8816
119551,Aditya Birla Sun Life Banking & PSU Debt Fund  - DIRECT - IDCW,Aditya Birla Sun Life Mutual Fund,Debt Scheme - Banking and PSU Fund,2022-03-21,121.9474
119551,Aditya Birla Sun Life Banking & PSU Debt Fund  - DIRECT - IDCW,Aditya Birla Sun Life Mutual Fund,Debt Scheme - Banking and PSU Fund,2022-03-22,121.9441
119551,Aditya Birla Sun Life Banking & PSU Debt Fund  - DIRECT - IDCW,Aditya Birla Sun Life Mutual Fund,Debt Scheme - Banking and PSU Fund,2022-03-23,112.8231
119551,Aditya Birla Sun Life Banking & PSU Debt Fund  - DIRECT - IDCW,Aditya Birla Sun Life Mutual Fund,Debt Scheme - Banking and PSU Fund,2022-03-24,112.8542
119551,Aditya Birla Sun Life Banking & PSU Debt Fund  - DIRECT - IDCW,Aditya Birla Sun Life Mutual Fund,Debt Scheme - Banking and PSU Fund,2022-03-25,112.9034
119551,Aditya Birla Sun Life Banking & PSU Debt Fund  - DIRECT - IDCW,Aditya Birla Sun Life Mutual Fund,Debt Scheme - Banking and PSU Fund,2022-03-28,112.9448
119551,Aditya Birla Sun Life Banking & PSU Debt Fund  - DIRECT - IDCW,Aditya Birla Sun Life Mutual Fund,Debt Scheme - Banking and PSU Fund,2022-03-29,112.9912
119551,Aditya Birla Sun Life Banking & PSU Debt Fund  - DIRECT - IDCW,Aditya Birla Sun Life Mutual Fund,Debt Scheme - Banking and PSU Fund,2022-03-30,113.0255
119551,Aditya Birla Sun Life Banking & PSU Debt Fund  - DIRECT - IDCW,Aditya Birla Sun Life Mutual Fund,Debt Scheme - Banking and PSU Fund,2022-03-31,113.0782
119551,Aditya Birla Sun Life Banking & PSU Debt Fund  - DIRECT - IDCW,Aditya Birla Sun Life Mutual Fund,Debt Scheme - Banking and PSU Fund,2022-04-04,113.1171
119551,Aditya Birla Sun Life Banking & PSU Debt Fund  - DIRECT - IDCW,Aditya Birla Sun Life Mutual Fund,Debt Scheme - Banking and PSU Fund,2022-04-05,113.1661
119551,Aditya Birla Sun Life Banking & PSU Debt Fund  - DIRECT - IDCW,Aditya Birla Sun Life Mutual Fund,Debt Scheme - Banking and PSU Fund,2022-04-06,113.1607
119551,Aditya Birla Sun Life Banking & PSU Debt Fund  - DIRECT - IDCW,Aditya Birla Sun Life Mutual Fund,Debt Scheme - Banking and PSU Fund,2022-04-07,113.1825
119551,Aditya Birla Sun Life Banking & PSU Debt Fund  - DIRECT - IDCW,Aditya Birla Sun Life Mutual Fund,Debt Scheme - Banking and PSU Fund,2022-04-08,112.9062
119551,Aditya Birla Sun Life Banking & PSU Debt Fund  - DIRECT - IDCW,Aditya Birla Sun Life Mutual Fund,Debt Scheme - Banking and PSU Fund,2022-04-11,112.8479
119551,Aditya Birla Sun Life Banking & PSU Debt Fund  - DIRECT - IDCW,Aditya Birla Sun Life Mutual Fund,Debt Scheme - Banking and PSU Fund,2022-04-12,112.8405
119551,Aditya Birla Sun Life Banking & PSU Debt Fund  - DIRECT - IDCW,Aditya Birla Sun Life Mutual Fund,Debt Scheme - Banking and PSU Fund,2022-04-13,112.6844
119551,Aditya Birla Sun Life Banking & PSU Debt Fund  - DIRECT - IDCW,Aditya Birla Sun Life Mutual Fund,Debt Scheme - Banking and PSU Fund,2022-04-18,112.8584
119551,Aditya Birla Sun Life Banking & PSU Debt Fund  - DIRECT - IDCW,Aditya Birla Sun Life Mutual Fund,Debt Scheme - Banking and PSU Fund,2022-04-19,112.9046
119551,Aditya Birla Sun Life Banking & PSU Debt Fund  - DIRECT - IDCW,Aditya Birla Sun Life Mutual Fund,Debt Scheme - Banking and PSU Fund,2022-04-20,112.936
119551,Aditya Birla Sun Life Banking & PSU Debt Fund  - DIRECT - IDCW,Aditya Birla Sun Life Mutual Fund,Debt Scheme - Banking and PSU Fund,2022-04-21,112.956
119551,Aditya Birla Sun Life Banking & PSU Debt Fund  - DIRECT - IDCW,Aditya Birla Sun Life Mutual Fund,Debt Scheme - Banking and PSU Fund,2022-04-22,112.959
119551,Aditya Birla Sun Life Banking & PSU Debt Fund  - DIRECT - IDCW,Aditya Birla Sun Life Mutual Fund,Debt Scheme - Banking and PSU Fund,2022-04-25,113.0615
119551,Aditya Birla Sun Life Banking & PSU Debt Fund  - DIRECT - IDCW,Aditya Birla Sun Life Mutual Fund,Debt Scheme - Banking and PSU Fund,2022-04-26,113.0579
119551,Aditya Birla Sun Life Banking & PSU Debt Fund  - DIRECT - IDCW,Aditya Birla Sun Life Mutual Fund,Debt Scheme - Banking and PSU Fund,2022-04-27,113.0954
119551,Aditya Birla Sun Life Banking & PSU Debt Fund  - DIRECT - IDCW,Aditya Birla Sun Life Mutual Fund,Debt Scheme - Banking and PSU Fund,2022-04-28,113.0848
119551,Aditya Birla Sun Life Banking & PSU Debt Fund  - DIRECT - IDCW,Aditya Birla Sun Life Mutual Fund,Debt Scheme - Banking and PSU Fund,2022-04-29,113.0956
119551,Aditya Birla Sun Life Banking & PSU Debt Fund  - DIRECT - IDCW,Aditya Birla Sun Life Mutual Fund,Debt Scheme - Banking and PSU Fund,2022-05-02,113.1319
119551,Aditya Birla Sun Life Banking & PSU Debt Fund  - DIRECT - IDCW,Aditya Birla Sun Life Mutual Fund,Debt Scheme - Banking and PSU Fund,2022-05-04,112.4331
119551,Aditya Birla Sun Life Banking & PSU Debt Fund  - DIRECT - IDCW,Aditya Birla Sun Life Mutual Fund,Debt Scheme - Banking and PSU Fund,2022-05-05,112.3588
119551,Aditya Birla Sun Life Banking & PSU Debt Fund  - DIRECT - IDCW,Aditya Birla Sun Life Mutual Fund,Debt Scheme - Banking and PSU Fund,2022-05-06,112.244
119551,Aditya Birla Sun Life Banking & PSU Debt Fund  - DIRECT - IDCW,Aditya Birla Sun Life Mutual Fund,Debt Scheme - Banking and PSU Fund,2022-05-09,112.2672
119551,Aditya Birla Sun Life Banking & PSU Debt Fund  - DIRECT - IDCW,Aditya Birla Sun Life Mutual Fund,Debt Scheme - Banking and PSU Fund,2022-05-10,112.3479
119551,Aditya Birla Sun Life Banking & PSU Debt Fund  - DIRECT - IDCW,Aditya Birla Sun Life Mutual Fund,Debt Scheme - Banking and PSU Fund,2022-05-11,112.3991
119551,Aditya Birla Sun Life Banking & PSU Debt Fund  - DIRECT - IDCW,Aditya Birla Sun Life Mutual Fund,Debt Scheme - Banking and PSU Fund,2022-05-12,112.433
119551,Aditya Birla Sun Life Banking & PSU Debt Fund  - DIRECT - IDCW,Aditya Birla Sun Life Mutual Fund,Debt Scheme - Banking and PSU Fund,2022-05-13,112.3647
119551,Aditya Birla Sun Life Banking & PSU Debt Fund  - DIRECT - IDCW,Aditya Birla Sun Life Mutual Fund,Debt Scheme - Banking and PSU Fund,2022-05-17,112.4137
119551,Aditya Birla Sun Life Banking & PSU Debt Fund  - DIRECT - IDCW,Aditya Birla Sun Life Mutual Fund,Debt Scheme - Banking and PSU Fund,2022-05-18,112.4368
119551,Aditya Birla Sun Life Banking & PSU Debt Fund  - DIRECT - IDCW,Aditya Birla Sun Life Mutual Fund,Debt Scheme - Banking and PSU Fund,2022-05-19,112.4539
119551,Aditya Birla Sun Life Banking & PSU Debt Fund  - DIRECT - IDCW,Aditya Birla Sun Life Mutual Fund,Debt Scheme - Banking and PSU Fund,2022-05-20,112.4374
119551,Aditya Birla Sun Life Banking & PSU Debt Fund  - DIRECT - IDCW,Aditya Birla Sun Life Mutual Fund,Debt Scheme - Banking and PSU Fund,2022-05-23,112.5061
119551,Aditya Birla Sun Life Banking & PSU Debt Fund  - DIRECT - IDCW,Aditya Birla Sun Life Mutual Fund,Debt Scheme - Banking and PSU Fund,2022-05-24,112.5432
119551,Aditya Birla Sun Life Banking & PSU Debt Fund  - DIRECT - IDCW,Aditya Birla Sun Life Mutual Fund,Debt Scheme - Banking and PSU Fund,2022-05-25,112.5511
119551,Aditya Birla Sun Life Banking & PSU Debt Fund  - DIRECT - IDCW,Aditya Birla Sun Life Mutual Fund,Debt Scheme - Banking and PSU Fund,2022-05-26,112.5751
119551,Aditya Birla Sun Life Banking & PSU Debt Fund  - DIRECT - IDCW,Aditya Birla Sun Life Mutual Fund,Debt Scheme - Banking and PSU Fund,2022-05-27,112.5875
119551,Aditya Birla Sun Life Banking & PSU Debt Fund  - DIRECT - IDCW,Aditya Birla Sun Life Mutual Fund,Debt Scheme - Banking and PSU Fund,2022-05-30,112.6166
119551,Aditya Birla Sun Life Banking & PSU Debt Fund  - DIRECT - IDCW,Aditya Birla Sun Life Mutual Fund,Debt Scheme - Banking and PSU Fund,2022-05-31,112.6801
119551,Aditya Birla Sun Life Banking & PSU Debt Fund  - DIRECT - IDCW,Aditya Birla Sun Life Mutual Fund,Debt Scheme - Banking and PSU Fund,2022-06-01,112.5519
119551,Aditya Birla Sun Life Banking & PSU Debt Fund  - DIRECT - IDCW,Aditya Birla Sun Life Mutual Fund,Debt Scheme - Banking and PSU Fund,2022-06-02,112.579
119551,Aditya Birla Sun Life Banking & PSU Debt Fund  - DIRECT - IDCW,Aditya Birla Sun Life Mutual Fund,Debt Scheme - Banking and PSU Fund,2022-06-03,112.5469
119551,Aditya Birla Sun Life Banking & PSU Debt Fund  - DIRECT - IDCW,Aditya Birla Sun Life Mutual Fund,Debt Scheme - Banking and PSU Fund,2022-06-06,112.53
119551,Aditya Birla Sun Life Banking & PSU Debt Fund  - DIRECT - IDCW,Aditya Birla Sun Life Mutual Fund,Debt Scheme - Banking and PSU Fund,2022-06-07,112.4553
119551,Aditya Birla Sun Life Banking & PSU Debt Fund  - DIRECT - IDCW,Aditya Birla Sun Life Mutual Fund,Debt Scheme - Banking and PSU Fund,2022-06-08,112.5902
119551,Aditya Birla Sun Life Banking & PSU Debt Fund  - DIRECT - IDCW,Aditya Birla Sun Life Mutual Fund,Debt Scheme - Banking and PSU Fund,2022-06-09,112.6487
119551,Aditya Birla Sun Life Banking & PSU Debt Fund  - DIRECT - IDCW,Aditya Birla Sun Life Mutual Fund,Debt Scheme - Banking and PSU Fund,2022-06-10,112.6848
119551,Aditya Birla Sun Life Banking & PSU Debt Fund  - DIRECT - IDCW,Aditya Birla Sun Life Mutual Fund,Debt Scheme - Banking and PSU Fund,2022-06-13,112.5985
119551,Aditya Birla Sun Life Banking & PSU Debt Fund  - DIRECT - IDCW,Aditya Birla Sun Life Mutual Fund,Debt Scheme - Banking and PSU Fund,2022-06-14,112.583
119551,Aditya Birla Sun Life Banking & PSU Debt Fund  - DIRECT - IDCW,Aditya Birla Sun Life Mutual Fund,Debt Scheme - Banking and PSU Fund,2022-06-15,112.5757
119551,Aditya Birla Sun Life Banking & PSU Debt Fund  - DIRECT - IDCW,Aditya Birla Sun Life Mutual Fund,Debt Scheme - Banking and PSU Fund,2022-06-16,112.5715
119551,Aditya Birla Sun Life Banking & PSU Debt Fund  - DIRECT - IDCW,Aditya Birla Sun Life Mutual Fund,Debt Scheme - Banking and PSU Fund,2022-06-17,112.5783
119551,Aditya Birla Sun Life Banking & PSU Debt Fund  - DIRECT - IDCW,Aditya Birla Sun Life Mutual Fund,Debt Scheme - Banking and PSU Fund,2022-06-20,112.7336
119551,Aditya Birla Sun Life Banking & PSU Debt Fund  - DIRECT - IDCW,Aditya Birla Sun Life Mutual Fund,Debt Scheme - Banking and PSU Fund,2022-06-21,112.757
119551,Aditya Birla Sun Life Banking & PSU Debt Fund  - DIRECT - IDCW,Aditya Birla Sun Life Mutual Fund,Debt Scheme - Banking and PSU Fund,2022-06-22,105.1767
119551,Aditya Birla Sun Life Banking & PSU Debt Fund  - DIRECT - IDCW,Aditya Birla Sun Life Mutual Fund,Debt Scheme - Banking and PSU Fund,2022-06-23,105.2106
119551,Aditya Birla Sun Life Banking & PSU Debt Fund  - DIRECT - IDCW,Aditya Birla Sun Life Mutual Fund,Debt Scheme - Banking and PSU Fund,2022-06-24,105.1971
119551,Aditya Birla Sun Life Banking & PSU Debt Fund  - DIRECT - IDCW,Aditya Birla Sun Life Mutual Fund,Debt Scheme - Banking and PSU Fund,2022-06-27,105.2922
119551,Aditya Birla Sun Life Banking & PSU Debt Fund  - DIRECT - IDCW,Aditya Birla Sun Life Mutual Fund,Debt Scheme - Banking and PSU Fund,2022-06-28,105.2771
119551,Aditya Birla Sun Life Banking & PSU Debt Fund  - DIRECT - IDCW,Aditya Birla Sun Life Mutual Fund,Debt Scheme - Banking and PSU Fund,2022-06-29,105.2859
119551,Aditya Birla Sun Life Banking & PSU Debt Fund  - DIRECT - IDCW,Aditya Birla Sun Life Mutual Fund,Debt Scheme - Banking and PSU Fund,2022-06-30,105.3199
119551,Aditya Birla Sun Life Banking & PSU Debt Fund  - DIRECT - IDCW,Aditya Birla Sun Life Mutual Fund,Debt Scheme - Banking and PSU Fund,2022-07-01,105.3963
119551,Aditya Birla Sun Life Banking & PSU Debt Fund  - DIRECT - IDCW,Aditya Birla Sun Life Mutual Fund,Debt Scheme - Banking and PSU Fund,2022-07-04,105.4884
119551,Aditya Birla Sun Life Banking & PSU Debt Fund  - DIRECT - IDCW,Aditya Birla Sun Life Mutual Fund,Debt Scheme - Banking and PSU Fund,2022-07-05,105.5371
119551,Aditya Birla Sun Life Banking & PSU Debt Fund  - DIRECT - IDCW,Aditya Birla Sun Life Mutual Fund,Debt Scheme - Banking and PSU Fund,2022-07-06,105.7065
119551,Aditya Birla Sun Life Banking & PSU Debt Fund  - DIRECT - IDCW,Aditya Birla Sun Life Mutual Fund,Debt Scheme - Banking and PSU Fund,2022-07-07,105.7041
119551,Aditya Birla Sun Life Banking & PSU Debt Fund  - DIRECT - IDCW,Aditya Birla Sun Life Mutual Fund,Debt Scheme - Banking and PSU Fund,2022-07-08,105.6723
119551,Aditya Birla Sun Life Banking & PSU Debt Fund  - DIRECT - IDCW,Aditya Birla Sun Life Mutual Fund,Debt Scheme - Banking and PSU Fund,2022-07-11,105.672
119551,Aditya Birla Sun Life Banking & PSU Debt Fund  - DIRECT - IDCW,Aditya Birla Sun Life Mutual Fund,Debt Scheme - Banking and PSU Fund,2022-07-12,105.7093
119551,Aditya Birla Sun Life Banking & PSU Debt Fund  - DIRECT - IDCW,Aditya Birla Sun Life Mutual Fund,Debt Scheme - Banking and PSU Fund,2022-07-13,105.7695
119551,Aditya Birla Sun Life Banking & PSU Debt Fund  - DIRECT - IDCW,Aditya Birla Sun Life Mutual Fund,Debt Scheme - Banking and PSU Fund,2022-07-14,105.776
119551,Aditya Birla Sun Life Banking & PSU Debt Fund  - DIRECT - IDCW,Aditya Birla Sun Life Mutual Fund,Debt Scheme - Banking and PSU Fund,2022-07-15,105.776
119551,Aditya Birla Sun Life Banking & PSU Debt Fund  - DIRECT - IDCW,Aditya Birla Sun Life Mutual Fund,Debt Scheme - Banking and PSU Fund,2022-07-18,105.788
119551,Aditya Birla Sun Life Banking & PSU Debt Fund  - DIRECT - IDCW,Aditya Birla Sun Life Mutual Fund,Debt Scheme - Banking and PSU Fund,2022-07-19,105.7996
119551,Aditya Birla Sun Life Banking & PSU Debt Fund  - DIRECT - IDCW,Aditya Birla Sun Life Mutual Fund,Debt Scheme - Banking and PSU Fund,2022-07-20,105.8304
119551,Aditya Birla Sun Life Banking & PSU Debt Fund  - DIRECT - IDCW,Aditya Birla Sun Life Mutual Fund,Debt Scheme - Banking and PSU Fund,2022-07-21,105.8401
119551,Aditya Birla Sun Life Banking & PSU Debt Fund  - DIRECT - IDCW,Aditya Birla Sun Life Mutual Fund,Debt Scheme - Banking and PSU Fund,2022-07-22,105.8449
119551,Aditya Birla Sun Life Banking & PSU Debt Fund  - DIRECT - IDCW,Aditya Birla Sun Life Mutual Fund,Debt Scheme - Banking and PSU Fund,2022-07-25,105.9141
119551,Aditya Birla Sun Life Banking & PSU Debt Fund  - DIRECT - IDCW,Aditya Birla Sun Life Mutual Fund,Debt Scheme - Banking and PSU Fund,2022-07-26,105.9161
119551,Aditya Birla Sun Life Banking & PSU Debt Fund  - DIRECT - IDCW,Aditya Birla Sun Life Mutual Fund,Debt Scheme - Banking and PSU Fund,2022-07-27,105.9293
119551,Aditya Birla Sun Life Banking & PSU Debt Fund  - DIRECT - IDCW,Aditya Birla Sun Life Mutual Fund,Debt Scheme - Banking and PSU Fund,2022-07-28,105.9484
119551,Aditya Birla Sun Life Banking & PSU Debt Fund  - DIRECT - IDCW,Aditya Birla Sun Life Mutual Fund,Debt Scheme - Banking and PSU Fund,2022-07-29,106.0066
119551,Aditya Birla Sun Life Banking & PSU Debt Fund  - DIRECT - IDCW,Aditya Birla Sun Life Mutual Fund,Debt Scheme - Banking and PSU Fund,2022-08-01,106.1219
119551,Aditya Birla Sun Life Banking & PSU Debt Fund  - DIRECT - IDCW,Aditya Birla Sun Life Mutual Fund,Debt Scheme - Banking and PSU Fund,2022-08-02,106.1993
119551,Aditya Birla Sun Life Banking & PSU Debt Fund  - DIRECT - IDCW,Aditya Birla Sun Life Mutual Fund,Debt Scheme - Banking and PSU Fund,2022-08-03,106.15
119551,Aditya Birla Sun Life Banking & PSU Debt Fund  - DIRECT - IDCW,Aditya Birla Sun Life Mutual Fund,Debt Scheme - Banking and PSU Fund,2022-08-04,106.2254
119551,Aditya Birla Sun Life Banking & PSU Debt Fund  - DIRECT - IDCW,Aditya Birla Sun Life Mutual Fund,Debt Scheme - Banking and PSU Fund,2022-08-05,106.1086
119551,Aditya Birla Sun Life Banking & PSU Debt Fund  - DIRECT - IDCW,Aditya Birla Sun Life Mutual Fund,Debt Scheme - Banking and PSU Fund,2022-08-08,106.1541
119551,Aditya Birla Sun Life Banking & PSU Debt Fund  - DIRECT - IDCW,Aditya Birla Sun Life Mutual Fund,Debt Scheme - Banking and PSU Fund,2022-08-10,106.2542
119551,Aditya Birla Sun Life Banking & PSU Debt Fund  - DIRECT - IDCW,Aditya Birla Sun Life Mutual Fund,Debt Scheme - Banking and PSU Fund,2022-08-11,106.3209
119551,Aditya Birla Sun Life Banking & PSU Debt Fund  - DIRECT - IDCW,Aditya Birla Sun Life Mutual Fund,Debt Scheme - Banking and PSU Fund,2022-08-12,106.3294
119551,Aditya Birla Sun Life Banking & PSU Debt Fund  - DIRECT - IDCW,Aditya Birla Sun Life Mutual Fund,Debt Scheme - Banking and PSU Fund,2022-08-17,106.5092
119551,Aditya Birla Sun Life Banking & PSU Debt Fund  - DIRECT - IDCW,Aditya Birla Sun Life Mutual Fund,Debt Scheme - Banking and PSU Fund,2022-08-18,106.5141
119551,Aditya Birla Sun Life Banking & PSU Debt Fund  - DIRECT - IDCW,Aditya Birla Sun Life Mutual Fund,Debt Scheme - Banking and PSU Fund,2022-08-19,106.5072
119551,Aditya Birla Sun Life Banking & PSU Debt Fund  - DIRECT - IDCW,Aditya Birla Sun Life Mutual Fund,Debt Scheme - Banking and PSU Fund,2022-08-22,106.5568
119551,Aditya Birla Sun Life Banking & PSU Debt Fund  - DIRECT - IDCW,Aditya Birla Sun Life Mutual Fund,Debt Scheme - Banking and PSU Fund,2022-08-23,106.5597
119551,Aditya Birla Sun Life Banking & PSU Debt Fund  - DIRECT - IDCW,Aditya Birla Sun Life Mutual Fund,Debt Scheme - Banking and PSU Fund,2022-08-24,106.599
119551,Aditya Birla Sun Life Banking & PSU Debt Fund  - DIRECT - IDCW,Aditya Birla Sun Life Mutual Fund,Debt Scheme - Banking and PSU Fund,2022-08-25,106.5824
119551,Aditya Birla Sun Life Banking & PSU Debt Fund  - DIRECT - IDCW,Aditya Birla Sun Life Mutual Fund,Debt Scheme - Banking and PSU Fund,2022-08-26,106.6296
119551,Aditya Birla Sun Life Banking & PSU Debt Fund  - DIRECT - IDCW,Aditya Birla Sun Life Mutual Fund,Debt Scheme - Banking and PSU Fund,2022-08-29,106.6906
119551,Aditya Birla Sun Life Banking & PSU Debt Fund  - DIRECT - IDCW,Aditya Birla Sun Life Mutual Fund,Debt Scheme - Banking and PSU Fund,2022-08-30,106.7038
119551,Aditya Birla Sun Life Banking & PSU Debt Fund  - DIRECT - IDCW,Aditya Birla Sun Life Mutual Fund,Debt Scheme - Banking and PSU Fund,2022-09-01,106.7475
119551,Aditya Birla Sun Life Banking & PSU Debt Fund  - DIRECT - IDCW,Aditya Birla Sun Life Mutual Fund,Debt Scheme - Banking and PSU Fund,2022-09-02,106.7705
119551,Aditya Birla Sun Life Banking & PSU Debt Fund  - DIRECT - IDCW,Aditya Birla Sun Life Mutual Fund,Debt Scheme - Banking and PSU Fund,2022-09-05,106.8191
119551,Aditya Birla Sun Life Banking & PSU Debt Fund  - DIRECT - IDCW,Aditya Birla Sun Life Mutual Fund,Debt Scheme - Banking and PSU Fund,2022-09-06,106.8291
119551,Aditya Birla Sun Life Banking & PSU Debt Fund  - DIRECT - IDCW,Aditya Birla Sun Life Mutual Fund,Debt Scheme - Banking and PSU Fund,2022-09-07,106.8681
119551,Aditya Birla Sun Life Banking & PSU Debt Fund  - DIRECT - IDCW,Aditya Birla Sun Life Mutual Fund,Debt Scheme - Banking and PSU Fund,2022-09-08,106.9005
119551,Aditya Birla Sun Life Banking & PSU Debt Fund  - DIRECT - IDCW,Aditya Birla Sun Life Mutual Fund,Debt Scheme - Banking and PSU Fund,2022-09-09,106.9116
119551,Aditya Birla Sun Life Banking & PSU Debt Fund  - DIRECT - IDCW,Aditya Birla Sun Life Mutual Fund,Debt Scheme - Banking and PSU Fund,2022-09-12,106.954
119551,Aditya Birla Sun Life Banking & PSU Debt Fund  - DIRECT - IDCW,Aditya Birla Sun Life Mutual Fund,Debt Scheme - Banking and PSU Fund,2022-09-13,106.9983
119551,Aditya Birla Sun Life Banking & PSU Debt Fund  - DIRECT - IDCW,Aditya Birla Sun Life Mutual Fund,Debt Scheme - Banking and PSU Fund,2022-09-14,106.9625
119551,Aditya Birla Sun Life Banking & PSU Debt Fund  - DIRECT - IDCW,Aditya Birla Sun Life Mutual Fund,Debt Scheme - Banking and PSU Fund,2022-09-15,106.9084
119551,Aditya Birla Sun Life Banking & PSU Debt Fund  - DIRECT - IDCW,Aditya Birla Sun Life Mutual Fund,Debt Scheme - Banking and PSU Fund,2022-09-16,106.8585
119551,Aditya Birla Sun Life Banking & PSU Debt Fund  - DIRECT - IDCW,Aditya Birla Sun Life Mutual Fund,Debt Scheme - Banking and PSU Fund,2022-09-19,106.8748
119551,Aditya Birla Sun Life Banking & PSU Debt Fund  - DIRECT - IDCW,Aditya Birla Sun Life Mutual Fund,Debt Scheme - Banking and PSU Fund,2022-09-20,106.824
119551,Aditya Birla Sun Life Banking & PSU Debt Fund  - DIRECT - IDCW,Aditya Birla Sun Life Mutual Fund,Debt Scheme - Banking and PSU Fund,2022-09-21,106.8072
119551,Aditya Birla Sun Life Banking & PSU Debt Fund  - DIRECT - IDCW,Aditya Birla Sun Life Mutual Fund,Debt Scheme - Banking and PSU Fund,2022-09-22,106.7549
119551,Aditya Birla Sun Life Banking & PSU Debt Fund  - DIRECT - IDCW,Aditya Birla Sun Life Mutual Fund,Debt Scheme - Banking and PSU Fund,2022-09-23,106.6333
119551,Aditya Birla Sun Life Banking & PSU Debt Fund  - DIRECT - IDCW,Aditya Birla Sun Life Mutual Fund,Debt Scheme - Banking and PSU Fund,2022-09-26,106.6784
119551,Aditya Birla Sun Life Banking & PSU Debt Fund  - DIRECT - IDCW,Aditya Birla Sun Life Mutual Fund,Debt Scheme - Banking and PSU Fund,2022-09-27,106.6575
119551,Aditya Birla Sun Life Banking & PSU Debt Fund  - DIRECT - IDCW,Aditya Birla Sun Life Mutual Fund,Debt Scheme - Banking and PSU Fund,2022-09-28,106.6485
119551,Aditya Birla Sun Life Banking & PSU Debt Fund  - DIRECT - IDCW,Aditya Birla Sun Life Mutual Fund,Debt Scheme - Banking and PSU Fund,2022-09-29,106.7145
119551,Aditya Birla Sun Life Banking & PSU Debt Fund  - DIRECT - IDCW,Aditya Birla Sun Life Mutual Fund,Debt Scheme - Banking and PSU Fund,2022-09-30,106.7948
119551,Aditya Birla Sun Life Banking & PSU Debt Fund  - DIRECT - IDCW,Aditya Birla Sun Life Mutual Fund,Debt Scheme - Banking and PSU Fund,2022-10-03,106.8261
119551,Aditya Birla Sun Life Banking & PSU Debt Fund  - DIRECT - IDCW,Aditya Birla Sun Life Mutual Fund,Debt Scheme - Banking and PSU Fund,2022-10-04,106.8856
119551,Aditya Birla Sun Life Banking & PSU Debt Fund  - DIRECT - IDCW,Aditya Birla Sun Life Mutual Fund,Debt Scheme - Banking and PSU Fund,2022-10-06,106.8875
119551,Aditya Birla Sun Life Banking & PSU Debt Fund  - DIRECT - IDCW,Aditya Birla Sun Life Mutual Fund,Debt Scheme - Banking and PSU Fund,2022-10-07,106.8408
119551,Aditya Birla Sun Life Banking & PSU Debt Fund  - DIRECT - IDCW,Aditya Birla Sun Life Mutual Fund,Debt Scheme - Banking and PSU Fund,2022-10-10,106.8233
119551,Aditya Birla Sun Life Banking & PSU Debt Fund  - DIRECT - IDCW,Aditya Birla Sun Life Mutual Fund,Debt Scheme - Banking and PSU Fund,2022-10-11,106.782
119551,Aditya Birla Sun Life Banking & PSU Debt Fund  - DIRECT - IDCW,Aditya Birla Sun Life Mutual Fund,Debt Scheme - Banking and PSU Fund,2022-10-12,106.808
119551,Aditya Birla Sun Life Banking & PSU Debt Fund  - DIRECT - IDCW,Aditya Birla Sun Life Mutual Fund,Debt Scheme - Banking and PSU Fund,2022-10-13,106.812
119551,Aditya Birla Sun Life Banking & PSU Debt Fund  - DIRECT - IDCW,Aditya Birla Sun Life Mutual Fund,Debt Scheme - Banking and PSU Fund,2022-10-14,106.7922
119551,Aditya Birla Sun Life Banking & PSU Debt Fund  - DIRECT - IDCW,Aditya Birla Sun Life Mutual Fund,Debt Scheme - Banking and PSU Fund,2022-10-17,106.9437
119551,Aditya Birla Sun Life Banking & PSU Debt Fund  - DIRECT - IDCW,Aditya Birla Sun Life Mutual Fund,Debt Scheme - Banking and PSU Fund,2022-10-18,106.9767
119551,Aditya Birla Sun Life Banking & PSU Debt Fund  - DIRECT - IDCW,Aditya Birla Sun Life Mutual Fund,Debt Scheme - Banking and PSU Fund,2022-10-19,106.997
119551,Aditya Birla Sun Life Banking & PSU Debt Fund  - DIRECT - IDCW,Aditya Birla Sun Life Mutual Fund,Debt Scheme - Banking and PSU Fund,2022-10-20,106.9757
119551,Aditya Birla Sun Life Banking & PSU Debt Fund  - DIRECT - IDCW,Aditya Birla Sun Life Mutual Fund,Debt Scheme - Banking and PSU Fund,2022-10-21,106.9649
119551,Aditya Birla Sun Life Banking & PSU Debt Fund  - DIRECT - IDCW,Aditya Birla Sun Life Mutual Fund,Debt Scheme - Banking and PSU Fund,2022-10-25,107.112
119551,Aditya Birla Sun Life Banking & PSU Debt Fund  - DIRECT - IDCW,Aditya Birla Sun Life Mutual Fund,Debt Scheme - Banking and PSU Fund,2022-10-27,107.2349
119551,Aditya Birla Sun Life Banking & PSU Debt Fund  - DIRECT - IDCW,Aditya Birla Sun Life Mutual Fund,Debt Scheme - Banking and PSU Fund,2022-10-28,107.2137
119551,Aditya Birla Sun Life Banking & PSU Debt Fund  - DIRECT - IDCW,Aditya Birla Sun Life Mutual Fund,Debt Scheme - Banking and PSU Fund,2022-10-31,107.2729
119551,Aditya Birla Sun Life Banking & PSU Debt Fund  - DIRECT - IDCW,Aditya Birla Sun Life Mutual Fund,Debt Scheme - Banking and PSU Fund,2022-11-01,107.2818
119551,Aditya Birla Sun Life Banking & PSU Debt Fund  - DIRECT - IDCW,Aditya Birla Sun Life Mutual Fund,Debt Scheme - Banking and PSU Fund,2022-11-02,107.303
119551,Aditya Birla Sun Life Banking & PSU Debt Fund  - DIRECT - IDCW,Aditya Birla Sun Life Mutual Fund,Debt Scheme - Banking and PSU Fund,2022-11-03,107.2944
119551,Aditya Birla Sun Life Banking & PSU Debt Fund  - DIRECT - IDCW,Aditya Birla Sun Life Mutual Fund,Debt Scheme - Banking and PSU Fund,2022-11-04,107.307
119551,Aditya Birla Sun Life Banking & PSU Debt Fund  - DIRECT - IDCW,Aditya Birla Sun Life Mutual Fund,Debt Scheme - Banking and PSU Fund,2022-11-07,107.3633
119551,Aditya Birla Sun Life Banking & PSU Debt Fund  - DIRECT - IDCW,Aditya Birla Sun Life Mutual Fund,Debt Scheme - Banking and PSU Fund,2022-11-09,107.4581
119551,Aditya Birla Sun Life Banking & PSU Debt Fund  - DIRECT - IDCW,Aditya Birla Sun Life Mutual Fund,Debt Scheme - Banking and PSU Fund,2022-11-10,107.5243
119551,Aditya Birla Sun Life Banking & PSU Debt Fund  - DIRECT - IDCW,Aditya Birla Sun Life Mutual Fund,Debt Scheme - Banking and PSU Fund,2022-11-11,107.6105
119551,Aditya Birla Sun Life Banking & PSU Debt Fund  - DIRECT - IDCW,Aditya Birla Sun Life Mutual Fund,Debt Scheme - Banking and PSU Fund,2022-11-14,107.6593
119551,Aditya Birla Sun Life Banking & PSU Debt Fund  - DIRECT - IDCW,Aditya Birla Sun Life Mutual Fund,Debt Scheme - Banking and PSU Fund,2022-11-15,107.709
119551,Aditya Birla Sun Life Banking & PSU Debt Fund  - DIRECT - IDCW,Aditya Birla Sun Life Mutual Fund,Debt Scheme - Banking and PSU Fund,2022-11-16,107.7065
119551,Aditya Birla Sun Life Banking & PSU Debt Fund  - DIRECT - IDCW,Aditya Birla Sun Life Mutual Fund,Debt Scheme - Banking and PSU Fund,2022-11-17,107.7346
119551,Aditya Birla Sun Life Banking & PSU Debt Fund  - DIRECT - IDCW,Aditya Birla Sun Life Mutual Fund,Debt Scheme - Banking and PSU Fund,2022-11-18,107.7527
119551,Aditya Birla Sun Life Banking & PSU Debt Fund  - DIRECT - IDCW,Aditya Birla Sun Life Mutual Fund,Debt Scheme - Banking and PSU Fund,2022-11-21,107.8002
119551,Aditya Birla Sun Life Banking & PSU Debt Fund  - DIRECT - IDCW,Aditya Birla Sun Life Mutual Fund,Debt Scheme - Banking and PSU Fund,2022-11-22,107.8369
119551,Aditya Birla Sun Life Banking & PSU Debt Fund  - DIRECT - IDCW,Aditya Birla Sun Life Mutual Fund,Debt Scheme - Banking and PSU Fund,2022-11-23,107.8393
119551,Aditya Birla Sun Life Banking & PSU Debt Fund  - DIRECT - IDCW,Aditya Birla Sun Life Mutual Fund,Debt Scheme - Banking and PSU Fund,2022-11-24,107.8882
119551,Aditya Birla Sun Life Banking & PSU Debt Fund  - DIRECT - IDCW,Aditya Birla Sun Life Mutual Fund,Debt Scheme - Banking and PSU Fund,2022-11-25,107.9066
119551,Aditya Birla Sun Life Banking & PSU Debt Fund  - DIRECT - IDCW,Aditya Birla Sun Life Mutual Fund,Debt Scheme - Banking and PSU Fund,2022-11-28,107.9959
119551,Aditya Birla Sun Life Banking & PSU Debt Fund  - DIRECT - IDCW,Aditya Birla Sun Life Mutual Fund,Debt Scheme - Banking and PSU Fund,2022-11-29,107.99
119551,Aditya Birla Sun Life Banking & PSU Debt Fund  - DIRECT - IDCW,Aditya Birla Sun Life Mutual Fund,Debt Scheme - Banking and PSU Fund,2022-11-30,108.0334
119551,Aditya Birla Sun Life Banking & PSU Debt Fund  - DIRECT - IDCW,Aditya Birla Sun Life Mutual Fund,Debt Scheme - Banking and PSU Fund,2022-12-01,108.0832
119551,Aditya Birla Sun Life Banking & PSU Debt Fund  - DIRECT - IDCW,Aditya Birla Sun Life Mutual Fund,Debt Scheme - Banking and PSU Fund,2022-12-02,108.0988
119551,Aditya Birla Sun Life Banking & PSU Debt Fund  - DIRECT - IDCW,Aditya Birla Sun Life Mutual Fund,Debt Scheme - Banking and PSU Fund,2022-12-05,108.1499
119551,Aditya Birla Sun Life Banking & PSU Debt Fund  - DIRECT - IDCW,Aditya Birla Sun Life Mutual Fund,Debt Scheme - Banking and PSU Fund,2022-12-06,108.1762
119551,Aditya Birla Sun Life Banking & PSU Debt Fund  - DIRECT - IDCW,Aditya Birla Sun Life Mutual Fund,Debt Scheme - Banking and PSU Fund,2022-12-07,108.1551
119551,Aditya Birla Sun Life Banking & PSU Debt Fund  - DIRECT - IDCW,Aditya Birla Sun Life Mutual Fund,Debt Scheme - Banking and PSU Fund,2022-12-08,108.1783
119551,Aditya Birla Sun Life Banking & PSU Debt Fund  - DIRECT - IDCW,Aditya Birla Sun Life Mutual Fund,Debt Scheme - Banking and PSU Fund,2022-12-09,108.1868
119551,Aditya Birla Sun Life Banking & PSU Debt Fund  - DIRECT - IDCW,Aditya Birla Sun Life Mutual Fund,Debt Scheme - Banking and PSU Fund,2022-12-12,108.2614
119551,Aditya Birla Sun Life Banking & PSU Debt Fund  - DIRECT - IDCW,Aditya Birla Sun Life Mutual Fund,Debt Scheme - Banking and PSU Fund,2022-12-13,108.2884
119551,Aditya Birla Sun Life Banking & PSU Debt Fund  - DIRECT - IDCW,Aditya Birla Sun Life Mutual Fund,Debt Scheme - Banking and PSU Fund,2022-12-14,108.3488
119551,Aditya Birla Sun Life Banking & PSU Debt Fund  - DIRECT - IDCW,Aditya Birla Sun Life Mutual Fund,Debt Scheme - Banking and PSU Fund,2022-12-15,108.3336
119551,Aditya Birla Sun Life Banking & PSU Debt Fund  - DIRECT - IDCW,Aditya Birla Sun Life Mutual Fund,Debt Scheme - Banking and PSU Fund,2022-12-16,108.3466
119551,Aditya Birla Sun Life Banking & PSU Debt Fund  - DIRECT - IDCW,Aditya Birla Sun Life Mutual Fund,Debt Scheme - Banking and PSU Fund,2022-12-19,108.3837
119551,Aditya Birla Sun Life Banking & PSU Debt Fund  - DIRECT - IDCW,Aditya Birla Sun Life Mutual Fund,Debt Scheme - Banking and PSU Fund,2022-12-20,108.4123
119551,Aditya Birla Sun Life Banking & PSU Debt Fund  - DIRECT - IDCW,Aditya Birla Sun Life Mutual Fund,Debt Scheme - Banking and PSU Fund,2022-12-21,108.3843
119551,Aditya Birla Sun Life Banking & PSU Debt Fund  - DIRECT - IDCW,Aditya Birla Sun Life Mutual Fund,Debt Scheme - Banking and PSU Fund,2022-12-22,108.3903
119551,Aditya Birla Sun Life Banking & PSU Debt Fund  - DIRECT - IDCW,Aditya Birla Sun Life Mutual Fund,Debt Scheme - Banking and PSU Fund,2022-12-23,108.4095
119551,Aditya Birla Sun Life Banking & PSU Debt Fund  - DIRECT - IDCW,Aditya Birla Sun Life Mutual Fund,Debt Scheme - Banking and PSU Fund,2022-12-26,108.4303
119551,Aditya Birla Sun Life Banking & PSU Debt Fund  - DIRECT - IDCW,Aditya Birla Sun Life Mutual Fund,Debt Scheme - Banking and PSU Fund,2022-12-27,108.472
119551,Aditya Birla Sun Life Banking & PSU Debt Fund  - DIRECT - IDCW,Aditya Birla Sun Life Mutual Fund,Debt Scheme - Banking and PSU Fund,2022-12-28,108.4921
119551,Aditya Birla Sun Life Banking & PSU Debt Fund  - DIRECT - IDCW,Aditya Birla Sun Life Mutual Fund,Debt Scheme - Banking and PSU Fund,2022-12-29,108.4982
119551,Aditya Birla Sun Life Banking & PSU Debt Fund  - DIRECT - IDCW,Aditya Birla Sun Life Mutual Fund,Debt Scheme - Banking and PSU Fund,2022-12-30,108.5225
119551,Aditya Birla Sun Life Banking & PSU Debt Fund  - DIRECT - IDCW,Aditya Birla Sun Life Mutual Fund,Debt Scheme - Banking and PSU Fund,2023-01-02,108.5922
119551,Aditya Birla Sun Life Banking & PSU Debt Fund  - DIRECT - IDCW,Aditya Birla Sun Life Mutual Fund,Debt Scheme - Banking and PSU Fund,2023-01-03,108.627
119551,Aditya Birla Sun Life Banking & PSU Debt Fund  - DIRECT - IDCW,Aditya Birla Sun Life Mutual Fund,Debt Scheme - Banking and PSU Fund,2023-01-04,108.6262
119551,Aditya Birla Sun Life Banking & PSU Debt Fund  - DIRECT - IDCW,Aditya Birla Sun Life Mutual Fund,Debt Scheme - Banking and PSU Fund,2023-01-05,108.6405
119551,Aditya Birla Sun Life Banking & PSU Debt Fund  - DIRECT - IDCW,Aditya Birla Sun Life Mutual Fund,Debt Scheme - Banking and PSU Fund,2023-01-06,108.6235
119551,Aditya Birla Sun Life Banking & PSU Debt Fund  - DIRECT - IDCW,Aditya Birla Sun Life Mutual Fund,Debt Scheme - Banking and PSU Fund,2023-01-09,108.7189
119551,Aditya Birla Sun Life Banking & PSU Debt Fund  - DIRECT - IDCW,Aditya Birla Sun Life Mutual Fund,Debt Scheme - Banking and PSU Fund,2023-01-10,108.7409
119551,Aditya Birla Sun Life Banking & PSU Debt Fund  - DIRECT - IDCW,Aditya Birla Sun Life Mutual Fund,Debt Scheme - Banking and PSU Fund,2023-01-11,108.7682
119551,Aditya Birla Sun Life Banking & PSU Debt Fund  - DIRECT - IDCW,Aditya Birla Sun Life Mutual Fund,Debt Scheme - Banking and PSU Fund,2023-01-12,108.8154
119551,Aditya Birla Sun Life Banking & PSU Debt Fund  - DIRECT - IDCW,Aditya Birla Sun Life Mutual Fund,Debt Scheme - Banking and PSU Fund,2023-01-13,108.8441
119551,Aditya Birla Sun Life Banking & PSU Debt Fund  - DIRECT - IDCW,Aditya Birla Sun Life Mutual Fund,Debt Scheme - Banking and PSU Fund,2023-01-16,108.8945
119551,Aditya Birla Sun Life Banking & PSU Debt Fund  - DIRECT - IDCW,Aditya Birla Sun Life Mutual Fund,Debt Scheme - Banking and PSU Fund,2023-01-17,108.9098
119551,Aditya Birla Sun Life Banking & PSU Debt Fund  - DIRECT - IDCW,Aditya Birla Sun Life Mutual Fund,Debt Scheme - Banking and PSU Fund,2023-01-18,108.929
119551,Aditya Birla Sun Life Banking & PSU Debt Fund  - DIRECT - IDCW,Aditya Birla Sun Life Mutual Fund,Debt Scheme - Banking and PSU Fund,2023-01-19,108.9578
119551,Aditya Birla Sun Life Banking & PSU Debt Fund  - DIRECT - IDCW,Aditya Birla Sun Life Mutual Fund,Debt Scheme - Banking and PSU Fund,2023-01-20,108.9335
119551,Aditya Birla Sun Life Banking & PSU Debt Fund  - DIRECT - IDCW,Aditya Birla Sun Life Mutual Fund,Debt Scheme - Banking and PSU Fund,2023-01-23,108.9803
119551,Aditya Birla Sun Life Banking & PSU Debt Fund  - DIRECT - IDCW,Aditya Birla Sun Life Mutual Fund,Debt Scheme - Banking and PSU Fund,2023-01-24,108.9995
119551,Aditya Birla Sun Life Banking & PSU Debt Fund  - DIRECT - IDCW,Aditya Birla Sun Life Mutual Fund,Debt Scheme - Banking and PSU Fund,2023-01-25,108.9962
119551,Aditya Birla Sun Life Banking & PSU Debt Fund  - DIRECT - IDCW,Aditya Birla Sun Life Mutual Fund,Debt Scheme - Banking and PSU Fund,2023-01-27,108.9787
119551,Aditya Birla Sun Life Banking & PSU Debt Fund  - DIRECT - IDCW,Aditya Birla Sun Life Mutual Fund,Debt Scheme - Banking and PSU Fund,2023-01-30,109.0072
119551,Aditya Birla Sun Life Banking & PSU Debt Fund  - DIRECT - IDCW,Aditya Birla Sun Life Mutual Fund,Debt Scheme - Banking and PSU Fund,2023-01-31,109.0678
119551,Aditya Birla Sun Life Banking & PSU Debt Fund  - DIRECT - IDCW,Aditya Birla Sun Life Mutual Fund,Debt Scheme - Banking and PSU Fund,2023-02-01,109.1849
119551,Aditya Birla Sun Life Banking & PSU Debt Fund  - DIRECT - IDCW,Aditya Birla Sun Life Mutual Fund,Debt Scheme - Banking and PSU Fund,2023-02-02,109.2186
119551,Aditya Birla Sun Life Banking & PSU Debt Fund  - DIRECT - IDCW,Aditya Birla Sun Life Mutual Fund,Debt Scheme - Banking and PSU Fund,2023-02-03,109.2425
119551,Aditya Birla Sun Life Banking & PSU Debt Fund  - DIRECT - IDCW,Aditya Birla Sun Life Mutual Fund,Debt Scheme - Banking and PSU Fund,2023-02-06,109.2662
119551,Aditya Birla Sun Life Banking & PSU Debt Fund  - DIRECT - IDCW,Aditya Birla Sun Life Mutual Fund,Debt Scheme - Banking and PSU Fund,2023-02-07,109.2826
119551,Aditya Birla Sun Life Banking & PSU Debt Fund  - DIRECT - IDCW,Aditya Birla Sun Life Mutual Fund,Debt Scheme - Banking and PSU Fund,2023-02-08,109.2472
119551,Aditya Birla Sun Life Banking & PSU Debt Fund  - DIRECT - IDCW,Aditya Birla Sun Life Mutual Fund,Debt Scheme - Banking and PSU Fund,2023-02-09,109.2446
119551,Aditya Birla Sun Life Banking & PSU Debt Fund  - DIRECT - IDCW,Aditya Birla Sun Life Mutual Fund,Debt Scheme - Banking and PSU Fund,2023-02-10,109.2412
119551,Aditya Birla Sun Life Banking & PSU Debt Fund  - DIRECT - IDCW,Aditya Birla Sun Life Mutual Fund,Debt Scheme - Banking and PSU Fund,2023-02-13,109.2826
119551,Aditya Birla Sun Life Banking & PSU Debt Fund  - DIRECT - IDCW,Aditya Birla Sun Life Mutual Fund,Debt Scheme - Banking and PSU Fund,2023-02-14,109.248
119551,Aditya Birla Sun Life Banking & PSU Debt Fund  - DIRECT - IDCW,Aditya Birla Sun Life Mutual Fund,Debt Scheme - Banking and PSU Fund,2023-02-15,109.2929
119551,Aditya Birla Sun Life Banking & PSU Debt Fund  - DIRECT - IDCW,Aditya Birla Sun Life Mutual Fund,Debt Scheme - Banking and PSU Fund,2023-02-16,109.3243
119551,Aditya Birla Sun Life Banking & PSU Debt Fund  - DIRECT - IDCW,Aditya Birla Sun Life Mutual Fund,Debt Scheme - Banking and PSU Fund,2023-02-17,109.2924
119551,Aditya Birla Sun Life Banking & PSU Debt Fund  - DIRECT - IDCW,Aditya Birla Sun Life Mutual Fund,Debt Scheme - Banking and PSU Fund,2023-02-20,109.378
119551,Aditya Birla Sun Life Banking & PSU Debt Fund  - DIRECT - IDCW,Aditya Birla Sun Life Mutual Fund,Debt Scheme - Banking and PSU Fund,2023-02-21,109.4182
119551,Aditya Birla Sun Life Banking & PSU Debt Fund  - DIRECT - IDCW,Aditya Birla Sun Life Mutual Fund,Debt Scheme - Banking and PSU Fund,2023-02-22,109.3818
119551,Aditya Birla Sun Life Banking & PSU Debt Fund  - DIRECT - IDCW,Aditya Birla Sun Life Mutual Fund,Debt Scheme - Banking and PSU Fund,2023-02-23,109.409
119551,Aditya Birla Sun Life Banking & PSU Debt Fund  - DIRECT - IDCW,Aditya Birla Sun Life Mutual Fund,Debt Scheme - Banking and PSU Fund,2023-02-24,109.4234
119551,Aditya Birla Sun Life Banking & PSU Debt Fund  - DIRECT - IDCW,Aditya Birla Sun Life Mutual Fund,Debt Scheme - Banking and PSU Fund,2023-02-27,109.4341
119551,Aditya Birla Sun Life Banking & PSU Debt Fund  - DIRECT - IDCW,Aditya Birla Sun Life Mutual Fund,Debt Scheme - Banking and PSU Fund,2023-02-28,109.4442
119551,Aditya Birla Sun Life Banking & PSU Debt Fund  - DIRECT - IDCW,Aditya Birla Sun Life Mutual Fund,Debt Scheme - Banking and PSU Fund,2023-03-01,109.43
119551,Aditya Birla Sun Life Banking & PSU Debt Fund  - DIRECT - IDCW,Aditya Birla Sun Life Mutual Fund,Debt Scheme - Banking and PSU Fund,2023-03-02,109.447
119551,Aditya Birla Sun Life Banking & PSU Debt Fund  - DIRECT - IDCW,Aditya Birla Sun Life Mutual Fund,Debt Scheme - Banking and PSU Fund,2023-03-03,109.4874
119551,Aditya Birla Sun Life Banking & PSU Debt Fund  - DIRECT - IDCW,Aditya Birla Sun Life Mutual Fund,Debt Scheme - Banking and PSU Fund,2023-03-06,109.5313
119551,Aditya Birla Sun Life Banking & PSU Debt Fund  - DIRECT - IDCW,Aditya Birla Sun Life Mutual Fund,Debt Scheme - Banking and PSU Fund,2023-03-08,109.5103
119551,Aditya Birla Sun Life Banking & PSU Debt Fund  - DIRECT - IDCW,Aditya Birla Sun Life Mutual Fund,Debt Scheme - Banking and PSU Fund,2023-03-09,109.541
119551,Aditya Birla Sun Life Banking & PSU Debt Fund  - DIRECT - IDCW,Aditya Birla Sun Life Mutual Fund,Debt Scheme - Banking and PSU Fund,2023-03-10,109.5769
119551,Aditya Birla Sun Life Banking & PSU Debt Fund  - DIRECT - IDCW,Aditya Birla Sun Life Mutual Fund,Debt Scheme - Banking and PSU Fund,2023-03-13,109.7345
119551,Aditya Birla Sun Life Banking & PSU Debt Fund  - DIRECT - IDCW,Aditya Birla Sun Life Mutual Fund,Debt Scheme - Banking and PSU Fund,2023-03-14,109.7889
119551,Aditya Birla Sun Life Banking & PSU Debt Fund  - DIRECT - IDCW,Aditya Birla Sun Life Mutual Fund,Debt Scheme - Banking and PSU Fund,2023-03-15,109.8123
119551,Aditya Birla Sun Life Banking & PSU Debt Fund  - DIRECT - IDCW,Aditya Birla Sun Life Mutual Fund,Debt Scheme - Banking and PSU Fund,2023-03-16,109.7988
119551,Aditya Birla Sun Life Banking & PSU Debt Fund  - DIRECT - IDCW,Aditya Birla Sun Life Mutual Fund,Debt Scheme - Banking and PSU Fund,2023-03-17,109.8366
119551,Aditya Birla Sun Life Banking & PSU Debt Fund  - DIRECT - IDCW,Aditya Birla Sun Life Mutual Fund,Debt Scheme - Banking and PSU Fund,2023-03-20,109.9509
119551,Aditya Birla Sun Life Banking & PSU Debt Fund  - DIRECT - IDCW,Aditya Birla Sun Life Mutual Fund,Debt Scheme - Banking and PSU Fund,2023-03-21,109.981
119551,Aditya Birla Sun Life Banking & PSU Debt Fund  - DIRECT - IDCW,Aditya Birla Sun Life Mutual Fund,Debt Scheme - Banking and PSU Fund,2023-03-23,110.0625
119551,Aditya Birla Sun Life Banking & PSU Debt Fund  - DIRECT - IDCW,Aditya Birla Sun Life Mutual Fund,Debt Scheme - Banking and PSU Fund,2023-03-24,110.0794
119551,Aditya Birla Sun Life Banking & PSU Debt Fund  - DIRECT - IDCW,Aditya Birla Sun Life Mutual Fund,Debt Scheme - Banking and PSU Fund,2023-03-27,110.1469
119551,Aditya Birla Sun Life Banking & PSU Debt Fund  - DIRECT - IDCW,Aditya Birla Sun Life Mutual Fund,Debt Scheme - Banking and PSU Fund,2023-03-28,110.1156
119551,Aditya Birla Sun Life Banking & PSU Debt Fund  - DIRECT - IDCW,Aditya Birla Sun Life Mutual Fund,Debt Scheme - Banking and PSU Fund,2023-03-29,110.2525
119551,Aditya Birla Sun Life Banking & PSU Debt Fund  - DIRECT - IDCW,Aditya Birla Sun Life Mutual Fund,Debt Scheme - Banking and PSU Fund,2023-03-31,110.3887
119551,Aditya Birla Sun Life Banking & PSU Debt Fund  - DIRECT - IDCW,Aditya Birla Sun Life Mutual Fund,Debt Scheme - Banking and PSU Fund,2023-04-03,110.4369
119551,Aditya Birla Sun Life Banking & PSU Debt Fund  - DIRECT - IDCW,Aditya Birla Sun Life Mutual Fund,Debt Scheme - Banking and PSU Fund,2023-04-05,110.5493
119551,Aditya Birla Sun Life Banking & PSU Debt Fund  - DIRECT - IDCW,Aditya Birla Sun Life Mutual Fund,Debt Scheme - Banking and PSU Fund,2023-04-06,110.7692
119551,Aditya Birla Sun Life Banking & PSU Debt Fund  - DIRECT - IDCW,Aditya Birla Sun Life Mutual Fund,Debt Scheme - Banking and PSU Fund,2023-04-10,110.8339
119551,Aditya Birla Sun Life Banking & PSU Debt Fund  - DIRECT - IDCW,Aditya Birla Sun Life Mutual Fund,Debt Scheme - Banking and PSU Fund,2023-04-11,110.847
119551,Aditya Birla Sun Life Banking & PSU Debt Fund  - DIRECT - IDCW,Aditya Birla Sun Life Mutual Fund,Debt Scheme - Banking and PSU Fund,2023-04-12,110.9134
119551,Aditya Birla Sun Life Banking & PSU Debt Fund  - DIRECT - IDCW,Aditya Birla Sun Life Mutual Fund,Debt Scheme - Banking and PSU Fund,2023-04-13,110.9273
119551,Aditya Birla Sun Life Banking & PSU Debt Fund  - DIRECT - IDCW,Aditya Birla Sun Life Mutual Fund,Debt Scheme - Banking and PSU Fund,2023-04-17,110.9947
119551,Aditya Birla Sun Life Banking & PSU Debt Fund  - DIRECT - IDCW,Aditya Birla Sun Life Mutual Fund,Debt Scheme - Banking and PSU Fund,2023-04-18,111.029
119551,Aditya Birla Sun Life Banking & PSU Debt Fund  - DIRECT - IDCW,Aditya Birla Sun Life Mutual Fund,Debt Scheme - Banking and PSU Fund,2023-04-19,111.0669
119551,Aditya Birla Sun Life Banking & PSU Debt Fund  - DIRECT - IDCW,Aditya Birla Sun Life Mutual Fund,Debt Scheme - Banking and PSU Fund,2023-04-20,111.0695
119551,Aditya Birla Sun Life Banking & PSU Debt Fund  - DIRECT - IDCW,Aditya Birla Sun Life Mutual Fund,Debt Scheme - Banking and PSU Fund,2023-04-21,111.1177
119551,Aditya Birla Sun Life Banking & PSU Debt Fund  - DIRECT - IDCW,Aditya Birla Sun Life Mutual Fund,Debt Scheme - Banking and PSU Fund,2023-04-24,111.2444
119551,Aditya Birla Sun Life Banking & PSU Debt Fund  - DIRECT - IDCW,Aditya Birla Sun Life Mutual Fund,Debt Scheme - Banking and PSU Fund,2023-04-25,111.2845
119551,Aditya Birla Sun Life Banking & PSU Debt Fund  - DIRECT - IDCW,Aditya Birla Sun Life Mutual Fund,Debt Scheme - Banking and PSU Fund,2023-04-26,111.3157
119551,Aditya Birla Sun Life Banking & PSU Debt Fund  - DIRECT - IDCW,Aditya Birla Sun Life Mutual Fund,Debt Scheme - Banking and PSU Fund,2023-04-27,111.3747
119551,Aditya Birla Sun Life Banking & PSU Debt Fund  - DIRECT - IDCW,Aditya Birla Sun Life Mutual Fund,Debt Scheme - Banking and PSU Fund,2023-04-28,111.3814
119551,Aditya Birla Sun Life Banking & PSU Debt Fund  - DIRECT - IDCW,Aditya Birla Sun Life Mutual Fund,Debt Scheme - Banking and PSU Fund,2023-05-02,111.4551
119551,Aditya Birla Sun Life Banking & PSU Debt Fund  - DIRECT - IDCW,Aditya Birla Sun Life Mutual Fund,Debt Scheme - Banking and PSU Fund,2023-05-03,111.534
119551,Aditya Birla Sun Life Banking & PSU Debt Fund  - DIRECT - IDCW,Aditya Birla Sun Life Mutual Fund,Debt Scheme - Banking and PSU Fund,2023-05-04,111.556
119551,Aditya Birla Sun Life Banking & PSU Debt Fund  - DIRECT - IDCW,Aditya Birla Sun Life Mutual Fund,Debt Scheme - Banking and PSU Fund,2023-05-08,111.6462
119551,Aditya Birla Sun Life Banking & PSU Debt Fund  - DIRECT - IDCW,Aditya Birla Sun Life Mutual Fund,Debt Scheme - Banking and PSU Fund,2023-05-09,111.6494
119551,Aditya Birla Sun Life Banking & PSU Debt Fund  - DIRECT - IDCW,Aditya Birla Sun Life Mutual Fund,Debt Scheme - Banking and PSU Fund,2023-05-10,111.6632
119551,Aditya Birla Sun Life Banking & PSU Debt Fund  - DIRECT - IDCW,Aditya Birla Sun Life Mutual Fund,Debt Scheme - Banking and PSU Fund,2023-05-11,111.6912
119551,Aditya Birla Sun Life Banking & PSU Debt Fund  - DIRECT - IDCW,Aditya Birla Sun Life Mutual Fund,Debt Scheme - Banking and PSU Fund,2023-05-12,111.7357
119551,Aditya Birla Sun Life Banking & PSU Debt Fund  - DIRECT - IDCW,Aditya Birla Sun Life Mutual Fund,Debt Scheme - Banking and PSU Fund,2023-05-15,111.8017
119551,Aditya Birla Sun Life Banking & PSU Debt Fund  - DIRECT - IDCW,Aditya Birla Sun Life Mutual Fund,Debt Scheme - Banking and PSU Fund,2023-05-16,111.8439
119551,Aditya Birla Sun Life Banking & PSU Debt Fund  - DIRECT - IDCW,Aditya Birla Sun Life Mutual Fund,Debt Scheme - Banking and PSU Fund,2023-05-17,111.8786
119551,Aditya Birla Sun Life Banking & PSU Debt Fund  - DIRECT - IDCW,Aditya Birla Sun Life Mutual Fund,Debt Scheme - Banking and PSU Fund,2023-05-18,111.9625
119551,Aditya Birla Sun Life Banking & PSU Debt Fund  - DIRECT - IDCW,Aditya Birla Sun Life Mutual Fund,Debt Scheme - Banking and PSU Fund,2023-05-19,111.9729
119551,Aditya Birla Sun Life Banking & PSU Debt Fund  - DIRECT - IDCW,Aditya Birla Sun Life Mutual Fund,Debt Scheme - Banking and PSU Fund,2023-05-22,112.1196
119551,Aditya Birla Sun Life Banking & PSU Debt Fund  - DIRECT - IDCW,Aditya Birla Sun Life Mutual Fund,Debt Scheme - Banking and PSU Fund,2023-05-23,112.1072
119551,Aditya Birla Sun Life Banking & PSU Debt Fund  - DIRECT - IDCW,Aditya Birla Sun Life Mutual Fund,Debt Scheme - Banking and PSU Fund,2023-05-24,112.1392
119551,Aditya Birla Sun Life Banking & PSU Debt Fund  - DIRECT - IDCW,Aditya Birla Sun Life Mutual Fund,Debt Scheme - Banking and PSU Fund,2023-05-25,112.1468
119551,Aditya Birla Sun Life Banking & PSU Debt Fund  - DIRECT - IDCW,Aditya Birla Sun Life Mutual Fund,Debt Scheme - Banking and PSU Fund,2023-05-26,112.1609
119551,Aditya Birla Sun Life Banking & PSU Debt Fund  - DIRECT - IDCW,Aditya Birla Sun Life Mutual Fund,Debt Scheme - Banking and PSU Fund,2023-05-29,112.1994
119551,Aditya Birla Sun Life Banking & PSU Debt Fund  - DIRECT - IDCW,Aditya Birla Sun Life Mutual Fund,Debt Scheme - Banking and PSU Fund,2023-05-30,112.2149
119551,Aditya Birla Sun Life Banking & PSU Debt Fund  - DIRECT - IDCW,Aditya Birla Sun Life Mutual Fund,Debt Scheme - Banking and PSU Fund,2023-05-31,112.2328
119551,Aditya Birla Sun Life Banking & PSU Debt Fund  - DIRECT - IDCW,Aditya Birla Sun Life Mutual Fund,Debt Scheme - Banking and PSU Fund,2023-06-01,112.3041
119551,Aditya Birla Sun Life Banking & PSU Debt Fund  - DIRECT - IDCW,Aditya Birla Sun Life Mutual Fund,Debt Scheme - Banking and PSU Fund,2023-06-02,112.3136
119551,Aditya Birla Sun Life Banking & PSU Debt Fund  - DIRECT - IDCW,Aditya Birla Sun Life Mutual Fund,Debt Scheme - Banking and PSU Fund,2023-06-05,112.35
119551,Aditya Birla Sun Life Banking & PSU Debt Fund  - DIRECT - IDCW,Aditya Birla Sun Life Mutual Fund,Debt Scheme - Banking and PSU Fund,2023-06-06,112.3976
119551,Aditya Birla Sun Life Banking & PSU Debt Fund  - DIRECT - IDCW,Aditya Birla Sun Life Mutual Fund,Debt Scheme - Banking and PSU Fund,2023-06-07,112.4241
119551,Aditya Birla Sun Life Banking & PSU Debt Fund  - DIRECT - IDCW,Aditya Birla Sun Life Mutual Fund,Debt Scheme - Banking and PSU Fund,2023-06-08,112.3995
119551,Aditya Birla Sun Life Banking & PSU Debt Fund  - DIRECT - IDCW,Aditya Birla Sun Life Mutual Fund,Debt Scheme - Banking and PSU Fund,2023-06-09,112.3662
119551,Aditya Birla Sun Life Banking & PSU Debt Fund  - DIRECT - IDCW,Aditya Birla Sun Life Mutual Fund,Debt Scheme - Banking and PSU Fund,2023-06-12,112.4181
119551,Aditya Birla Sun Life Banking & PSU Debt Fund  - DIRECT - IDCW,Aditya Birla Sun Life Mutual Fund,Debt Scheme - Banking and PSU Fund,2023-06-13,112.4564
119551,Aditya Birla Sun Life Banking & PSU Debt Fund  - DIRECT - IDCW,Aditya Birla Sun Life Mutual Fund,Debt Scheme - Banking and PSU Fund,2023-06-14,112.4522
119551,Aditya Birla Sun Life Banking & PSU Debt Fund  - DIRECT - IDCW,Aditya Birla Sun Life Mutual Fund,Debt Scheme - Banking and PSU Fund,2023-06-15,112.4579
119551,Aditya Birla Sun Life Banking & PSU Debt Fund  - DIRECT - IDCW,Aditya Birla Sun Life Mutual Fund,Debt Scheme - Banking and PSU Fund,2023-06-16,112.4688
119551,Aditya Birla Sun Life Banking & PSU Debt Fund  - DIRECT - IDCW,Aditya Birla Sun Life Mutual Fund,Debt Scheme - Banking and PSU Fund,2023-06-19,112.5427
119551,Aditya Birla Sun Life Banking & PSU Debt Fund  - DIRECT - IDCW,Aditya Birla Sun Life Mutual Fund,Debt Scheme - Banking and PSU Fund,2023-06-20,112.5543
119551,Aditya Birla Sun Life Banking & PSU Debt Fund  - DIRECT - IDCW,Aditya Birla Sun Life Mutual Fund,Debt Scheme - Banking and PSU Fund,2023-06-21,112.5483
119551,Aditya Birla Sun Life Banking & PSU Debt Fund  - DIRECT - IDCW,Aditya Birla Sun Life Mutual Fund,Debt Scheme - Banking and PSU Fund,2023-06-22,112.5347
119551,Aditya Birla Sun Life Banking & PSU Debt Fund  - DIRECT - IDCW,Aditya Birla Sun Life Mutual Fund,Debt Scheme - Banking and PSU Fund,2023-06-23,112.5447
119551,Aditya Birla Sun Life Banking & PSU Debt Fund  - DIRECT - IDCW,Aditya Birla Sun Life Mutual Fund,Debt Scheme - Banking and PSU Fund,2023-06-26,112.5988
119551,Aditya Birla Sun Life Banking & PSU Debt Fund  - DIRECT - IDCW,Aditya Birla Sun Life Mutual Fund,Debt Scheme - Banking and PSU Fund,2023-06-27,112.6073
119551,Aditya Birla Sun Life Banking & PSU Debt Fund  - DIRECT - IDCW,Aditya Birla Sun Life Mutual Fund,Debt Scheme - Banking and PSU Fund,2023-06-28,112.6521
119551,Aditya Birla Sun Life Banking & PSU Debt Fund  - DIRECT - IDCW,Aditya Birla Sun Life Mutual Fund,Debt Scheme - Banking and PSU Fund,2023-06-30,112.6635
119551,Aditya Birla Sun Life Banking & PSU Debt Fund  - DIRECT - IDCW,Aditya Birla Sun Life Mutual Fund,Debt Scheme - Banking and PSU Fund,2023-07-03,112.6779
119551,Aditya Birla Sun Life Banking & PSU Debt Fund  - DIRECT - IDCW,Aditya Birla Sun Life Mutual Fund,Debt Scheme - Banking and PSU Fund,2023-07-04,112.7332
119551,Aditya Birla Sun Life Banking & PSU Debt Fund  - DIRECT - IDCW,Aditya Birla Sun Life Mutual Fund,Debt Scheme - Banking and PSU Fund,2023-07-05,112.7734
119551,Aditya Birla Sun Life Banking & PSU Debt Fund  - DIRECT - IDCW,Aditya Birla Sun Life Mutual Fund,Debt Scheme - Banking and PSU Fund,2023-07-06,112.7607
119551,Aditya Birla Sun Life Banking & PSU Debt Fund  - DIRECT - IDCW,Aditya Birla Sun Life Mutual Fund,Debt Scheme - Banking and PSU Fund,2023-07-07,112.7417
119551,Aditya Birla Sun Life Banking & PSU Debt Fund  - DIRECT - IDCW,Aditya Birla Sun Life Mutual Fund,Debt Scheme - Banking and PSU Fund,2023-07-10,112.7947
119551,Aditya Birla Sun Life Banking & PSU Debt Fund  - DIRECT - IDCW,Aditya Birla Sun Life Mutual Fund,Debt Scheme - Banking and PSU Fund,2023-07-11,112.879
119551,Aditya Birla Sun Life Banking & PSU Debt Fund  - DIRECT - IDCW,Aditya Birla Sun Life Mutual Fund,Debt Scheme - Banking and PSU Fund,2023-07-12,112.8785
119551,Aditya Birla Sun Life Banking & PSU Debt Fund  - DIRECT - IDCW,Aditya Birla Sun Life Mutual Fund,Debt Scheme - Banking and PSU Fund,2023-07-13,112.9794
119551,Aditya Birla Sun Life Banking & PSU Debt Fund  - DIRECT - IDCW,Aditya Birla Sun Life Mutual Fund,Debt Scheme - Banking and PSU Fund,2023-07-14,113.0224
119551,Aditya Birla Sun Life Banking & PSU Debt Fund  - DIRECT - IDCW,Aditya Birla Sun Life Mutual Fund,Debt Scheme - Banking and PSU Fund,2023-07-17,113.0933
119551,Aditya Birla Sun Life Banking & PSU Debt Fund  - DIRECT - IDCW,Aditya Birla Sun Life Mutual Fund,Debt Scheme - Banking and PSU Fund,2023-07-18,113.1539
119551,Aditya Birla Sun Life Banking & PSU Debt Fund  - DIRECT - IDCW,Aditya Birla Sun Life Mutual Fund,Debt Scheme - Banking and PSU Fund,2023-07-19,113.185
119551,Aditya Birla Sun Life Banking & PSU Debt Fund  - DIRECT - IDCW,Aditya Birla Sun Life Mutual Fund,Debt Scheme - Banking and PSU Fund,2023-07-20,113.2135
119551,Aditya Birla Sun Life Banking & PSU Debt Fund  - DIRECT - IDCW,Aditya Birla Sun Life Mutual Fund,Debt Scheme - Banking and PSU Fund,2023-07-21,113.1867
119551,Aditya Birla Sun Life Banking & PSU Debt Fund  - DIRECT - IDCW,Aditya Birla Sun Life Mutual Fund,Debt Scheme - Banking and PSU Fund,2023-07-24,113.252
119551,Aditya Birla Sun Life Banking & PSU Debt Fund  - DIRECT - IDCW,Aditya Birla Sun Life Mutual Fund,Debt Scheme - Banking and PSU Fund,2023-07-25,113.2068
119551,Aditya Birla Sun Life Banking & PSU Debt Fund  - DIRECT - IDCW,Aditya Birla Sun Life Mutual Fund,Debt Scheme - Banking and PSU Fund,2023-07-26,113.25
119551,Aditya Birla Sun Life Banking & PSU Debt Fund  - DIRECT - IDCW,Aditya Birla Sun Life Mutual Fund,Debt Scheme - Banking and PSU Fund,2023-07-27,113.302
119551,Aditya Birla Sun Life Banking & PSU Debt Fund  - DIRECT - IDCW,Aditya Birla Sun Life Mutual Fund,Debt Scheme - Banking and PSU Fund,2023-07-28,113.2233
119551,Aditya Birla Sun Life Banking & PSU Debt Fund  - DIRECT - IDCW,Aditya Birla Sun Life Mutual Fund,Debt Scheme - Banking and PSU Fund,2023-07-31,113.2955
119551,Aditya Birla Sun Life Banking & PSU Debt Fund  - DIRECT - IDCW,Aditya Birla Sun Life Mutual Fund,Debt Scheme - Banking and PSU Fund,2023-08-01,113.3502
119551,Aditya Birla Sun Life Banking & PSU Debt Fund  - DIRECT - IDCW,Aditya Birla Sun Life Mutual Fund,Debt Scheme - Banking and PSU Fund,2023-08-02,113.371
119551,Aditya Birla Sun Life Banking & PSU Debt Fund  - DIRECT - IDCW,Aditya Birla Sun Life Mutual Fund,Debt Scheme - Banking and PSU Fund,2023-08-03,113.3366
119551,Aditya Birla Sun Life Banking & PSU Debt Fund  - DIRECT - IDCW,Aditya Birla Sun Life Mutual Fund,Debt Scheme - Banking and PSU Fund,2023-08-04,113.3024
119551,Aditya Birla Sun Life Banking & PSU Debt Fund  - DIRECT - IDCW,Aditya Birla Sun Life Mutual Fund,Debt Scheme - Banking and PSU Fund,2023-08-07,113.4145
119551,Aditya Birla Sun Life Banking & PSU Debt Fund  - DIRECT - IDCW,Aditya Birla Sun Life Mutual Fund,Debt Scheme - Banking and PSU Fund,2023-08-08,113.4097
119551,Aditya Birla Sun Life Banking & PSU Debt Fund  - DIRECT - IDCW,Aditya Birla Sun Life Mutual Fund,Debt Scheme - Banking and PSU Fund,2023-08-09,113.4446
119551,Aditya Birla Sun Life Banking & PSU Debt Fund  - DIRECT - IDCW,Aditya Birla Sun Life Mutual Fund,Debt Scheme - Banking and PSU Fund,2023-08-10,113.4695
119551,Aditya Birla Sun Life Banking & PSU Debt Fund  - DIRECT - IDCW,Aditya Birla Sun Life Mutual Fund,Debt Scheme - Banking and PSU Fund,2023-08-11,113.4328
119551,Aditya Birla Sun Life Banking & PSU Debt Fund  - DIRECT - IDCW,Aditya Birla Sun Life Mutual Fund,Debt Scheme - Banking and PSU Fund,2023-08-14,113.4717
119551,Aditya Birla Sun Life Banking & PSU Debt Fund  - DIRECT - IDCW,Aditya Birla Sun Life Mutual Fund,Debt Scheme - Banking and PSU Fund,2023-08-17,113.448
119551,Aditya Birla Sun Life Banking & PSU Debt Fund  - DIRECT - IDCW,Aditya Birla Sun Life Mutual Fund,Debt Scheme - Banking and PSU Fund,2023-08-18,113.5055
119551,Aditya Birla Sun Life Banking & PSU Debt Fund  - DIRECT - IDCW,Aditya Birla Sun Life Mutual Fund,Debt Scheme - Banking and PSU Fund,2023-08-21,113.5726
119551,Aditya Birla Sun Life Banking & PSU Debt Fund  - DIRECT - IDCW,Aditya Birla Sun Life Mutual Fund,Debt Scheme - Banking and PSU Fund,2023-08-22,113.5608
119551,Aditya Birla Sun Life Banking & PSU Debt Fund  - DIRECT - IDCW,Aditya Birla Sun Life Mutual Fund,Debt Scheme - Banking and PSU Fund,2023-08-23,113.6358
119551,Aditya Birla Sun Life Banking & PSU Debt Fund  - DIRECT - IDCW,Aditya Birla Sun Life Mutual Fund,Debt Scheme - Banking and PSU Fund,2023-08-24,113.6982
119551,Aditya Birla Sun Life Banking & PSU Debt Fund  - DIRECT - IDCW,Aditya Birla Sun Life Mutual Fund,Debt Scheme - Banking and PSU Fund,2023-08-25,113.708
119551,Aditya Birla Sun Life Banking & PSU Debt Fund  - DIRECT - IDCW,Aditya Birla Sun Life Mutual Fund,Debt Scheme - Banking and PSU Fund,2023-08-28,113.8221
119551,Aditya Birla Sun Life Banking & PSU Debt Fund  - DIRECT - IDCW,Aditya Birla Sun Life Mutual Fund,Debt Scheme - Banking and PSU Fund,2023-08-29,113.8467
119551,Aditya Birla Sun Life Banking & PSU Debt Fund  - DIRECT - IDCW,Aditya Birla Sun Life Mutual Fund,Debt Scheme - Banking and PSU Fund,2023-08-30,113.8834
119551,Aditya Birla Sun Life Banking & PSU Debt Fund  - DIRECT - IDCW,Aditya Birla Sun Life Mutual Fund,Debt Scheme - Banking and PSU Fund,2023-08-31,113.9005
119551,Aditya Birla Sun Life Banking & PSU Debt Fund  - DIRECT - IDCW,Aditya Birla Sun Life Mutual Fund,Debt Scheme - Banking and PSU Fund,2023-09-01,113.9205
119551,Aditya Birla Sun Life Banking & PSU Debt Fund  - DIRECT - IDCW,Aditya Birla Sun Life Mutual Fund,Debt Scheme - Banking and PSU Fund,2023-09-04,113.9843
119551,Aditya Birla Sun Life Banking & PSU Debt Fund  - DIRECT - IDCW,Aditya Birla Sun Life Mutual Fund,Debt Scheme - Banking and PSU Fund,2023-09-05,113.9984
119551,Aditya Birla Sun Life Banking & PSU Debt Fund  - DIRECT - IDCW,Aditya Birla Sun Life Mutual Fund,Debt Scheme - Banking and PSU Fund,2023-09-06,113.9571
119551,Aditya Birla Sun Life Banking & PSU Debt Fund  - DIRECT - IDCW,Aditya Birla Sun Life Mutual Fund,Debt Scheme - Banking and PSU Fund,2023-09-07,114.0437
119551,Aditya Birla Sun Life Banking & PSU Debt Fund  - DIRECT - IDCW,Aditya Birla Sun Life Mutual Fund,Debt Scheme - Banking and PSU Fund,2023-09-08,114.0015
119551,Aditya Birla Sun Life Banking & PSU Debt Fund  - DIRECT - IDCW,Aditya Birla Sun Life Mutual Fund,Debt Scheme - Banking and PSU Fund,2023-09-11,114.0239
119551,Aditya Birla Sun Life Banking & PSU Debt Fund  - DIRECT - IDCW,Aditya Birla Sun Life Mutual Fund,Debt Scheme - Banking and PSU Fund,2023-09-12,114.0096
119551,Aditya Birla Sun Life Banking & PSU Debt Fund  - DIRECT - IDCW,Aditya Birla Sun Life Mutual Fund,Debt Scheme - Banking and PSU Fund,2023-09-13,114.1471
119551,Aditya Birla Sun Life Banking & PSU Debt Fund  - DIRECT - IDCW,Aditya Birla Sun Life Mutual Fund,Debt Scheme - Banking and PSU Fund,2023-09-14,114.2468
119551,Aditya Birla Sun Life Banking & PSU Debt Fund  - DIRECT - IDCW,Aditya Birla Sun Life Mutual Fund,Debt Scheme - Banking and PSU Fund,2023-09-15,114.1634
119551,Aditya Birla Sun Life Banking & PSU Debt Fund  - DIRECT - IDCW,Aditya Birla Sun Life Mutual Fund,Debt Scheme - Banking and PSU Fund,2023-09-18,114.2257
119551,Aditya Birla Sun Life Banking & PSU Debt Fund  - DIRECT - IDCW,Aditya Birla Sun Life Mutual Fund,Debt Scheme - Banking and PSU Fund,2023-09-20,114.3068
119551,Aditya Birla Sun Life Banking & PSU Debt Fund  - DIRECT - IDCW,Aditya Birla Sun Life Mutual Fund,Debt Scheme - Banking and PSU Fund,2023-09-21,114.3346
119551,Aditya Birla Sun Life Banking & PSU Debt Fund  - DIRECT - IDCW,Aditya Birla Sun Life Mutual Fund,Debt Scheme - Banking and PSU Fund,2023-09-22,114.3437
119551,Aditya Birla Sun Life Banking & PSU Debt Fund  - DIRECT - IDCW,Aditya Birla Sun Life Mutual Fund,Debt Scheme - Banking and PSU Fund,2023-09-25,114.3926
119551,Aditya Birla Sun Life Banking & PSU Debt Fund  - DIRECT - IDCW,Aditya Birla Sun Life Mutual Fund,Debt Scheme - Banking and PSU Fund,2023-09-26,114.3858
119551,Aditya Birla Sun Life Banking & PSU Debt Fund  - DIRECT - IDCW,Aditya Birla Sun Life Mutual Fund,Debt Scheme - Banking and PSU Fund,2023-09-27,114.4022
119551,Aditya Birla Sun Life Banking & PSU Debt Fund  - DIRECT - IDCW,Aditya Birla Sun Life Mutual Fund,Debt Scheme - Banking and PSU Fund,2023-09-29,114.3746
119551,Aditya Birla Sun Life Banking & PSU Debt Fund  - DIRECT - IDCW,Aditya Birla Sun Life Mutual Fund,Debt Scheme - Banking and PSU Fund,2023-10-03,114.4257
119551,Aditya Birla Sun Life Banking & PSU Debt Fund  - DIRECT - IDCW,Aditya Birla Sun Life Mutual Fund,Debt Scheme - Banking and PSU Fund,2023-10-04,114.4301
119551,Aditya Birla Sun Life Banking & PSU Debt Fund  - DIRECT - IDCW,Aditya Birla Sun Life Mutual Fund,Debt Scheme - Banking and PSU Fund,2023-10-05,114.5152
119551,Aditya Birla Sun Life Banking & PSU Debt Fund  - DIRECT - IDCW,Aditya Birla Sun Life Mutual Fund,Debt Scheme - Banking and PSU Fund,2023-10-06,114.2282
119551,Aditya Birla Sun Life Banking & PSU Debt Fund  - DIRECT - IDCW,Aditya Birla Sun Life Mutual Fund,Debt Scheme - Banking and PSU Fund,2023-10-09,114.2335
119551,Aditya Birla Sun Life Banking & PSU Debt Fund  - DIRECT - IDCW,Aditya Birla Sun Life Mutual Fund,Debt Scheme - Banking and PSU Fund,2023-10-10,114.2773
119551,Aditya Birla Sun Life Banking & PSU Debt Fund  - DIRECT - IDCW,Aditya Birla Sun Life Mutual Fund,Debt Scheme - Banking and PSU Fund,2023-10-11,114.3772
119551,Aditya Birla Sun Life Banking & PSU Debt Fund  - DIRECT - IDCW,Aditya Birla Sun Life Mutual Fund,Debt Scheme - Banking and PSU Fund,2023-10-12,114.4277
119551,Aditya Birla Sun Life Banking & PSU Debt Fund  - DIRECT - IDCW,Aditya Birla Sun Life Mutual Fund,Debt Scheme - Banking and PSU Fund,2023-10-13,114.4576
119551,Aditya Birla Sun Life Banking & PSU Debt Fund  - DIRECT - IDCW,Aditya Birla Sun Life Mutual Fund,Debt Scheme - Banking and PSU Fund,2023-10-16,114.515
119551,Aditya Birla Sun Life Banking & PSU Debt Fund  - DIRECT - IDCW,Aditya Birla Sun Life Mutual Fund,Debt Scheme - Banking and PSU Fund,2023-10-17,114.5336
119551,Aditya Birla Sun Life Banking & PSU Debt Fund  - DIRECT - IDCW,Aditya Birla Sun Life Mutual Fund,Debt Scheme - Banking and PSU Fund,2023-10-18,114.5264
119551,Aditya Birla Sun Life Banking & PSU Debt Fund  - DIRECT - IDCW,Aditya Birla Sun Life Mutual Fund,Debt Scheme - Banking and PSU Fund,2023-10-19,114.5085
119551,Aditya Birla Sun Life Banking & PSU Debt Fund  - DIRECT - IDCW,Aditya Birla Sun Life Mutual Fund,Debt Scheme - Banking and PSU Fund,2023-10-20,114.5203
119551,Aditya Birla Sun Life Banking & PSU Debt Fund  - DIRECT - IDCW,Aditya Birla Sun Life Mutual Fund,Debt Scheme - Banking and PSU Fund,2023-10-23,114.5561
119551,Aditya Birla Sun Life Banking & PSU Debt Fund  - DIRECT - IDCW,Aditya Birla Sun Life Mutual Fund,Debt Scheme - Banking and PSU Fund,2023-10-25,114.6385
119551,Aditya Birla Sun Life Banking & PSU Debt Fund  - DIRECT - IDCW,Aditya Birla Sun Life Mutual Fund,Debt Scheme - Banking and PSU Fund,2023-10-26,114.6543
119551,Aditya Birla Sun Life Banking & PSU Debt Fund  - DIRECT - IDCW,Aditya Birla Sun Life Mutual Fund,Debt Scheme - Banking and PSU Fund,2023-10-27,114.6755
119551,Aditya Birla Sun Life Banking & PSU Debt Fund  - DIRECT - IDCW,Aditya Birla Sun Life Mutual Fund,Debt Scheme - Banking and PSU Fund,2023-10-30,114.7213
119551,Aditya Birla Sun Life Banking & PSU Debt Fund  - DIRECT - IDCW,Aditya Birla Sun Life Mutual Fund,Debt Scheme - Banking and PSU Fund,2023-10-31,114.7532
119551,Aditya Birla Sun Life Banking & PSU Debt Fund  - DIRECT - IDCW,Aditya Birla Sun Life Mutual Fund,Debt Scheme - Banking and PSU Fund,2023-11-01,114.7619
119551,Aditya Birla Sun Life Banking & PSU Debt Fund  - DIRECT - IDCW,Aditya Birla Sun Life Mutual Fund,Debt Scheme - Banking and PSU Fund,2023-11-02,114.8598
119551,Aditya Birla Sun Life Banking & PSU Debt Fund  - DIRECT - IDCW,Aditya Birla Sun Life Mutual Fund,Debt Scheme - Banking and PSU Fund,2023-11-03,114.9185
119551,Aditya Birla Sun Life Banking & PSU Debt Fund  - DIRECT - IDCW,Aditya Birla Sun Life Mutual Fund,Debt Scheme - Banking and PSU Fund,2023-11-06,114.9939
119551,Aditya Birla Sun Life Banking & PSU Debt Fund  - DIRECT - IDCW,Aditya Birla Sun Life Mutual Fund,Debt Scheme - Banking and PSU Fund,2023-11-07,115.0481
119551,Aditya Birla Sun Life Banking & PSU Debt Fund  - DIRECT - IDCW,Aditya Birla Sun Life Mutual Fund,Debt Scheme - Banking and PSU Fund,2023-11-08,115.097
119551,Aditya Birla Sun Life Banking & PSU Debt Fund  - DIRECT - IDCW,Aditya Birla Sun Life Mutual Fund,Debt Scheme - Banking and PSU Fund,2023-11-09,115.1482
119551,Aditya Birla Sun Life Banking & PSU Debt Fund  - DIRECT - IDCW,Aditya Birla Sun Life Mutual Fund,Debt Scheme - Banking and PSU Fund,2023-11-10,115.1099
119551,Aditya Birla Sun Life Banking & PSU Debt Fund  - DIRECT - IDCW,Aditya Birla Sun Life Mutual Fund,Debt Scheme - Banking and PSU Fund,2023-11-13,115.1762
119551,Aditya Birla Sun Life Banking & PSU Debt Fund  - DIRECT - IDCW,Aditya Birla Sun Life Mutual Fund,Debt Scheme - Banking and PSU Fund,2023-11-15,115.3184
119551,Aditya Birla Sun Life Banking & PSU Debt Fund  - DIRECT - IDCW,Aditya Birla Sun Life Mutual Fund,Debt Scheme - Banking and PSU Fund,2023-11-16,115.359
119551,Aditya Birla Sun Life Banking & PSU Debt Fund  - DIRECT - IDCW,Aditya Birla Sun Life Mutual Fund,Debt Scheme - Banking and PSU Fund,2023-11-17,115.4046
119551,Aditya Birla Sun Life Banking & PSU Debt Fund  - DIRECT - IDCW,Aditya Birla Sun Life Mutual Fund,Debt Scheme - Banking and PSU Fund,2023-11-20,115.4124
119551,Aditya Birla Sun Life Banking & PSU Debt Fund  - DIRECT - IDCW,Aditya Birla Sun Life Mutual Fund,Debt Scheme - Banking and PSU Fund,2023-11-21,115.3462
119551,Aditya Birla Sun Life Banking & PSU Debt Fund  - DIRECT - IDCW,Aditya Birla Sun Life Mutual Fund,Debt Scheme - Banking and PSU Fund,2023-11-22,115.3956
119551,Aditya Birla Sun Life Banking & PSU Debt Fund  - DIRECT - IDCW,Aditya Birla Sun Life Mutual Fund,Debt Scheme - Banking and PSU Fund,2023-11-23,115.3838
119551,Aditya Birla Sun Life Banking & PSU Debt Fund  - DIRECT - IDCW,Aditya Birla Sun Life Mutual Fund,Debt Scheme - Banking and PSU Fund,2023-11-24,115.3487
119551,Aditya Birla Sun Life Banking & PSU Debt Fund  - DIRECT - IDCW,Aditya Birla Sun Life Mutual Fund,Debt Scheme - Banking and PSU Fund,2023-11-28,115.4606
119551,Aditya Birla Sun Life Banking & PSU Debt Fund  - DIRECT - IDCW,Aditya Birla Sun Life Mutual Fund,Debt Scheme - Banking and PSU Fund,2023-11-29,115.5248
119551,Aditya Birla Sun Life Banking & PSU Debt Fund  - DIRECT - IDCW,Aditya Birla Sun Life Mutual Fund,Debt Scheme - Banking and PSU Fund,2023-11-30,115.5118
119551,Aditya Birla Sun Life Banking & PSU Debt Fund  - DIRECT - IDCW,Aditya Birla Sun Life Mutual Fund,Debt Scheme - Banking and PSU Fund,2023-12-01,115.4928
119551,Aditya Birla Sun Life Banking & PSU Debt Fund  - DIRECT - IDCW,Aditya Birla Sun Life Mutual Fund,Debt Scheme - Banking and PSU Fund,2023-12-04,115.5786
119551,Aditya Birla Sun Life Banking & PSU Debt Fund  - DIRECT - IDCW,Aditya Birla Sun Life Mutual Fund,Debt Scheme - Banking and PSU Fund,2023-12-05,115.6087
119551,Aditya Birla Sun Life Banking & PSU Debt Fund  - DIRECT - IDCW,Aditya Birla Sun Life Mutual Fund,Debt Scheme - Banking and PSU Fund,2023-12-06,115.6714
119551,Aditya Birla Sun Life Banking & PSU Debt Fund  - DIRECT - IDCW,Aditya Birla Sun Life Mutual Fund,Debt Scheme - Banking and PSU Fund,2023-12-07,115.7012
119551,Aditya Birla Sun Life Banking & PSU Debt Fund  - DIRECT - IDCW,Aditya Birla Sun Life Mutual Fund,Debt Scheme - Banking and PSU Fund,2023-12-08,115.6975
119551,Aditya Birla Sun Life Banking & PSU Debt Fund  - DIRECT - IDCW,Aditya Birla Sun Life Mutual Fund,Debt Scheme - Banking and PSU Fund,2023-12-11,115.7213
119551,Aditya Birla Sun Life Banking & PSU Debt Fund  - DIRECT - IDCW,Aditya Birla Sun Life Mutual Fund,Debt Scheme - Banking and PSU Fund,2023-12-12,115.7387
119551,Aditya Birla Sun Life Banking & PSU Debt Fund  - DIRECT - IDCW,Aditya Birla Sun Life Mutual Fund,Debt Scheme - Banking and PSU Fund,2023-12-13,115.7767
119551,Aditya Birla Sun Life Banking & PSU Debt Fund  - DIRECT - IDCW,Aditya Birla Sun Life Mutual Fund,Debt Scheme - Banking and PSU Fund,2023-12-14,115.9449
119551,Aditya Birla Sun Life Banking & PSU Debt Fund  - DIRECT - IDCW,Aditya Birla Sun Life Mutual Fund,Debt Scheme - Banking and PSU Fund,2023-12-15,116.0675
119551,Aditya Birla Sun Life Banking & PSU Debt Fund  - DIRECT - IDCW,Aditya Birla Sun Life Mutual Fund,Debt Scheme - Banking and PSU Fund,2023-12-18,116.1498
119551,Aditya Birla Sun Life Banking & PSU Debt Fund  - DIRECT - IDCW,Aditya Birla Sun Life Mutual Fund,Debt Scheme - Banking and PSU Fund,2023-12-19,116.146
119551,Aditya Birla Sun Life Banking & PSU Debt Fund  - DIRECT - IDCW,Aditya Birla Sun Life Mutual Fund,Debt Scheme - Banking and PSU Fund,2023-12-20,116.1637
119551,Aditya Birla Sun Life Banking & PSU Debt Fund  - DIRECT - IDCW,Aditya Birla Sun Life Mutual Fund,Debt Scheme - Banking and PSU Fund,2023-12-21,116.1666
119551,Aditya Birla Sun Life Banking & PSU Debt Fund  - DIRECT - IDCW,Aditya Birla Sun Life Mutual Fund,Debt Scheme - Banking and PSU Fund,2023-12-22,116.1862
119551,Aditya Birla Sun Life Banking & PSU Debt Fund  - DIRECT - IDCW,Aditya Birla Sun Life Mutual Fund,Debt Scheme - Banking and PSU Fund,2023-12-26,116.29
119551,Aditya Birla Sun Life Banking & PSU Debt Fund  - DIRECT - IDCW,Aditya Birla Sun Life Mutual Fund,Debt Scheme - Banking and PSU Fund,2023-12-27,116.2785
119551,Aditya Birla Sun Life Banking & PSU Debt Fund  - DIRECT - IDCW,Aditya Birla Sun Life Mutual Fund,Debt Scheme - Banking and PSU Fund,2023-12-28,116.2869
119551,Aditya Birla Sun Life Banking & PSU Debt Fund  - DIRECT - IDCW,Aditya Birla Sun Life Mutual Fund,Debt Scheme - Banking and PSU Fund,2023-12-29,108.2404
119551,Aditya Birla Sun Life Banking & PSU Debt Fund  - DIRECT - IDCW,Aditya Birla Sun Life Mutual Fund,Debt Scheme - Banking and PSU Fund,2024-01-01,108.2962
119551,Aditya Birla Sun Life Banking & PSU Debt Fund  - DIRECT - IDCW,Aditya Birla Sun Life Mutual Fund,Debt Scheme - Banking and PSU Fund,2024-01-02,108.302
119551,Aditya Birla Sun Life Banking & PSU Debt Fund  - DIRECT - IDCW,Aditya Birla Sun Life Mutual Fund,Debt Scheme - Banking and PSU Fund,2024-01-03,108.3033
119551,Aditya Birla Sun Life Banking & PSU Debt Fund  - DIRECT - IDCW,Aditya Birla Sun Life Mutual Fund,Debt Scheme - Banking and PSU Fund,2024-01-04,108.3068
119551,Aditya Birla Sun Life Banking & PSU Debt Fund  - DIRECT - IDCW,Aditya Birla Sun Life Mutual Fund,Debt Scheme - Banking and PSU Fund,2024-01-05,108.2934
119551,Aditya Birla Sun Life Banking & PSU Debt Fund  - DIRECT - IDCW,Aditya Birla Sun Life Mutual Fund,Debt Scheme - Banking and PSU Fund,2024-01-08,108.4013
119551,Aditya Birla Sun Life Banking & PSU Debt Fund  - DIRECT - IDCW,Aditya Birla Sun Life Mutual Fund,Debt Scheme - Banking and PSU Fund,2024-01-09,108.4351
119551,Aditya Birla Sun Life Banking & PSU Debt Fund  - DIRECT - IDCW,Aditya Birla Sun Life Mutual Fund,Debt Scheme - Banking and PSU Fund,2024-01-10,108.4687
119551,Aditya Birla Sun Life Banking & PSU Debt Fund  - DIRECT - IDCW,Aditya Birla Sun Life Mutual Fund,Debt Scheme - Banking and PSU Fund,2024-01-11,108.4768
119551,Aditya Birla Sun Life Banking & PSU Debt Fund  - DIRECT - IDCW,Aditya Birla Sun Life Mutual Fund,Debt Scheme - Banking and PSU Fund,2024-01-12,108.5277
119551,Aditya Birla Sun Life Banking & PSU Debt Fund  - DIRECT - IDCW,Aditya Birla Sun Life Mutual Fund,Debt Scheme - Banking and PSU Fund,2024-01-15,108.6546
119551,Aditya Birla Sun Life Banking & PSU Debt Fund  - DIRECT - IDCW,Aditya Birla Sun Life Mutual Fund,Debt Scheme - Banking and PSU Fund,2024-01-16,108.6565
119551,Aditya Birla Sun Life Banking & PSU Debt Fund  - DIRECT - IDCW,Aditya Birla Sun Life Mutual Fund,Debt Scheme - Banking and PSU Fund,2024-01-17,108.6641
119551,Aditya Birla Sun Life Banking & PSU Debt Fund  - DIRECT - IDCW,Aditya Birla Sun Life Mutual Fund,Debt Scheme - Banking and PSU Fund,2024-01-18,108.6691
119551,Aditya Birla Sun Life Banking & PSU Debt Fund  - DIRECT - IDCW,Aditya Birla Sun Life Mutual Fund,Debt Scheme - Banking and PSU Fund,2024-01-19,108.6634
119551,Aditya Birla Sun Life Banking & PSU Debt Fund  - DIRECT - IDCW,Aditya Birla Sun Life Mutual Fund,Debt Scheme - Banking and PSU Fund,2024-01-23,108.756
119551,Aditya Birla Sun Life Banking & PSU Debt Fund  - DIRECT - IDCW,Aditya Birla Sun Life Mutual Fund,Debt Scheme - Banking and PSU Fund,2024-01-24,108.7584
119551,Aditya Birla Sun Life Banking & PSU Debt Fund  - DIRECT - IDCW,Aditya Birla Sun Life Mutual Fund,Debt Scheme - Banking and PSU Fund,2024-01-25,108.7795
119551,Aditya Birla Sun Life Banking & PSU Debt Fund  - DIRECT - IDCW,Aditya Birla Sun Life Mutual Fund,Debt Scheme - Banking and PSU Fund,2024-01-29,108.8663
119551,Aditya Birla Sun Life Banking & PSU Debt Fund  - DIRECT - IDCW,Aditya Birla Sun Life Mutual Fund,Debt Scheme - Banking and PSU Fund,2024-01-30,108.9094
119551,Aditya Birla Sun Life Banking & PSU Debt Fund  - DIRECT - IDCW,Aditya Birla Sun Life Mutual Fund,Debt Scheme - Banking and PSU Fund,2024-01-31,108.9501
119551,Aditya Birla Sun Life Banking & PSU Debt Fund  - DIRECT - IDCW,Aditya Birla Sun Life Mutual Fund,Debt Scheme - Banking and PSU Fund,2024-02-01,109.1334
119551,Aditya Birla Sun Life Banking & PSU Debt Fund  - DIRECT - IDCW,Aditya Birla Sun Life Mutual Fund,Debt Scheme - Banking and PSU Fund,2024-02-02,109.2484
119551,Aditya Birla Sun Life Banking & PSU Debt Fund  - DIRECT - IDCW,Aditya Birla Sun Life Mutual Fund,Debt Scheme - Banking and PSU Fund,2024-02-05,109.2279
119551,Aditya Birla Sun Life Banking & PSU Debt Fund  - DIRECT - IDCW,Aditya Birla Sun Life Mutual Fund,Debt Scheme - Banking and PSU Fund,2024-02-06,109.2489
119551,Aditya Birla Sun Life Banking & PSU Debt Fund  - DIRECT - IDCW,Aditya Birla Sun Life Mutual Fund,Debt Scheme - Banking and PSU Fund,2024-02-07,109.2938
119551,Aditya Birla Sun Life Banking & PSU Debt Fund  - DIRECT - IDCW,Aditya Birla Sun Life Mutual Fund,Debt Scheme - Banking and PSU Fund,2024-02-08,109.2929
119551,Aditya Birla Sun Life Banking & PSU Debt Fund  - DIRECT - IDCW,Aditya Birla Sun Life Mutual Fund,Debt Scheme - Banking and PSU Fund,2024-02-09,109.2569
119551,Aditya Birla Sun Life Banking & PSU Debt Fund  - DIRECT - IDCW,Aditya Birla Sun Life Mutual Fund,Debt Scheme - Banking and PSU Fund,2024-02-12,109.3183
119551,Aditya Birla Sun Life Banking & PSU Debt Fund  - DIRECT - IDCW,Aditya Birla Sun Life Mutual Fund,Debt Scheme - Banking and PSU Fund,2024-02-13,109.3221
119551,Aditya Birla Sun Life Banking & PSU Debt Fund  - DIRECT - IDCW,Aditya Birla Sun Life Mutual Fund,Debt Scheme - Banking and PSU Fund,2024-02-14,109.2938
119551,Aditya Birla Sun Life Banking & PSU Debt Fund  - DIRECT - IDCW,Aditya Birla Sun Life Mutual Fund,Debt Scheme - Banking and PSU Fund,2024-02-15,109.3771
119551,Aditya Birla Sun Life Banking & PSU Debt Fund  - DIRECT - IDCW,Aditya Birla Sun Life Mutual Fund,Debt Scheme - Banking and PSU Fund,2024-02-16,109.393
119551,Aditya Birla Sun Life Banking & PSU Debt Fund  - DIRECT - IDCW,Aditya Birla Sun Life Mutual Fund,Debt Scheme - Banking and PSU Fund,2024-02-20,109.5383
119551,Aditya Birla Sun Life Banking & PSU Debt Fund  - DIRECT - IDCW,Aditya Birla Sun Life Mutual Fund,Debt Scheme - Banking and PSU Fund,2024-02-21,109.5846
119551,Aditya Birla Sun Life Banking & PSU Debt Fund  - DIRECT - IDCW,Aditya Birla Sun Life Mutual Fund,Debt Scheme - Banking and PSU Fund,2024-02-22,109.6091
119551,Aditya Birla Sun Life Banking & PSU Debt Fund  - DIRECT - IDCW,Aditya Birla Sun Life Mutual Fund,Debt Scheme - Banking and PSU Fund,2024-02-23,109.6186
119551,Aditya Birla Sun Life Banking & PSU Debt Fund  - DIRECT - IDCW,Aditya Birla Sun Life Mutual Fund,Debt Scheme - Banking and PSU Fund,2024-02-26,109.7161
119551,Aditya Birla Sun Life Banking & PSU Debt Fund  - DIRECT - IDCW,Aditya Birla Sun Life Mutual Fund,Debt Scheme - Banking and PSU Fund,2024-02-27,109.7147
119551,Aditya Birla Sun Life Banking & PSU Debt Fund  - DIRECT - IDCW,Aditya Birla Sun Life Mutual Fund,Debt Scheme - Banking and PSU Fund,2024-02-28,109.7569
119551,Aditya Birla Sun Life Banking & PSU Debt Fund  - DIRECT - IDCW,Aditya Birla Sun Life Mutual Fund,Debt Scheme - Banking and PSU Fund,2024-02-29,109.7711
119551,Aditya Birla Sun Life Banking & PSU Debt Fund  - DIRECT - IDCW,Aditya Birla Sun Life Mutual Fund,Debt Scheme - Banking and PSU Fund,2024-03-01,109.7834
119551,Aditya Birla Sun Life Banking & PSU Debt Fund  - DIRECT - IDCW,Aditya Birla Sun Life Mutual Fund,Debt Scheme - Banking and PSU Fund,2024-03-04,109.8436
119551,Aditya Birla Sun Life Banking & PSU Debt Fund  - DIRECT - IDCW,Aditya Birla Sun Life Mutual Fund,Debt Scheme - Banking and PSU Fund,2024-03-05,109.8552
119551,Aditya Birla Sun Life Banking & PSU Debt Fund  - DIRECT - IDCW,Aditya Birla Sun Life Mutual Fund,Debt Scheme - Banking and PSU Fund,2024-03-06,109.9177
119551,Aditya Birla Sun Life Banking & PSU Debt Fund  - DIRECT - IDCW,Aditya Birla Sun Life Mutual Fund,Debt Scheme - Banking and PSU Fund,2024-03-07,109.9624
119551,Aditya Birla Sun Life Banking & PSU Debt Fund  - DIRECT - IDCW,Aditya Birla Sun Life Mutual Fund,Debt Scheme - Banking and PSU Fund,2024-03-11,110.12
119551,Aditya Birla Sun Life Banking & PSU Debt Fund  - DIRECT - IDCW,Aditya Birla Sun Life Mutual Fund,Debt Scheme - Banking and PSU Fund,2024-03-12,110.1246
119551,Aditya Birla Sun Life Banking & PSU Debt Fund  - DIRECT - IDCW,Aditya Birla Sun Life Mutual Fund,Debt Scheme - Banking and PSU Fund,2024-03-13,110.1303
119551,Aditya Birla Sun Life Banking & PSU Debt Fund  - DIRECT - IDCW,Aditya Birla Sun Life Mutual Fund,Debt Scheme - Banking and PSU Fund,2024-03-14,110.1196
119551,Aditya Birla Sun Life Banking & PSU Debt Fund  - DIRECT - IDCW,Aditya Birla Sun Life Mutual Fund,Debt Scheme - Banking and PSU Fund,2024-03-15,110.1319
119551,Aditya Birla Sun Life Banking & PSU Debt Fund  - DIRECT - IDCW,Aditya Birla Sun Life Mutual Fund,Debt Scheme - Banking and PSU Fund,2024-03-18,110.144
119551,Aditya Birla Sun Life Banking & PSU Debt Fund  - DIRECT - IDCW,Aditya Birla Sun Life Mutual Fund,Debt Scheme - Banking and PSU Fund,2024-03-19,110.114
119551,Aditya Birla Sun Life Banking & PSU Debt Fund  - DIRECT - IDCW,Aditya Birla Sun Life Mutual Fund,Debt Scheme - Banking and PSU Fund,2024-03-20,110.1485
119551,Aditya Birla Sun Life Banking & PSU Debt Fund  - DIRECT - IDCW,Aditya Birla Sun Life Mutual Fund,Debt Scheme - Banking and PSU Fund,2024-03-21,110.2046
119551,Aditya Birla Sun Life Banking & PSU Debt Fund  - DIRECT - IDCW,Aditya Birla Sun Life Mutual Fund,Debt Scheme - Banking and PSU Fund,2024-03-22,110.1729
119551,Aditya Birla Sun Life Banking & PSU Debt Fund  - DIRECT - IDCW,Aditya Birla Sun Life Mutual Fund,Debt Scheme - Banking and PSU Fund,2024-03-26,110.1903
119551,Aditya Birla Sun Life Banking & PSU Debt Fund  - DIRECT - IDCW,Aditya Birla Sun Life Mutual Fund,Debt Scheme - Banking and PSU Fund,2024-03-27,102.5361
119551,Aditya Birla Sun Life Banking & PSU Debt Fund  - DIRECT - IDCW,Aditya Birla Sun Life Mutual Fund,Debt Scheme - Banking and PSU Fund,2024-03-28,102.7096
119551,Aditya Birla Sun Life Banking & PSU Debt Fund  - DIRECT - IDCW,Aditya Birla Sun Life Mutual Fund,Debt Scheme - Banking and PSU Fund,2024-03-31,102.7632
119551,Aditya Birla Sun Life Banking & PSU Debt Fund  - DIRECT - IDCW,Aditya Birla Sun Life Mutual Fund,Debt Scheme - Banking and PSU Fund,2024-04-02,102.7608
119551,Aditya Birla Sun Life Banking & PSU Debt Fund  - DIRECT - IDCW,Aditya Birla Sun Life Mutual Fund,Debt Scheme - Banking and PSU Fund,2024-04-03,102.7932
119551,Aditya Birla Sun Life Banking & PSU Debt Fund  - DIRECT - IDCW,Aditya Birla Sun Life Mutual Fund,Debt Scheme - Banking and PSU Fund,2024-04-04,102.831
119551,Aditya Birla Sun Life Banking & PSU Debt Fund  - DIRECT - IDCW,Aditya Birla Sun Life Mutual Fund,Debt Scheme - Banking and PSU Fund,2024-04-05,102.8278
119551,Aditya Birla Sun Life Banking & PSU Debt Fund  - DIRECT - IDCW,Aditya Birla Sun Life Mutual Fund,Debt Scheme - Banking and PSU Fund,2024-04-08,102.7894
119551,Aditya Birla Sun Life Banking & PSU Debt Fund  - DIRECT - IDCW,Aditya Birla Sun Life Mutual Fund,Debt Scheme - Banking and PSU Fund,2024-04-10,102.8998
119551,Aditya Birla Sun Life Banking & PSU Debt Fund  - DIRECT - IDCW,Aditya Birla Sun Life Mutual Fund,Debt Scheme - Banking and PSU Fund,2024-04-12,102.7853
119551,Aditya Birla Sun Life Banking & PSU Debt Fund  - DIRECT - IDCW,Aditya Birla Sun Life Mutual Fund,Debt Scheme - Banking and PSU Fund,2024-04-15,102.8695
119551,Aditya Birla Sun Life Banking & PSU Debt Fund  - DIRECT - IDCW,Aditya Birla Sun Life Mutual Fund,Debt Scheme - Banking and PSU Fund,2024-04-16,102.834
119551,Aditya Birla Sun Life Banking & PSU Debt Fund  - DIRECT - IDCW,Aditya Birla Sun Life Mutual Fund,Debt Scheme - Banking and PSU Fund,2024-04-18,102.878
119551,Aditya Birla Sun Life Banking & PSU Debt Fund  - DIRECT - IDCW,Aditya Birla Sun Life Mutual Fund,Debt Scheme - Banking and PSU Fund,2024-04-19,102.785
119551,Aditya Birla Sun Life Banking & PSU Debt Fund  - DIRECT - IDCW,Aditya Birla Sun Life Mutual Fund,Debt Scheme - Banking and PSU Fund,2024-04-22,102.8818
119551,Aditya Birla Sun Life Banking & PSU Debt Fund  - DIRECT - IDCW,Aditya Birla Sun Life Mutual Fund,Debt Scheme - Banking and PSU Fund,2024-04-23,102.9532
119551,Aditya Birla Sun Life Banking & PSU Debt Fund  - DIRECT - IDCW,Aditya Birla Sun Life Mutual Fund,Debt Scheme - Banking and PSU Fund,2024-04-24,102.9549
119551,Aditya Birla Sun Life Banking & PSU Debt Fund  - DIRECT - IDCW,Aditya Birla Sun Life Mutual Fund,Debt Scheme - Banking and PSU Fund,2024-04-25,102.9493
119551,Aditya Birla Sun Life Banking & PSU Debt Fund  - DIRECT - IDCW,Aditya Birla Sun Life Mutual Fund,Debt Scheme - Banking and PSU Fund,2024-04-26,102.9593
119551,Aditya Birla Sun Life Banking & PSU Debt Fund  - DIRECT - IDCW,Aditya Birla Sun Life Mutual Fund,Debt Scheme - Banking and PSU Fund,2024-04-29,103.0161
119551,Aditya Birla Sun Life Banking & PSU Debt Fund  - DIRECT - IDCW,Aditya Birla Sun Life Mutual Fund,Debt Scheme - Banking and PSU Fund,2024-04-30,103.0514
119551,Aditya Birla Sun Life Banking & PSU Debt Fund  - DIRECT - IDCW,Aditya Birla Sun Life Mutual Fund,Debt Scheme - Banking and PSU Fund,2024-05-02,103.1097
119551,Aditya Birla Sun Life Banking & PSU Debt Fund  - DIRECT - IDCW,Aditya Birla Sun Life Mutual Fund,Debt Scheme - Banking and PSU Fund,2024-05-03,103.16
119551,Aditya Birla Sun Life Banking & PSU Debt Fund  - DIRECT - IDCW,Aditya Birla Sun Life Mutual Fund,Debt Scheme - Banking and PSU Fund,2024-05-06,103.3135
119551,Aditya Birla Sun Life Banking & PSU Debt Fund  - DIRECT - IDCW,Aditya Birla Sun Life Mutual Fund,Debt Scheme - Banking and PSU Fund,2024-05-07,103.3251
119551,Aditya Birla Sun Life Banking & PSU Debt Fund  - DIRECT - IDCW,Aditya Birla Sun Life Mutual Fund,Debt Scheme - Banking and PSU Fund,2024-05-08,103.3191
119551,Aditya Birla Sun Life Banking & PSU Debt Fund  - DIRECT - IDCW,Aditya Birla Sun Life Mutual Fund,Debt Scheme - Banking and PSU Fund,2024-05-09,103.3271
119551,Aditya Birla Sun Life Banking & PSU Debt Fund  - DIRECT - IDCW,Aditya Birla Sun Life Mutual Fund,Debt Scheme - Banking and PSU Fund,2024-05-10,103.3607
119551,Aditya Birla Sun Life Banking & PSU Debt Fund  - DIRECT - IDCW,Aditya Birla Sun Life Mutual Fund,Debt Scheme - Banking and PSU Fund,2024-05-13,103.4188
119551,Aditya Birla Sun Life Banking & PSU Debt Fund  - DIRECT - IDCW,Aditya Birla Sun Life Mutual Fund,Debt Scheme - Banking and PSU Fund,2024-05-14,103.4525
119551,Aditya Birla Sun Life Banking & PSU Debt Fund  - DIRECT - IDCW,Aditya Birla Sun Life Mutual Fund,Debt Scheme - Banking and PSU Fund,2024-05-15,103.5312
119551,Aditya Birla Sun Life Banking & PSU Debt Fund  - DIRECT - IDCW,Aditya Birla Sun Life Mutual Fund,Debt Scheme - Banking and PSU Fund,2024-05-16,103.618
119551,Aditya Birla Sun Life Banking & PSU Debt Fund  - DIRECT - IDCW,Aditya Birla Sun Life Mutual Fund,Debt Scheme - Banking and PSU Fund,2024-05-17,103.6086
119551,Aditya Birla Sun Life Banking & PSU Debt Fund  - DIRECT - IDCW,Aditya Birla Sun Life Mutual Fund,Debt Scheme - Banking and PSU Fund,2024-05-21,103.7247
119551,Aditya Birla Sun Life Banking & PSU Debt Fund  - DIRECT - IDCW,Aditya Birla Sun Life Mutual Fund,Debt Scheme - Banking and PSU Fund,2024-05-22,103.7992
119551,Aditya Birla Sun Life Banking & PSU Debt Fund  - DIRECT - IDCW,Aditya Birla Sun Life Mutual Fund,Debt Scheme - Banking and PSU Fund,2024-05-24,103.871
119551,Aditya Birla Sun Life Banking & PSU Debt Fund  - DIRECT - IDCW,Aditya Birla Sun Life Mutual Fund,Debt Scheme - Banking and PSU Fund,2024-05-27,103.9153
119551,Aditya Birla Sun Life Banking & PSU Debt Fund  - DIRECT - IDCW,Aditya Birla Sun Life Mutual Fund,Debt Scheme - Banking and PSU Fund,2024-05-28,103.9118
119551,Aditya Birla Sun Life Banking & PSU Debt Fund  - DIRECT - IDCW,Aditya Birla Sun Life Mutual Fund,Debt Scheme - Banking and PSU Fund,2024-05-29,103.8954
119551,Aditya Birla Sun Life Banking & PSU Debt Fund  - DIRECT - IDCW,Aditya Birla Sun Life Mutual Fund,Debt Scheme - Banking and PSU Fund,2024-05-30,103.9279
119551,Aditya Birla Sun Life Banking & PSU Debt Fund  - DIRECT - IDCW,Aditya Birla Sun Life Mutual Fund,Debt Scheme - Banking and PSU Fund,2024-05-31,103.9547
119551,Aditya Birla Sun Life Banking & PSU Debt Fund  - DIRECT - IDCW,Aditya Birla Sun Life Mutual Fund,Debt Scheme - Banking and PSU Fund,2024-06-03,104.0983
119551,Aditya Birla Sun Life Banking & PSU Debt Fund  - DIRECT - IDCW,Aditya Birla Sun Life Mutual Fund,Debt Scheme - Banking and PSU Fund,2024-06-04,103.8414
119551,Aditya Birla Sun Life Banking & PSU Debt Fund  - DIRECT - IDCW,Aditya Birla Sun Life Mutual Fund,Debt Scheme - Banking and PSU Fund,2024-06-05,103.9001
119551,Aditya Birla Sun Life Banking & PSU Debt Fund  - DIRECT - IDCW,Aditya Birla Sun Life Mutual Fund,Debt Scheme - Banking and PSU Fund,2024-06-06,103.9979
119551,Aditya Birla Sun Life Banking & PSU Debt Fund  - DIRECT - IDCW,Aditya Birla Sun Life Mutual Fund,Debt Scheme - Banking and PSU Fund,2024-06-07,104.0351
119551,Aditya Birla Sun Life Banking & PSU Debt Fund  - DIRECT - IDCW,Aditya Birla Sun Life Mutual Fund,Debt Scheme - Banking and PSU Fund,2024-06-10,104.0928
119551,Aditya Birla Sun Life Banking & PSU Debt Fund  - DIRECT - IDCW,Aditya Birla Sun Life Mutual Fund,Debt Scheme - Banking and PSU Fund,2024-06-11,104.1556
119551,Aditya Birla Sun Life Banking & PSU Debt Fund  - DIRECT - IDCW,Aditya Birla Sun Life Mutual Fund,Debt Scheme - Banking and PSU Fund,2024-06-12,104.1778
119551,Aditya Birla Sun Life Banking & PSU Debt Fund  - DIRECT - IDCW,Aditya Birla Sun Life Mutual Fund,Debt Scheme - Banking and PSU Fund,2024-06-13,104.2366
119551,Aditya Birla Sun Life Banking & PSU Debt Fund  - DIRECT - IDCW,Aditya Birla Sun Life Mutual Fund,Debt Scheme - Banking and PSU Fund,2024-06-14,104.2704
119551,Aditya Birla Sun Life Banking & PSU Debt Fund  - DIRECT - IDCW,Aditya Birla Sun Life Mutual Fund,Debt Scheme - Banking and PSU Fund,2024-06-18,104.3524
119551,Aditya Birla Sun Life Banking & PSU Debt Fund  - DIRECT - IDCW,Aditya Birla Sun Life Mutual Fund,Debt Scheme - Banking and PSU Fund,2024-06-19,104.3994
119551,Aditya Birla Sun Life Banking & PSU Debt Fund  - DIRECT - IDCW,Aditya Birla Sun Life Mutual Fund,Debt Scheme - Banking and PSU Fund,2024-06-20,104.432
119551,Aditya Birla Sun Life Banking & PSU Debt Fund  - DIRECT - IDCW,Aditya Birla Sun Life Mutual Fund,Debt Scheme - Banking and PSU Fund,2024-06-21,104.4713
119551,Aditya Birla Sun Life Banking & PSU Debt Fund  - DIRECT - IDCW,Aditya Birla Sun Life Mutual Fund,Debt Scheme - Banking and PSU Fund,2024-06-24,117.8708
119551,Aditya Birla Sun Life Banking & PSU Debt Fund  - DIRECT - IDCW,Aditya Birla Sun Life Mutual Fund,Debt Scheme - Banking and PSU Fund,2024-06-25,104.5405
119551,Aditya Birla Sun Life Banking & PSU Debt Fund  - DIRECT - IDCW,Aditya Birla Sun Life Mutual Fund,Debt Scheme - Banking and PSU Fund,2024-06-26,104.5187
119551,Aditya Birla Sun Life Banking & PSU Debt Fund  - DIRECT - IDCW,Aditya Birla Sun Life Mutual Fund,Debt Scheme - Banking and PSU Fund,2024-06-27,104.5382
119551,Aditya Birla Sun Life Banking & PSU Debt Fund  - DIRECT - IDCW,Aditya Birla Sun Life Mutual Fund,Debt Scheme - Banking and PSU Fund,2024-06-28,104.574
119551,Aditya Birla Sun Life Banking & PSU Debt Fund  - DIRECT - IDCW,Aditya Birla Sun Life Mutual Fund,Debt Scheme - Banking and PSU Fund,2024-06-30,104.6136
119551,Aditya Birla Sun Life Banking & PSU Debt Fund  - DIRECT - IDCW,Aditya Birla Sun Life Mutual Fund,Debt Scheme - Banking and PSU Fund,2024-07-01,104.6276
119551,Aditya Birla Sun Life Banking & PSU Debt Fund  - DIRECT - IDCW,Aditya Birla Sun Life Mutual Fund,Debt Scheme - Banking and PSU Fund,2024-07-02,104.6724
119551,Aditya Birla Sun Life Banking & PSU Debt Fund  - DIRECT - IDCW,Aditya Birla Sun Life Mutual Fund,Debt Scheme - Banking and PSU Fund,2024-07-03,104.7114
119551,Aditya Birla Sun Life Banking & PSU Debt Fund  - DIRECT - IDCW,Aditya Birla Sun Life Mutual Fund,Debt Scheme - Banking and PSU Fund,2024-07-04,104.745
119551,Aditya Birla Sun Life Banking & PSU Debt Fund  - DIRECT - IDCW,Aditya Birla Sun Life Mutual Fund,Debt Scheme - Banking and PSU Fund,2024-07-05,104.7786
119551,Aditya Birla Sun Life Banking & PSU Debt Fund  - DIRECT - IDCW,Aditya Birla Sun Life Mutual Fund,Debt Scheme - Banking and PSU Fund,2024-07-08,104.8485
119551,Aditya Birla Sun Life Banking & PSU Debt Fund  - DIRECT - IDCW,Aditya Birla Sun Life Mutual Fund,Debt Scheme - Banking and PSU Fund,2024-07-09,104.8761
119551,Aditya Birla Sun Life Banking & PSU Debt Fund  - DIRECT - IDCW,Aditya Birla Sun Life Mutual Fund,Debt Scheme - Banking and PSU Fund,2024-07-10,104.9009
119551,Aditya Birla Sun Life Banking & PSU Debt Fund  - DIRECT - IDCW,Aditya Birla Sun Life Mutual Fund,Debt Scheme - Banking and PSU Fund,2024-07-11,104.9227
119551,Aditya Birla Sun Life Banking & PSU Debt Fund  - DIRECT - IDCW,Aditya Birla Sun Life Mutual Fund,Debt Scheme - Banking and PSU Fund,2024-07-12,104.9292
119551,Aditya Birla Sun Life Banking & PSU Debt Fund  - DIRECT - IDCW,Aditya Birla Sun Life Mutual Fund,Debt Scheme - Banking and PSU Fund,2024-07-15,105.0151
119551,Aditya Birla Sun Life Banking & PSU Debt Fund  - DIRECT - IDCW,Aditya Birla Sun Life Mutual Fund,Debt Scheme - Banking and PSU Fund,2024-07-16,105.0855
119551,Aditya Birla Sun Life Banking & PSU Debt Fund  - DIRECT - IDCW,Aditya Birla Sun Life Mutual Fund,Debt Scheme - Banking and PSU Fund,2024-07-18,105.1452
119551,Aditya Birla Sun Life Banking & PSU Debt Fund  - DIRECT - IDCW,Aditya Birla Sun Life Mutual Fund,Debt Scheme - Banking and PSU Fund,2024-07-19,105.1758
119551,Aditya Birla Sun Life Banking & PSU Debt Fund  - DIRECT - IDCW,Aditya Birla Sun Life Mutual Fund,Debt Scheme - Banking and PSU Fund,2024-07-22,105.223
119551,Aditya Birla Sun Life Banking & PSU Debt Fund  - DIRECT - IDCW,Aditya Birla Sun Life Mutual Fund,Debt Scheme - Banking and PSU Fund,2024-07-23,105.2253
119551,Aditya Birla Sun Life Banking & PSU Debt Fund  - DIRECT - IDCW,Aditya Birla Sun Life Mutual Fund,Debt Scheme - Banking and PSU Fund,2024-07-24,105.2595
119551,Aditya Birla Sun Life Banking & PSU Debt Fund  - DIRECT - IDCW,Aditya Birla Sun Life Mutual Fund,Debt Scheme - Banking and PSU Fund,2024-07-25,105.3408
119551,Aditya Birla Sun Life Banking & PSU Debt Fund  - DIRECT - IDCW,Aditya Birla Sun Life Mutual Fund,Debt Scheme - Banking and PSU Fund,2024-07-26,105.4135
119551,Aditya Birla Sun Life Banking & PSU Debt Fund  - DIRECT - IDCW,Aditya Birla Sun Life Mutual Fund,Debt Scheme - Banking and PSU Fund,2024-07-29,105.5119
119551,Aditya Birla Sun Life Banking & PSU Debt Fund  - DIRECT - IDCW,Aditya Birla Sun Life Mutual Fund,Debt Scheme - Banking and PSU Fund,2024-07-30,105.5094
119551,Aditya Birla Sun Life Banking & PSU Debt Fund  - DIRECT - IDCW,Aditya Birla Sun Life Mutual Fund,Debt Scheme - Banking and PSU Fund,2024-07-31,105.5109
119551,Aditya Birla Sun Life Banking & PSU Debt Fund  - DIRECT - IDCW,Aditya Birla Sun Life Mutual Fund,Debt Scheme - Banking and PSU Fund,2024-08-01,105.5455
119551,Aditya Birla Sun Life Banking & PSU Debt Fund  - DIRECT - IDCW,Aditya Birla Sun Life Mutual Fund,Debt Scheme - Banking and PSU Fund,2024-08-02,105.5909
119551,Aditya Birla Sun Life Banking & PSU Debt Fund  - DIRECT - IDCW,Aditya Birla Sun Life Mutual Fund,Debt Scheme - Banking and PSU Fund,2024-08-05,105.7262
119551,Aditya Birla Sun Life Banking & PSU Debt Fund  - DIRECT - IDCW,Aditya Birla Sun Life Mutual Fund,Debt Scheme - Banking and PSU Fund,2024-08-06,105.7253
119551,Aditya Birla Sun Life Banking & PSU Debt Fund  - DIRECT - IDCW,Aditya Birla Sun Life Mutual Fund,Debt Scheme - Banking and PSU Fund,2024-08-07,105.7549
119551,Aditya Birla Sun Life Banking & PSU Debt Fund  - DIRECT - IDCW,Aditya Birla Sun Life Mutual Fund,Debt Scheme - Banking and PSU Fund,2024-08-08,105.7637
119551,Aditya Birla Sun Life Banking & PSU Debt Fund  - DIRECT - IDCW,Aditya Birla Sun Life Mutual Fund,Debt Scheme - Banking and PSU Fund,2024-08-09,105.7861
119551,Aditya Birla Sun Life Banking & PSU Debt Fund  - DIRECT - IDCW,Aditya Birla Sun Life Mutual Fund,Debt Scheme - Banking and PSU Fund,2024-08-12,105.8262
119551,Aditya Birla Sun Life Banking & PSU Debt Fund  - DIRECT - IDCW,Aditya Birla Sun Life Mutual Fund,Debt Scheme - Banking and PSU Fund,2024-08-13,105.8532
119551,Aditya Birla Sun Life Banking & PSU Debt Fund  - DIRECT - IDCW,Aditya Birla Sun Life Mutual Fund,Debt Scheme - Banking and PSU Fund,2024-08-14,105.8943
119551,Aditya Birla Sun Life Banking & PSU Debt Fund  - DIRECT - IDCW,Aditya Birla Sun Life Mutual Fund,Debt Scheme - Banking and PSU Fund,2024-08-16,105.9116
119551,Aditya Birla Sun Life Banking & PSU Debt Fund  - DIRECT - IDCW,Aditya Birla Sun Life Mutual Fund,Debt Scheme - Banking and PSU Fund,2024-08-19,105.9818
119551,Aditya Birla Sun Life Banking & PSU Debt Fund  - DIRECT - IDCW,Aditya Birla Sun Life Mutual Fund,Debt Scheme - Banking and PSU Fund,2024-08-20,106.0252
119551,Aditya Birla Sun Life Banking & PSU Debt Fund  - DIRECT - IDCW,Aditya Birla Sun Life Mutual Fund,Debt Scheme - Banking and PSU Fund,2024-08-21,106.0518
119551,Aditya Birla Sun Life Banking & PSU Debt Fund  - DIRECT - IDCW,Aditya Birla Sun Life Mutual Fund,Debt Scheme - Banking and PSU Fund,2024-08-22,106.0858
119551,Aditya Birla Sun Life Banking & PSU Debt Fund  - DIRECT - IDCW,Aditya Birla Sun Life Mutual Fund,Debt Scheme - Banking and PSU Fund,2024-08-23,106.1127
119551,Aditya Birla Sun Life Banking & PSU Debt Fund  - DIRECT - IDCW,Aditya Birla Sun Life Mutual Fund,Debt Scheme - Banking and PSU Fund,2024-08-26,106.1703
119551,Aditya Birla Sun Life Banking & PSU Debt Fund  - DIRECT - IDCW,Aditya Birla Sun Life Mutual Fund,Debt Scheme - Banking and PSU Fund,2024-08-27,106.1953
119551,Aditya Birla Sun Life Banking & PSU Debt Fund  - DIRECT - IDCW,Aditya Birla Sun Life Mutual Fund,Debt Scheme - Banking and PSU Fund,2024-08-28,106.2365
119551,Aditya Birla Sun Life Banking & PSU Debt Fund  - DIRECT - IDCW,Aditya Birla Sun Life Mutual Fund,Debt Scheme - Banking and PSU Fund,2024-08-29,106.2648
119551,Aditya Birla Sun Life Banking & PSU Debt Fund  - DIRECT - IDCW,Aditya Birla Sun Life Mutual Fund,Debt Scheme - Banking and PSU Fund,2024-08-30,106.2668
119551,Aditya Birla Sun Life Banking & PSU Debt Fund  - DIRECT - IDCW,Aditya Birla Sun Life Mutual Fund,Debt Scheme - Banking and PSU Fund,2024-09-02,106.3054
119551,Aditya Birla Sun Life Banking & PSU Debt Fund  - DIRECT - IDCW,Aditya Birla Sun Life Mutual Fund,Debt Scheme - Banking and PSU Fund,2024-09-03,106.3329
119551,Aditya Birla Sun Life Banking & PSU Debt Fund  - DIRECT - IDCW,Aditya Birla Sun Life Mutual Fund,Debt Scheme - Banking and PSU Fund,2024-09-04,106.3754
119551,Aditya Birla Sun Life Banking & PSU Debt Fund  - DIRECT - IDCW,Aditya Birla Sun Life Mutual Fund,Debt Scheme - Banking and PSU Fund,2024-09-05,106.4059
119551,Aditya Birla Sun Life Banking & PSU Debt Fund  - DIRECT - IDCW,Aditya Birla Sun Life Mutual Fund,Debt Scheme - Banking and PSU Fund,2024-09-06,106.4146
119551,Aditya Birla Sun Life Banking & PSU Debt Fund  - DIRECT - IDCW,Aditya Birla Sun Life Mutual Fund,Debt Scheme - Banking and PSU Fund,2024-09-09,106.4667
119551,Aditya Birla Sun Life Banking & PSU Debt Fund  - DIRECT - IDCW,Aditya Birla Sun Life Mutual Fund,Debt Scheme - Banking and PSU Fund,2024-09-10,106.4902
119551,Aditya Birla Sun Life Banking & PSU Debt Fund  - DIRECT - IDCW,Aditya Birla Sun Life Mutual Fund,Debt Scheme - Banking and PSU Fund,2024-09-11,106.5512
119551,Aditya Birla Sun Life Banking & PSU Debt Fund  - DIRECT - IDCW,Aditya Birla Sun Life Mutual Fund,Debt Scheme - Banking and PSU Fund,2024-09-12,106.5827
119551,Aditya Birla Sun Life Banking & PSU Debt Fund  - DIRECT - IDCW,Aditya Birla Sun Life Mutual Fund,Debt Scheme - Banking and PSU Fund,2024-09-13,106.6573
119551,Aditya Birla Sun Life Banking & PSU Debt Fund  - DIRECT - IDCW,Aditya Birla Sun Life Mutual Fund,Debt Scheme - Banking and PSU Fund,2024-09-16,106.7623
119551,Aditya Birla Sun Life Banking & PSU Debt Fund  - DIRECT - IDCW,Aditya Birla Sun Life Mutual Fund,Debt Scheme - Banking and PSU Fund,2024-09-17,106.7639
119551,Aditya Birla Sun Life Banking & PSU Debt Fund  - DIRECT - IDCW,Aditya Birla Sun Life Mutual Fund,Debt Scheme - Banking and PSU Fund,2024-09-19,106.8809
119551,Aditya Birla Sun Life Banking & PSU Debt Fund  - DIRECT - IDCW,Aditya Birla Sun Life Mutual Fund,Debt Scheme - Banking and PSU Fund,2024-09-20,106.929
119551,Aditya Birla Sun Life Banking & PSU Debt Fund  - DIRECT - IDCW,Aditya Birla Sun Life Mutual Fund,Debt Scheme - Banking and PSU Fund,2024-09-23,107.0237
119551,Aditya Birla Sun Life Banking & PSU Debt Fund  - DIRECT - IDCW,Aditya Birla Sun Life Mutual Fund,Debt Scheme - Banking and PSU Fund,2024-09-24,107.0466
119551,Aditya Birla Sun Life Banking & PSU Debt Fund  - DIRECT - IDCW,Aditya Birla Sun Life Mutual Fund,Debt Scheme - Banking and PSU Fund,2024-09-25,107.1126
119551,Aditya Birla Sun Life Banking & PSU Debt Fund  - DIRECT - IDCW,Aditya Birla Sun Life Mutual Fund,Debt Scheme - Banking and PSU Fund,2024-09-26,107.1966
119551,Aditya Birla Sun Life Banking & PSU Debt Fund  - DIRECT - IDCW,Aditya Birla Sun Life Mutual Fund,Debt Scheme - Banking and PSU Fund,2024-09-27,107.1769
119551,Aditya Birla Sun Life Banking & PSU Debt Fund  - DIRECT - IDCW,Aditya Birla Sun Life Mutual Fund,Debt Scheme - Banking and PSU Fund,2024-09-30,107.225
119551,Aditya Birla Sun Life Banking & PSU Debt Fund  - DIRECT - IDCW,Aditya Birla Sun Life Mutual Fund,Debt Scheme - Banking and PSU Fund,2024-10-01,107.3237
119551,Aditya Birla Sun Life Banking & PSU Debt Fund  - DIRECT - IDCW,Aditya Birla Sun Life Mutual Fund,Debt Scheme - Banking and PSU Fund,2024-10-03,107.3076
119551,Aditya Birla Sun Life Banking & PSU Debt Fund  - DIRECT - IDCW,Aditya Birla Sun Life Mutual Fund,Debt Scheme - Banking and PSU Fund,2024-10-04,107.2257
119551,Aditya Birla Sun Life Banking & PSU Debt Fund  - DIRECT - IDCW,Aditya Birla Sun Life Mutual Fund,Debt Scheme - Banking and PSU Fund,2024-10-07,107.2487
119551,Aditya Birla Sun Life Banking & PSU Debt Fund  - DIRECT - IDCW,Aditya Birla Sun Life Mutual Fund,Debt Scheme - Banking and PSU Fund,2024-10-08,107.3126
119551,Aditya Birla Sun Life Banking & PSU Debt Fund  - DIRECT - IDCW,Aditya Birla Sun Life Mutual Fund,Debt Scheme - Banking and PSU Fund,2024-10-09,107.4772
119551,Aditya Birla Sun Life Banking & PSU Debt Fund  - DIRECT - IDCW,Aditya Birla Sun Life Mutual Fund,Debt Scheme - Banking and PSU Fund,2024-10-10,107.504
119551,Aditya Birla Sun Life Banking & PSU Debt Fund  - DIRECT - IDCW,Aditya Birla Sun Life Mutual Fund,Debt Scheme - Banking and PSU Fund,2024-10-11,107.5265
119551,Aditya Birla Sun Life Banking & PSU Debt Fund  - DIRECT - IDCW,Aditya Birla Sun Life Mutual Fund,Debt Scheme - Banking and PSU Fund,2024-10-14,107.6186
119551,Aditya Birla Sun Life Banking & PSU Debt Fund  - DIRECT - IDCW,Aditya Birla Sun Life Mutual Fund,Debt Scheme - Banking and PSU Fund,2024-10-15,107.6534
119551,Aditya Birla Sun Life Banking & PSU Debt Fund  - DIRECT - IDCW,Aditya Birla Sun Life Mutual Fund,Debt Scheme - Banking and PSU Fund,2024-10-16,107.6535
119551,Aditya Birla Sun Life Banking & PSU Debt Fund  - DIRECT - IDCW,Aditya Birla Sun Life Mutual Fund,Debt Scheme - Banking and PSU Fund,2024-10-17,107.6503
119551,Aditya Birla Sun Life Banking & PSU Debt Fund  - DIRECT - IDCW,Aditya Birla Sun Life Mutual Fund,Debt Scheme - Banking and PSU Fund,2024-10-18,107.6158
119551,Aditya Birla Sun Life Banking & PSU Debt Fund  - DIRECT - IDCW,Aditya Birla Sun Life Mutual Fund,Debt Scheme - Banking and PSU Fund,2024-10-21,107.6357
119551,Aditya Birla Sun Life Banking & PSU Debt Fund  - DIRECT - IDCW,Aditya Birla Sun Life Mutual Fund,Debt Scheme - Banking and PSU Fund,2024-10-22,107.5869
119551,Aditya Birla Sun Life Banking & PSU Debt Fund  - DIRECT - IDCW,Aditya Birla Sun Life Mutual Fund,Debt Scheme - Banking and PSU Fund,2024-10-23,107.6336
119551,Aditya Birla Sun Life Banking & PSU Debt Fund  - DIRECT - IDCW,Aditya Birla Sun Life Mutual Fund,Debt Scheme - Banking and PSU Fund,2024-10-24,107.674
119551,Aditya Birla Sun Life Banking & PSU Debt Fund  - DIRECT - IDCW,Aditya Birla Sun Life Mutual Fund,Debt Scheme - Banking and PSU Fund,2024-10-25,107.6909
119551,Aditya Birla Sun Life Banking & PSU Debt Fund  - DIRECT - IDCW,Aditya Birla Sun Life Mutual Fund,Debt Scheme - Banking and PSU Fund,2024-10-28,107.6861
119551,Aditya Birla Sun Life Banking & PSU Debt Fund  - DIRECT - IDCW,Aditya Birla Sun Life Mutual Fund,Debt Scheme - Banking and PSU Fund,2024-10-29,107.725
119551,Aditya Birla Sun Life Banking & PSU Debt Fund  - DIRECT - IDCW,Aditya Birla Sun Life Mutual Fund,Debt Scheme - Banking and PSU Fund,2024-10-30,107.7881
119551,Aditya Birla Sun Life Banking & PSU Debt Fund  - DIRECT - IDCW,Aditya Birla Sun Life Mutual Fund,Debt Scheme - Banking and PSU Fund,2024-10-31,107.8015
119551,Aditya Birla Sun Life Banking & PSU Debt Fund  - DIRECT - IDCW,Aditya Birla Sun Life Mutual Fund,Debt Scheme - Banking and PSU Fund,2024-11-04,107.8739
119551,Aditya Birla Sun Life Banking & PSU Debt Fund  - DIRECT - IDCW,Aditya Birla Sun Life Mutual Fund,Debt Scheme - Banking and PSU Fund,2024-11-05,107.8874
119551,Aditya Birla Sun Life Banking & PSU Debt Fund  - DIRECT - IDCW,Aditya Birla Sun Life Mutual Fund,Debt Scheme - Banking and PSU Fund,2024-11-06,107.8879
119551,Aditya Birla Sun Life Banking & PSU Debt Fund  - DIRECT - IDCW,Aditya Birla Sun Life Mutual Fund,Debt Scheme - Banking and PSU Fund,2024-11-07,107.9237
119551,Aditya Birla Sun Life Banking & PSU Debt Fund  - DIRECT - IDCW,Aditya Birla Sun Life Mutual Fund,Debt Scheme - Banking and PSU Fund,2024-11-08,107.9884
119551,Aditya Birla Sun Life Banking & PSU Debt Fund  - DIRECT - IDCW,Aditya Birla Sun Life Mutual Fund,Debt Scheme - Banking and PSU Fund,2024-11-11,108.0457
119551,Aditya Birla Sun Life Banking & PSU Debt Fund  - DIRECT - IDCW,Aditya Birla Sun Life Mutual Fund,Debt Scheme - Banking and PSU Fund,2024-11-12,108.0534
119551,Aditya Birla Sun Life Banking & PSU Debt Fund  - DIRECT - IDCW,Aditya Birla Sun Life Mutual Fund,Debt Scheme - Banking and PSU Fund,2024-11-13,108.0513
119551,Aditya Birla Sun Life Banking & PSU Debt Fund  - DIRECT - IDCW,Aditya Birla Sun Life Mutual Fund,Debt Scheme - Banking and PSU Fund,2024-11-14,108.0265
119551,Aditya Birla Sun Life Banking & PSU Debt Fund  - DIRECT - IDCW,Aditya Birla Sun Life Mutual Fund,Debt Scheme - Banking and PSU Fund,2024-11-18,108.1144
119551,Aditya Birla Sun Life Banking & PSU Debt Fund  - DIRECT - IDCW,Aditya Birla Sun Life Mutual Fund,Debt Scheme - Banking and PSU Fund,2024-11-19,108.1459
119551,Aditya Birla Sun Life Banking & PSU Debt Fund  - DIRECT - IDCW,Aditya Birla Sun Life Mutual Fund,Debt Scheme - Banking and PSU Fund,2024-11-21,108.1547
119551,Aditya Birla Sun Life Banking & PSU Debt Fund  - DIRECT - IDCW,Aditya Birla Sun Life Mutual Fund,Debt Scheme - Banking and PSU Fund,2024-11-22,108.1301
119551,Aditya Birla Sun Life Banking & PSU Debt Fund  - DIRECT - IDCW,Aditya Birla Sun Life Mutual Fund,Debt Scheme - Banking and PSU Fund,2024-11-25,108.2199
119551,Aditya Birla Sun Life Banking & PSU Debt Fund  - DIRECT - IDCW,Aditya Birla Sun Life Mutual Fund,Debt Scheme - Banking and PSU Fund,2024-11-26,108.234
119551,Aditya Birla Sun Life Banking & PSU Debt Fund  - DIRECT - IDCW,Aditya Birla Sun Life Mutual Fund,Debt Scheme - Banking and PSU Fund,2024-11-27,108.2186
119551,Aditya Birla Sun Life Banking & PSU Debt Fund  - DIRECT - IDCW,Aditya Birla Sun Life Mutual Fund,Debt Scheme - Banking and PSU Fund,2024-11-28,108.248
119551,Aditya Birla Sun Life Banking & PSU Debt Fund  - DIRECT - IDCW,Aditya Birla Sun Life Mutual Fund,Debt Scheme - Banking and PSU Fund,2024-11-29,108.3481
119551,Aditya Birla Sun Life Banking & PSU Debt Fund  - DIRECT - IDCW,Aditya Birla Sun Life Mutual Fund,Debt Scheme - Banking and PSU Fund,2024-12-02,108.547
119551,Aditya Birla Sun Life Banking & PSU Debt Fund  - DIRECT - IDCW,Aditya Birla Sun Life Mutual Fund,Debt Scheme - Banking and PSU Fund,2024-12-03,108.5772
119551,Aditya Birla Sun Life Banking & PSU Debt Fund  - DIRECT - IDCW,Aditya Birla Sun Life Mutual Fund,Debt Scheme - Banking and PSU Fund,2024-12-04,108.6652
119551,Aditya Birla Sun Life Banking & PSU Debt Fund  - DIRECT - IDCW,Aditya Birla Sun Life Mutual Fund,Debt Scheme - Banking and PSU Fund,2024-12-05,108.7127
119551,Aditya Birla Sun Life Banking & PSU Debt Fund  - DIRECT - IDCW,Aditya Birla Sun Life Mutual Fund,Debt Scheme - Banking and PSU Fund,2024-12-06,108.6492
119551,Aditya Birla Sun Life Banking & PSU Debt Fund  - DIRECT - IDCW,Aditya Birla Sun Life Mutual Fund,Debt Scheme - Banking and PSU Fund,2024-12-09,108.7124
119551,Aditya Birla Sun Life Banking & PSU Debt Fund  - DIRECT - IDCW,Aditya Birla Sun Life Mutual Fund,Debt Scheme - Banking and PSU Fund,2024-12-10,108.7512
119551,Aditya Birla Sun Life Banking & PSU Debt Fund  - DIRECT - IDCW,Aditya Birla Sun Life Mutual Fund,Debt Scheme - Banking and PSU Fund,2024-12-11,108.7714
119551,Aditya Birla Sun Life Banking & PSU Debt Fund  - DIRECT - IDCW,Aditya Birla Sun Life Mutual Fund,Debt Scheme - Banking and PSU Fund,2024-12-12,108.76
119551,Aditya Birla Sun Life Banking & PSU Debt Fund  - DIRECT - IDCW,Aditya Birla Sun Life Mutual Fund,Debt Scheme - Banking and PSU Fund,2024-12-13,108.7654
119551,Aditya Birla Sun Life Banking & PSU Debt Fund  - DIRECT - IDCW,Aditya Birla Sun Life Mutual Fund,Debt Scheme - Banking and PSU Fund,2024-12-16,108.8176
119551,Aditya Birla Sun Life Banking & PSU Debt Fund  - DIRECT - IDCW,Aditya Birla Sun Life Mutual Fund,Debt Scheme - Banking and PSU Fund,2024-12-17,102.2788
119551,Aditya Birla Sun Life Banking & PSU Debt Fund  - DIRECT - IDCW,Aditya Birla Sun Life Mutual Fund,Debt Scheme - Banking and PSU Fund,2024-12-18,102.3051
119551,Aditya Birla Sun Life Banking & PSU Debt Fund  - DIRECT - IDCW,Aditya Birla Sun Life Mutual Fund,Debt Scheme - Banking and PSU Fund,2024-12-19,102.2319
119551,Aditya Birla Sun Life Banking & PSU Debt Fund  - DIRECT - IDCW,Aditya Birla Sun Life Mutual Fund,Debt Scheme - Banking and PSU Fund,2024-12-20,102.2299
119551,Aditya Birla Sun Life Banking & PSU Debt Fund  - DIRECT - IDCW,Aditya Birla Sun Life Mutual Fund,Debt Scheme - Banking and PSU Fund,2024-12-23,102.2971
119551,Aditya Birla Sun Life Banking & PSU Debt Fund  - DIRECT - IDCW,Aditya Birla Sun Life Mutual Fund,Debt Scheme - Banking and PSU Fund,2024-12-24,102.276
119551,Aditya Birla Sun Life Banking & PSU Debt Fund  - DIRECT - IDCW,Aditya Birla Sun Life Mutual Fund,Debt Scheme - Banking and PSU Fund,2024-12-26,102.3057
119551,Aditya Birla Sun Life Banking & PSU Debt Fund  - DIRECT - IDCW,Aditya Birla Sun Life Mutual Fund,Debt Scheme - Banking and PSU Fund,2024-12-27,102.3377
119551,Aditya Birla Sun Life Banking & PSU Debt Fund  - DIRECT - IDCW,Aditya Birla Sun Life Mutual Fund,Debt Scheme - Banking and PSU Fund,2024-12-30,102.3935
119551,Aditya Birla Sun Life Banking & PSU Debt Fund  - DIRECT - IDCW,Aditya Birla Sun Life Mutual Fund,Debt Scheme - Banking and PSU Fund,2024-12-31,102.4261
119551,Aditya Birla Sun Life Banking & PSU Debt Fund  - DIRECT - IDCW,Aditya Birla Sun Life Mutual Fund,Debt Scheme - Banking and PSU Fund,2025-01-01,102.4373
119551,Aditya Birla Sun Life Banking & PSU Debt Fund  - DIRECT - IDCW,Aditya Birla Sun Life Mutual Fund,Debt Scheme - Banking and PSU Fund,2025-01-02,102.4411
119551,Aditya Birla Sun Life Banking & PSU Debt Fund  - DIRECT - IDCW,Aditya Birla Sun Life Mutual Fund,Debt Scheme - Banking and PSU Fund,2025-01-03,102.4734
119551,Aditya Birla Sun Life Banking & PSU Debt Fund  - DIRECT - IDCW,Aditya Birla Sun Life Mutual Fund,Debt Scheme - Banking and PSU Fund,2025-01-06,102.5428
119551,Aditya Birla Sun Life Banking & PSU Debt Fund  - DIRECT - IDCW,Aditya Birla Sun Life Mutual Fund,Debt Scheme - Banking and PSU Fund,2025-01-07,102.5942
119551,Aditya Birla Sun Life Banking & PSU Debt Fund  - DIRECT - IDCW,Aditya Birla Sun Life Mutual Fund,Debt Scheme - Banking and PSU Fund,2025-01-08,102.5842
119551,Aditya Birla Sun Life Banking & PSU Debt Fund  - DIRECT - IDCW,Aditya Birla Sun Life Mutual Fund,Debt Scheme - Banking and PSU Fund,2025-01-09,102.5669
119551,Aditya Birla Sun Life Banking & PSU Debt Fund  - DIRECT - IDCW,Aditya Birla Sun Life Mutual Fund,Debt Scheme - Banking and PSU Fund,2025-01-10,102.5788
119551,Aditya Birla Sun Life Banking & PSU Debt Fund  - DIRECT - IDCW,Aditya Birla Sun Life Mutual Fund,Debt Scheme - Banking and PSU Fund,2025-01-13,102.479
119551,Aditya Birla Sun Life Banking & PSU Debt Fund  - DIRECT - IDCW,Aditya Birla Sun Life Mutual Fund,Debt Scheme - Banking and PSU Fund,2025-01-14,102.5067
119551,Aditya Birla Sun Life Banking & PSU Debt Fund  - DIRECT - IDCW,Aditya Birla Sun Life Mutual Fund,Debt Scheme - Banking and PSU Fund,2025-01-15,102.5547
119551,Aditya Birla Sun Life Banking & PSU Debt Fund  - DIRECT - IDCW,Aditya Birla Sun Life Mutual Fund,Debt Scheme - Banking and PSU Fund,2025-01-16,102.6846
119551,Aditya Birla Sun Life Banking & PSU Debt Fund  - DIRECT - IDCW,Aditya Birla Sun Life Mutual Fund,Debt Scheme - Banking and PSU Fund,2025-01-17,102.6971
119551,Aditya Birla Sun Life Banking & PSU Debt Fund  - DIRECT - IDCW,Aditya Birla Sun Life Mutual Fund,Debt Scheme - Banking and PSU Fund,2025-01-20,102.7722
119551,Aditya Birla Sun Life Banking & PSU Debt Fund  - DIRECT - IDCW,Aditya Birla Sun Life Mutual Fund,Debt Scheme - Banking and PSU Fund,2025-01-21,102.833
119551,Aditya Birla Sun Life Banking & PSU Debt Fund  - DIRECT - IDCW,Aditya Birla Sun Life Mutual Fund,Debt Scheme - Banking and PSU Fund,2025-01-22,102.882
119551,Aditya Birla Sun Life Banking & PSU Debt Fund  - DIRECT - IDCW,Aditya Birla Sun Life Mutual Fund,Debt Scheme - Banking and PSU Fund,2025-01-23,102.8828
119551,Aditya Birla Sun Life Banking & PSU Debt Fund  - DIRECT - IDCW,Aditya Birla Sun Life Mutual Fund,Debt Scheme - Banking and PSU Fund,2025-01-24,102.9
119551,Aditya Birla Sun Life Banking & PSU Debt Fund  - DIRECT - IDCW,Aditya Birla Sun Life Mutual Fund,Debt Scheme - Banking and PSU Fund,2025-01-27,103.0191
119551,Aditya Birla Sun Life Banking & PSU Debt Fund  - DIRECT - IDCW,Aditya Birla Sun Life Mutual Fund,Debt Scheme - Banking and PSU Fund,2025-01-28,103.0551
119551,Aditya Birla Sun Life Banking & PSU Debt Fund  - DIRECT - IDCW,Aditya Birla Sun Life Mutual Fund,Debt Scheme - Banking and PSU Fund,2025-01-29,103.0631
119551,Aditya Birla Sun Life Banking & PSU Debt Fund  - DIRECT - IDCW,Aditya Birla Sun Life Mutual Fund,Debt Scheme - Banking and PSU Fund,2025-01-30,103.0995
119551,Aditya Birla Sun Life Banking & PSU Debt Fund  - DIRECT - IDCW,Aditya Birla Sun Life Mutual Fund,Debt Scheme - Banking and PSU Fund,2025-01-31,103.1194
119551,Aditya Birla Sun Life Banking & PSU Debt Fund  - DIRECT - IDCW,Aditya Birla Sun Life Mutual Fund,Debt Scheme - Banking and PSU Fund,2025-02-03,103.2079
119551,Aditya Birla Sun Life Banking & PSU Debt Fund  - DIRECT - IDCW,Aditya Birla Sun Life Mutual Fund,Debt Scheme - Banking and PSU Fund,2025-02-04,103.2096
119551,Aditya Birla Sun Life Banking & PSU Debt Fund  - DIRECT - IDCW,Aditya Birla Sun Life Mutual Fund,Debt Scheme - Banking and PSU Fund,2025-02-05,103.2887
119551,Aditya Birla Sun Life Banking & PSU Debt Fund  - DIRECT - IDCW,Aditya Birla Sun Life Mutual Fund,Debt Scheme - Banking and PSU Fund,2025-02-06,103.3557
119551,Aditya Birla Sun Life Banking & PSU Debt Fund  - DIRECT - IDCW,Aditya Birla Sun Life Mutual Fund,Debt Scheme - Banking and PSU Fund,2025-02-07,103.2983
119551,Aditya Birla Sun Life Banking & PSU Debt Fund  - DIRECT - IDCW,Aditya Birla Sun Life Mutual Fund,Debt Scheme - Banking and PSU Fund,2025-02-10,103.3119
119551,Aditya Birla Sun Life Banking & PSU Debt Fund  - DIRECT - IDCW,Aditya Birla Sun Life Mutual Fund,Debt Scheme - Banking and PSU Fund,2025-02-11,103.3491
119551,Aditya Birla Sun Life Banking & PSU Debt Fund  - DIRECT - IDCW,Aditya Birla Sun Life Mutual Fund,Debt Scheme - Banking and PSU Fund,2025-02-12,103.3327
119551,Aditya Birla Sun Life Banking & PSU Debt Fund  - DIRECT - IDCW,Aditya Birla Sun Life Mutual Fund,Debt Scheme - Banking and PSU Fund,2025-02-13,103.3413
119551,Aditya Birla Sun Life Banking & PSU Debt Fund  - DIRECT - IDCW,Aditya Birla Sun Life Mutual Fund,Debt Scheme - Banking and PSU Fund,2025-02-14,103.3587
119551,Aditya Birla Sun Life Banking & PSU Debt Fund  - DIRECT - IDCW,Aditya Birla Sun Life Mutual Fund,Debt Scheme - Banking and PSU Fund,2025-02-17,103.4024
119551,Aditya Birla Sun Life Banking & PSU Debt Fund  - DIRECT - IDCW,Aditya Birla Sun Life Mutual Fund,Debt Scheme - Banking and PSU Fund,2025-02-18,103.428
119551,Aditya Birla Sun Life Banking & PSU Debt Fund  - DIRECT - IDCW,Aditya Birla Sun Life Mutual Fund,Debt Scheme - Banking and PSU Fund,2025-02-20,103.4473
119551,Aditya Birla Sun Life Banking & PSU Debt Fund  - DIRECT - IDCW,Aditya Birla Sun Life Mutual Fund,Debt Scheme - Banking and PSU Fund,2025-02-21,103.4606
119551,Aditya Birla Sun Life Banking & PSU Debt Fund  - DIRECT - IDCW,Aditya Birla Sun Life Mutual Fund,Debt Scheme - Banking and PSU Fund,2025-02-24,103.523
119551,Aditya Birla Sun Life Banking & PSU Debt Fund  - DIRECT - IDCW,Aditya Birla Sun Life Mutual Fund,Debt Scheme - Banking and PSU Fund,2025-02-25,103.5311
119551,Aditya Birla Sun Life Banking & PSU Debt Fund  - DIRECT - IDCW,Aditya Birla Sun Life Mutual Fund,Debt Scheme - Banking and PSU Fund,2025-02-27,103.475
119551,Aditya Birla Sun Life Banking & PSU Debt Fund  - DIRECT - IDCW,Aditya Birla Sun Life Mutual Fund,Debt Scheme - Banking and PSU Fund,2025-02-28,103.4542
119551,Aditya Birla Sun Life Banking & PSU Debt Fund  - DIRECT - IDCW,Aditya Birla Sun Life Mutual Fund,Debt Scheme - Banking and PSU Fund,2025-03-03,103.4915
119551,Aditya Birla Sun Life Banking & PSU Debt Fund  - DIRECT - IDCW,Aditya Birla Sun Life Mutual Fund,Debt Scheme - Banking and PSU Fund,2025-03-04,103.4961
119551,Aditya Birla Sun Life Banking & PSU Debt Fund  - DIRECT - IDCW,Aditya Birla Sun Life Mutual Fund,Debt Scheme - Banking and PSU Fund,2025-03-05,103.5156
119551,Aditya Birla Sun Life Banking & PSU Debt Fund  - DIRECT - IDCW,Aditya Birla Sun Life Mutual Fund,Debt Scheme - Banking and PSU Fund,2025-03-06,103.577
119551,Aditya Birla Sun Life Banking & PSU Debt Fund  - DIRECT - IDCW,Aditya Birla Sun Life Mutual Fund,Debt Scheme - Banking and PSU Fund,2025-03-07,103.5932
119551,Aditya Birla Sun Life Banking & PSU Debt Fund  - DIRECT - IDCW,Aditya Birla Sun Life Mutual Fund,Debt Scheme - Banking and PSU Fund,2025-03-10,103.6318
119551,Aditya Birla Sun Life Banking & PSU Debt Fund  - DIRECT - IDCW,Aditya Birla Sun Life Mutual Fund,Debt Scheme - Banking and PSU Fund,2025-03-11,103.6633
119551,Aditya Birla Sun Life Banking & PSU Debt Fund  - DIRECT - IDCW,Aditya Birla Sun Life Mutual Fund,Debt Scheme - Banking and PSU Fund,2025-03-12,103.6937
119551,Aditya Birla Sun Life Banking & PSU Debt Fund  - DIRECT - IDCW,Aditya Birla Sun Life Mutual Fund,Debt Scheme - Banking and PSU Fund,2025-03-13,103.7314
119551,Aditya Birla Sun Life Banking & PSU Debt Fund  - DIRECT - IDCW,Aditya Birla Sun Life Mutual Fund,Debt Scheme - Banking and PSU Fund,2025-03-17,103.8183
119551,Aditya Birla Sun Life Banking & PSU Debt Fund  - DIRECT - IDCW,Aditya Birla Sun Life Mutual Fund,Debt Scheme - Banking and PSU Fund,2025-03-18,103.8685
119551,Aditya Birla Sun Life Banking & PSU Debt Fund  - DIRECT - IDCW,Aditya Birla Sun Life Mutual Fund,Debt Scheme - Banking and PSU Fund,2025-03-19,103.9843
119551,Aditya Birla Sun Life Banking & PSU Debt Fund  - DIRECT - IDCW,Aditya Birla Sun Life Mutual Fund,Debt Scheme - Banking and PSU Fund,2025-03-20,104.0851
119551,Aditya Birla Sun Life Banking & PSU Debt Fund  - DIRECT - IDCW,Aditya Birla Sun Life Mutual Fund,Debt Scheme - Banking and PSU Fund,2025-03-21,104.1787
119551,Aditya Birla Sun Life Banking & PSU Debt Fund  - DIRECT - IDCW,Aditya Birla Sun Life Mutual Fund,Debt Scheme - Banking and PSU Fund,2025-03-24,104.2711
119551,Aditya Birla Sun Life Banking & PSU Debt Fund  - DIRECT - IDCW,Aditya Birla Sun Life Mutual Fund,Debt Scheme - Banking and PSU Fund,2025-03-25,104.3152
119551,Aditya Birla Sun Life Banking & PSU Debt Fund  - DIRECT - IDCW,Aditya Birla Sun Life Mutual Fund,Debt Scheme - Banking and PSU Fund,2025-03-26,104.4275
119551,Aditya Birla Sun Life Banking & PSU Debt Fund  - DIRECT - IDCW,Aditya Birla Sun Life Mutual Fund,Debt Scheme - Banking and PSU Fund,2025-03-27,104.5887
119551,Aditya Birla Sun Life Banking & PSU Debt Fund  - DIRECT - IDCW,Aditya Birla Sun Life Mutual Fund,Debt Scheme - Banking and PSU Fund,2025-03-28,104.798
119551,Aditya Birla Sun Life Banking & PSU Debt Fund  - DIRECT - IDCW,Aditya Birla Sun Life Mutual Fund,Debt Scheme - Banking and PSU Fund,2025-03-31,104.8517
119551,Aditya Birla Sun Life Banking & PSU Debt Fund  - DIRECT - IDCW,Aditya Birla Sun Life Mutual Fund,Debt Scheme - Banking and PSU Fund,2025-04-02,105.2693
119551,Aditya Birla Sun Life Banking & PSU Debt Fund  - DIRECT - IDCW,Aditya Birla Sun Life Mutual Fund,Debt Scheme - Banking and PSU Fund,2025-04-03,105.407
119551,Aditya Birla Sun Life Banking & PSU Debt Fund  - DIRECT - IDCW,Aditya Birla Sun Life Mutual Fund,Debt Scheme - Banking and PSU Fund,2025-04-04,105.4731
119551,Aditya Birla Sun Life Banking & PSU Debt Fund  - DIRECT - IDCW,Aditya Birla Sun Life Mutual Fund,Debt Scheme - Banking and PSU Fund,2025-04-07,105.4895
119551,Aditya Birla Sun Life Banking & PSU Debt Fund  - DIRECT - IDCW,Aditya Birla Sun Life Mutual Fund,Debt Scheme - Banking and PSU Fund,2025-04-08,105.4798
119551,Aditya Birla Sun Life Banking & PSU Debt Fund  - DIRECT - IDCW,Aditya Birla Sun Life Mutual Fund,Debt Scheme - Banking and PSU Fund,2025-04-09,105.595
119551,Aditya Birla Sun Life Banking & PSU Debt Fund  - DIRECT - IDCW,Aditya Birla Sun Life Mutual Fund,Debt Scheme - Banking and PSU Fund,2025-04-11,105.7166
119551,Aditya Birla Sun Life Banking & PSU Debt Fund  - DIRECT - IDCW,Aditya Birla Sun Life Mutual Fund,Debt Scheme - Banking and PSU Fund,2025-04-15,105.8256
119551,Aditya Birla Sun Life Banking & PSU Debt Fund  - DIRECT - IDCW,Aditya Birla Sun Life Mutual Fund,Debt Scheme - Banking and PSU Fund,2025-04-16,105.9138
119551,Aditya Birla Sun Life Banking & PSU Debt Fund  - DIRECT - IDCW,Aditya Birla Sun Life Mutual Fund,Debt Scheme - Banking and PSU Fund,2025-04-17,106.0393
119551,Aditya Birla Sun Life Banking & PSU Debt Fund  - DIRECT - IDCW,Aditya Birla Sun Life Mutual Fund,Debt Scheme - Banking and PSU Fund,2025-04-21,106.1959
119551,Aditya Birla Sun Life Banking & PSU Debt Fund  - DIRECT - IDCW,Aditya Birla Sun Life Mutual Fund,Debt Scheme - Banking and PSU Fund,2025-04-22,106.2867
119551,Aditya Birla Sun Life Banking & PSU Debt Fund  - DIRECT - IDCW,Aditya Birla Sun Life Mutual Fund,Debt Scheme - Banking and PSU Fund,2025-04-23,106.3557
119551,Aditya Birla Sun Life Banking & PSU Debt Fund  - DIRECT - IDCW,Aditya Birla Sun Life Mutual Fund,Debt Scheme - Banking and PSU Fund,2025-04-24,106.3431
119551,Aditya Birla Sun Life Banking & PSU Debt Fund  - DIRECT - IDCW,Aditya Birla Sun Life Mutual Fund,Debt Scheme - Banking and PSU Fund,2025-04-25,106.2928
119551,Aditya Birla Sun Life Banking & PSU Debt Fund  - DIRECT - IDCW,Aditya Birla Sun Life Mutual Fund,Debt Scheme - Banking and PSU Fund,2025-04-28,106.3422
119551,Aditya Birla Sun Life Banking & PSU Debt Fund  - DIRECT - IDCW,Aditya Birla Sun Life Mutual Fund,Debt Scheme - Banking and PSU Fund,2025-04-29,106.4231
119551,Aditya Birla Sun Life Banking & PSU Debt Fund  - DIRECT - IDCW,Aditya Birla Sun Life Mutual Fund,Debt Scheme - Banking and PSU Fund,2025-04-30,106.4272
119551,Aditya Birla Sun Life Banking & PSU Debt Fund  - DIRECT - IDCW,Aditya Birla Sun Life Mutual Fund,Debt Scheme - Banking and PSU Fund,2025-05-02,106.4573
119551,Aditya Birla Sun Life Banking & PSU Debt Fund  - DIRECT - IDCW,Aditya Birla Sun Life Mutual Fund,Debt Scheme - Banking and PSU Fund,2025-05-05,106.5451
119551,Aditya Birla Sun Life Banking & PSU Debt Fund  - DIRECT - IDCW,Aditya Birla Sun Life Mutual Fund,Debt Scheme - Banking and PSU Fund,2025-05-06,106.5085
119551,Aditya Birla Sun Life Banking & PSU Debt Fund  - DIRECT - IDCW,Aditya Birla Sun Life Mutual Fund,Debt Scheme - Banking and PSU Fund,2025-05-07,106.5585
119551,Aditya Birla Sun Life Banking & PSU Debt Fund  - DIRECT - IDCW,Aditya Birla Sun Life Mutual Fund,Debt Scheme - Banking and PSU Fund,2025-05-08,106.3466
119551,Aditya Birla Sun Life Banking & PSU Debt Fund  - DIRECT - IDCW,Aditya Birla Sun Life Mutual Fund,Debt Scheme - Banking and PSU Fund,2025-05-09,106.2789
119551,Aditya Birla Sun Life Banking & PSU Debt Fund  - DIRECT - IDCW,Aditya Birla Sun Life Mutual Fund,Debt Scheme - Banking and PSU Fund,2025-05-13,106.6661
119551,Aditya Birla Sun Life Banking & PSU Debt Fund  - DIRECT - IDCW,Aditya Birla Sun Life Mutual Fund,Debt Scheme - Banking and PSU Fund,2025-05-14,106.7901
119551,Aditya Birla Sun Life Banking & PSU Debt Fund  - DIRECT - IDCW,Aditya Birla Sun Life Mutual Fund,Debt Scheme - Banking and PSU Fund,2025-05-15,106.9055
119551,Aditya Birla Sun Life Banking & PSU Debt Fund  - DIRECT - IDCW,Aditya Birla Sun Life Mutual Fund,Debt Scheme - Banking and PSU Fund,2025-05-16,107.0688
119551,Aditya Birla Sun Life Banking & PSU Debt Fund  - DIRECT - IDCW,Aditya Birla Sun Life Mutual Fund,Debt Scheme - Banking and PSU Fund,2025-05-19,107.1766
119551,Aditya Birla Sun Life Banking & PSU Debt Fund  - DIRECT - IDCW,Aditya Birla Sun Life Mutual Fund,Debt Scheme - Banking and PSU Fund,2025-05-20,107.2867
119551,Aditya Birla Sun Life Banking & PSU Debt Fund  - DIRECT - IDCW,Aditya Birla Sun Life Mutual Fund,Debt Scheme - Banking and PSU Fund,2025-05-21,107.4878
119551,Aditya Birla Sun Life Banking & PSU Debt Fund  - DIRECT - IDCW,Aditya Birla Sun Life Mutual Fund,Debt Scheme - Banking and PSU Fund,2025-05-22,107.5193
119551,Aditya Birla Sun Life Banking & PSU Debt Fund  - DIRECT - IDCW,Aditya Birla Sun Life Mutual Fund,Debt Scheme - Banking and PSU Fund,2025-05-23,107.5534
119551,Aditya Birla Sun Life Banking & PSU Debt Fund  - DIRECT - IDCW,Aditya Birla Sun Life Mutual Fund,Debt Scheme - Banking and PSU Fund,2025-05-26,107.6218
119551,Aditya Birla Sun Life Banking & PSU Debt Fund  - DIRECT - IDCW,Aditya Birla Sun Life Mutual Fund,Debt Scheme - Banking and PSU Fund,2025-05-27,107.6329
119551,Aditya Birla Sun Life Banking & PSU Debt Fund  - DIRECT - IDCW,Aditya Birla Sun Life Mutual Fund,Debt Scheme - Banking and PSU Fund,2025-05-28,107.6822
119551,Aditya Birla Sun Life Banking & PSU Debt Fund  - DIRECT - IDCW,Aditya Birla Sun Life Mutual Fund,Debt Scheme - Banking and PSU Fund,2025-05-29,107.6883
119551,Aditya Birla Sun Life Banking & PSU Debt Fund  - DIRECT - IDCW,Aditya Birla Sun Life Mutual Fund,Debt Scheme - Banking and PSU Fund,2025-05-30,107.657
119551,Aditya Birla Sun Life Banking & PSU Debt Fund  - DIRECT - IDCW,Aditya Birla Sun Life Mutual Fund,Debt Scheme - Banking and PSU Fund,2025-06-02,107.7103
119551,Aditya Birla Sun Life Banking & PSU Debt Fund  - DIRECT - IDCW,Aditya Birla Sun Life Mutual Fund,Debt Scheme - Banking and PSU Fund,2025-06-03,107.7345
119551,Aditya Birla Sun Life Banking & PSU Debt Fund  - DIRECT - IDCW,Aditya Birla Sun Life Mutual Fund,Debt Scheme - Banking and PSU Fund,2025-06-04,107.7469
119551,Aditya Birla Sun Life Banking & PSU Debt Fund  - DIRECT - IDCW,Aditya Birla Sun Life Mutual Fund,Debt Scheme - Banking and PSU Fund,2025-06-05,107.7812
119551,Aditya Birla Sun Life Banking & PSU Debt Fund  - DIRECT - IDCW,Aditya Birla Sun Life Mutual Fund,Debt Scheme - Banking and PSU Fund,2025-06-06,108.0092
119551,Aditya Birla Sun Life Banking & PSU Debt Fund  - DIRECT - IDCW,Aditya Birla Sun Life Mutual Fund,Debt Scheme - Banking and PSU Fund,2025-06-09,107.886
119551,Aditya Birla Sun Life Banking & PSU Debt Fund  - DIRECT - IDCW,Aditya Birla Sun Life Mutual Fund,Debt Scheme - Banking and PSU Fund,2025-06-10,107.6421
119551,Aditya Birla Sun Life Banking & PSU Debt Fund  - DIRECT - IDCW,Aditya Birla Sun Life Mutual Fund,Debt Scheme - Banking and PSU Fund,2025-06-11,107.5439
119551,Aditya Birla Sun Life Banking & PSU Debt Fund  - DIRECT - IDCW,Aditya Birla Sun Life Mutual Fund,Debt Scheme - Banking and PSU Fund,2025-06-12,107.4825
119551,Aditya Birla Sun Life Banking & PSU Debt Fund  - DIRECT - IDCW,Aditya Birla Sun Life Mutual Fund,Debt Scheme - Banking and PSU Fund,2025-06-13,107.3575
119551,Aditya Birla Sun Life Banking & PSU Debt Fund  - DIRECT - IDCW,Aditya Birla Sun Life Mutual Fund,Debt Scheme - Banking and PSU Fund,2025-06-16,107.4387
119551,Aditya Birla Sun Life Banking & PSU Debt Fund  - DIRECT - IDCW,Aditya Birla Sun Life Mutual Fund,Debt Scheme - Banking and PSU Fund,2025-06-17,107.5644
119551,Aditya Birla Sun Life Banking & PSU Debt Fund  - DIRECT - IDCW,Aditya Birla Sun Life Mutual Fund,Debt Scheme - Banking and PSU Fund,2025-06-18,107.5716
119551,Aditya Birla Sun Life Banking & PSU Debt Fund  - DIRECT - IDCW,Aditya Birla Sun Life Mutual Fund,Debt Scheme - Banking and PSU Fund,2025-06-19,107.4465
119551,Aditya Birla Sun Life Banking & PSU Debt Fund  - DIRECT - IDCW,Aditya Birla Sun Life Mutual Fund,Debt Scheme - Banking and PSU Fund,2025-06-20,107.4384
119551,Aditya Birla Sun Life Banking & PSU Debt Fund  - DIRECT - IDCW,Aditya Birla Sun Life Mutual Fund,Debt Scheme - Banking and PSU Fund,2025-06-23,107.4577
119551,Aditya Birla Sun Life Banking & PSU Debt Fund  - DIRECT - IDCW,Aditya Birla Sun Life Mutual Fund,Debt Scheme - Banking and PSU Fund,2025-06-24,107.5733
119551,Aditya Birla Sun Life Banking & PSU Debt Fund  - DIRECT - IDCW,Aditya Birla Sun Life Mutual Fund,Debt Scheme - Banking and PSU Fund,2025-06-25,107.511
119551,Aditya Birla Sun Life Banking & PSU Debt Fund  - DIRECT - IDCW,Aditya Birla Sun Life Mutual Fund,Debt Scheme - Banking and PSU Fund,2025-06-26,107.5011
119551,Aditya Birla Sun Life Banking & PSU Debt Fund  - DIRECT - IDCW,Aditya Birla Sun Life Mutual Fund,Debt Scheme - Banking and PSU Fund,2025-06-27,107.4878
119551,Aditya Birla Sun Life Banking & PSU Debt Fund  - DIRECT - IDCW,Aditya Birla Sun Life Mutual Fund,Debt Scheme - Banking and PSU Fund,2025-06-30,107.5767
119551,Aditya Birla Sun Life Banking & PSU Debt Fund  - DIRECT - IDCW,Aditya Birla Sun Life Mutual Fund,Debt Scheme - Banking and PSU Fund,2025-07-01,107.6624
119551,Aditya Birla Sun Life Banking & PSU Debt Fund  - DIRECT - IDCW,Aditya Birla Sun Life Mutual Fund,Debt Scheme - Banking and PSU Fund,2025-07-02,107.7677
119551,Aditya Birla Sun Life Banking & PSU Debt Fund  - DIRECT - IDCW,Aditya Birla Sun Life Mutual Fund,Debt Scheme - Banking and PSU Fund,2025-07-03,107.8552
119551,Aditya Birla Sun Life Banking & PSU Debt Fund  - DIRECT - IDCW,Aditya Birla Sun Life Mutual Fund,Debt Scheme - Banking and PSU Fund,2025-07-04,107.8466
119551,Aditya Birla Sun Life Banking & PSU Debt Fund  - DIRECT - IDCW,Aditya Birla Sun Life Mutual Fund,Debt Scheme - Banking and PSU Fund,2025-07-07,107.9243
119551,Aditya Birla Sun Life Banking & PSU Debt Fund  - DIRECT - IDCW,Aditya Birla Sun Life Mutual Fund,Debt Scheme - Banking and PSU Fund,2025-07-08,107.9198
119551,Aditya Birla Sun Life Banking & PSU Debt Fund  - DIRECT - IDCW,Aditya Birla Sun Life Mutual Fund,Debt Scheme - Banking and PSU Fund,2025-07-09,107.8924
119551,Aditya Birla Sun Life Banking & PSU Debt Fund  - DIRECT - IDCW,Aditya Birla Sun Life Mutual Fund,Debt Scheme - Banking and PSU Fund,2025-07-10,107.8928
119551,Aditya Birla Sun Life Banking & PSU Debt Fund  - DIRECT - IDCW,Aditya Birla Sun Life Mutual Fund,Debt Scheme - Banking and PSU Fund,2025-07-11,107.9125
119551,Aditya Birla Sun Life Banking & PSU Debt Fund  - DIRECT - IDCW,Aditya Birla Sun Life Mutual Fund,Debt Scheme - Banking and PSU Fund,2025-07-14,107.9617
119551,Aditya Birla Sun Life Banking & PSU Debt Fund  - DIRECT - IDCW,Aditya Birla Sun Life Mutual Fund,Debt Scheme - Banking and PSU Fund,2025-07-15,107.962
119551,Aditya Birla Sun Life Banking & PSU Debt Fund  - DIRECT - IDCW,Aditya Birla Sun Life Mutual Fund,Debt Scheme - Banking and PSU Fund,2025-07-16,107.9658
119551,Aditya Birla Sun Life Banking & PSU Debt Fund  - DIRECT - IDCW,Aditya Birla Sun Life Mutual Fund,Debt Scheme - Banking and PSU Fund,2025-07-17,108.0272
119551,Aditya Birla Sun Life Banking & PSU Debt Fund  - DIRECT - IDCW,Aditya Birla Sun Life Mutual Fund,Debt Scheme - Banking and PSU Fund,2025-07-18,108.1161
119551,Aditya Birla Sun Life Banking & PSU Debt Fund  - DIRECT - IDCW,Aditya Birla Sun Life Mutual Fund,Debt Scheme - Banking and PSU Fund,2025-07-21,108.1729
119551,Aditya Birla Sun Life Banking & PSU Debt Fund  - DIRECT - IDCW,Aditya Birla Sun Life Mutual Fund,Debt Scheme - Banking and PSU Fund,2025-07-22,108.1979
119551,Aditya Birla Sun Life Banking & PSU Debt Fund  - DIRECT - IDCW,Aditya Birla Sun Life Mutual Fund,Debt Scheme - Banking and PSU Fund,2025-07-23,108.2277
119551,Aditya Birla Sun Life Banking & PSU Debt Fund  - DIRECT - IDCW,Aditya Birla Sun Life Mutual Fund,Debt Scheme - Banking and PSU Fund,2025-07-24,108.2573
119551,Aditya Birla Sun Life Banking & PSU Debt Fund  - DIRECT - IDCW,Aditya Birla Sun Life Mutual Fund,Debt Scheme - Banking and PSU Fund,2025-07-25,108.1982
119551,Aditya Birla Sun Life Banking & PSU Debt Fund  - DIRECT - IDCW,Aditya Birla Sun Life Mutual Fund,Debt Scheme - Banking and PSU Fund,2025-07-28,108.2193
119551,Aditya Birla Sun Life Banking & PSU Debt Fund  - DIRECT - IDCW,Aditya Birla Sun Life Mutual Fund,Debt Scheme - Banking and PSU Fund,2025-07-29,108.1828
119551,Aditya Birla Sun Life Banking & PSU Debt Fund  - DIRECT - IDCW,Aditya Birla Sun Life Mutual Fund,Debt Scheme - Banking and PSU Fund,2025-07-30,108.1757
119551,Aditya Birla Sun Life Banking & PSU Debt Fund  - DIRECT - IDCW,Aditya Birla Sun Life Mutual Fund,Debt Scheme - Banking and PSU Fund,2025-07-31,108.2167
119551,Aditya Birla Sun Life Banking & PSU Debt Fund  - DIRECT - IDCW,Aditya Birla Sun Life Mutual Fund,Debt Scheme - Banking and PSU Fund,2025-08-01,108.2952
119551,Aditya Birla Sun Life Banking & PSU Debt Fund  - DIRECT - IDCW,Aditya Birla Sun Life Mutual Fund,Debt Scheme - Banking and PSU Fund,2025-08-04,108.4355
119551,Aditya Birla Sun Life Banking & PSU Debt Fund  - DIRECT - IDCW,Aditya Birla Sun Life Mutual Fund,Debt Scheme - Banking and PSU Fund,2025-08-05,108.4412
119551,Aditya Birla Sun Life Banking & PSU Debt Fund  - DIRECT - IDCW,Aditya Birla Sun Life Mutual Fund,Debt Scheme - Banking and PSU Fund,2025-08-06,108.2153
119551,Aditya Birla Sun Life Banking & PSU Debt Fund  - DIRECT - IDCW,Aditya Birla Sun Life Mutual Fund,Debt Scheme - Banking and PSU Fund,2025-08-07,108.2611
119551,Aditya Birla Sun Life Banking & PSU Debt Fund  - DIRECT - IDCW,Aditya Birla Sun Life Mutual Fund,Debt Scheme - Banking and PSU Fund,2025-08-08,108.2726
119551,Aditya Birla Sun Life Banking & PSU Debt Fund  - DIRECT - IDCW,Aditya Birla Sun Life Mutual Fund,Debt Scheme - Banking and PSU Fund,2025-08-11,108.2018
119551,Aditya Birla Sun Life Banking & PSU Debt Fund  - DIRECT - IDCW,Aditya Birla Sun Life Mutual Fund,Debt Scheme - Banking and PSU Fund,2025-08-12,108.049
119551,Aditya Birla Sun Life Banking & PSU Debt Fund  - DIRECT - IDCW,Aditya Birla Sun Life Mutual Fund,Debt Scheme - Banking and PSU Fund,2025-08-13,107.9901
119551,Aditya Birla Sun Life Banking & PSU Debt Fund  - DIRECT - IDCW,Aditya Birla Sun Life Mutual Fund,Debt Scheme - Banking and PSU Fund,2025-08-14,108.1543
119551,Aditya Birla Sun Life Banking & PSU Debt Fund  - DIRECT - IDCW,Aditya Birla Sun Life Mutual Fund,Debt Scheme - Banking and PSU Fund,2025-08-18,108.1271
119551,Aditya Birla Sun Life Banking & PSU Debt Fund  - DIRECT - IDCW,Aditya Birla Sun Life Mutual Fund,Debt Scheme - Banking and PSU Fund,2025-08-19,108.0083
119551,Aditya Birla Sun Life Banking & PSU Debt Fund  - DIRECT - IDCW,Aditya Birla Sun Life Mutual Fund,Debt Scheme - Banking and PSU Fund,2025-08-20,108.0899
119551,Aditya Birla Sun Life Banking & PSU Debt Fund  - DIRECT - IDCW,Aditya Birla Sun Life Mutual Fund,Debt Scheme - Banking and PSU Fund,2025-08-21,108.0985
119551,Aditya Birla Sun Life Banking & PSU Debt Fund  - DIRECT - IDCW,Aditya Birla Sun Life Mutual Fund,Debt Scheme - Banking and PSU Fund,2025-08-22,108.1096
119551,Aditya Birla Sun Life Banking & PSU Debt Fund  - DIRECT - IDCW,Aditya Birla Sun Life Mutual Fund,Debt Scheme - Banking and PSU Fund,2025-08-25,108.1037
119551,Aditya Birla Sun Life Banking & PSU Debt Fund  - DIRECT - IDCW,Aditya Birla Sun Life Mutual Fund,Debt Scheme - Banking and PSU Fund,2025-08-26,107.9266
119551,Aditya Birla Sun Life Banking & PSU Debt Fund  - DIRECT - IDCW,Aditya Birla Sun Life Mutual Fund,Debt Scheme - Banking and PSU Fund,2025-08-28,108.066
119551,Aditya Birla Sun Life Banking & PSU Debt Fund  - DIRECT - IDCW,Aditya Birla Sun Life Mutual Fund,Debt Scheme - Banking and PSU Fund,2025-08-29,108.0297
119551,Aditya Birla Sun Life Banking & PSU Debt Fund  - DIRECT - IDCW,Aditya Birla Sun Life Mutual Fund,Debt Scheme - Banking and PSU Fund,2025-09-01,108.0373
119551,Aditya Birla Sun Life Banking & PSU Debt Fund  - DIRECT - IDCW,Aditya Birla Sun Life Mutual Fund,Debt Scheme - Banking and PSU Fund,2025-09-02,108.0088
119551,Aditya Birla Sun Life Banking & PSU Debt Fund  - DIRECT - IDCW,Aditya Birla Sun Life Mutual Fund,Debt Scheme - Banking and PSU Fund,2025-09-03,108.0471
119551,Aditya Birla Sun Life Banking & PSU Debt Fund  - DIRECT - IDCW,Aditya Birla Sun Life Mutual Fund,Debt Scheme - Banking and PSU Fund,2025-09-04,108.1379
119551,Aditya Birla Sun Life Banking & PSU Debt Fund  - DIRECT - IDCW,Aditya Birla Sun Life Mutual Fund,Debt Scheme - Banking and PSU Fund,2025-09-05,108.245
119551,Aditya Birla Sun Life Banking & PSU Debt Fund  - DIRECT - IDCW,Aditya Birla Sun Life Mutual Fund,Debt Scheme - Banking and PSU Fund,2025-09-09,108.3519
119551,Aditya Birla Sun Life Banking & PSU Debt Fund  - DIRECT - IDCW,Aditya Birla Sun Life Mutual Fund,Debt Scheme - Banking and PSU Fund,2025-09-10,108.3574
119551,Aditya Birla Sun Life Banking & PSU Debt Fund  - DIRECT - IDCW,Aditya Birla Sun Life Mutual Fund,Debt Scheme - Banking and PSU Fund,2025-09-11,108.369
119551,Aditya Birla Sun Life Banking & PSU Debt Fund  - DIRECT - IDCW,Aditya Birla Sun Life Mutual Fund,Debt Scheme - Banking and PSU Fund,2025-09-12,108.4006
119551,Aditya Birla Sun Life Banking & PSU Debt Fund  - DIRECT - IDCW,Aditya Birla Sun Life Mutual Fund,Debt Scheme - Banking and PSU Fund,2025-09-15,108.3802
119551,Aditya Birla Sun Life Banking & PSU Debt Fund  - DIRECT - IDCW,Aditya Birla Sun Life Mutual Fund,Debt Scheme - Banking and PSU Fund,2025-09-16,108.3787
119551,Aditya Birla Sun Life Banking & PSU Debt Fund  - DIRECT - IDCW,Aditya Birla Sun Life Mutual Fund,Debt Scheme - Banking and PSU Fund,2025-09-17,108.4538
119551,Aditya Birla Sun Life Banking & PSU Debt Fund  - DIRECT - IDCW,Aditya Birla Sun Life Mutual Fund,Debt Scheme - Banking and PSU Fund,2025-09-18,108.4552
119551,Aditya Birla Sun Life Banking & PSU Debt Fund  - DIRECT - IDCW,Aditya Birla Sun Life Mutual Fund,Debt Scheme - Banking and PSU Fund,2025-09-19,108.4428
119551,Aditya Birla Sun Life Banking & PSU Debt Fund  - DIRECT - IDCW,Aditya Birla Sun Life Mutual Fund,Debt Scheme - Banking and PSU Fund,2025-09-22,108.5131
119551,Aditya Birla Sun Life Banking & PSU Debt Fund  - DIRECT - IDCW,Aditya Birla Sun Life Mutual Fund,Debt Scheme - Banking and PSU Fund,2025-09-23,108.5708
119551,Aditya Birla Sun Life Banking & PSU Debt Fund  - DIRECT - IDCW,Aditya Birla Sun Life Mutual Fund,Debt Scheme - Banking and PSU Fund,2025-09-24,108.5859
119551,Aditya Birla Sun Life Banking & PSU Debt Fund  - DIRECT - IDCW,Aditya Birla Sun Life Mutual Fund,Debt Scheme - Banking and PSU Fund,2025-09-25,108.617
119551,Aditya Birla Sun Life Banking & PSU Debt Fund  - DIRECT - IDCW,Aditya Birla Sun Life Mutual Fund,Debt Scheme - Banking and PSU Fund,2025-09-26,108.6702
119551,Aditya Birla Sun Life Banking & PSU Debt Fund  - DIRECT - IDCW,Aditya Birla Sun Life Mutual Fund,Debt Scheme - Banking and PSU Fund,2025-09-30,108.7397
119551,Aditya Birla Sun Life Banking & PSU Debt Fund  - DIRECT - IDCW,Aditya Birla Sun Life Mutual Fund,Debt Scheme - Banking and PSU Fund,2025-10-01,108.8285
119551,Aditya Birla Sun Life Banking & PSU Debt Fund  - DIRECT - IDCW,Aditya Birla Sun Life Mutual Fund,Debt Scheme - Banking and PSU Fund,2025-10-03,108.9591
119551,Aditya Birla Sun Life Banking & PSU Debt Fund  - DIRECT - IDCW,Aditya Birla Sun Life Mutual Fund,Debt Scheme - Banking and PSU Fund,2025-10-06,109.0926
119551,Aditya Birla Sun Life Banking & PSU Debt Fund  - DIRECT - IDCW,Aditya Birla Sun Life Mutual Fund,Debt Scheme - Banking and PSU Fund,2025-10-07,109.2045
119551,Aditya Birla Sun Life Banking & PSU Debt Fund  - DIRECT - IDCW,Aditya Birla Sun Life Mutual Fund,Debt Scheme - Banking and PSU Fund,2025-10-08,109.2524
119551,Aditya Birla Sun Life Banking & PSU Debt Fund  - DIRECT - IDCW,Aditya Birla Sun Life Mutual Fund,Debt Scheme - Banking and PSU Fund,2025-10-09,109.2597
119551,Aditya Birla Sun Life Banking & PSU Debt Fund  - DIRECT - IDCW,Aditya Birla Sun Life Mutual Fund,Debt Scheme - Banking and PSU Fund,2025-10-10,109.2852
119551,Aditya Birla Sun Life Banking & PSU Debt Fund  - DIRECT - IDCW,Aditya Birla Sun Life Mutual Fund,Debt Scheme - Banking and PSU Fund,2025-10-13,109.3763
119551,Aditya Birla Sun Life Banking & PSU Debt Fund  - DIRECT - IDCW,Aditya Birla Sun Life Mutual Fund,Debt Scheme - Banking and PSU Fund,2025-10-14,109.4088
119551,Aditya Birla Sun Life Banking & PSU Debt Fund  - DIRECT - IDCW,Aditya Birla Sun Life Mutual Fund,Debt Scheme - Banking and PSU Fund,2025-10-15,109.4754
119551,Aditya Birla Sun Life Banking & PSU Debt Fund  - DIRECT - IDCW,Aditya Birla Sun Life Mutual Fund,Debt Scheme - Banking and PSU Fund,2025-10-16,109.5131
119551,Aditya Birla Sun Life Banking & PSU Debt Fund  - DIRECT - IDCW,Aditya Birla Sun Life Mutual Fund,Debt Scheme - Banking and PSU Fund,2025-10-17,109.5844
119551,Aditya Birla Sun Life Banking & PSU Debt Fund  - DIRECT - IDCW,Aditya Birla Sun Life Mutual Fund,Debt Scheme - Banking and PSU Fund,2025-10-20,109.6155
119551,Aditya Birla Sun Life Banking & PSU Debt Fund  - DIRECT - IDCW,Aditya Birla Sun Life Mutual Fund,Debt Scheme - Banking and PSU Fund,2025-10-23,109.5817
119551,Aditya Birla Sun Life Banking & PSU Debt Fund  - DIRECT - IDCW,Aditya Birla Sun Life Mutual Fund,Debt Scheme - Banking and PSU Fund,2025-10-24,109.5673
119551,Aditya Birla Sun Life Banking & PSU Debt Fund  - DIRECT - IDCW,Aditya Birla Sun Life Mutual Fund,Debt Scheme - Banking and PSU Fund,2025-10-27,109.6125
119551,Aditya Birla Sun Life Banking & PSU Debt Fund  - DIRECT - IDCW,Aditya Birla Sun Life Mutual Fund,Debt Scheme - Banking and PSU Fund,2025-10-28,109.6404
119551,Aditya Birla Sun Life Banking & PSU Debt Fund  - DIRECT - IDCW,Aditya Birla Sun Life Mutual Fund,Debt Scheme - Banking and PSU Fund,2025-10-29,109.6934
119551,Aditya Birla Sun Life Banking & PSU Debt Fund  - DIRECT - IDCW,Aditya Birla Sun Life Mutual Fund,Debt Scheme - Banking and PSU Fund,2025-10-30,109.6521
119551,Aditya Birla Sun Life Banking & PSU Debt Fund  - DIRECT - IDCW,Aditya Birla Sun Life Mutual Fund,Debt Scheme - Banking and PSU Fund,2025-10-31,109.6768
119551,Aditya Birla Sun Life Banking & PSU Debt Fund  - DIRECT - IDCW,Aditya Birla Sun Life Mutual Fund,Debt Scheme - Banking and PSU Fund,2025-11-03,109.7548
119551,Aditya Birla Sun Life Banking & PSU Debt Fund  - DIRECT - IDCW,Aditya Birla Sun Life Mutual Fund,Debt Scheme - Banking and PSU Fund,2025-11-04,109.7941
119551,Aditya Birla Sun Life Banking & PSU Debt Fund  - DIRECT - IDCW,Aditya Birla Sun Life Mutual Fund,Debt Scheme - Banking and PSU Fund,2025-11-06,109.8337
119551,Aditya Birla Sun Life Banking & PSU Debt Fund  - DIRECT - IDCW,Aditya Birla Sun Life Mutual Fund,Debt Scheme - Banking and PSU Fund,2025-11-07,109.8609
119551,Aditya Birla Sun Life Banking & PSU Debt Fund  - DIRECT - IDCW,Aditya Birla Sun Life Mutual Fund,Debt Scheme - Banking and PSU Fund,2025-11-10,109.925
119551,Aditya Birla Sun Life Banking & PSU Debt Fund  - DIRECT - IDCW,Aditya Birla Sun Life Mutual Fund,Debt Scheme - Banking and PSU Fund,2025-11-11,109.961
119551,Aditya Birla Sun Life Banking & PSU Debt Fund  - DIRECT - IDCW,Aditya Birla Sun Life Mutual Fund,Debt Scheme - Banking and PSU Fund,2025-11-12,109.9947
119551,Aditya Birla Sun Life Banking & PSU Debt Fund  - DIRECT - IDCW,Aditya Birla Sun Life Mutual Fund,Debt Scheme - Banking and PSU Fund,2025-11-13,109.9907
119551,Aditya Birla Sun Life Banking & PSU Debt Fund  - DIRECT - IDCW,Aditya Birla Sun Life Mutual Fund,Debt Scheme - Banking and PSU Fund,2025-11-14,109.9725
119551,Aditya Birla Sun Life Banking & PSU Debt Fund  - DIRECT - IDCW,Aditya Birla Sun Life Mutual Fund,Debt Scheme - Banking and PSU Fund,2025-11-17,109.9756
119551,Aditya Birla Sun Life Banking & PSU Debt Fund  - DIRECT - IDCW,Aditya Birla Sun Life Mutual Fund,Debt Scheme - Banking and PSU Fund,2025-11-18,110.0205
119551,Aditya Birla Sun Life Banking & PSU Debt Fund  - DIRECT - IDCW,Aditya Birla Sun Life Mutual Fund,Debt Scheme - Banking and PSU Fund,2025-11-19,110.0771
119551,Aditya Birla Sun Life Banking & PSU Debt Fund  - DIRECT - IDCW,Aditya Birla Sun Life Mutual Fund,Debt Scheme - Banking and PSU Fund,2025-11-20,110.0882
119551,Aditya Birla Sun Life Banking & PSU Debt Fund  - DIRECT - IDCW,Aditya Birla Sun Life Mutual Fund,Debt Scheme - Banking and PSU Fund,2025-11-21,110.0708
119551,Aditya Birla Sun Life Banking & PSU Debt Fund  - DIRECT - IDCW,Aditya Birla Sun Life Mutual Fund,Debt Scheme - Banking and PSU Fund,2025-11-24,110.1322
119551,Aditya Birla Sun Life Banking & PSU Debt Fund  - DIRECT - IDCW,Aditya Birla Sun Life Mutual Fund,Debt Scheme - Banking and PSU Fund,2025-11-25,110.1924
119551,Aditya Birla Sun Life Banking & PSU Debt Fund  - DIRECT - IDCW,Aditya Birla Sun Life Mutual Fund,Debt Scheme - Banking and PSU Fund,2025-11-26,110.2658
119551,Aditya Birla Sun Life Banking & PSU Debt Fund  - DIRECT - IDCW,Aditya Birla Sun Life Mutual Fund,Debt Scheme - Banking and PSU Fund,2025-11-27,110.2743
119551,Aditya Birla Sun Life Banking & PSU Debt Fund  - DIRECT - IDCW,Aditya Birla Sun Life Mutual Fund,Debt Scheme - Banking and PSU Fund,2025-11-28,110.2615
119551,Aditya Birla Sun Life Banking & PSU Debt Fund  - DIRECT - IDCW,Aditya Birla Sun Life Mutual Fund,Debt Scheme - Banking and PSU Fund,2025-12-01,110.211
119551,Aditya Birla Sun Life Banking & PSU Debt Fund  - DIRECT - IDCW,Aditya Birla Sun Life Mutual Fund,Debt Scheme - Banking and PSU Fund,2025-12-02,110.2349
119551,Aditya Birla Sun Life Banking & PSU Debt Fund  - DIRECT - IDCW,Aditya Birla Sun Life Mutual Fund,Debt Scheme - Banking and PSU Fund,2025-12-03,110.2362
119551,Aditya Birla Sun Life Banking & PSU Debt Fund  - DIRECT - IDCW,Aditya Birla Sun Life Mutual Fund,Debt Scheme - Banking and PSU Fund,2025-12-04,110.235
119551,Aditya Birla Sun Life Banking & PSU Debt Fund  - DIRECT - IDCW,Aditya Birla Sun Life Mutual Fund,Debt Scheme - Banking and PSU Fund,2025-12-05,110.3373
119551,Aditya Birla Sun Life Banking & PSU Debt Fund  - DIRECT - IDCW,Aditya Birla Sun Life Mutual Fund,Debt Scheme - Banking and PSU Fund,2025-12-08,110.3299
119551,Aditya Birla Sun Life Banking & PSU Debt Fund  - DIRECT - IDCW,Aditya Birla Sun Life Mutual Fund,Debt Scheme - Banking and PSU Fund,2025-12-09,110.1852
119551,Aditya Birla Sun Life Banking & PSU Debt Fund  - DIRECT - IDCW,Aditya Birla Sun Life Mutual Fund,Debt Scheme - Banking and PSU Fund,2025-12-10,110.0466
119551,Aditya Birla Sun Life Banking & PSU Debt Fund  - DIRECT - IDCW,Aditya Birla Sun Life Mutual Fund,Debt Scheme - Banking and PSU Fund,2025-12-11,110.0609
119551,Aditya Birla Sun Life Banking & PSU Debt Fund  - DIRECT - IDCW,Aditya Birla Sun Life Mutual Fund,Debt Scheme - Banking and PSU Fund,2025-12-12,110.0652
119551,Aditya Birla Sun Life Banking & PSU Debt Fund  - DIRECT - IDCW,Aditya Birla Sun Life Mutual Fund,Debt Scheme - Banking and PSU Fund,2025-12-15,109.9944
119551,Aditya Birla Sun Life Banking & PSU Debt Fund  - DIRECT - IDCW,Aditya Birla Sun Life Mutual Fund,Debt Scheme - Banking and PSU Fund,2025-12-16,110.0261
119551,Aditya Birla Sun Life Banking & PSU Debt Fund  - DIRECT - IDCW,Aditya Birla Sun Life Mutual Fund,Debt Scheme - Banking and PSU Fund,2025-12-17,110.0266
119551,Aditya Birla Sun Life Banking & PSU Debt Fund  - DIRECT - IDCW,Aditya Birla Sun Life Mutual Fund,Debt Scheme - Banking and PSU Fund,2025-12-18,110.0195
119551,Aditya Birla Sun Life Banking & PSU Debt Fund  - DIRECT - IDCW,Aditya Birla Sun Life Mutual Fund,Debt Scheme - Banking and PSU Fund,2025-12-19,110.0403
119551,Aditya Birla Sun Life Banking & PSU Debt Fund  - DIRECT - IDCW,Aditya Birla Sun Life Mutual Fund,Debt Scheme - Banking and PSU Fund,2025-12-22,110.0241
119551,Aditya Birla Sun Life Banking & PSU Debt Fund  - DIRECT - IDCW,Aditya Birla Sun Life Mutual Fund,Debt Scheme - Banking and PSU Fund,2025-12-23,109.9954
119551,Aditya Birla Sun Life Banking & PSU Debt Fund  - DIRECT - IDCW,Aditya Birla Sun Life Mutual Fund,Debt Scheme - Banking and PSU Fund,2025-12-24,110.2079
119551,Aditya Birla Sun Life Banking & PSU Debt Fund  - DIRECT - IDCW,Aditya Birla Sun Life Mutual Fund,Debt Scheme - Banking and PSU Fund,2025-12-26,110.2247
119551,Aditya Birla Sun Life Banking & PSU Debt Fund  - DIRECT - IDCW,Aditya Birla Sun Life Mutual Fund,Debt Scheme - Banking and PSU Fund,2025-12-29,110.2799
119551,Aditya Birla Sun Life Banking & PSU Debt Fund  - DIRECT - IDCW,Aditya Birla Sun Life Mutual Fund,Debt Scheme - Banking and PSU Fund,2025-12-30,110.2176
119551,Aditya Birla Sun Life Banking & PSU Debt Fund  - DIRECT - IDCW,Aditya Birla Sun Life Mutual Fund,Debt Scheme - Banking and PSU Fund,2025-12-31,110.3212
119551,Aditya Birla Sun Life Banking & PSU Debt Fund  - DIRECT - IDCW,Aditya Birla Sun Life Mutual Fund,Debt Scheme - Banking and PSU Fund,2026-01-01,110.3493
119551,Aditya Birla Sun Life Banking & PSU Debt Fund  - DIRECT - IDCW,Aditya Birla Sun Life Mutual Fund,Debt Scheme - Banking and PSU Fund,2026-01-02,110.3333
119551,Aditya Birla Sun Life Banking & PSU Debt Fund  - DIRECT - IDCW,Aditya Birla Sun Life Mutual Fund,Debt Scheme - Banking and PSU Fund,2026-01-05,110.2498
119551,Aditya Birla Sun Life Banking & PSU Debt Fund  - DIRECT - IDCW,Aditya Birla Sun Life Mutual Fund,Debt Scheme - Banking and PSU Fund,2026-01-06,110.2647
119551,Aditya Birla Sun Life Banking & PSU Debt Fund  - DIRECT - IDCW,Aditya Birla Sun Life Mutual Fund,Debt Scheme - Banking and PSU Fund,2026-01-07,110.2175
119551,Aditya Birla Sun Life Banking & PSU Debt Fund  - DIRECT - IDCW,Aditya Birla Sun Life Mutual Fund,Debt Scheme - Banking and PSU Fund,2026-01-08,110.2218
119551,Aditya Birla Sun Life Banking & PSU Debt Fund  - DIRECT - IDCW,Aditya Birla Sun Life Mutual Fund,Debt Scheme - Banking and PSU Fund,2026-01-09,110.2327
119551,Aditya Birla Sun Life Banking & PSU Debt Fund  - DIRECT - IDCW,Aditya Birla Sun Life Mutual Fund,Debt Scheme - Banking and PSU Fund,2026-01-12,110.2974
119551,Aditya Birla Sun Life Banking & PSU Debt Fund  - DIRECT - IDCW,Aditya Birla Sun Life Mutual Fund,Debt Scheme - Banking and PSU Fund,2026-01-13,110.1878
119551,Aditya Birla Sun Life Banking & PSU Debt Fund  - DIRECT - IDCW,Aditya Birla Sun Life Mutual Fund,Debt Scheme - Banking and PSU Fund,2026-01-14,110.1286
119551,Aditya Birla Sun Life Banking & PSU Debt Fund  - DIRECT - IDCW,Aditya Birla Sun Life Mutual Fund,Debt Scheme - Banking and PSU Fund,2026-01-16,110.0107
119551,Aditya Birla Sun Life Banking & PSU Debt Fund  - DIRECT - IDCW,Aditya Birla Sun Life Mutual Fund,Debt Scheme - Banking and PSU Fund,2026-01-19,109.9742
119551,Aditya Birla Sun Life Banking & PSU Debt Fund  - DIRECT - IDCW,Aditya Birla Sun Life Mutual Fund,Debt Scheme - Banking and PSU Fund,2026-01-20,109.9385
119551,Aditya Birla Sun Life Banking & PSU Debt Fund  - DIRECT - IDCW,Aditya Birla Sun Life Mutual Fund,Debt Scheme - Banking and PSU Fund,2026-01-21,109.9438
119551,Aditya Birla Sun Life Banking & PSU Debt Fund  - DIRECT - IDCW,Aditya Birla Sun Life Mutual Fund,Debt Scheme - Banking and PSU Fund,2026-01-22,110.0539
119551,Aditya Birla Sun Life Banking & PSU Debt Fund  - DIRECT - IDCW,Aditya Birla Sun Life Mutual Fund,Debt Scheme - Banking and PSU Fund,2026-01-23,110.0766
119551,Aditya Birla Sun Life Banking & PSU Debt Fund  - DIRECT - IDCW,Aditya Birla Sun Life Mutual Fund,Debt Scheme - Banking and PSU Fund,2026-01-27,110.1078
119551,Aditya Birla Sun Life Banking & PSU Debt Fund  - DIRECT - IDCW,Aditya Birla Sun Life Mutual Fund,Debt Scheme - Banking and PSU Fund,2026-01-28,110.0855
119551,Aditya Birla Sun Life Banking & PSU Debt Fund  - DIRECT - IDCW,Aditya Birla Sun Life Mutual Fund,Debt Scheme - Banking and PSU Fund,2026-01-29,110.0922
119551,Aditya Birla Sun Life Banking & PSU Debt Fund  - DIRECT - IDCW,Aditya Birla Sun Life Mutual Fund,Debt Scheme - Banking and PSU Fund,2026-01-30,110.1903
119551,Aditya Birla Sun Life Banking & PSU Debt Fund  - DIRECT - IDCW,Aditya Birla Sun Life Mutual Fund,Debt Scheme - Banking and PSU Fund,2026-02-02,110.1537
119551,Aditya Birla Sun Life Banking & PSU Debt Fund  - DIRECT - IDCW,Aditya Birla Sun Life Mutual Fund,Debt Scheme - Banking and PSU Fund,2026-02-03,110.296
119551,Aditya Birla Sun Life Banking & PSU Debt Fund  - DIRECT - IDCW,Aditya Birla Sun Life Mutual Fund,Debt Scheme - Banking and PSU Fund,2026-02-04,110.4477
119551,Aditya Birla Sun Life Banking & PSU Debt Fund  - DIRECT - IDCW,Aditya Birla Sun Life Mutual Fund,Debt Scheme - Banking and PSU Fund,2026-02-05,110.5985
119551,Aditya Birla Sun Life Banking & PSU Debt Fund  - DIRECT - IDCW,Aditya Birla Sun Life Mutual Fund,Debt Scheme - Banking and PSU Fund,2026-02-06,110.4173
119551,Aditya Birla Sun Life Banking & PSU Debt Fund  - DIRECT - IDCW,Aditya Birla Sun Life Mutual Fund,Debt Scheme - Banking and PSU Fund,2026-02-09,110.4233
119551,Aditya Birla Sun Life Banking & PSU Debt Fund  - DIRECT - IDCW,Aditya Birla Sun Life Mutual Fund,Debt Scheme - Banking and PSU Fund,2026-02-10,110.4293
119551,Aditya Birla Sun Life Banking & PSU Debt Fund  - DIRECT - IDCW,Aditya Birla Sun Life Mutual Fund,Debt Scheme - Banking and PSU Fund,2026-02-11,110.5056
119551,Aditya Birla Sun Life Banking & PSU Debt Fund  - DIRECT - IDCW,Aditya Birla Sun Life Mutual Fund,Debt Scheme - Banking and PSU Fund,2026-02-12,110.6309
119551,Aditya Birla Sun Life Banking & PSU Debt Fund  - DIRECT - IDCW,Aditya Birla Sun Life Mutual Fund,Debt Scheme - Banking and PSU Fund,2026-02-13,110.7584
119551,Aditya Birla Sun Life Banking & PSU Debt Fund  - DIRECT - IDCW,Aditya Birla Sun Life Mutual Fund,Debt Scheme - Banking and PSU Fund,2026-02-16,110.8409
119551,Aditya Birla Sun Life Banking & PSU Debt Fund  - DIRECT - IDCW,Aditya Birla Sun Life Mutual Fund,Debt Scheme - Banking and PSU Fund,2026-02-17,110.8682
119551,Aditya Birla Sun Life Banking & PSU Debt Fund  - DIRECT - IDCW,Aditya Birla Sun Life Mutual Fund,Debt Scheme - Banking and PSU Fund,2026-02-18,110.8613
119551,Aditya Birla Sun Life Banking & PSU Debt Fund  - DIRECT - IDCW,Aditya Birla Sun Life Mutual Fund,Debt Scheme - Banking and PSU Fund,2026-02-20,110.807
119551,Aditya Birla Sun Life Banking & PSU Debt Fund  - DIRECT - IDCW,Aditya Birla Sun Life Mutual Fund,Debt Scheme - Banking and PSU Fund,2026-02-23,110.8829
119551,Aditya Birla Sun Life Banking & PSU Debt Fund  - DIRECT - IDCW,Aditya Birla Sun Life Mutual Fund,Debt Scheme - Banking and PSU Fund,2026-02-24,110.9394
119551,Aditya Birla Sun Life Banking & PSU Debt Fund  - DIRECT - IDCW,Aditya Birla Sun Life Mutual Fund,Debt Scheme - Banking and PSU Fund,2026-02-25,110.9826
119551,Aditya Birla Sun Life Banking & PSU Debt Fund  - DIRECT - IDCW,Aditya Birla Sun Life Mutual Fund,Debt Scheme - Banking and PSU Fund,2026-02-26,111.0069
119551,Aditya Birla Sun Life Banking & PSU Debt Fund  - DIRECT - IDCW,Aditya Birla Sun Life Mutual Fund,Debt Scheme - Banking and PSU Fund,2026-02-27,111.0261
119551,Aditya Birla Sun Life Banking & PSU Debt Fund  - DIRECT - IDCW,Aditya Birla Sun Life Mutual Fund,Debt Scheme - Banking and PSU Fund,2026-03-02,111.0653
119551,Aditya Birla Sun Life Banking & PSU Debt Fund  - DIRECT - IDCW,Aditya Birla Sun Life Mutual Fund,Debt Scheme - Banking and PSU Fund,2026-03-04,110.9499
119551,Aditya Birla Sun Life Banking & PSU Debt Fund  - DIRECT - IDCW,Aditya Birla Sun Life Mutual Fund,Debt Scheme - Banking and PSU Fund,2026-03-05,111.0534
119551,Aditya Birla Sun Life Banking & PSU Debt Fund  - DIRECT - IDCW,Aditya Birla Sun Life Mutual Fund,Debt Scheme - Banking and PSU Fund,2026-03-06,111.0395
119551,Aditya Birla Sun Life Banking & PSU Debt Fund  - DIRECT - IDCW,Aditya Birla Sun Life Mutual Fund,Debt Scheme - Banking and PSU Fund,2026-03-09,110.9193
119551,Aditya Birla Sun Life Banking & PSU Debt Fund  - DIRECT - IDCW,Aditya Birla Sun Life Mutual Fund,Debt Scheme - Banking and PSU Fund,2026-03-10,111.0484
119551,Aditya Birla Sun Life Banking & PSU Debt Fund  - DIRECT - IDCW,Aditya Birla Sun Life Mutual Fund,Debt Scheme - Banking and PSU Fund,2026-03-11,111.1072
119551,Aditya Birla Sun Life Banking & PSU Debt Fund  - DIRECT - IDCW,Aditya Birla Sun Life Mutual Fund,Debt Scheme - Banking and PSU Fund,2026-03-12,110.9898
119551,Aditya Birla Sun Life Banking & PSU Debt Fund  - DIRECT - IDCW,Aditya Birla Sun Life Mutual Fund,Debt Scheme - Banking and PSU Fund,2026-03-13,110.9287
119551,Aditya Birla Sun Life Banking & PSU Debt Fund  - DIRECT - IDCW,Aditya Birla Sun Life Mutual Fund,Debt Scheme - Banking and PSU Fund,2026-03-16,110.9159
119551,Aditya Birla Sun Life Banking & PSU Debt Fund  - DIRECT - IDCW,Aditya Birla Sun Life Mutual Fund,Debt Scheme - Banking and PSU Fund,2026-03-17,110.9316
119551,Aditya Birla Sun Life Banking & PSU Debt Fund  - DIRECT - IDCW,Aditya Birla Sun Life Mutual Fund,Debt Scheme - Banking and PSU Fund,2026-03-18,110.9985
119551,Aditya Birla Sun Life Banking & PSU Debt Fund  - DIRECT - IDCW,Aditya Birla Sun Life Mutual Fund,Debt Scheme - Banking and PSU Fund,2026-03-20,110.9352
119551,Aditya Birla Sun Life Banking & PSU Debt Fund  - DIRECT - IDCW,Aditya Birla Sun Life Mutual Fund,Debt Scheme - Banking and PSU Fund,2026-03-23,110.6625
119551,Aditya Birla Sun Life Banking & PSU Debt Fund  - DIRECT - IDCW,Aditya Birla Sun Life Mutual Fund,Debt Scheme - Banking and PSU Fund,2026-03-24,103.9816
119551,Aditya Birla Sun Life Banking & PSU Debt Fund  - DIRECT - IDCW,Aditya Birla Sun Life Mutual Fund,Debt Scheme - Banking and PSU Fund,2026-03-25,103.9713
119551,Aditya Birla Sun Life Banking & PSU Debt Fund  - DIRECT - IDCW,Aditya Birla Sun Life Mutual Fund,Debt Scheme - Banking and PSU Fund,2026-03-27,103.9102
119551,Aditya Birla Sun Life Banking & PSU Debt Fund  - DIRECT - IDCW,Aditya Birla Sun Life Mutual Fund,Debt Scheme - Banking and PSU Fund,2026-03-30,103.9921
119551,Aditya Birla Sun Life Banking & PSU Debt Fund  - DIRECT - IDCW,Aditya Birla Sun Life Mutual Fund,Debt Scheme - Banking and PSU Fund,2026-03-31,104.0116
119551,Aditya Birla Sun Life Banking & PSU Debt Fund  - DIRECT - IDCW,Aditya Birla Sun Life Mutual Fund,Debt Scheme - Banking and PSU Fund,2026-04-02,103.8813
119551,Aditya Birla Sun Life Banking & PSU Debt Fund  - DIRECT - IDCW,Aditya Birla Sun Life Mutual Fund,Debt Scheme - Banking and PSU Fund,2026-04-06,103.9142
119551,Aditya Birla Sun Life Banking & PSU Debt Fund  - DIRECT - IDCW,Aditya Birla Sun Life Mutual Fund,Debt Scheme - Banking and PSU Fund,2026-04-07,103.9918
119551,Aditya Birla Sun Life Banking & PSU Debt Fund  - DIRECT - IDCW,Aditya Birla Sun Life Mutual Fund,Debt Scheme - Banking and PSU Fund,2026-04-08,104.3919
119551,Aditya Birla Sun Life Banking & PSU Debt Fund  - DIRECT - IDCW,Aditya Birla Sun Life Mutual Fund,Debt Scheme - Banking and PSU Fund,2026-04-09,104.515
119551,Aditya Birla Sun Life Banking & PSU Debt Fund  - DIRECT - IDCW,Aditya Birla Sun Life Mutual Fund,Debt Scheme - Banking and PSU Fund,2026-04-10,104.5956
119551,Aditya Birla Sun Life Banking & PSU Debt Fund  - DIRECT - IDCW,Aditya Birla Sun Life Mutual Fund,Debt Scheme - Banking and PSU Fund,2026-04-13,104.6113
119551,Aditya Birla Sun Life Banking & PSU Debt Fund  - DIRECT - IDCW,Aditya Birla Sun Life Mutual Fund,Debt Scheme - Banking and PSU Fund,2026-04-15,104.7901
119551,Aditya Birla Sun Life Banking & PSU Debt Fund  - DIRECT - IDCW,Aditya Birla Sun Life Mutual Fund,Debt Scheme - Banking and PSU Fund,2026-04-16,104.7959
119551,Aditya Birla Sun Life Banking & PSU Debt Fund  - DIRECT - IDCW,Aditya Birla Sun Life Mutual Fund,Debt Scheme - Banking and PSU Fund,2026-04-17,104.7821
119551,Aditya Birla Sun Life Banking & PSU Debt Fund  - DIRECT - IDCW,Aditya Birla Sun Life Mutual Fund,Debt Scheme - Banking and PSU Fund,2026-04-20,104.8369
119551,Aditya Birla Sun Life Banking & PSU Debt Fund  - DIRECT - IDCW,Aditya Birla Sun Life Mutual Fund,Debt Scheme - Banking and PSU Fund,2026-04-21,104.847
119551,Aditya Birla Sun Life Banking & PSU Debt Fund  - DIRECT - IDCW,Aditya Birla Sun Life Mutual Fund,Debt Scheme - Banking and PSU Fund,2026-04-22,104.8473
119551,Aditya Birla Sun Life Banking & PSU Debt Fund  - DIRECT - IDCW,Aditya Birla Sun Life Mutual Fund,Debt Scheme - Banking and PSU Fund,2026-04-23,104.7652
119551,Aditya Birla Sun Life Banking & PSU Debt Fund  - DIRECT - IDCW,Aditya Birla Sun Life Mutual Fund,Debt Scheme - Banking and PSU Fund,2026-04-24,104.7091
119551,Aditya Birla Sun Life Banking & PSU Debt Fund  - DIRECT - IDCW,Aditya Birla Sun Life Mutual Fund,Debt Scheme - Banking and PSU Fund,2026-04-27,104.7771
119551,Aditya Birla Sun Life Banking & PSU Debt Fund  - DIRECT - IDCW,Aditya Birla Sun Life Mutual Fund,Debt Scheme - Banking and PSU Fund,2026-04-28,104.7428
119551,Aditya Birla Sun Life Banking & PSU Debt Fund  - DIRECT - IDCW,Aditya Birla Sun Life Mutual Fund,Debt Scheme - Banking and PSU Fund,2026-04-29,104.6594
119551,Aditya Birla Sun Life Banking & PSU Debt Fund  - DIRECT - IDCW,Aditya Birla Sun Life Mutual Fund,Debt Scheme - Banking and PSU Fund,2026-04-30,104.5706
119551,Aditya Birla Sun Life Banking & PSU Debt Fund  - DIRECT - IDCW,Aditya Birla Sun Life Mutual Fund,Debt Scheme - Banking and PSU Fund,2026-05-04,104.6544
119551,Aditya Birla Sun Life Banking & PSU Debt Fund  - DIRECT - IDCW,Aditya Birla Sun Life Mutual Fund,Debt Scheme - Banking and PSU Fund,2026-05-05,104.6166
119551,Aditya Birla Sun Life Banking & PSU Debt Fund  - DIRECT - IDCW,Aditya Birla Sun Life Mutual Fund,Debt Scheme - Banking and PSU Fund,2026-05-06,104.8043
119551,Aditya Birla Sun Life Banking & PSU Debt Fund  - DIRECT - IDCW,Aditya Birla Sun Life Mutual Fund,Debt Scheme - Banking and PSU Fund,2026-05-07,104.8762
119551,Aditya Birla Sun Life Banking & PSU Debt Fund  - DIRECT - IDCW,Aditya Birla Sun Life Mutual Fund,Debt Scheme - Banking and PSU Fund,2026-05-08,104.8696
119551,Aditya Birla Sun Life Banking & PSU Debt Fund  - DIRECT - IDCW,Aditya Birla Sun Life Mutual Fund,Debt Scheme - Banking and PSU Fund,2026-05-11,104.8053
119551,Aditya Birla Sun Life Banking & PSU Debt Fund  - DIRECT - IDCW,Aditya Birla Sun Life Mutual Fund,Debt Scheme - Banking and PSU Fund,2026-05-12,104.7585
119551,Aditya Birla Sun Life Banking & PSU Debt Fund  - DIRECT - IDCW,Aditya Birla Sun Life Mutual Fund,Debt Scheme - Banking and PSU Fund,2026-05-13,104.7371
119551,Aditya Birla Sun Life Banking & PSU Debt Fund  - DIRECT - IDCW,Aditya Birla Sun Life Mutual Fund,Debt Scheme - Banking and PSU Fund,2026-05-14,104.7318
119551,Aditya Birla Sun Life Banking & PSU Debt Fund  - DIRECT - IDCW,Aditya Birla Sun Life Mutual Fund,Debt Scheme - Banking and PSU Fund,2026-05-15,104.5968
119551,Aditya Birla Sun Life Banking & PSU Debt Fund  - DIRECT - IDCW,Aditya Birla Sun Life Mutual Fund,Debt Scheme - Banking and PSU Fund,2026-05-18,104.3791
119551,Aditya Birla Sun Life Banking & PSU Debt Fund  - DIRECT - IDCW,Aditya Birla Sun Life Mutual Fund,Debt Scheme - Banking and PSU Fund,2026-05-19,104.4216
119551,Aditya Birla Sun Life Banking & PSU Debt Fund  - DIRECT - IDCW,Aditya Birla Sun Life Mutual Fund,Debt Scheme - Banking and PSU Fund,2026-05-20,104.3826
119551,Aditya Birla Sun Life Banking & PSU Debt Fund  - DIRECT - IDCW,Aditya Birla Sun Life Mutual Fund,Debt Scheme - Banking and PSU Fund,2026-05-21,104.285
119551,Aditya Birla Sun Life Banking & PSU Debt Fund  - DIRECT - IDCW,Aditya Birla Sun Life Mutual Fund,Debt Scheme - Banking and PSU Fund,2026-05-22,104.3467
119551,Aditya Birla Sun Life Banking & PSU Debt Fund  - DIRECT - IDCW,Aditya Birla Sun Life Mutual Fund,Debt Scheme - Banking and PSU Fund,2026-05-25,104.5215
119551,Aditya Birla Sun Life Banking & PSU Debt Fund  - DIRECT - IDCW,Aditya Birla Sun Life Mutual Fund,Debt Scheme - Banking and PSU Fund,2026-05-26,104.5269
119551,Aditya Birla Sun Life Banking & PSU Debt Fund  - DIRECT - IDCW,Aditya Birla Sun Life Mutual Fund,Debt Scheme - Banking and PSU Fund,2026-05-27,104.5833
119551,Aditya Birla Sun Life Banking & PSU Debt Fund  - DIRECT - IDCW,Aditya Birla Sun Life Mutual Fund,Debt Scheme - Banking and PSU Fund,2026-05-29,104.657
119551,Aditya Birla Sun Life Banking & PSU Debt Fund  - DIRECT - IDCW,Aditya Birla Sun Life Mutual Fund,Debt Scheme - Banking and PSU Fund,2026-06-01,104.7025
120503,Axis ELSS Tax Saver Fund - Direct Plan - Growth Option,Axis Mutual Fund,Equity Scheme - ELSS,2019-04-30,47.7229
120503,Axis ELSS Tax Saver Fund - Direct Plan - Growth Option,Axis Mutual Fund,Equity Scheme - ELSS,2019-05-02,47.768
120503,Axis ELSS Tax Saver Fund - Direct Plan - Growth Option,Axis Mutual Fund,Equity Scheme - ELSS,2019-05-03,47.5539
120503,Axis ELSS Tax Saver Fund - Direct Plan - Growth Option,Axis Mutual Fund,Equity Scheme - ELSS,2019-05-06,47.1499
120503,Axis ELSS Tax Saver Fund - Direct Plan - Growth Option,Axis Mutual Fund,Equity Scheme - ELSS,2019-05-07,46.9154
120503,Axis ELSS Tax Saver Fund - Direct Plan - Growth Option,Axis Mutual Fund,Equity Scheme - ELSS,2019-05-08,46.3892
120503,Axis ELSS Tax Saver Fund - Direct Plan - Growth Option,Axis Mutual Fund,Equity Scheme - ELSS,2019-05-09,46.2216
120503,Axis ELSS Tax Saver Fund - Direct Plan - Growth Option,Axis Mutual Fund,Equity Scheme - ELSS,2019-05-10,46.2551
120503,Axis ELSS Tax Saver Fund - Direct Plan - Growth Option,Axis Mutual Fund,Equity Scheme - ELSS,2019-05-13,45.8407
120503,Axis ELSS Tax Saver Fund - Direct Plan - Growth Option,Axis Mutual Fund,Equity Scheme - ELSS,2019-05-14,45.5871
120503,Axis ELSS Tax Saver Fund - Direct Plan - Growth Option,Axis Mutual Fund,Equity Scheme - ELSS,2019-05-15,45.9877
120503,Axis ELSS Tax Saver Fund - Direct Plan - Growth Option,Axis Mutual Fund,Equity Scheme - ELSS,2019-05-16,46.225
120503,Axis ELSS Tax Saver Fund - Direct Plan - Growth Option,Axis Mutual Fund,Equity Scheme - ELSS,2019-05-17,46.7549
120503,Axis ELSS Tax Saver Fund - Direct Plan - Growth Option,Axis Mutual Fund,Equity Scheme - ELSS,2019-05-20,48.4883
120503,Axis ELSS Tax Saver Fund - Direct Plan - Growth Option,Axis Mutual Fund,Equity Scheme - ELSS,2019-05-21,47.8968
120503,Axis ELSS Tax Saver Fund - Direct Plan - Growth Option,Axis Mutual Fund,Equity Scheme - ELSS,2019-05-22,48.1288
120503,Axis ELSS Tax Saver Fund - Direct Plan - Growth Option,Axis Mutual Fund,Equity Scheme - ELSS,2019-05-23,47.927
120503,Axis ELSS Tax Saver Fund - Direct Plan - Growth Option,Axis Mutual Fund,Equity Scheme - ELSS,2019-05-24,48.4689
120503,Axis ELSS Tax Saver Fund - Direct Plan - Growth Option,Axis Mutual Fund,Equity Scheme - ELSS,2019-05-27,48.7481
120503,Axis ELSS Tax Saver Fund - Direct Plan - Growth Option,Axis Mutual Fund,Equity Scheme - ELSS,2019-05-28,48.8592
120503,Axis ELSS Tax Saver Fund - Direct Plan - Growth Option,Axis Mutual Fund,Equity Scheme - ELSS,2019-05-29,48.9649
120503,Axis ELSS Tax Saver Fund - Direct Plan - Growth Option,Axis Mutual Fund,Equity Scheme - ELSS,2019-05-30,49.5043
120503,Axis ELSS Tax Saver Fund - Direct Plan - Growth Option,Axis Mutual Fund,Equity Scheme - ELSS,2019-05-31,49.6009
120503,Axis ELSS Tax Saver Fund - Direct Plan - Growth Option,Axis Mutual Fund,Equity Scheme - ELSS,2019-06-03,50.216
120503,Axis ELSS Tax Saver Fund - Direct Plan - Growth Option,Axis Mutual Fund,Equity Scheme - ELSS,2019-06-04,50.041
120503,Axis ELSS Tax Saver Fund - Direct Plan - Growth Option,Axis Mutual Fund,Equity Scheme - ELSS,2019-06-06,49.4851
120503,Axis ELSS Tax Saver Fund - Direct Plan - Growth Option,Axis Mutual Fund,Equity Scheme - ELSS,2019-06-07,49.443
120503,Axis ELSS Tax Saver Fund - Direct Plan - Growth Option,Axis Mutual Fund,Equity Scheme - ELSS,2019-06-10,49.5439
120503,Axis ELSS Tax Saver Fund - Direct Plan - Growth Option,Axis Mutual Fund,Equity Scheme - ELSS,2019-06-11,49.653
120503,Axis ELSS Tax Saver Fund - Direct Plan - Growth Option,Axis Mutual Fund,Equity Scheme - ELSS,2019-06-12,49.234
120503,Axis ELSS Tax Saver Fund - Direct Plan - Growth Option,Axis Mutual Fund,Equity Scheme - ELSS,2019-06-13,49.2907
120503,Axis ELSS Tax Saver Fund - Direct Plan - Growth Option,Axis Mutual Fund,Equity Scheme - ELSS,2019-06-14,48.8909
120503,Axis ELSS Tax Saver Fund - Direct Plan - Growth Option,Axis Mutual Fund,Equity Scheme - ELSS,2019-06-17,48.5141
120503,Axis ELSS Tax Saver Fund - Direct Plan - Growth Option,Axis Mutual Fund,Equity Scheme - ELSS,2019-06-18,48.4502
120503,Axis ELSS Tax Saver Fund - Direct Plan - Growth Option,Axis Mutual Fund,Equity Scheme - ELSS,2019-06-19,48.4036
120503,Axis ELSS Tax Saver Fund - Direct Plan - Growth Option,Axis Mutual Fund,Equity Scheme - ELSS,2019-06-20,48.8821
120503,Axis ELSS Tax Saver Fund - Direct Plan - Growth Option,Axis Mutual Fund,Equity Scheme - ELSS,2019-06-21,48.5317
120503,Axis ELSS Tax Saver Fund - Direct Plan - Growth Option,Axis Mutual Fund,Equity Scheme - ELSS,2019-06-24,48.5922
120503,Axis ELSS Tax Saver Fund - Direct Plan - Growth Option,Axis Mutual Fund,Equity Scheme - ELSS,2019-06-25,48.996
120503,Axis ELSS Tax Saver Fund - Direct Plan - Growth Option,Axis Mutual Fund,Equity Scheme - ELSS,2019-06-26,49.2897
120503,Axis ELSS Tax Saver Fund - Direct Plan - Growth Option,Axis Mutual Fund,Equity Scheme - ELSS,2019-06-27,49.366
120503,Axis ELSS Tax Saver Fund - Direct Plan - Growth Option,Axis Mutual Fund,Equity Scheme - ELSS,2019-06-28,49.3756
120503,Axis ELSS Tax Saver Fund - Direct Plan - Growth Option,Axis Mutual Fund,Equity Scheme - ELSS,2019-07-01,49.7716
120503,Axis ELSS Tax Saver Fund - Direct Plan - Growth Option,Axis Mutual Fund,Equity Scheme - ELSS,2019-07-02,50.1515
120503,Axis ELSS Tax Saver Fund - Direct Plan - Growth Option,Axis Mutual Fund,Equity Scheme - ELSS,2019-07-03,50.1794
120503,Axis ELSS Tax Saver Fund - Direct Plan - Growth Option,Axis Mutual Fund,Equity Scheme - ELSS,2019-07-04,50.258
120503,Axis ELSS Tax Saver Fund - Direct Plan - Growth Option,Axis Mutual Fund,Equity Scheme - ELSS,2019-07-05,49.5638
120503,Axis ELSS Tax Saver Fund - Direct Plan - Growth Option,Axis Mutual Fund,Equity Scheme - ELSS,2019-07-08,48.5793
120503,Axis ELSS Tax Saver Fund - Direct Plan - Growth Option,Axis Mutual Fund,Equity Scheme - ELSS,2019-07-09,48.498
120503,Axis ELSS Tax Saver Fund - Direct Plan - Growth Option,Axis Mutual Fund,Equity Scheme - ELSS,2019-07-10,48.1232
120503,Axis ELSS Tax Saver Fund - Direct Plan - Growth Option,Axis Mutual Fund,Equity Scheme - ELSS,2019-07-11,48.6231
120503,Axis ELSS Tax Saver Fund - Direct Plan - Growth Option,Axis Mutual Fund,Equity Scheme - ELSS,2019-07-12,48.3958
120503,Axis ELSS Tax Saver Fund - Direct Plan - Growth Option,Axis Mutual Fund,Equity Scheme - ELSS,2019-07-15,48.7139
120503,Axis ELSS Tax Saver Fund - Direct Plan - Growth Option,Axis Mutual Fund,Equity Scheme - ELSS,2019-07-16,48.9022
120503,Axis ELSS Tax Saver Fund - Direct Plan - Growth Option,Axis Mutual Fund,Equity Scheme - ELSS,2019-07-17,48.9859
120503,Axis ELSS Tax Saver Fund - Direct Plan - Growth Option,Axis Mutual Fund,Equity Scheme - ELSS,2019-07-18,48.6995
120503,Axis ELSS Tax Saver Fund - Direct Plan - Growth Option,Axis Mutual Fund,Equity Scheme - ELSS,2019-07-19,47.9665
120503,Axis ELSS Tax Saver Fund - Direct Plan - Growth Option,Axis Mutual Fund,Equity Scheme - ELSS,2019-07-22,47.4019
120503,Axis ELSS Tax Saver Fund - Direct Plan - Growth Option,Axis Mutual Fund,Equity Scheme - ELSS,2019-07-23,47.2682
120503,Axis ELSS Tax Saver Fund - Direct Plan - Growth Option,Axis Mutual Fund,Equity Scheme - ELSS,2019-07-24,46.9859
120503,Axis ELSS Tax Saver Fund - Direct Plan - Growth Option,Axis Mutual Fund,Equity Scheme - ELSS,2019-07-25,47.1099
120503,Axis ELSS Tax Saver Fund - Direct Plan - Growth Option,Axis Mutual Fund,Equity Scheme - ELSS,2019-07-26,47.5006
120503,Axis ELSS Tax Saver Fund - Direct Plan - Growth Option,Axis Mutual Fund,Equity Scheme - ELSS,2019-07-29,47.2517
120503,Axis ELSS Tax Saver Fund - Direct Plan - Growth Option,Axis Mutual Fund,Equity Scheme - ELSS,2019-07-30,46.9379
120503,Axis ELSS Tax Saver Fund - Direct Plan - Growth Option,Axis Mutual Fund,Equity Scheme - ELSS,2019-07-31,47.2759
120503,Axis ELSS Tax Saver Fund - Direct Plan - Growth Option,Axis Mutual Fund,Equity Scheme - ELSS,2019-08-01,46.8464
120503,Axis ELSS Tax Saver Fund - Direct Plan - Growth Option,Axis Mutual Fund,Equity Scheme - ELSS,2019-08-02,47.0393
120503,Axis ELSS Tax Saver Fund - Direct Plan - Growth Option,Axis Mutual Fund,Equity Scheme - ELSS,2019-08-05,46.6536
120503,Axis ELSS Tax Saver Fund - Direct Plan - Growth Option,Axis Mutual Fund,Equity Scheme - ELSS,2019-08-06,47.3788
120503,Axis ELSS Tax Saver Fund - Direct Plan - Growth Option,Axis Mutual Fund,Equity Scheme - ELSS,2019-08-07,47.0773
120503,Axis ELSS Tax Saver Fund - Direct Plan - Growth Option,Axis Mutual Fund,Equity Scheme - ELSS,2019-08-08,47.4873
120503,Axis ELSS Tax Saver Fund - Direct Plan - Growth Option,Axis Mutual Fund,Equity Scheme - ELSS,2019-08-09,48.2849
120503,Axis ELSS Tax Saver Fund - Direct Plan - Growth Option,Axis Mutual Fund,Equity Scheme - ELSS,2019-08-13,47.2855
120503,Axis ELSS Tax Saver Fund - Direct Plan - Growth Option,Axis Mutual Fund,Equity Scheme - ELSS,2019-08-14,47.4579
120503,Axis ELSS Tax Saver Fund - Direct Plan - Growth Option,Axis Mutual Fund,Equity Scheme - ELSS,2019-08-16,47.5876
120503,Axis ELSS Tax Saver Fund - Direct Plan - Growth Option,Axis Mutual Fund,Equity Scheme - ELSS,2019-08-19,47.5458
120503,Axis ELSS Tax Saver Fund - Direct Plan - Growth Option,Axis Mutual Fund,Equity Scheme - ELSS,2019-08-20,47.4791
120503,Axis ELSS Tax Saver Fund - Direct Plan - Growth Option,Axis Mutual Fund,Equity Scheme - ELSS,2019-08-21,47.2066
120503,Axis ELSS Tax Saver Fund - Direct Plan - Growth Option,Axis Mutual Fund,Equity Scheme - ELSS,2019-08-22,46.5543
120503,Axis ELSS Tax Saver Fund - Direct Plan - Growth Option,Axis Mutual Fund,Equity Scheme - ELSS,2019-08-23,46.5352
120503,Axis ELSS Tax Saver Fund - Direct Plan - Growth Option,Axis Mutual Fund,Equity Scheme - ELSS,2019-08-26,47.5602
120503,Axis ELSS Tax Saver Fund - Direct Plan - Growth Option,Axis Mutual Fund,Equity Scheme - ELSS,2019-08-27,47.7229
120503,Axis ELSS Tax Saver Fund - Direct Plan - Growth Option,Axis Mutual Fund,Equity Scheme - ELSS,2019-08-28,47.6385
120503,Axis ELSS Tax Saver Fund - Direct Plan - Growth Option,Axis Mutual Fund,Equity Scheme - ELSS,2019-08-29,47.3071
120503,Axis ELSS Tax Saver Fund - Direct Plan - Growth Option,Axis Mutual Fund,Equity Scheme - ELSS,2019-08-30,47.6846
120503,Axis ELSS Tax Saver Fund - Direct Plan - Growth Option,Axis Mutual Fund,Equity Scheme - ELSS,2019-09-03,46.866
120503,Axis ELSS Tax Saver Fund - Direct Plan - Growth Option,Axis Mutual Fund,Equity Scheme - ELSS,2019-09-04,46.9908
120503,Axis ELSS Tax Saver Fund - Direct Plan - Growth Option,Axis Mutual Fund,Equity Scheme - ELSS,2019-09-05,46.9716
120503,Axis ELSS Tax Saver Fund - Direct Plan - Growth Option,Axis Mutual Fund,Equity Scheme - ELSS,2019-09-06,47.1805
120503,Axis ELSS Tax Saver Fund - Direct Plan - Growth Option,Axis Mutual Fund,Equity Scheme - ELSS,2019-09-09,47.6889
120503,Axis ELSS Tax Saver Fund - Direct Plan - Growth Option,Axis Mutual Fund,Equity Scheme - ELSS,2019-09-11,47.7491
120503,Axis ELSS Tax Saver Fund - Direct Plan - Growth Option,Axis Mutual Fund,Equity Scheme - ELSS,2019-09-12,47.5026
120503,Axis ELSS Tax Saver Fund - Direct Plan - Growth Option,Axis Mutual Fund,Equity Scheme - ELSS,2019-09-13,47.7489
120503,Axis ELSS Tax Saver Fund - Direct Plan - Growth Option,Axis Mutual Fund,Equity Scheme - ELSS,2019-09-16,47.6812
120503,Axis ELSS Tax Saver Fund - Direct Plan - Growth Option,Axis Mutual Fund,Equity Scheme - ELSS,2019-09-17,46.875
120503,Axis ELSS Tax Saver Fund - Direct Plan - Growth Option,Axis Mutual Fund,Equity Scheme - ELSS,2019-09-18,47.0925
120503,Axis ELSS Tax Saver Fund - Direct Plan - Growth Option,Axis Mutual Fund,Equity Scheme - ELSS,2019-09-19,46.5793
120503,Axis ELSS Tax Saver Fund - Direct Plan - Growth Option,Axis Mutual Fund,Equity Scheme - ELSS,2019-09-20,49.5049
120503,Axis ELSS Tax Saver Fund - Direct Plan - Growth Option,Axis Mutual Fund,Equity Scheme - ELSS,2019-09-23,51.4523
120503,Axis ELSS Tax Saver Fund - Direct Plan - Growth Option,Axis Mutual Fund,Equity Scheme - ELSS,2019-09-24,50.9665
120503,Axis ELSS Tax Saver Fund - Direct Plan - Growth Option,Axis Mutual Fund,Equity Scheme - ELSS,2019-09-25,50.501
120503,Axis ELSS Tax Saver Fund - Direct Plan - Growth Option,Axis Mutual Fund,Equity Scheme - ELSS,2019-09-26,50.9655
120503,Axis ELSS Tax Saver Fund - Direct Plan - Growth Option,Axis Mutual Fund,Equity Scheme - ELSS,2019-09-27,50.9252
120503,Axis ELSS Tax Saver Fund - Direct Plan - Growth Option,Axis Mutual Fund,Equity Scheme - ELSS,2019-09-30,50.5655
120503,Axis ELSS Tax Saver Fund - Direct Plan - Growth Option,Axis Mutual Fund,Equity Scheme - ELSS,2019-10-01,50.3569
120503,Axis ELSS Tax Saver Fund - Direct Plan - Growth Option,Axis Mutual Fund,Equity Scheme - ELSS,2019-10-03,50.0372
120503,Axis ELSS Tax Saver Fund - Direct Plan - Growth Option,Axis Mutual Fund,Equity Scheme - ELSS,2019-10-04,49.7632
120503,Axis ELSS Tax Saver Fund - Direct Plan - Growth Option,Axis Mutual Fund,Equity Scheme - ELSS,2019-10-07,49.6532
120503,Axis ELSS Tax Saver Fund - Direct Plan - Growth Option,Axis Mutual Fund,Equity Scheme - ELSS,2019-10-09,50.1686
120503,Axis ELSS Tax Saver Fund - Direct Plan - Growth Option,Axis Mutual Fund,Equity Scheme - ELSS,2019-10-10,49.8371
120503,Axis ELSS Tax Saver Fund - Direct Plan - Growth Option,Axis Mutual Fund,Equity Scheme - ELSS,2019-10-11,50.3824
120503,Axis ELSS Tax Saver Fund - Direct Plan - Growth Option,Axis Mutual Fund,Equity Scheme - ELSS,2019-10-14,50.3561
120503,Axis ELSS Tax Saver Fund - Direct Plan - Growth Option,Axis Mutual Fund,Equity Scheme - ELSS,2019-10-15,50.8906
120503,Axis ELSS Tax Saver Fund - Direct Plan - Growth Option,Axis Mutual Fund,Equity Scheme - ELSS,2019-10-16,51.1431
120503,Axis ELSS Tax Saver Fund - Direct Plan - Growth Option,Axis Mutual Fund,Equity Scheme - ELSS,2019-10-17,51.5637
120503,Axis ELSS Tax Saver Fund - Direct Plan - Growth Option,Axis Mutual Fund,Equity Scheme - ELSS,2019-10-18,51.7965
120503,Axis ELSS Tax Saver Fund - Direct Plan - Growth Option,Axis Mutual Fund,Equity Scheme - ELSS,2019-10-22,51.9124
120503,Axis ELSS Tax Saver Fund - Direct Plan - Growth Option,Axis Mutual Fund,Equity Scheme - ELSS,2019-10-23,51.8553
120503,Axis ELSS Tax Saver Fund - Direct Plan - Growth Option,Axis Mutual Fund,Equity Scheme - ELSS,2019-10-24,51.8755
120503,Axis ELSS Tax Saver Fund - Direct Plan - Growth Option,Axis Mutual Fund,Equity Scheme - ELSS,2019-10-25,51.789
120503,Axis ELSS Tax Saver Fund - Direct Plan - Growth Option,Axis Mutual Fund,Equity Scheme - ELSS,2019-10-29,52.7875
120503,Axis ELSS Tax Saver Fund - Direct Plan - Growth Option,Axis Mutual Fund,Equity Scheme - ELSS,2019-10-30,52.9263
120503,Axis ELSS Tax Saver Fund - Direct Plan - Growth Option,Axis Mutual Fund,Equity Scheme - ELSS,2019-10-31,53.1953
120503,Axis ELSS Tax Saver Fund - Direct Plan - Growth Option,Axis Mutual Fund,Equity Scheme - ELSS,2019-11-01,53.1065
120503,Axis ELSS Tax Saver Fund - Direct Plan - Growth Option,Axis Mutual Fund,Equity Scheme - ELSS,2019-11-04,52.9846
120503,Axis ELSS Tax Saver Fund - Direct Plan - Growth Option,Axis Mutual Fund,Equity Scheme - ELSS,2019-11-05,52.8708
120503,Axis ELSS Tax Saver Fund - Direct Plan - Growth Option,Axis Mutual Fund,Equity Scheme - ELSS,2019-11-06,53.0273
120503,Axis ELSS Tax Saver Fund - Direct Plan - Growth Option,Axis Mutual Fund,Equity Scheme - ELSS,2019-11-07,53.1469
120503,Axis ELSS Tax Saver Fund - Direct Plan - Growth Option,Axis Mutual Fund,Equity Scheme - ELSS,2019-11-08,52.6691
120503,Axis ELSS Tax Saver Fund - Direct Plan - Growth Option,Axis Mutual Fund,Equity Scheme - ELSS,2019-11-11,52.7747
120503,Axis ELSS Tax Saver Fund - Direct Plan - Growth Option,Axis Mutual Fund,Equity Scheme - ELSS,2019-11-13,52.7507
120503,Axis ELSS Tax Saver Fund - Direct Plan - Growth Option,Axis Mutual Fund,Equity Scheme - ELSS,2019-11-14,52.9216
120503,Axis ELSS Tax Saver Fund - Direct Plan - Growth Option,Axis Mutual Fund,Equity Scheme - ELSS,2019-11-15,52.8598
120503,Axis ELSS Tax Saver Fund - Direct Plan - Growth Option,Axis Mutual Fund,Equity Scheme - ELSS,2019-11-18,52.6458
120503,Axis ELSS Tax Saver Fund - Direct Plan - Growth Option,Axis Mutual Fund,Equity Scheme - ELSS,2019-11-19,52.3017
120503,Axis ELSS Tax Saver Fund - Direct Plan - Growth Option,Axis Mutual Fund,Equity Scheme - ELSS,2019-11-20,52.2197
120503,Axis ELSS Tax Saver Fund - Direct Plan - Growth Option,Axis Mutual Fund,Equity Scheme - ELSS,2019-11-21,51.9749
120503,Axis ELSS Tax Saver Fund - Direct Plan - Growth Option,Axis Mutual Fund,Equity Scheme - ELSS,2019-11-22,51.8055
120503,Axis ELSS Tax Saver Fund - Direct Plan - Growth Option,Axis Mutual Fund,Equity Scheme - ELSS,2019-11-25,52.4058
120503,Axis ELSS Tax Saver Fund - Direct Plan - Growth Option,Axis Mutual Fund,Equity Scheme - ELSS,2019-11-26,52.1819
120503,Axis ELSS Tax Saver Fund - Direct Plan - Growth Option,Axis Mutual Fund,Equity Scheme - ELSS,2019-11-27,52.5541
120503,Axis ELSS Tax Saver Fund - Direct Plan - Growth Option,Axis Mutual Fund,Equity Scheme - ELSS,2019-11-28,52.6551
120503,Axis ELSS Tax Saver Fund - Direct Plan - Growth Option,Axis Mutual Fund,Equity Scheme - ELSS,2019-11-29,52.5202
120503,Axis ELSS Tax Saver Fund - Direct Plan - Growth Option,Axis Mutual Fund,Equity Scheme - ELSS,2019-12-02,52.0831
120503,Axis ELSS Tax Saver Fund - Direct Plan - Growth Option,Axis Mutual Fund,Equity Scheme - ELSS,2019-12-03,52.1391
120503,Axis ELSS Tax Saver Fund - Direct Plan - Growth Option,Axis Mutual Fund,Equity Scheme - ELSS,2019-12-04,52.1758
120503,Axis ELSS Tax Saver Fund - Direct Plan - Growth Option,Axis Mutual Fund,Equity Scheme - ELSS,2019-12-05,52.1739
120503,Axis ELSS Tax Saver Fund - Direct Plan - Growth Option,Axis Mutual Fund,Equity Scheme - ELSS,2019-12-06,51.7574
120503,Axis ELSS Tax Saver Fund - Direct Plan - Growth Option,Axis Mutual Fund,Equity Scheme - ELSS,2019-12-09,51.7165
120503,Axis ELSS Tax Saver Fund - Direct Plan - Growth Option,Axis Mutual Fund,Equity Scheme - ELSS,2019-12-10,51.3884
120503,Axis ELSS Tax Saver Fund - Direct Plan - Growth Option,Axis Mutual Fund,Equity Scheme - ELSS,2019-12-11,51.6608
120503,Axis ELSS Tax Saver Fund - Direct Plan - Growth Option,Axis Mutual Fund,Equity Scheme - ELSS,2019-12-12,51.9371
120503,Axis ELSS Tax Saver Fund - Direct Plan - Growth Option,Axis Mutual Fund,Equity Scheme - ELSS,2019-12-13,52.3885
120503,Axis ELSS Tax Saver Fund - Direct Plan - Growth Option,Axis Mutual Fund,Equity Scheme - ELSS,2019-12-16,52.2265
120503,Axis ELSS Tax Saver Fund - Direct Plan - Growth Option,Axis Mutual Fund,Equity Scheme - ELSS,2019-12-17,52.823
120503,Axis ELSS Tax Saver Fund - Direct Plan - Growth Option,Axis Mutual Fund,Equity Scheme - ELSS,2019-12-18,53.2201
120503,Axis ELSS Tax Saver Fund - Direct Plan - Growth Option,Axis Mutual Fund,Equity Scheme - ELSS,2019-12-19,53.4483
120503,Axis ELSS Tax Saver Fund - Direct Plan - Growth Option,Axis Mutual Fund,Equity Scheme - ELSS,2019-12-20,53.5651
120503,Axis ELSS Tax Saver Fund - Direct Plan - Growth Option,Axis Mutual Fund,Equity Scheme - ELSS,2019-12-23,53.4977
120503,Axis ELSS Tax Saver Fund - Direct Plan - Growth Option,Axis Mutual Fund,Equity Scheme - ELSS,2019-12-24,53.2331
120503,Axis ELSS Tax Saver Fund - Direct Plan - Growth Option,Axis Mutual Fund,Equity Scheme - ELSS,2019-12-26,53.1793
120503,Axis ELSS Tax Saver Fund - Direct Plan - Growth Option,Axis Mutual Fund,Equity Scheme - ELSS,2019-12-27,53.5587
120503,Axis ELSS Tax Saver Fund - Direct Plan - Growth Option,Axis Mutual Fund,Equity Scheme - ELSS,2019-12-30,53.5844
120503,Axis ELSS Tax Saver Fund - Direct Plan - Growth Option,Axis Mutual Fund,Equity Scheme - ELSS,2019-12-31,53.2357
120503,Axis ELSS Tax Saver Fund - Direct Plan - Growth Option,Axis Mutual Fund,Equity Scheme - ELSS,2020-01-01,53.2623
120503,Axis ELSS Tax Saver Fund - Direct Plan - Growth Option,Axis Mutual Fund,Equity Scheme - ELSS,2020-01-02,53.3612
120503,Axis ELSS Tax Saver Fund - Direct Plan - Growth Option,Axis Mutual Fund,Equity Scheme - ELSS,2020-01-03,53.3371
120503,Axis ELSS Tax Saver Fund - Direct Plan - Growth Option,Axis Mutual Fund,Equity Scheme - ELSS,2020-01-06,52.3269
120503,Axis ELSS Tax Saver Fund - Direct Plan - Growth Option,Axis Mutual Fund,Equity Scheme - ELSS,2020-01-07,52.6992
120503,Axis ELSS Tax Saver Fund - Direct Plan - Growth Option,Axis Mutual Fund,Equity Scheme - ELSS,2020-01-08,52.7438
120503,Axis ELSS Tax Saver Fund - Direct Plan - Growth Option,Axis Mutual Fund,Equity Scheme - ELSS,2020-01-09,53.3485
120503,Axis ELSS Tax Saver Fund - Direct Plan - Growth Option,Axis Mutual Fund,Equity Scheme - ELSS,2020-01-10,53.6188
120503,Axis ELSS Tax Saver Fund - Direct Plan - Growth Option,Axis Mutual Fund,Equity Scheme - ELSS,2020-01-13,53.8602
120503,Axis ELSS Tax Saver Fund - Direct Plan - Growth Option,Axis Mutual Fund,Equity Scheme - ELSS,2020-01-14,54.1131
120503,Axis ELSS Tax Saver Fund - Direct Plan - Growth Option,Axis Mutual Fund,Equity Scheme - ELSS,2020-01-15,54.0222
120503,Axis ELSS Tax Saver Fund - Direct Plan - Growth Option,Axis Mutual Fund,Equity Scheme - ELSS,2020-01-16,54.3185
120503,Axis ELSS Tax Saver Fund - Direct Plan - Growth Option,Axis Mutual Fund,Equity Scheme - ELSS,2020-01-17,54.4449
120503,Axis ELSS Tax Saver Fund - Direct Plan - Growth Option,Axis Mutual Fund,Equity Scheme - ELSS,2020-01-20,53.8785
120503,Axis ELSS Tax Saver Fund - Direct Plan - Growth Option,Axis Mutual Fund,Equity Scheme - ELSS,2020-01-21,53.5685
120503,Axis ELSS Tax Saver Fund - Direct Plan - Growth Option,Axis Mutual Fund,Equity Scheme - ELSS,2020-01-22,53.3944
120503,Axis ELSS Tax Saver Fund - Direct Plan - Growth Option,Axis Mutual Fund,Equity Scheme - ELSS,2020-01-23,53.6822
120503,Axis ELSS Tax Saver Fund - Direct Plan - Growth Option,Axis Mutual Fund,Equity Scheme - ELSS,2020-01-24,54.3219
120503,Axis ELSS Tax Saver Fund - Direct Plan - Growth Option,Axis Mutual Fund,Equity Scheme - ELSS,2020-01-27,54.0408
120503,Axis ELSS Tax Saver Fund - Direct Plan - Growth Option,Axis Mutual Fund,Equity Scheme - ELSS,2020-01-28,54.0279
120503,Axis ELSS Tax Saver Fund - Direct Plan - Growth Option,Axis Mutual Fund,Equity Scheme - ELSS,2020-01-29,54.4893
120503,Axis ELSS Tax Saver Fund - Direct Plan - Growth Option,Axis Mutual Fund,Equity Scheme - ELSS,2020-01-30,54.2354
120503,Axis ELSS Tax Saver Fund - Direct Plan - Growth Option,Axis Mutual Fund,Equity Scheme - ELSS,2020-01-31,54.3388
120503,Axis ELSS Tax Saver Fund - Direct Plan - Growth Option,Axis Mutual Fund,Equity Scheme - ELSS,2020-02-03,53.9914
120503,Axis ELSS Tax Saver Fund - Direct Plan - Growth Option,Axis Mutual Fund,Equity Scheme - ELSS,2020-02-04,54.9917
120503,Axis ELSS Tax Saver Fund - Direct Plan - Growth Option,Axis Mutual Fund,Equity Scheme - ELSS,2020-02-05,55.439
120503,Axis ELSS Tax Saver Fund - Direct Plan - Growth Option,Axis Mutual Fund,Equity Scheme - ELSS,2020-02-06,55.6957
120503,Axis ELSS Tax Saver Fund - Direct Plan - Growth Option,Axis Mutual Fund,Equity Scheme - ELSS,2020-02-07,55.7358
120503,Axis ELSS Tax Saver Fund - Direct Plan - Growth Option,Axis Mutual Fund,Equity Scheme - ELSS,2020-02-10,56.0931
120503,Axis ELSS Tax Saver Fund - Direct Plan - Growth Option,Axis Mutual Fund,Equity Scheme - ELSS,2020-02-11,56.1376
120503,Axis ELSS Tax Saver Fund - Direct Plan - Growth Option,Axis Mutual Fund,Equity Scheme - ELSS,2020-02-12,56.6194
120503,Axis ELSS Tax Saver Fund - Direct Plan - Growth Option,Axis Mutual Fund,Equity Scheme - ELSS,2020-02-13,56.6034
120503,Axis ELSS Tax Saver Fund - Direct Plan - Growth Option,Axis Mutual Fund,Equity Scheme - ELSS,2020-02-14,56.1437
120503,Axis ELSS Tax Saver Fund - Direct Plan - Growth Option,Axis Mutual Fund,Equity Scheme - ELSS,2020-02-17,55.8525
120503,Axis ELSS Tax Saver Fund - Direct Plan - Growth Option,Axis Mutual Fund,Equity Scheme - ELSS,2020-02-18,55.593
120503,Axis ELSS Tax Saver Fund - Direct Plan - Growth Option,Axis Mutual Fund,Equity Scheme - ELSS,2020-02-19,56.1832
120503,Axis ELSS Tax Saver Fund - Direct Plan - Growth Option,Axis Mutual Fund,Equity Scheme - ELSS,2020-02-20,56.0837
120503,Axis ELSS Tax Saver Fund - Direct Plan - Growth Option,Axis Mutual Fund,Equity Scheme - ELSS,2020-02-24,55.0739
120503,Axis ELSS Tax Saver Fund - Direct Plan - Growth Option,Axis Mutual Fund,Equity Scheme - ELSS,2020-02-25,54.8741
120503,Axis ELSS Tax Saver Fund - Direct Plan - Growth Option,Axis Mutual Fund,Equity Scheme - ELSS,2020-02-26,54.4616
120503,Axis ELSS Tax Saver Fund - Direct Plan - Growth Option,Axis Mutual Fund,Equity Scheme - ELSS,2020-02-27,54.3307
120503,Axis ELSS Tax Saver Fund - Direct Plan - Growth Option,Axis Mutual Fund,Equity Scheme - ELSS,2020-02-28,52.8907
120503,Axis ELSS Tax Saver Fund - Direct Plan - Growth Option,Axis Mutual Fund,Equity Scheme - ELSS,2020-03-02,52.8009
120503,Axis ELSS Tax Saver Fund - Direct Plan - Growth Option,Axis Mutual Fund,Equity Scheme - ELSS,2020-03-03,53.5505
120503,Axis ELSS Tax Saver Fund - Direct Plan - Growth Option,Axis Mutual Fund,Equity Scheme - ELSS,2020-03-04,53.0825
120503,Axis ELSS Tax Saver Fund - Direct Plan - Growth Option,Axis Mutual Fund,Equity Scheme - ELSS,2020-03-05,53.645
120503,Axis ELSS Tax Saver Fund - Direct Plan - Growth Option,Axis Mutual Fund,Equity Scheme - ELSS,2020-03-06,53.0987
120503,Axis ELSS Tax Saver Fund - Direct Plan - Growth Option,Axis Mutual Fund,Equity Scheme - ELSS,2020-03-09,51.2994
120503,Axis ELSS Tax Saver Fund - Direct Plan - Growth Option,Axis Mutual Fund,Equity Scheme - ELSS,2020-03-11,51.3449
120503,Axis ELSS Tax Saver Fund - Direct Plan - Growth Option,Axis Mutual Fund,Equity Scheme - ELSS,2020-03-12,47.8039
120503,Axis ELSS Tax Saver Fund - Direct Plan - Growth Option,Axis Mutual Fund,Equity Scheme - ELSS,2020-03-13,48.5999
120503,Axis ELSS Tax Saver Fund - Direct Plan - Growth Option,Axis Mutual Fund,Equity Scheme - ELSS,2020-03-16,45.8588
120503,Axis ELSS Tax Saver Fund - Direct Plan - Growth Option,Axis Mutual Fund,Equity Scheme - ELSS,2020-03-17,44.891
120503,Axis ELSS Tax Saver Fund - Direct Plan - Growth Option,Axis Mutual Fund,Equity Scheme - ELSS,2020-03-18,42.3458
120503,Axis ELSS Tax Saver Fund - Direct Plan - Growth Option,Axis Mutual Fund,Equity Scheme - ELSS,2020-03-19,41.0376
120503,Axis ELSS Tax Saver Fund - Direct Plan - Growth Option,Axis Mutual Fund,Equity Scheme - ELSS,2020-03-20,42.895
120503,Axis ELSS Tax Saver Fund - Direct Plan - Growth Option,Axis Mutual Fund,Equity Scheme - ELSS,2020-03-23,37.6463
120503,Axis ELSS Tax Saver Fund - Direct Plan - Growth Option,Axis Mutual Fund,Equity Scheme - ELSS,2020-03-24,38.446
120503,Axis ELSS Tax Saver Fund - Direct Plan - Growth Option,Axis Mutual Fund,Equity Scheme - ELSS,2020-03-25,40.4084
120503,Axis ELSS Tax Saver Fund - Direct Plan - Growth Option,Axis Mutual Fund,Equity Scheme - ELSS,2020-03-26,42.2508
120503,Axis ELSS Tax Saver Fund - Direct Plan - Growth Option,Axis Mutual Fund,Equity Scheme - ELSS,2020-03-27,42.4778
120503,Axis ELSS Tax Saver Fund - Direct Plan - Growth Option,Axis Mutual Fund,Equity Scheme - ELSS,2020-03-30,40.9103
120503,Axis ELSS Tax Saver Fund - Direct Plan - Growth Option,Axis Mutual Fund,Equity Scheme - ELSS,2020-03-31,41.7364
120503,Axis ELSS Tax Saver Fund - Direct Plan - Growth Option,Axis Mutual Fund,Equity Scheme - ELSS,2020-04-01,40.2742
120503,Axis ELSS Tax Saver Fund - Direct Plan - Growth Option,Axis Mutual Fund,Equity Scheme - ELSS,2020-04-03,39.2576
120503,Axis ELSS Tax Saver Fund - Direct Plan - Growth Option,Axis Mutual Fund,Equity Scheme - ELSS,2020-04-07,41.8335
120503,Axis ELSS Tax Saver Fund - Direct Plan - Growth Option,Axis Mutual Fund,Equity Scheme - ELSS,2020-04-08,41.9653
120503,Axis ELSS Tax Saver Fund - Direct Plan - Growth Option,Axis Mutual Fund,Equity Scheme - ELSS,2020-04-09,43.829
120503,Axis ELSS Tax Saver Fund - Direct Plan - Growth Option,Axis Mutual Fund,Equity Scheme - ELSS,2020-04-13,42.8958
120503,Axis ELSS Tax Saver Fund - Direct Plan - Growth Option,Axis Mutual Fund,Equity Scheme - ELSS,2020-04-15,42.7458
120503,Axis ELSS Tax Saver Fund - Direct Plan - Growth Option,Axis Mutual Fund,Equity Scheme - ELSS,2020-04-16,42.8712
120503,Axis ELSS Tax Saver Fund - Direct Plan - Growth Option,Axis Mutual Fund,Equity Scheme - ELSS,2020-04-17,44.1263
120503,Axis ELSS Tax Saver Fund - Direct Plan - Growth Option,Axis Mutual Fund,Equity Scheme - ELSS,2020-04-20,44.0535
120503,Axis ELSS Tax Saver Fund - Direct Plan - Growth Option,Axis Mutual Fund,Equity Scheme - ELSS,2020-04-21,42.8546
120503,Axis ELSS Tax Saver Fund - Direct Plan - Growth Option,Axis Mutual Fund,Equity Scheme - ELSS,2020-04-22,43.6292
120503,Axis ELSS Tax Saver Fund - Direct Plan - Growth Option,Axis Mutual Fund,Equity Scheme - ELSS,2020-04-23,44.2908
120503,Axis ELSS Tax Saver Fund - Direct Plan - Growth Option,Axis Mutual Fund,Equity Scheme - ELSS,2020-04-24,43.3221
120503,Axis ELSS Tax Saver Fund - Direct Plan - Growth Option,Axis Mutual Fund,Equity Scheme - ELSS,2020-04-27,43.9317
120503,Axis ELSS Tax Saver Fund - Direct Plan - Growth Option,Axis Mutual Fund,Equity Scheme - ELSS,2020-04-28,44.4792
120503,Axis ELSS Tax Saver Fund - Direct Plan - Growth Option,Axis Mutual Fund,Equity Scheme - ELSS,2020-04-29,45.1796
120503,Axis ELSS Tax Saver Fund - Direct Plan - Growth Option,Axis Mutual Fund,Equity Scheme - ELSS,2020-04-30,46.2403
120503,Axis ELSS Tax Saver Fund - Direct Plan - Growth Option,Axis Mutual Fund,Equity Scheme - ELSS,2020-05-04,43.9775
120503,Axis ELSS Tax Saver Fund - Direct Plan - Growth Option,Axis Mutual Fund,Equity Scheme - ELSS,2020-05-05,43.4431
120503,Axis ELSS Tax Saver Fund - Direct Plan - Growth Option,Axis Mutual Fund,Equity Scheme - ELSS,2020-05-06,43.866
120503,Axis ELSS Tax Saver Fund - Direct Plan - Growth Option,Axis Mutual Fund,Equity Scheme - ELSS,2020-05-07,43.1938
120503,Axis ELSS Tax Saver Fund - Direct Plan - Growth Option,Axis Mutual Fund,Equity Scheme - ELSS,2020-05-08,43.4867
120503,Axis ELSS Tax Saver Fund - Direct Plan - Growth Option,Axis Mutual Fund,Equity Scheme - ELSS,2020-05-11,43.4478
120503,Axis ELSS Tax Saver Fund - Direct Plan - Growth Option,Axis Mutual Fund,Equity Scheme - ELSS,2020-05-12,43.3466
120503,Axis ELSS Tax Saver Fund - Direct Plan - Growth Option,Axis Mutual Fund,Equity Scheme - ELSS,2020-05-13,43.8787
120503,Axis ELSS Tax Saver Fund - Direct Plan - Growth Option,Axis Mutual Fund,Equity Scheme - ELSS,2020-05-14,43.3273
120503,Axis ELSS Tax Saver Fund - Direct Plan - Growth Option,Axis Mutual Fund,Equity Scheme - ELSS,2020-05-15,43.2228
120503,Axis ELSS Tax Saver Fund - Direct Plan - Growth Option,Axis Mutual Fund,Equity Scheme - ELSS,2020-05-18,41.8882
120503,Axis ELSS Tax Saver Fund - Direct Plan - Growth Option,Axis Mutual Fund,Equity Scheme - ELSS,2020-05-19,42.3384
120503,Axis ELSS Tax Saver Fund - Direct Plan - Growth Option,Axis Mutual Fund,Equity Scheme - ELSS,2020-05-20,43.1069
120503,Axis ELSS Tax Saver Fund - Direct Plan - Growth Option,Axis Mutual Fund,Equity Scheme - ELSS,2020-05-21,43.2827
120503,Axis ELSS Tax Saver Fund - Direct Plan - Growth Option,Axis Mutual Fund,Equity Scheme - ELSS,2020-05-22,42.8272
120503,Axis ELSS Tax Saver Fund - Direct Plan - Growth Option,Axis Mutual Fund,Equity Scheme - ELSS,2020-05-26,42.6159
120503,Axis ELSS Tax Saver Fund - Direct Plan - Growth Option,Axis Mutual Fund,Equity Scheme - ELSS,2020-05-27,43.1592
120503,Axis ELSS Tax Saver Fund - Direct Plan - Growth Option,Axis Mutual Fund,Equity Scheme - ELSS,2020-05-28,44.0203
120503,Axis ELSS Tax Saver Fund - Direct Plan - Growth Option,Axis Mutual Fund,Equity Scheme - ELSS,2020-05-29,44.6462
120503,Axis ELSS Tax Saver Fund - Direct Plan - Growth Option,Axis Mutual Fund,Equity Scheme - ELSS,2020-06-01,45.6082
120503,Axis ELSS Tax Saver Fund - Direct Plan - Growth Option,Axis Mutual Fund,Equity Scheme - ELSS,2020-06-02,46.2677
120503,Axis ELSS Tax Saver Fund - Direct Plan - Growth Option,Axis Mutual Fund,Equity Scheme - ELSS,2020-06-03,46.5934
120503,Axis ELSS Tax Saver Fund - Direct Plan - Growth Option,Axis Mutual Fund,Equity Scheme - ELSS,2020-06-04,46.2798
120503,Axis ELSS Tax Saver Fund - Direct Plan - Growth Option,Axis Mutual Fund,Equity Scheme - ELSS,2020-06-05,46.7759
120503,Axis ELSS Tax Saver Fund - Direct Plan - Growth Option,Axis Mutual Fund,Equity Scheme - ELSS,2020-06-08,46.7292
120503,Axis ELSS Tax Saver Fund - Direct Plan - Growth Option,Axis Mutual Fund,Equity Scheme - ELSS,2020-06-09,46.218
120503,Axis ELSS Tax Saver Fund - Direct Plan - Growth Option,Axis Mutual Fund,Equity Scheme - ELSS,2020-06-10,46.4633
120503,Axis ELSS Tax Saver Fund - Direct Plan - Growth Option,Axis Mutual Fund,Equity Scheme - ELSS,2020-06-11,45.7706
120503,Axis ELSS Tax Saver Fund - Direct Plan - Growth Option,Axis Mutual Fund,Equity Scheme - ELSS,2020-06-12,46.1403
120503,Axis ELSS Tax Saver Fund - Direct Plan - Growth Option,Axis Mutual Fund,Equity Scheme - ELSS,2020-06-15,45.421
120503,Axis ELSS Tax Saver Fund - Direct Plan - Growth Option,Axis Mutual Fund,Equity Scheme - ELSS,2020-06-16,45.8454
120503,Axis ELSS Tax Saver Fund - Direct Plan - Growth Option,Axis Mutual Fund,Equity Scheme - ELSS,2020-06-17,45.7357
120503,Axis ELSS Tax Saver Fund - Direct Plan - Growth Option,Axis Mutual Fund,Equity Scheme - ELSS,2020-06-18,46.2021
120503,Axis ELSS Tax Saver Fund - Direct Plan - Growth Option,Axis Mutual Fund,Equity Scheme - ELSS,2020-06-19,46.54
120503,Axis ELSS Tax Saver Fund - Direct Plan - Growth Option,Axis Mutual Fund,Equity Scheme - ELSS,2020-06-22,46.9144
120503,Axis ELSS Tax Saver Fund - Direct Plan - Growth Option,Axis Mutual Fund,Equity Scheme - ELSS,2020-06-23,47.7131
120503,Axis ELSS Tax Saver Fund - Direct Plan - Growth Option,Axis Mutual Fund,Equity Scheme - ELSS,2020-06-24,47.0349
120503,Axis ELSS Tax Saver Fund - Direct Plan - Growth Option,Axis Mutual Fund,Equity Scheme - ELSS,2020-06-25,47.0816
120503,Axis ELSS Tax Saver Fund - Direct Plan - Growth Option,Axis Mutual Fund,Equity Scheme - ELSS,2020-06-26,47.174
120503,Axis ELSS Tax Saver Fund - Direct Plan - Growth Option,Axis Mutual Fund,Equity Scheme - ELSS,2020-06-29,46.9765
120503,Axis ELSS Tax Saver Fund - Direct Plan - Growth Option,Axis Mutual Fund,Equity Scheme - ELSS,2020-06-30,47.0399
120503,Axis ELSS Tax Saver Fund - Direct Plan - Growth Option,Axis Mutual Fund,Equity Scheme - ELSS,2020-07-01,47.2575
120503,Axis ELSS Tax Saver Fund - Direct Plan - Growth Option,Axis Mutual Fund,Equity Scheme - ELSS,2020-07-02,47.6297
120503,Axis ELSS Tax Saver Fund - Direct Plan - Growth Option,Axis Mutual Fund,Equity Scheme - ELSS,2020-07-03,47.5785
120503,Axis ELSS Tax Saver Fund - Direct Plan - Growth Option,Axis Mutual Fund,Equity Scheme - ELSS,2020-07-06,48.2351
120503,Axis ELSS Tax Saver Fund - Direct Plan - Growth Option,Axis Mutual Fund,Equity Scheme - ELSS,2020-07-07,49.0073
120503,Axis ELSS Tax Saver Fund - Direct Plan - Growth Option,Axis Mutual Fund,Equity Scheme - ELSS,2020-07-08,48.2897
120503,Axis ELSS Tax Saver Fund - Direct Plan - Growth Option,Axis Mutual Fund,Equity Scheme - ELSS,2020-07-09,48.6452
120503,Axis ELSS Tax Saver Fund - Direct Plan - Growth Option,Axis Mutual Fund,Equity Scheme - ELSS,2020-07-10,48.3586
120503,Axis ELSS Tax Saver Fund - Direct Plan - Growth Option,Axis Mutual Fund,Equity Scheme - ELSS,2020-07-13,48.0225
120503,Axis ELSS Tax Saver Fund - Direct Plan - Growth Option,Axis Mutual Fund,Equity Scheme - ELSS,2020-07-14,47.2694
120503,Axis ELSS Tax Saver Fund - Direct Plan - Growth Option,Axis Mutual Fund,Equity Scheme - ELSS,2020-07-15,47.3582
120503,Axis ELSS Tax Saver Fund - Direct Plan - Growth Option,Axis Mutual Fund,Equity Scheme - ELSS,2020-07-16,47.5782
120503,Axis ELSS Tax Saver Fund - Direct Plan - Growth Option,Axis Mutual Fund,Equity Scheme - ELSS,2020-07-17,48.0103
120503,Axis ELSS Tax Saver Fund - Direct Plan - Growth Option,Axis Mutual Fund,Equity Scheme - ELSS,2020-07-20,48.7371
120503,Axis ELSS Tax Saver Fund - Direct Plan - Growth Option,Axis Mutual Fund,Equity Scheme - ELSS,2020-07-21,48.8579
120503,Axis ELSS Tax Saver Fund - Direct Plan - Growth Option,Axis Mutual Fund,Equity Scheme - ELSS,2020-07-22,48.5253
120503,Axis ELSS Tax Saver Fund - Direct Plan - Growth Option,Axis Mutual Fund,Equity Scheme - ELSS,2020-07-23,48.8602
120503,Axis ELSS Tax Saver Fund - Direct Plan - Growth Option,Axis Mutual Fund,Equity Scheme - ELSS,2020-07-24,48.2886
120503,Axis ELSS Tax Saver Fund - Direct Plan - Growth Option,Axis Mutual Fund,Equity Scheme - ELSS,2020-07-27,47.9389
120503,Axis ELSS Tax Saver Fund - Direct Plan - Growth Option,Axis Mutual Fund,Equity Scheme - ELSS,2020-07-28,48.6965
120503,Axis ELSS Tax Saver Fund - Direct Plan - Growth Option,Axis Mutual Fund,Equity Scheme - ELSS,2020-07-29,48.6187
120503,Axis ELSS Tax Saver Fund - Direct Plan - Growth Option,Axis Mutual Fund,Equity Scheme - ELSS,2020-07-30,48.4634
120503,Axis ELSS Tax Saver Fund - Direct Plan - Growth Option,Axis Mutual Fund,Equity Scheme - ELSS,2020-07-31,48.6272
120503,Axis ELSS Tax Saver Fund - Direct Plan - Growth Option,Axis Mutual Fund,Equity Scheme - ELSS,2020-08-03,48.0767
120503,Axis ELSS Tax Saver Fund - Direct Plan - Growth Option,Axis Mutual Fund,Equity Scheme - ELSS,2020-08-04,48.7527
120503,Axis ELSS Tax Saver Fund - Direct Plan - Growth Option,Axis Mutual Fund,Equity Scheme - ELSS,2020-08-05,48.9544
120503,Axis ELSS Tax Saver Fund - Direct Plan - Growth Option,Axis Mutual Fund,Equity Scheme - ELSS,2020-08-06,49.3785
120503,Axis ELSS Tax Saver Fund - Direct Plan - Growth Option,Axis Mutual Fund,Equity Scheme - ELSS,2020-08-07,49.7696
120503,Axis ELSS Tax Saver Fund - Direct Plan - Growth Option,Axis Mutual Fund,Equity Scheme - ELSS,2020-08-10,50.3349
120503,Axis ELSS Tax Saver Fund - Direct Plan - Growth Option,Axis Mutual Fund,Equity Scheme - ELSS,2020-08-11,50.333
120503,Axis ELSS Tax Saver Fund - Direct Plan - Growth Option,Axis Mutual Fund,Equity Scheme - ELSS,2020-08-12,50.1173
120503,Axis ELSS Tax Saver Fund - Direct Plan - Growth Option,Axis Mutual Fund,Equity Scheme - ELSS,2020-08-13,50.2208
120503,Axis ELSS Tax Saver Fund - Direct Plan - Growth Option,Axis Mutual Fund,Equity Scheme - ELSS,2020-08-14,49.6459
120503,Axis ELSS Tax Saver Fund - Direct Plan - Growth Option,Axis Mutual Fund,Equity Scheme - ELSS,2020-08-17,50.0781
120503,Axis ELSS Tax Saver Fund - Direct Plan - Growth Option,Axis Mutual Fund,Equity Scheme - ELSS,2020-08-18,50.7373
120503,Axis ELSS Tax Saver Fund - Direct Plan - Growth Option,Axis Mutual Fund,Equity Scheme - ELSS,2020-08-19,50.8747
120503,Axis ELSS Tax Saver Fund - Direct Plan - Growth Option,Axis Mutual Fund,Equity Scheme - ELSS,2020-08-20,50.7888
120503,Axis ELSS Tax Saver Fund - Direct Plan - Growth Option,Axis Mutual Fund,Equity Scheme - ELSS,2020-08-21,51.046
120503,Axis ELSS Tax Saver Fund - Direct Plan - Growth Option,Axis Mutual Fund,Equity Scheme - ELSS,2020-08-24,51.5292
120503,Axis ELSS Tax Saver Fund - Direct Plan - Growth Option,Axis Mutual Fund,Equity Scheme - ELSS,2020-08-25,51.8047
120503,Axis ELSS Tax Saver Fund - Direct Plan - Growth Option,Axis Mutual Fund,Equity Scheme - ELSS,2020-08-26,51.9163
120503,Axis ELSS Tax Saver Fund - Direct Plan - Growth Option,Axis Mutual Fund,Equity Scheme - ELSS,2020-08-27,51.8177
120503,Axis ELSS Tax Saver Fund - Direct Plan - Growth Option,Axis Mutual Fund,Equity Scheme - ELSS,2020-08-28,52.1529
120503,Axis ELSS Tax Saver Fund - Direct Plan - Growth Option,Axis Mutual Fund,Equity Scheme - ELSS,2020-08-31,50.578
120503,Axis ELSS Tax Saver Fund - Direct Plan - Growth Option,Axis Mutual Fund,Equity Scheme - ELSS,2020-09-01,51.2617
120503,Axis ELSS Tax Saver Fund - Direct Plan - Growth Option,Axis Mutual Fund,Equity Scheme - ELSS,2020-09-02,51.5632
120503,Axis ELSS Tax Saver Fund - Direct Plan - Growth Option,Axis Mutual Fund,Equity Scheme - ELSS,2020-09-03,51.7669
120503,Axis ELSS Tax Saver Fund - Direct Plan - Growth Option,Axis Mutual Fund,Equity Scheme - ELSS,2020-09-04,51.1327
120503,Axis ELSS Tax Saver Fund - Direct Plan - Growth Option,Axis Mutual Fund,Equity Scheme - ELSS,2020-09-07,50.997
120503,Axis ELSS Tax Saver Fund - Direct Plan - Growth Option,Axis Mutual Fund,Equity Scheme - ELSS,2020-09-08,50.6846
120503,Axis ELSS Tax Saver Fund - Direct Plan - Growth Option,Axis Mutual Fund,Equity Scheme - ELSS,2020-09-09,50.3218
120503,Axis ELSS Tax Saver Fund - Direct Plan - Growth Option,Axis Mutual Fund,Equity Scheme - ELSS,2020-09-10,50.6651
120503,Axis ELSS Tax Saver Fund - Direct Plan - Growth Option,Axis Mutual Fund,Equity Scheme - ELSS,2020-09-11,50.7472
120503,Axis ELSS Tax Saver Fund - Direct Plan - Growth Option,Axis Mutual Fund,Equity Scheme - ELSS,2020-09-14,50.833
120503,Axis ELSS Tax Saver Fund - Direct Plan - Growth Option,Axis Mutual Fund,Equity Scheme - ELSS,2020-09-15,51.2406
120503,Axis ELSS Tax Saver Fund - Direct Plan - Growth Option,Axis Mutual Fund,Equity Scheme - ELSS,2020-09-16,51.5236
120503,Axis ELSS Tax Saver Fund - Direct Plan - Growth Option,Axis Mutual Fund,Equity Scheme - ELSS,2020-09-17,51.2436
120503,Axis ELSS Tax Saver Fund - Direct Plan - Growth Option,Axis Mutual Fund,Equity Scheme - ELSS,2020-09-18,51.1081
120503,Axis ELSS Tax Saver Fund - Direct Plan - Growth Option,Axis Mutual Fund,Equity Scheme - ELSS,2020-09-21,49.8814
120503,Axis ELSS Tax Saver Fund - Direct Plan - Growth Option,Axis Mutual Fund,Equity Scheme - ELSS,2020-09-22,49.5275
120503,Axis ELSS Tax Saver Fund - Direct Plan - Growth Option,Axis Mutual Fund,Equity Scheme - ELSS,2020-09-23,49.3347
120503,Axis ELSS Tax Saver Fund - Direct Plan - Growth Option,Axis Mutual Fund,Equity Scheme - ELSS,2020-09-24,48.0502
120503,Axis ELSS Tax Saver Fund - Direct Plan - Growth Option,Axis Mutual Fund,Equity Scheme - ELSS,2020-09-25,49.1743
120503,Axis ELSS Tax Saver Fund - Direct Plan - Growth Option,Axis Mutual Fund,Equity Scheme - ELSS,2020-09-28,50.1929
120503,Axis ELSS Tax Saver Fund - Direct Plan - Growth Option,Axis Mutual Fund,Equity Scheme - ELSS,2020-09-29,50.3304
120503,Axis ELSS Tax Saver Fund - Direct Plan - Growth Option,Axis Mutual Fund,Equity Scheme - ELSS,2020-09-30,50.5719
120503,Axis ELSS Tax Saver Fund - Direct Plan - Growth Option,Axis Mutual Fund,Equity Scheme - ELSS,2020-10-01,51.2488
120503,Axis ELSS Tax Saver Fund - Direct Plan - Growth Option,Axis Mutual Fund,Equity Scheme - ELSS,2020-10-05,51.3416
120503,Axis ELSS Tax Saver Fund - Direct Plan - Growth Option,Axis Mutual Fund,Equity Scheme - ELSS,2020-10-06,51.8471
120503,Axis ELSS Tax Saver Fund - Direct Plan - Growth Option,Axis Mutual Fund,Equity Scheme - ELSS,2020-10-07,51.769
120503,Axis ELSS Tax Saver Fund - Direct Plan - Growth Option,Axis Mutual Fund,Equity Scheme - ELSS,2020-10-08,52.0817
120503,Axis ELSS Tax Saver Fund - Direct Plan - Growth Option,Axis Mutual Fund,Equity Scheme - ELSS,2020-10-09,52.0684
120503,Axis ELSS Tax Saver Fund - Direct Plan - Growth Option,Axis Mutual Fund,Equity Scheme - ELSS,2020-10-12,52.0031
120503,Axis ELSS Tax Saver Fund - Direct Plan - Growth Option,Axis Mutual Fund,Equity Scheme - ELSS,2020-10-13,51.7895
120503,Axis ELSS Tax Saver Fund - Direct Plan - Growth Option,Axis Mutual Fund,Equity Scheme - ELSS,2020-10-14,52.1671
120503,Axis ELSS Tax Saver Fund - Direct Plan - Growth Option,Axis Mutual Fund,Equity Scheme - ELSS,2020-10-15,51.0383
120503,Axis ELSS Tax Saver Fund - Direct Plan - Growth Option,Axis Mutual Fund,Equity Scheme - ELSS,2020-10-16,51.5
120503,Axis ELSS Tax Saver Fund - Direct Plan - Growth Option,Axis Mutual Fund,Equity Scheme - ELSS,2020-10-19,51.7939
120503,Axis ELSS Tax Saver Fund - Direct Plan - Growth Option,Axis Mutual Fund,Equity Scheme - ELSS,2020-10-20,51.9759
120503,Axis ELSS Tax Saver Fund - Direct Plan - Growth Option,Axis Mutual Fund,Equity Scheme - ELSS,2020-10-21,51.8558
120503,Axis ELSS Tax Saver Fund - Direct Plan - Growth Option,Axis Mutual Fund,Equity Scheme - ELSS,2020-10-22,51.8735
120503,Axis ELSS Tax Saver Fund - Direct Plan - Growth Option,Axis Mutual Fund,Equity Scheme - ELSS,2020-10-23,52.3818
120503,Axis ELSS Tax Saver Fund - Direct Plan - Growth Option,Axis Mutual Fund,Equity Scheme - ELSS,2020-10-26,52.0546
120503,Axis ELSS Tax Saver Fund - Direct Plan - Growth Option,Axis Mutual Fund,Equity Scheme - ELSS,2020-10-27,53.3319
120503,Axis ELSS Tax Saver Fund - Direct Plan - Growth Option,Axis Mutual Fund,Equity Scheme - ELSS,2020-10-28,52.7335
120503,Axis ELSS Tax Saver Fund - Direct Plan - Growth Option,Axis Mutual Fund,Equity Scheme - ELSS,2020-10-29,52.8208
120503,Axis ELSS Tax Saver Fund - Direct Plan - Growth Option,Axis Mutual Fund,Equity Scheme - ELSS,2020-10-30,52.6432
120503,Axis ELSS Tax Saver Fund - Direct Plan - Growth Option,Axis Mutual Fund,Equity Scheme - ELSS,2020-11-02,52.8932
120503,Axis ELSS Tax Saver Fund - Direct Plan - Growth Option,Axis Mutual Fund,Equity Scheme - ELSS,2020-11-03,53.4532
120503,Axis ELSS Tax Saver Fund - Direct Plan - Growth Option,Axis Mutual Fund,Equity Scheme - ELSS,2020-11-04,54.0352
120503,Axis ELSS Tax Saver Fund - Direct Plan - Growth Option,Axis Mutual Fund,Equity Scheme - ELSS,2020-11-05,54.9099
120503,Axis ELSS Tax Saver Fund - Direct Plan - Growth Option,Axis Mutual Fund,Equity Scheme - ELSS,2020-11-06,55.3169
120503,Axis ELSS Tax Saver Fund - Direct Plan - Growth Option,Axis Mutual Fund,Equity Scheme - ELSS,2020-11-09,55.9657
120503,Axis ELSS Tax Saver Fund - Direct Plan - Growth Option,Axis Mutual Fund,Equity Scheme - ELSS,2020-11-10,56.2903
120503,Axis ELSS Tax Saver Fund - Direct Plan - Growth Option,Axis Mutual Fund,Equity Scheme - ELSS,2020-11-11,56.9431
120503,Axis ELSS Tax Saver Fund - Direct Plan - Growth Option,Axis Mutual Fund,Equity Scheme - ELSS,2020-11-12,56.9553
120503,Axis ELSS Tax Saver Fund - Direct Plan - Growth Option,Axis Mutual Fund,Equity Scheme - ELSS,2020-11-13,57.2281
120503,Axis ELSS Tax Saver Fund - Direct Plan - Growth Option,Axis Mutual Fund,Equity Scheme - ELSS,2020-11-17,58.2212
120503,Axis ELSS Tax Saver Fund - Direct Plan - Growth Option,Axis Mutual Fund,Equity Scheme - ELSS,2020-11-18,58.5899
120503,Axis ELSS Tax Saver Fund - Direct Plan - Growth Option,Axis Mutual Fund,Equity Scheme - ELSS,2020-11-19,58.0742
120503,Axis ELSS Tax Saver Fund - Direct Plan - Growth Option,Axis Mutual Fund,Equity Scheme - ELSS,2020-11-20,59.1344
120503,Axis ELSS Tax Saver Fund - Direct Plan - Growth Option,Axis Mutual Fund,Equity Scheme - ELSS,2020-11-23,59.8224
120503,Axis ELSS Tax Saver Fund - Direct Plan - Growth Option,Axis Mutual Fund,Equity Scheme - ELSS,2020-11-24,60.1029
120503,Axis ELSS Tax Saver Fund - Direct Plan - Growth Option,Axis Mutual Fund,Equity Scheme - ELSS,2020-11-25,59.1082
120503,Axis ELSS Tax Saver Fund - Direct Plan - Growth Option,Axis Mutual Fund,Equity Scheme - ELSS,2020-11-26,59.7982
120503,Axis ELSS Tax Saver Fund - Direct Plan - Growth Option,Axis Mutual Fund,Equity Scheme - ELSS,2020-11-27,60.2353
120503,Axis ELSS Tax Saver Fund - Direct Plan - Growth Option,Axis Mutual Fund,Equity Scheme - ELSS,2020-12-01,60.5083
120503,Axis ELSS Tax Saver Fund - Direct Plan - Growth Option,Axis Mutual Fund,Equity Scheme - ELSS,2020-12-02,60.3507
120503,Axis ELSS Tax Saver Fund - Direct Plan - Growth Option,Axis Mutual Fund,Equity Scheme - ELSS,2020-12-03,60.7394
120503,Axis ELSS Tax Saver Fund - Direct Plan - Growth Option,Axis Mutual Fund,Equity Scheme - ELSS,2020-12-04,61.0214
120503,Axis ELSS Tax Saver Fund - Direct Plan - Growth Option,Axis Mutual Fund,Equity Scheme - ELSS,2020-12-07,61.1734
120503,Axis ELSS Tax Saver Fund - Direct Plan - Growth Option,Axis Mutual Fund,Equity Scheme - ELSS,2020-12-08,61.3644
120503,Axis ELSS Tax Saver Fund - Direct Plan - Growth Option,Axis Mutual Fund,Equity Scheme - ELSS,2020-12-09,61.8566
120503,Axis ELSS Tax Saver Fund - Direct Plan - Growth Option,Axis Mutual Fund,Equity Scheme - ELSS,2020-12-10,61.9425
120503,Axis ELSS Tax Saver Fund - Direct Plan - Growth Option,Axis Mutual Fund,Equity Scheme - ELSS,2020-12-11,61.9606
120503,Axis ELSS Tax Saver Fund - Direct Plan - Growth Option,Axis Mutual Fund,Equity Scheme - ELSS,2020-12-14,62.2695
120503,Axis ELSS Tax Saver Fund - Direct Plan - Growth Option,Axis Mutual Fund,Equity Scheme - ELSS,2020-12-15,62.6215
120503,Axis ELSS Tax Saver Fund - Direct Plan - Growth Option,Axis Mutual Fund,Equity Scheme - ELSS,2020-12-16,62.9874
120503,Axis ELSS Tax Saver Fund - Direct Plan - Growth Option,Axis Mutual Fund,Equity Scheme - ELSS,2020-12-17,63.309
120503,Axis ELSS Tax Saver Fund - Direct Plan - Growth Option,Axis Mutual Fund,Equity Scheme - ELSS,2020-12-18,63.654
120503,Axis ELSS Tax Saver Fund - Direct Plan - Growth Option,Axis Mutual Fund,Equity Scheme - ELSS,2020-12-21,61.9754
120503,Axis ELSS Tax Saver Fund - Direct Plan - Growth Option,Axis Mutual Fund,Equity Scheme - ELSS,2020-12-22,62.375
120503,Axis ELSS Tax Saver Fund - Direct Plan - Growth Option,Axis Mutual Fund,Equity Scheme - ELSS,2020-12-23,63.0442
120503,Axis ELSS Tax Saver Fund - Direct Plan - Growth Option,Axis Mutual Fund,Equity Scheme - ELSS,2020-12-24,63.4684
120503,Axis ELSS Tax Saver Fund - Direct Plan - Growth Option,Axis Mutual Fund,Equity Scheme - ELSS,2020-12-28,63.9489
120503,Axis ELSS Tax Saver Fund - Direct Plan - Growth Option,Axis Mutual Fund,Equity Scheme - ELSS,2020-12-29,64.0114
120503,Axis ELSS Tax Saver Fund - Direct Plan - Growth Option,Axis Mutual Fund,Equity Scheme - ELSS,2020-12-30,64.5447
120503,Axis ELSS Tax Saver Fund - Direct Plan - Growth Option,Axis Mutual Fund,Equity Scheme - ELSS,2020-12-31,64.6805
120503,Axis ELSS Tax Saver Fund - Direct Plan - Growth Option,Axis Mutual Fund,Equity Scheme - ELSS,2021-01-01,64.982
120503,Axis ELSS Tax Saver Fund - Direct Plan - Growth Option,Axis Mutual Fund,Equity Scheme - ELSS,2021-01-04,65.5681
120503,Axis ELSS Tax Saver Fund - Direct Plan - Growth Option,Axis Mutual Fund,Equity Scheme - ELSS,2021-01-05,66.3871
120503,Axis ELSS Tax Saver Fund - Direct Plan - Growth Option,Axis Mutual Fund,Equity Scheme - ELSS,2021-01-06,65.8741
120503,Axis ELSS Tax Saver Fund - Direct Plan - Growth Option,Axis Mutual Fund,Equity Scheme - ELSS,2021-01-07,65.7504
120503,Axis ELSS Tax Saver Fund - Direct Plan - Growth Option,Axis Mutual Fund,Equity Scheme - ELSS,2021-01-08,66.77
120503,Axis ELSS Tax Saver Fund - Direct Plan - Growth Option,Axis Mutual Fund,Equity Scheme - ELSS,2021-01-11,67.1855
120503,Axis ELSS Tax Saver Fund - Direct Plan - Growth Option,Axis Mutual Fund,Equity Scheme - ELSS,2021-01-12,66.9093
120503,Axis ELSS Tax Saver Fund - Direct Plan - Growth Option,Axis Mutual Fund,Equity Scheme - ELSS,2021-01-13,66.0534
120503,Axis ELSS Tax Saver Fund - Direct Plan - Growth Option,Axis Mutual Fund,Equity Scheme - ELSS,2021-01-14,66.0755
120503,Axis ELSS Tax Saver Fund - Direct Plan - Growth Option,Axis Mutual Fund,Equity Scheme - ELSS,2021-01-15,65.1807
120503,Axis ELSS Tax Saver Fund - Direct Plan - Growth Option,Axis Mutual Fund,Equity Scheme - ELSS,2021-01-18,63.9697
120503,Axis ELSS Tax Saver Fund - Direct Plan - Growth Option,Axis Mutual Fund,Equity Scheme - ELSS,2021-01-19,65.1644
120503,Axis ELSS Tax Saver Fund - Direct Plan - Growth Option,Axis Mutual Fund,Equity Scheme - ELSS,2021-01-20,65.6415
120503,Axis ELSS Tax Saver Fund - Direct Plan - Growth Option,Axis Mutual Fund,Equity Scheme - ELSS,2021-01-21,65.3636
120503,Axis ELSS Tax Saver Fund - Direct Plan - Growth Option,Axis Mutual Fund,Equity Scheme - ELSS,2021-01-22,65.0458
120503,Axis ELSS Tax Saver Fund - Direct Plan - Growth Option,Axis Mutual Fund,Equity Scheme - ELSS,2021-01-25,64.4204
120503,Axis ELSS Tax Saver Fund - Direct Plan - Growth Option,Axis Mutual Fund,Equity Scheme - ELSS,2021-01-27,63.2001
120503,Axis ELSS Tax Saver Fund - Direct Plan - Growth Option,Axis Mutual Fund,Equity Scheme - ELSS,2021-01-28,62.2646
120503,Axis ELSS Tax Saver Fund - Direct Plan - Growth Option,Axis Mutual Fund,Equity Scheme - ELSS,2021-01-29,61.0128
120503,Axis ELSS Tax Saver Fund - Direct Plan - Growth Option,Axis Mutual Fund,Equity Scheme - ELSS,2021-02-01,63.2909
120503,Axis ELSS Tax Saver Fund - Direct Plan - Growth Option,Axis Mutual Fund,Equity Scheme - ELSS,2021-02-02,64.9817
120503,Axis ELSS Tax Saver Fund - Direct Plan - Growth Option,Axis Mutual Fund,Equity Scheme - ELSS,2021-02-03,65.4614
120503,Axis ELSS Tax Saver Fund - Direct Plan - Growth Option,Axis Mutual Fund,Equity Scheme - ELSS,2021-02-04,66.216
120503,Axis ELSS Tax Saver Fund - Direct Plan - Growth Option,Axis Mutual Fund,Equity Scheme - ELSS,2021-02-05,66.3772
120503,Axis ELSS Tax Saver Fund - Direct Plan - Growth Option,Axis Mutual Fund,Equity Scheme - ELSS,2021-02-08,67.1298
120503,Axis ELSS Tax Saver Fund - Direct Plan - Growth Option,Axis Mutual Fund,Equity Scheme - ELSS,2021-02-09,66.9563
120503,Axis ELSS Tax Saver Fund - Direct Plan - Growth Option,Axis Mutual Fund,Equity Scheme - ELSS,2021-02-10,67.59
120503,Axis ELSS Tax Saver Fund - Direct Plan - Growth Option,Axis Mutual Fund,Equity Scheme - ELSS,2021-02-11,68.1178
120503,Axis ELSS Tax Saver Fund - Direct Plan - Growth Option,Axis Mutual Fund,Equity Scheme - ELSS,2021-02-12,68.1007
120503,Axis ELSS Tax Saver Fund - Direct Plan - Growth Option,Axis Mutual Fund,Equity Scheme - ELSS,2021-02-15,69.3997
120503,Axis ELSS Tax Saver Fund - Direct Plan - Growth Option,Axis Mutual Fund,Equity Scheme - ELSS,2021-02-16,69.3418
120503,Axis ELSS Tax Saver Fund - Direct Plan - Growth Option,Axis Mutual Fund,Equity Scheme - ELSS,2021-02-17,68.6967
120503,Axis ELSS Tax Saver Fund - Direct Plan - Growth Option,Axis Mutual Fund,Equity Scheme - ELSS,2021-02-18,68.5185
120503,Axis ELSS Tax Saver Fund - Direct Plan - Growth Option,Axis Mutual Fund,Equity Scheme - ELSS,2021-02-19,67.9212
120503,Axis ELSS Tax Saver Fund - Direct Plan - Growth Option,Axis Mutual Fund,Equity Scheme - ELSS,2021-02-22,66.7885
120503,Axis ELSS Tax Saver Fund - Direct Plan - Growth Option,Axis Mutual Fund,Equity Scheme - ELSS,2021-02-23,66.8644
120503,Axis ELSS Tax Saver Fund - Direct Plan - Growth Option,Axis Mutual Fund,Equity Scheme - ELSS,2021-02-24,67.3751
120503,Axis ELSS Tax Saver Fund - Direct Plan - Growth Option,Axis Mutual Fund,Equity Scheme - ELSS,2021-02-25,67.5493
120503,Axis ELSS Tax Saver Fund - Direct Plan - Growth Option,Axis Mutual Fund,Equity Scheme - ELSS,2021-02-26,65.7906
120503,Axis ELSS Tax Saver Fund - Direct Plan - Growth Option,Axis Mutual Fund,Equity Scheme - ELSS,2021-03-01,66.6336
120503,Axis ELSS Tax Saver Fund - Direct Plan - Growth Option,Axis Mutual Fund,Equity Scheme - ELSS,2021-03-02,67.814
120503,Axis ELSS Tax Saver Fund - Direct Plan - Growth Option,Axis Mutual Fund,Equity Scheme - ELSS,2021-03-03,69.1273
120503,Axis ELSS Tax Saver Fund - Direct Plan - Growth Option,Axis Mutual Fund,Equity Scheme - ELSS,2021-03-04,68.9431
120503,Axis ELSS Tax Saver Fund - Direct Plan - Growth Option,Axis Mutual Fund,Equity Scheme - ELSS,2021-03-05,68.454
120503,Axis ELSS Tax Saver Fund - Direct Plan - Growth Option,Axis Mutual Fund,Equity Scheme - ELSS,2021-03-08,68.0512
120503,Axis ELSS Tax Saver Fund - Direct Plan - Growth Option,Axis Mutual Fund,Equity Scheme - ELSS,2021-03-09,68.541
120503,Axis ELSS Tax Saver Fund - Direct Plan - Growth Option,Axis Mutual Fund,Equity Scheme - ELSS,2021-03-10,68.9064
120503,Axis ELSS Tax Saver Fund - Direct Plan - Growth Option,Axis Mutual Fund,Equity Scheme - ELSS,2021-03-12,68.3853
120503,Axis ELSS Tax Saver Fund - Direct Plan - Growth Option,Axis Mutual Fund,Equity Scheme - ELSS,2021-03-15,67.9814
120503,Axis ELSS Tax Saver Fund - Direct Plan - Growth Option,Axis Mutual Fund,Equity Scheme - ELSS,2021-03-16,68.0344
120503,Axis ELSS Tax Saver Fund - Direct Plan - Growth Option,Axis Mutual Fund,Equity Scheme - ELSS,2021-03-17,67.2323
120503,Axis ELSS Tax Saver Fund - Direct Plan - Growth Option,Axis Mutual Fund,Equity Scheme - ELSS,2021-03-18,66.2719
120503,Axis ELSS Tax Saver Fund - Direct Plan - Growth Option,Axis Mutual Fund,Equity Scheme - ELSS,2021-03-19,66.7529
120503,Axis ELSS Tax Saver Fund - Direct Plan - Growth Option,Axis Mutual Fund,Equity Scheme - ELSS,2021-03-22,66.8021
120503,Axis ELSS Tax Saver Fund - Direct Plan - Growth Option,Axis Mutual Fund,Equity Scheme - ELSS,2021-03-23,67.2521
120503,Axis ELSS Tax Saver Fund - Direct Plan - Growth Option,Axis Mutual Fund,Equity Scheme - ELSS,2021-03-24,66.1412
120503,Axis ELSS Tax Saver Fund - Direct Plan - Growth Option,Axis Mutual Fund,Equity Scheme - ELSS,2021-03-25,64.864
120503,Axis ELSS Tax Saver Fund - Direct Plan - Growth Option,Axis Mutual Fund,Equity Scheme - ELSS,2021-03-26,65.7904
120503,Axis ELSS Tax Saver Fund - Direct Plan - Growth Option,Axis Mutual Fund,Equity Scheme - ELSS,2021-03-30,66.5679
120503,Axis ELSS Tax Saver Fund - Direct Plan - Growth Option,Axis Mutual Fund,Equity Scheme - ELSS,2021-03-31,66.3499
120503,Axis ELSS Tax Saver Fund - Direct Plan - Growth Option,Axis Mutual Fund,Equity Scheme - ELSS,2021-04-01,67.0371
120503,Axis ELSS Tax Saver Fund - Direct Plan - Growth Option,Axis Mutual Fund,Equity Scheme - ELSS,2021-04-05,66.1132
120503,Axis ELSS Tax Saver Fund - Direct Plan - Growth Option,Axis Mutual Fund,Equity Scheme - ELSS,2021-04-06,66.3985
120503,Axis ELSS Tax Saver Fund - Direct Plan - Growth Option,Axis Mutual Fund,Equity Scheme - ELSS,2021-04-07,67.4155
120503,Axis ELSS Tax Saver Fund - Direct Plan - Growth Option,Axis Mutual Fund,Equity Scheme - ELSS,2021-04-08,67.8958
120503,Axis ELSS Tax Saver Fund - Direct Plan - Growth Option,Axis Mutual Fund,Equity Scheme - ELSS,2021-04-09,67.7033
120503,Axis ELSS Tax Saver Fund - Direct Plan - Growth Option,Axis Mutual Fund,Equity Scheme - ELSS,2021-04-12,65.222
120503,Axis ELSS Tax Saver Fund - Direct Plan - Growth Option,Axis Mutual Fund,Equity Scheme - ELSS,2021-04-13,65.5948
120503,Axis ELSS Tax Saver Fund - Direct Plan - Growth Option,Axis Mutual Fund,Equity Scheme - ELSS,2021-04-15,65.7774
120503,Axis ELSS Tax Saver Fund - Direct Plan - Growth Option,Axis Mutual Fund,Equity Scheme - ELSS,2021-04-16,66.3723
120503,Axis ELSS Tax Saver Fund - Direct Plan - Growth Option,Axis Mutual Fund,Equity Scheme - ELSS,2021-04-19,65.0908
120503,Axis ELSS Tax Saver Fund - Direct Plan - Growth Option,Axis Mutual Fund,Equity Scheme - ELSS,2021-04-20,65.0174
120503,Axis ELSS Tax Saver Fund - Direct Plan - Growth Option,Axis Mutual Fund,Equity Scheme - ELSS,2021-04-22,65.4039
120503,Axis ELSS Tax Saver Fund - Direct Plan - Growth Option,Axis Mutual Fund,Equity Scheme - ELSS,2021-04-23,65.4656
120503,Axis ELSS Tax Saver Fund - Direct Plan - Growth Option,Axis Mutual Fund,Equity Scheme - ELSS,2021-04-26,65.8562
120503,Axis ELSS Tax Saver Fund - Direct Plan - Growth Option,Axis Mutual Fund,Equity Scheme - ELSS,2021-04-27,66.5924
120503,Axis ELSS Tax Saver Fund - Direct Plan - Growth Option,Axis Mutual Fund,Equity Scheme - ELSS,2021-04-28,67.9358
120503,Axis ELSS Tax Saver Fund - Direct Plan - Growth Option,Axis Mutual Fund,Equity Scheme - ELSS,2021-04-29,68.0292
120503,Axis ELSS Tax Saver Fund - Direct Plan - Growth Option,Axis Mutual Fund,Equity Scheme - ELSS,2021-04-30,66.9264
120503,Axis ELSS Tax Saver Fund - Direct Plan - Growth Option,Axis Mutual Fund,Equity Scheme - ELSS,2021-05-03,67.0875
120503,Axis ELSS Tax Saver Fund - Direct Plan - Growth Option,Axis Mutual Fund,Equity Scheme - ELSS,2021-05-04,66.6541
120503,Axis ELSS Tax Saver Fund - Direct Plan - Growth Option,Axis Mutual Fund,Equity Scheme - ELSS,2021-05-05,67.165
120503,Axis ELSS Tax Saver Fund - Direct Plan - Growth Option,Axis Mutual Fund,Equity Scheme - ELSS,2021-05-06,67.5074
120503,Axis ELSS Tax Saver Fund - Direct Plan - Growth Option,Axis Mutual Fund,Equity Scheme - ELSS,2021-05-07,67.558
120503,Axis ELSS Tax Saver Fund - Direct Plan - Growth Option,Axis Mutual Fund,Equity Scheme - ELSS,2021-05-10,68.1078
120503,Axis ELSS Tax Saver Fund - Direct Plan - Growth Option,Axis Mutual Fund,Equity Scheme - ELSS,2021-05-11,67.5422
120503,Axis ELSS Tax Saver Fund - Direct Plan - Growth Option,Axis Mutual Fund,Equity Scheme - ELSS,2021-05-12,66.9675
120503,Axis ELSS Tax Saver Fund - Direct Plan - Growth Option,Axis Mutual Fund,Equity Scheme - ELSS,2021-05-14,66.5356
120503,Axis ELSS Tax Saver Fund - Direct Plan - Growth Option,Axis Mutual Fund,Equity Scheme - ELSS,2021-05-17,67.3697
120503,Axis ELSS Tax Saver Fund - Direct Plan - Growth Option,Axis Mutual Fund,Equity Scheme - ELSS,2021-05-18,68.7087
120503,Axis ELSS Tax Saver Fund - Direct Plan - Growth Option,Axis Mutual Fund,Equity Scheme - ELSS,2021-05-19,68.4275
120503,Axis ELSS Tax Saver Fund - Direct Plan - Growth Option,Axis Mutual Fund,Equity Scheme - ELSS,2021-05-20,68.1195
120503,Axis ELSS Tax Saver Fund - Direct Plan - Growth Option,Axis Mutual Fund,Equity Scheme - ELSS,2021-05-21,69.0525
120503,Axis ELSS Tax Saver Fund - Direct Plan - Growth Option,Axis Mutual Fund,Equity Scheme - ELSS,2021-05-24,69.0821
120503,Axis ELSS Tax Saver Fund - Direct Plan - Growth Option,Axis Mutual Fund,Equity Scheme - ELSS,2021-05-25,69.3104
120503,Axis ELSS Tax Saver Fund - Direct Plan - Growth Option,Axis Mutual Fund,Equity Scheme - ELSS,2021-05-26,69.8961
120503,Axis ELSS Tax Saver Fund - Direct Plan - Growth Option,Axis Mutual Fund,Equity Scheme - ELSS,2021-05-27,70.0134
120503,Axis ELSS Tax Saver Fund - Direct Plan - Growth Option,Axis Mutual Fund,Equity Scheme - ELSS,2021-05-28,69.8483
120503,Axis ELSS Tax Saver Fund - Direct Plan - Growth Option,Axis Mutual Fund,Equity Scheme - ELSS,2021-05-31,70.2453
120503,Axis ELSS Tax Saver Fund - Direct Plan - Growth Option,Axis Mutual Fund,Equity Scheme - ELSS,2021-06-01,70.3808
120503,Axis ELSS Tax Saver Fund - Direct Plan - Growth Option,Axis Mutual Fund,Equity Scheme - ELSS,2021-06-02,70.9471
120503,Axis ELSS Tax Saver Fund - Direct Plan - Growth Option,Axis Mutual Fund,Equity Scheme - ELSS,2021-06-03,71.495
120503,Axis ELSS Tax Saver Fund - Direct Plan - Growth Option,Axis Mutual Fund,Equity Scheme - ELSS,2021-06-04,71.582
120503,Axis ELSS Tax Saver Fund - Direct Plan - Growth Option,Axis Mutual Fund,Equity Scheme - ELSS,2021-06-07,71.6821
120503,Axis ELSS Tax Saver Fund - Direct Plan - Growth Option,Axis Mutual Fund,Equity Scheme - ELSS,2021-06-08,71.682
120503,Axis ELSS Tax Saver Fund - Direct Plan - Growth Option,Axis Mutual Fund,Equity Scheme - ELSS,2021-06-09,71.4079
120503,Axis ELSS Tax Saver Fund - Direct Plan - Growth Option,Axis Mutual Fund,Equity Scheme - ELSS,2021-06-10,72.3612
120503,Axis ELSS Tax Saver Fund - Direct Plan - Growth Option,Axis Mutual Fund,Equity Scheme - ELSS,2021-06-11,72.2529
120503,Axis ELSS Tax Saver Fund - Direct Plan - Growth Option,Axis Mutual Fund,Equity Scheme - ELSS,2021-06-14,72.4523
120503,Axis ELSS Tax Saver Fund - Direct Plan - Growth Option,Axis Mutual Fund,Equity Scheme - ELSS,2021-06-15,72.8587
120503,Axis ELSS Tax Saver Fund - Direct Plan - Growth Option,Axis Mutual Fund,Equity Scheme - ELSS,2021-06-16,72.6385
120503,Axis ELSS Tax Saver Fund - Direct Plan - Growth Option,Axis Mutual Fund,Equity Scheme - ELSS,2021-06-17,72.3683
120503,Axis ELSS Tax Saver Fund - Direct Plan - Growth Option,Axis Mutual Fund,Equity Scheme - ELSS,2021-06-18,72.1931
120503,Axis ELSS Tax Saver Fund - Direct Plan - Growth Option,Axis Mutual Fund,Equity Scheme - ELSS,2021-06-21,72.3846
120503,Axis ELSS Tax Saver Fund - Direct Plan - Growth Option,Axis Mutual Fund,Equity Scheme - ELSS,2021-06-22,72.5265
120503,Axis ELSS Tax Saver Fund - Direct Plan - Growth Option,Axis Mutual Fund,Equity Scheme - ELSS,2021-06-23,72.1387
120503,Axis ELSS Tax Saver Fund - Direct Plan - Growth Option,Axis Mutual Fund,Equity Scheme - ELSS,2021-06-24,72.5226
120503,Axis ELSS Tax Saver Fund - Direct Plan - Growth Option,Axis Mutual Fund,Equity Scheme - ELSS,2021-06-25,72.8784
120503,Axis ELSS Tax Saver Fund - Direct Plan - Growth Option,Axis Mutual Fund,Equity Scheme - ELSS,2021-06-28,72.8531
120503,Axis ELSS Tax Saver Fund - Direct Plan - Growth Option,Axis Mutual Fund,Equity Scheme - ELSS,2021-06-29,72.726
120503,Axis ELSS Tax Saver Fund - Direct Plan - Growth Option,Axis Mutual Fund,Equity Scheme - ELSS,2021-06-30,72.8723
120503,Axis ELSS Tax Saver Fund - Direct Plan - Growth Option,Axis Mutual Fund,Equity Scheme - ELSS,2021-07-01,73.1256
120503,Axis ELSS Tax Saver Fund - Direct Plan - Growth Option,Axis Mutual Fund,Equity Scheme - ELSS,2021-07-02,73.4383
120503,Axis ELSS Tax Saver Fund - Direct Plan - Growth Option,Axis Mutual Fund,Equity Scheme - ELSS,2021-07-05,74.02
120503,Axis ELSS Tax Saver Fund - Direct Plan - Growth Option,Axis Mutual Fund,Equity Scheme - ELSS,2021-07-06,73.9922
120503,Axis ELSS Tax Saver Fund - Direct Plan - Growth Option,Axis Mutual Fund,Equity Scheme - ELSS,2021-07-07,74.2331
120503,Axis ELSS Tax Saver Fund - Direct Plan - Growth Option,Axis Mutual Fund,Equity Scheme - ELSS,2021-07-08,73.9363
120503,Axis ELSS Tax Saver Fund - Direct Plan - Growth Option,Axis Mutual Fund,Equity Scheme - ELSS,2021-07-09,74.0795
120503,Axis ELSS Tax Saver Fund - Direct Plan - Growth Option,Axis Mutual Fund,Equity Scheme - ELSS,2021-07-12,74.0474
120503,Axis ELSS Tax Saver Fund - Direct Plan - Growth Option,Axis Mutual Fund,Equity Scheme - ELSS,2021-07-13,74.0438
120503,Axis ELSS Tax Saver Fund - Direct Plan - Growth Option,Axis Mutual Fund,Equity Scheme - ELSS,2021-07-14,74.218
120503,Axis ELSS Tax Saver Fund - Direct Plan - Growth Option,Axis Mutual Fund,Equity Scheme - ELSS,2021-07-15,74.2924
120503,Axis ELSS Tax Saver Fund - Direct Plan - Growth Option,Axis Mutual Fund,Equity Scheme - ELSS,2021-07-16,74.3636
120503,Axis ELSS Tax Saver Fund - Direct Plan - Growth Option,Axis Mutual Fund,Equity Scheme - ELSS,2021-07-19,73.9938
120503,Axis ELSS Tax Saver Fund - Direct Plan - Growth Option,Axis Mutual Fund,Equity Scheme - ELSS,2021-07-20,73.8128
120503,Axis ELSS Tax Saver Fund - Direct Plan - Growth Option,Axis Mutual Fund,Equity Scheme - ELSS,2021-07-22,74.5876
120503,Axis ELSS Tax Saver Fund - Direct Plan - Growth Option,Axis Mutual Fund,Equity Scheme - ELSS,2021-07-23,74.5025
120503,Axis ELSS Tax Saver Fund - Direct Plan - Growth Option,Axis Mutual Fund,Equity Scheme - ELSS,2021-07-26,74.4544
120503,Axis ELSS Tax Saver Fund - Direct Plan - Growth Option,Axis Mutual Fund,Equity Scheme - ELSS,2021-07-27,74.294
120503,Axis ELSS Tax Saver Fund - Direct Plan - Growth Option,Axis Mutual Fund,Equity Scheme - ELSS,2021-07-28,74.1284
120503,Axis ELSS Tax Saver Fund - Direct Plan - Growth Option,Axis Mutual Fund,Equity Scheme - ELSS,2021-07-29,74.5288
120503,Axis ELSS Tax Saver Fund - Direct Plan - Growth Option,Axis Mutual Fund,Equity Scheme - ELSS,2021-07-30,74.2211
120503,Axis ELSS Tax Saver Fund - Direct Plan - Growth Option,Axis Mutual Fund,Equity Scheme - ELSS,2021-08-02,75.0437
120503,Axis ELSS Tax Saver Fund - Direct Plan - Growth Option,Axis Mutual Fund,Equity Scheme - ELSS,2021-08-03,75.9397
120503,Axis ELSS Tax Saver Fund - Direct Plan - Growth Option,Axis Mutual Fund,Equity Scheme - ELSS,2021-08-04,76.021
120503,Axis ELSS Tax Saver Fund - Direct Plan - Growth Option,Axis Mutual Fund,Equity Scheme - ELSS,2021-08-05,76.008
120503,Axis ELSS Tax Saver Fund - Direct Plan - Growth Option,Axis Mutual Fund,Equity Scheme - ELSS,2021-08-06,75.8131
120503,Axis ELSS Tax Saver Fund - Direct Plan - Growth Option,Axis Mutual Fund,Equity Scheme - ELSS,2021-08-09,75.5804
120503,Axis ELSS Tax Saver Fund - Direct Plan - Growth Option,Axis Mutual Fund,Equity Scheme - ELSS,2021-08-10,75.5859
120503,Axis ELSS Tax Saver Fund - Direct Plan - Growth Option,Axis Mutual Fund,Equity Scheme - ELSS,2021-08-11,75.3045
120503,Axis ELSS Tax Saver Fund - Direct Plan - Growth Option,Axis Mutual Fund,Equity Scheme - ELSS,2021-08-12,75.6608
120503,Axis ELSS Tax Saver Fund - Direct Plan - Growth Option,Axis Mutual Fund,Equity Scheme - ELSS,2021-08-13,75.9653
120503,Axis ELSS Tax Saver Fund - Direct Plan - Growth Option,Axis Mutual Fund,Equity Scheme - ELSS,2021-08-16,76.0397
120503,Axis ELSS Tax Saver Fund - Direct Plan - Growth Option,Axis Mutual Fund,Equity Scheme - ELSS,2021-08-17,76.4159
120503,Axis ELSS Tax Saver Fund - Direct Plan - Growth Option,Axis Mutual Fund,Equity Scheme - ELSS,2021-08-18,76.6204
120503,Axis ELSS Tax Saver Fund - Direct Plan - Growth Option,Axis Mutual Fund,Equity Scheme - ELSS,2021-08-20,76.3521
120503,Axis ELSS Tax Saver Fund - Direct Plan - Growth Option,Axis Mutual Fund,Equity Scheme - ELSS,2021-08-23,76.715
120503,Axis ELSS Tax Saver Fund - Direct Plan - Growth Option,Axis Mutual Fund,Equity Scheme - ELSS,2021-08-24,77.6842
120503,Axis ELSS Tax Saver Fund - Direct Plan - Growth Option,Axis Mutual Fund,Equity Scheme - ELSS,2021-08-25,77.9829
120503,Axis ELSS Tax Saver Fund - Direct Plan - Growth Option,Axis Mutual Fund,Equity Scheme - ELSS,2021-08-26,78.268
120503,Axis ELSS Tax Saver Fund - Direct Plan - Growth Option,Axis Mutual Fund,Equity Scheme - ELSS,2021-08-27,78.8144
120503,Axis ELSS Tax Saver Fund - Direct Plan - Growth Option,Axis Mutual Fund,Equity Scheme - ELSS,2021-08-30,80.0445
120503,Axis ELSS Tax Saver Fund - Direct Plan - Growth Option,Axis Mutual Fund,Equity Scheme - ELSS,2021-08-31,81.2869
120503,Axis ELSS Tax Saver Fund - Direct Plan - Growth Option,Axis Mutual Fund,Equity Scheme - ELSS,2021-09-01,81.3088
120503,Axis ELSS Tax Saver Fund - Direct Plan - Growth Option,Axis Mutual Fund,Equity Scheme - ELSS,2021-09-02,81.864
120503,Axis ELSS Tax Saver Fund - Direct Plan - Growth Option,Axis Mutual Fund,Equity Scheme - ELSS,2021-09-03,82.0104
120503,Axis ELSS Tax Saver Fund - Direct Plan - Growth Option,Axis Mutual Fund,Equity Scheme - ELSS,2021-09-06,81.9726
120503,Axis ELSS Tax Saver Fund - Direct Plan - Growth Option,Axis Mutual Fund,Equity Scheme - ELSS,2021-09-07,81.7986
120503,Axis ELSS Tax Saver Fund - Direct Plan - Growth Option,Axis Mutual Fund,Equity Scheme - ELSS,2021-09-08,82.0739
120503,Axis ELSS Tax Saver Fund - Direct Plan - Growth Option,Axis Mutual Fund,Equity Scheme - ELSS,2021-09-09,82.255
120503,Axis ELSS Tax Saver Fund - Direct Plan - Growth Option,Axis Mutual Fund,Equity Scheme - ELSS,2021-09-13,82.6854
120503,Axis ELSS Tax Saver Fund - Direct Plan - Growth Option,Axis Mutual Fund,Equity Scheme - ELSS,2021-09-14,83.0189
120503,Axis ELSS Tax Saver Fund - Direct Plan - Growth Option,Axis Mutual Fund,Equity Scheme - ELSS,2021-09-15,83.3885
120503,Axis ELSS Tax Saver Fund - Direct Plan - Growth Option,Axis Mutual Fund,Equity Scheme - ELSS,2021-09-16,83.8102
120503,Axis ELSS Tax Saver Fund - Direct Plan - Growth Option,Axis Mutual Fund,Equity Scheme - ELSS,2021-09-17,83.7154
120503,Axis ELSS Tax Saver Fund - Direct Plan - Growth Option,Axis Mutual Fund,Equity Scheme - ELSS,2021-09-20,83.2059
120503,Axis ELSS Tax Saver Fund - Direct Plan - Growth Option,Axis Mutual Fund,Equity Scheme - ELSS,2021-09-21,84.2897
120503,Axis ELSS Tax Saver Fund - Direct Plan - Growth Option,Axis Mutual Fund,Equity Scheme - ELSS,2021-09-22,84.2283
120503,Axis ELSS Tax Saver Fund - Direct Plan - Growth Option,Axis Mutual Fund,Equity Scheme - ELSS,2021-09-23,85.1846
120503,Axis ELSS Tax Saver Fund - Direct Plan - Growth Option,Axis Mutual Fund,Equity Scheme - ELSS,2021-09-24,84.766
120503,Axis ELSS Tax Saver Fund - Direct Plan - Growth Option,Axis Mutual Fund,Equity Scheme - ELSS,2021-09-27,84.3182
120503,Axis ELSS Tax Saver Fund - Direct Plan - Growth Option,Axis Mutual Fund,Equity Scheme - ELSS,2021-09-28,83.2962
120503,Axis ELSS Tax Saver Fund - Direct Plan - Growth Option,Axis Mutual Fund,Equity Scheme - ELSS,2021-09-29,82.9626
120503,Axis ELSS Tax Saver Fund - Direct Plan - Growth Option,Axis Mutual Fund,Equity Scheme - ELSS,2021-09-30,82.8497
120503,Axis ELSS Tax Saver Fund - Direct Plan - Growth Option,Axis Mutual Fund,Equity Scheme - ELSS,2021-10-01,82.3533
120503,Axis ELSS Tax Saver Fund - Direct Plan - Growth Option,Axis Mutual Fund,Equity Scheme - ELSS,2021-10-04,83.6199
120503,Axis ELSS Tax Saver Fund - Direct Plan - Growth Option,Axis Mutual Fund,Equity Scheme - ELSS,2021-10-05,83.9434
120503,Axis ELSS Tax Saver Fund - Direct Plan - Growth Option,Axis Mutual Fund,Equity Scheme - ELSS,2021-10-06,83.3956
120503,Axis ELSS Tax Saver Fund - Direct Plan - Growth Option,Axis Mutual Fund,Equity Scheme - ELSS,2021-10-07,84.116
120503,Axis ELSS Tax Saver Fund - Direct Plan - Growth Option,Axis Mutual Fund,Equity Scheme - ELSS,2021-10-08,84.2722
120503,Axis ELSS Tax Saver Fund - Direct Plan - Growth Option,Axis Mutual Fund,Equity Scheme - ELSS,2021-10-11,84.9535
120503,Axis ELSS Tax Saver Fund - Direct Plan - Growth Option,Axis Mutual Fund,Equity Scheme - ELSS,2021-10-12,85.2721
120503,Axis ELSS Tax Saver Fund - Direct Plan - Growth Option,Axis Mutual Fund,Equity Scheme - ELSS,2021-10-13,86.6202
120503,Axis ELSS Tax Saver Fund - Direct Plan - Growth Option,Axis Mutual Fund,Equity Scheme - ELSS,2021-10-14,87.4659
120503,Axis ELSS Tax Saver Fund - Direct Plan - Growth Option,Axis Mutual Fund,Equity Scheme - ELSS,2021-10-18,86.906
120503,Axis ELSS Tax Saver Fund - Direct Plan - Growth Option,Axis Mutual Fund,Equity Scheme - ELSS,2021-10-19,86.1444
120503,Axis ELSS Tax Saver Fund - Direct Plan - Growth Option,Axis Mutual Fund,Equity Scheme - ELSS,2021-10-20,84.8923
120503,Axis ELSS Tax Saver Fund - Direct Plan - Growth Option,Axis Mutual Fund,Equity Scheme - ELSS,2021-10-21,84.6113
120503,Axis ELSS Tax Saver Fund - Direct Plan - Growth Option,Axis Mutual Fund,Equity Scheme - ELSS,2021-10-22,83.9738
120503,Axis ELSS Tax Saver Fund - Direct Plan - Growth Option,Axis Mutual Fund,Equity Scheme - ELSS,2021-10-25,82.4621
120503,Axis ELSS Tax Saver Fund - Direct Plan - Growth Option,Axis Mutual Fund,Equity Scheme - ELSS,2021-10-26,83.7637
120503,Axis ELSS Tax Saver Fund - Direct Plan - Growth Option,Axis Mutual Fund,Equity Scheme - ELSS,2021-10-27,84.0077
120503,Axis ELSS Tax Saver Fund - Direct Plan - Growth Option,Axis Mutual Fund,Equity Scheme - ELSS,2021-10-28,83.2316
120503,Axis ELSS Tax Saver Fund - Direct Plan - Growth Option,Axis Mutual Fund,Equity Scheme - ELSS,2021-10-29,82.6397
120503,Axis ELSS Tax Saver Fund - Direct Plan - Growth Option,Axis Mutual Fund,Equity Scheme - ELSS,2021-11-01,83.4744
120503,Axis ELSS Tax Saver Fund - Direct Plan - Growth Option,Axis Mutual Fund,Equity Scheme - ELSS,2021-11-02,83.3971
120503,Axis ELSS Tax Saver Fund - Direct Plan - Growth Option,Axis Mutual Fund,Equity Scheme - ELSS,2021-11-03,83.3546
120503,Axis ELSS Tax Saver Fund - Direct Plan - Growth Option,Axis Mutual Fund,Equity Scheme - ELSS,2021-11-08,84.5536
120503,Axis ELSS Tax Saver Fund - Direct Plan - Growth Option,Axis Mutual Fund,Equity Scheme - ELSS,2021-11-09,84.4667
120503,Axis ELSS Tax Saver Fund - Direct Plan - Growth Option,Axis Mutual Fund,Equity Scheme - ELSS,2021-11-10,84.6363
120503,Axis ELSS Tax Saver Fund - Direct Plan - Growth Option,Axis Mutual Fund,Equity Scheme - ELSS,2021-11-11,84.2245
120503,Axis ELSS Tax Saver Fund - Direct Plan - Growth Option,Axis Mutual Fund,Equity Scheme - ELSS,2021-11-12,85.3485
120503,Axis ELSS Tax Saver Fund - Direct Plan - Growth Option,Axis Mutual Fund,Equity Scheme - ELSS,2021-11-15,85.4638
120503,Axis ELSS Tax Saver Fund - Direct Plan - Growth Option,Axis Mutual Fund,Equity Scheme - ELSS,2021-11-16,85.7294
120503,Axis ELSS Tax Saver Fund - Direct Plan - Growth Option,Axis Mutual Fund,Equity Scheme - ELSS,2021-11-17,85.3839
120503,Axis ELSS Tax Saver Fund - Direct Plan - Growth Option,Axis Mutual Fund,Equity Scheme - ELSS,2021-11-18,84.4609
120503,Axis ELSS Tax Saver Fund - Direct Plan - Growth Option,Axis Mutual Fund,Equity Scheme - ELSS,2021-11-22,81.8661
120503,Axis ELSS Tax Saver Fund - Direct Plan - Growth Option,Axis Mutual Fund,Equity Scheme - ELSS,2021-11-23,82.4535
120503,Axis ELSS Tax Saver Fund - Direct Plan - Growth Option,Axis Mutual Fund,Equity Scheme - ELSS,2021-11-24,82.3818
120503,Axis ELSS Tax Saver Fund - Direct Plan - Growth Option,Axis Mutual Fund,Equity Scheme - ELSS,2021-11-25,82.6405
120503,Axis ELSS Tax Saver Fund - Direct Plan - Growth Option,Axis Mutual Fund,Equity Scheme - ELSS,2021-11-26,80.5581
120503,Axis ELSS Tax Saver Fund - Direct Plan - Growth Option,Axis Mutual Fund,Equity Scheme - ELSS,2021-11-29,80.6496
120503,Axis ELSS Tax Saver Fund - Direct Plan - Growth Option,Axis Mutual Fund,Equity Scheme - ELSS,2021-11-30,80.8104
120503,Axis ELSS Tax Saver Fund - Direct Plan - Growth Option,Axis Mutual Fund,Equity Scheme - ELSS,2021-12-01,81.2494
120503,Axis ELSS Tax Saver Fund - Direct Plan - Growth Option,Axis Mutual Fund,Equity Scheme - ELSS,2021-12-02,82.3468
120503,Axis ELSS Tax Saver Fund - Direct Plan - Growth Option,Axis Mutual Fund,Equity Scheme - ELSS,2021-12-03,81.7367
120503,Axis ELSS Tax Saver Fund - Direct Plan - Growth Option,Axis Mutual Fund,Equity Scheme - ELSS,2021-12-06,80.1411
120503,Axis ELSS Tax Saver Fund - Direct Plan - Growth Option,Axis Mutual Fund,Equity Scheme - ELSS,2021-12-07,81.2636
120503,Axis ELSS Tax Saver Fund - Direct Plan - Growth Option,Axis Mutual Fund,Equity Scheme - ELSS,2021-12-08,82.3253
120503,Axis ELSS Tax Saver Fund - Direct Plan - Growth Option,Axis Mutual Fund,Equity Scheme - ELSS,2021-12-09,82.4078
120503,Axis ELSS Tax Saver Fund - Direct Plan - Growth Option,Axis Mutual Fund,Equity Scheme - ELSS,2021-12-10,82.4418
120503,Axis ELSS Tax Saver Fund - Direct Plan - Growth Option,Axis Mutual Fund,Equity Scheme - ELSS,2021-12-13,81.7787
120503,Axis ELSS Tax Saver Fund - Direct Plan - Growth Option,Axis Mutual Fund,Equity Scheme - ELSS,2021-12-14,81.5686
120503,Axis ELSS Tax Saver Fund - Direct Plan - Growth Option,Axis Mutual Fund,Equity Scheme - ELSS,2021-12-15,81.0588
120503,Axis ELSS Tax Saver Fund - Direct Plan - Growth Option,Axis Mutual Fund,Equity Scheme - ELSS,2021-12-16,81.036
120503,Axis ELSS Tax Saver Fund - Direct Plan - Growth Option,Axis Mutual Fund,Equity Scheme - ELSS,2021-12-17,79.6694
120503,Axis ELSS Tax Saver Fund - Direct Plan - Growth Option,Axis Mutual Fund,Equity Scheme - ELSS,2021-12-20,77.5931
120503,Axis ELSS Tax Saver Fund - Direct Plan - Growth Option,Axis Mutual Fund,Equity Scheme - ELSS,2021-12-21,78.0346
120503,Axis ELSS Tax Saver Fund - Direct Plan - Growth Option,Axis Mutual Fund,Equity Scheme - ELSS,2021-12-22,79.1261
120503,Axis ELSS Tax Saver Fund - Direct Plan - Growth Option,Axis Mutual Fund,Equity Scheme - ELSS,2021-12-23,79.6287
120503,Axis ELSS Tax Saver Fund - Direct Plan - Growth Option,Axis Mutual Fund,Equity Scheme - ELSS,2021-12-24,79.1895
120503,Axis ELSS Tax Saver Fund - Direct Plan - Growth Option,Axis Mutual Fund,Equity Scheme - ELSS,2021-12-27,79.5375
120503,Axis ELSS Tax Saver Fund - Direct Plan - Growth Option,Axis Mutual Fund,Equity Scheme - ELSS,2021-12-28,80.3139
120503,Axis ELSS Tax Saver Fund - Direct Plan - Growth Option,Axis Mutual Fund,Equity Scheme - ELSS,2021-12-29,80.2977
120503,Axis ELSS Tax Saver Fund - Direct Plan - Growth Option,Axis Mutual Fund,Equity Scheme - ELSS,2021-12-30,80.2221
120503,Axis ELSS Tax Saver Fund - Direct Plan - Growth Option,Axis Mutual Fund,Equity Scheme - ELSS,2021-12-31,81.2402
120503,Axis ELSS Tax Saver Fund - Direct Plan - Growth Option,Axis Mutual Fund,Equity Scheme - ELSS,2022-01-03,82.4289
120503,Axis ELSS Tax Saver Fund - Direct Plan - Growth Option,Axis Mutual Fund,Equity Scheme - ELSS,2022-01-04,83.287
120503,Axis ELSS Tax Saver Fund - Direct Plan - Growth Option,Axis Mutual Fund,Equity Scheme - ELSS,2022-01-05,83.8475
120503,Axis ELSS Tax Saver Fund - Direct Plan - Growth Option,Axis Mutual Fund,Equity Scheme - ELSS,2022-01-06,83.5037
120503,Axis ELSS Tax Saver Fund - Direct Plan - Growth Option,Axis Mutual Fund,Equity Scheme - ELSS,2022-01-07,83.8626
120503,Axis ELSS Tax Saver Fund - Direct Plan - Growth Option,Axis Mutual Fund,Equity Scheme - ELSS,2022-01-10,83.7001
120503,Axis ELSS Tax Saver Fund - Direct Plan - Growth Option,Axis Mutual Fund,Equity Scheme - ELSS,2022-01-11,83.932
120503,Axis ELSS Tax Saver Fund - Direct Plan - Growth Option,Axis Mutual Fund,Equity Scheme - ELSS,2022-01-12,83.6159
120503,Axis ELSS Tax Saver Fund - Direct Plan - Growth Option,Axis Mutual Fund,Equity Scheme - ELSS,2022-01-13,83.4606
120503,Axis ELSS Tax Saver Fund - Direct Plan - Growth Option,Axis Mutual Fund,Equity Scheme - ELSS,2022-01-14,83.7325
120503,Axis ELSS Tax Saver Fund - Direct Plan - Growth Option,Axis Mutual Fund,Equity Scheme - ELSS,2022-01-17,84.1011
120503,Axis ELSS Tax Saver Fund - Direct Plan - Growth Option,Axis Mutual Fund,Equity Scheme - ELSS,2022-01-18,83.0109
120503,Axis ELSS Tax Saver Fund - Direct Plan - Growth Option,Axis Mutual Fund,Equity Scheme - ELSS,2022-01-19,81.8537
120503,Axis ELSS Tax Saver Fund - Direct Plan - Growth Option,Axis Mutual Fund,Equity Scheme - ELSS,2022-01-20,81.238
120503,Axis ELSS Tax Saver Fund - Direct Plan - Growth Option,Axis Mutual Fund,Equity Scheme - ELSS,2022-01-21,79.7572
120503,Axis ELSS Tax Saver Fund - Direct Plan - Growth Option,Axis Mutual Fund,Equity Scheme - ELSS,2022-01-24,76.6805
120503,Axis ELSS Tax Saver Fund - Direct Plan - Growth Option,Axis Mutual Fund,Equity Scheme - ELSS,2022-01-25,76.7127
120503,Axis ELSS Tax Saver Fund - Direct Plan - Growth Option,Axis Mutual Fund,Equity Scheme - ELSS,2022-01-27,75.3274
120503,Axis ELSS Tax Saver Fund - Direct Plan - Growth Option,Axis Mutual Fund,Equity Scheme - ELSS,2022-01-28,75.6428
120503,Axis ELSS Tax Saver Fund - Direct Plan - Growth Option,Axis Mutual Fund,Equity Scheme - ELSS,2022-01-31,76.8741
120503,Axis ELSS Tax Saver Fund - Direct Plan - Growth Option,Axis Mutual Fund,Equity Scheme - ELSS,2022-02-01,77.887
120503,Axis ELSS Tax Saver Fund - Direct Plan - Growth Option,Axis Mutual Fund,Equity Scheme - ELSS,2022-02-02,79.1057
120503,Axis ELSS Tax Saver Fund - Direct Plan - Growth Option,Axis Mutual Fund,Equity Scheme - ELSS,2022-02-03,78.1087
120503,Axis ELSS Tax Saver Fund - Direct Plan - Growth Option,Axis Mutual Fund,Equity Scheme - ELSS,2022-02-04,78.1271
120503,Axis ELSS Tax Saver Fund - Direct Plan - Growth Option,Axis Mutual Fund,Equity Scheme - ELSS,2022-02-07,76.5225
120503,Axis ELSS Tax Saver Fund - Direct Plan - Growth Option,Axis Mutual Fund,Equity Scheme - ELSS,2022-02-08,76.2751
120503,Axis ELSS Tax Saver Fund - Direct Plan - Growth Option,Axis Mutual Fund,Equity Scheme - ELSS,2022-02-09,77.128
120503,Axis ELSS Tax Saver Fund - Direct Plan - Growth Option,Axis Mutual Fund,Equity Scheme - ELSS,2022-02-10,77.5656
120503,Axis ELSS Tax Saver Fund - Direct Plan - Growth Option,Axis Mutual Fund,Equity Scheme - ELSS,2022-02-11,76.053
120503,Axis ELSS Tax Saver Fund - Direct Plan - Growth Option,Axis Mutual Fund,Equity Scheme - ELSS,2022-02-14,74.1305
120503,Axis ELSS Tax Saver Fund - Direct Plan - Growth Option,Axis Mutual Fund,Equity Scheme - ELSS,2022-02-15,76.0554
120503,Axis ELSS Tax Saver Fund - Direct Plan - Growth Option,Axis Mutual Fund,Equity Scheme - ELSS,2022-02-16,75.8994
120503,Axis ELSS Tax Saver Fund - Direct Plan - Growth Option,Axis Mutual Fund,Equity Scheme - ELSS,2022-02-17,75.8591
120503,Axis ELSS Tax Saver Fund - Direct Plan - Growth Option,Axis Mutual Fund,Equity Scheme - ELSS,2022-02-18,75.2152
120503,Axis ELSS Tax Saver Fund - Direct Plan - Growth Option,Axis Mutual Fund,Equity Scheme - ELSS,2022-02-21,74.9357
120503,Axis ELSS Tax Saver Fund - Direct Plan - Growth Option,Axis Mutual Fund,Equity Scheme - ELSS,2022-02-22,74.6777
120503,Axis ELSS Tax Saver Fund - Direct Plan - Growth Option,Axis Mutual Fund,Equity Scheme - ELSS,2022-02-23,74.8289
120503,Axis ELSS Tax Saver Fund - Direct Plan - Growth Option,Axis Mutual Fund,Equity Scheme - ELSS,2022-02-24,71.3778
120503,Axis ELSS Tax Saver Fund - Direct Plan - Growth Option,Axis Mutual Fund,Equity Scheme - ELSS,2022-02-25,73.9328
120503,Axis ELSS Tax Saver Fund - Direct Plan - Growth Option,Axis Mutual Fund,Equity Scheme - ELSS,2022-02-28,74.4883
120503,Axis ELSS Tax Saver Fund - Direct Plan - Growth Option,Axis Mutual Fund,Equity Scheme - ELSS,2022-03-02,73.8204
120503,Axis ELSS Tax Saver Fund - Direct Plan - Growth Option,Axis Mutual Fund,Equity Scheme - ELSS,2022-03-03,73.3142
120503,Axis ELSS Tax Saver Fund - Direct Plan - Growth Option,Axis Mutual Fund,Equity Scheme - ELSS,2022-03-04,71.6986
120503,Axis ELSS Tax Saver Fund - Direct Plan - Growth Option,Axis Mutual Fund,Equity Scheme - ELSS,2022-03-07,69.7358
120503,Axis ELSS Tax Saver Fund - Direct Plan - Growth Option,Axis Mutual Fund,Equity Scheme - ELSS,2022-03-08,70.6214
120503,Axis ELSS Tax Saver Fund - Direct Plan - Growth Option,Axis Mutual Fund,Equity Scheme - ELSS,2022-03-09,71.7508
120503,Axis ELSS Tax Saver Fund - Direct Plan - Growth Option,Axis Mutual Fund,Equity Scheme - ELSS,2022-03-10,73.0061
120503,Axis ELSS Tax Saver Fund - Direct Plan - Growth Option,Axis Mutual Fund,Equity Scheme - ELSS,2022-03-11,73.1308
120503,Axis ELSS Tax Saver Fund - Direct Plan - Growth Option,Axis Mutual Fund,Equity Scheme - ELSS,2022-03-14,73.5318
120503,Axis ELSS Tax Saver Fund - Direct Plan - Growth Option,Axis Mutual Fund,Equity Scheme - ELSS,2022-03-15,73.1899
120503,Axis ELSS Tax Saver Fund - Direct Plan - Growth Option,Axis Mutual Fund,Equity Scheme - ELSS,2022-03-16,74.358
120503,Axis ELSS Tax Saver Fund - Direct Plan - Growth Option,Axis Mutual Fund,Equity Scheme - ELSS,2022-03-17,75.7167
120503,Axis ELSS Tax Saver Fund - Direct Plan - Growth Option,Axis Mutual Fund,Equity Scheme - ELSS,2022-03-21,74.8165
120503,Axis ELSS Tax Saver Fund - Direct Plan - Growth Option,Axis Mutual Fund,Equity Scheme - ELSS,2022-03-22,75.2075
120503,Axis ELSS Tax Saver Fund - Direct Plan - Growth Option,Axis Mutual Fund,Equity Scheme - ELSS,2022-03-23,75.0377
120503,Axis ELSS Tax Saver Fund - Direct Plan - Growth Option,Axis Mutual Fund,Equity Scheme - ELSS,2022-03-24,74.6781
120503,Axis ELSS Tax Saver Fund - Direct Plan - Growth Option,Axis Mutual Fund,Equity Scheme - ELSS,2022-03-25,74.332
120503,Axis ELSS Tax Saver Fund - Direct Plan - Growth Option,Axis Mutual Fund,Equity Scheme - ELSS,2022-03-28,74.1641
120503,Axis ELSS Tax Saver Fund - Direct Plan - Growth Option,Axis Mutual Fund,Equity Scheme - ELSS,2022-03-29,74.6649
120503,Axis ELSS Tax Saver Fund - Direct Plan - Growth Option,Axis Mutual Fund,Equity Scheme - ELSS,2022-03-30,75.6682
120503,Axis ELSS Tax Saver Fund - Direct Plan - Growth Option,Axis Mutual Fund,Equity Scheme - ELSS,2022-03-31,75.5061
120503,Axis ELSS Tax Saver Fund - Direct Plan - Growth Option,Axis Mutual Fund,Equity Scheme - ELSS,2022-04-01,76.3631
120503,Axis ELSS Tax Saver Fund - Direct Plan - Growth Option,Axis Mutual Fund,Equity Scheme - ELSS,2022-04-04,77.7401
120503,Axis ELSS Tax Saver Fund - Direct Plan - Growth Option,Axis Mutual Fund,Equity Scheme - ELSS,2022-04-05,77.8618
120503,Axis ELSS Tax Saver Fund - Direct Plan - Growth Option,Axis Mutual Fund,Equity Scheme - ELSS,2022-04-06,77.2841
120503,Axis ELSS Tax Saver Fund - Direct Plan - Growth Option,Axis Mutual Fund,Equity Scheme - ELSS,2022-04-07,76.7796
120503,Axis ELSS Tax Saver Fund - Direct Plan - Growth Option,Axis Mutual Fund,Equity Scheme - ELSS,2022-04-08,77.5007
120503,Axis ELSS Tax Saver Fund - Direct Plan - Growth Option,Axis Mutual Fund,Equity Scheme - ELSS,2022-04-11,77.4023
120503,Axis ELSS Tax Saver Fund - Direct Plan - Growth Option,Axis Mutual Fund,Equity Scheme - ELSS,2022-04-12,76.6442
120503,Axis ELSS Tax Saver Fund - Direct Plan - Growth Option,Axis Mutual Fund,Equity Scheme - ELSS,2022-04-13,76.3584
120503,Axis ELSS Tax Saver Fund - Direct Plan - Growth Option,Axis Mutual Fund,Equity Scheme - ELSS,2022-04-18,75.4011
120503,Axis ELSS Tax Saver Fund - Direct Plan - Growth Option,Axis Mutual Fund,Equity Scheme - ELSS,2022-04-19,74.1182
120503,Axis ELSS Tax Saver Fund - Direct Plan - Growth Option,Axis Mutual Fund,Equity Scheme - ELSS,2022-04-20,74.5345
120503,Axis ELSS Tax Saver Fund - Direct Plan - Growth Option,Axis Mutual Fund,Equity Scheme - ELSS,2022-04-21,75.4805
120503,Axis ELSS Tax Saver Fund - Direct Plan - Growth Option,Axis Mutual Fund,Equity Scheme - ELSS,2022-04-22,75.0345
120503,Axis ELSS Tax Saver Fund - Direct Plan - Growth Option,Axis Mutual Fund,Equity Scheme - ELSS,2022-04-25,74.1743
120503,Axis ELSS Tax Saver Fund - Direct Plan - Growth Option,Axis Mutual Fund,Equity Scheme - ELSS,2022-04-26,75.2145
120503,Axis ELSS Tax Saver Fund - Direct Plan - Growth Option,Axis Mutual Fund,Equity Scheme - ELSS,2022-04-27,73.9744
120503,Axis ELSS Tax Saver Fund - Direct Plan - Growth Option,Axis Mutual Fund,Equity Scheme - ELSS,2022-04-28,74.7458
120503,Axis ELSS Tax Saver Fund - Direct Plan - Growth Option,Axis Mutual Fund,Equity Scheme - ELSS,2022-04-29,74.2535
120503,Axis ELSS Tax Saver Fund - Direct Plan - Growth Option,Axis Mutual Fund,Equity Scheme - ELSS,2022-05-02,74.1048
120503,Axis ELSS Tax Saver Fund - Direct Plan - Growth Option,Axis Mutual Fund,Equity Scheme - ELSS,2022-05-04,71.9729
120503,Axis ELSS Tax Saver Fund - Direct Plan - Growth Option,Axis Mutual Fund,Equity Scheme - ELSS,2022-05-05,71.8904
120503,Axis ELSS Tax Saver Fund - Direct Plan - Growth Option,Axis Mutual Fund,Equity Scheme - ELSS,2022-05-06,68.9738
120503,Axis ELSS Tax Saver Fund - Direct Plan - Growth Option,Axis Mutual Fund,Equity Scheme - ELSS,2022-05-09,68.3816
120503,Axis ELSS Tax Saver Fund - Direct Plan - Growth Option,Axis Mutual Fund,Equity Scheme - ELSS,2022-05-10,67.7491
120503,Axis ELSS Tax Saver Fund - Direct Plan - Growth Option,Axis Mutual Fund,Equity Scheme - ELSS,2022-05-11,66.8623
120503,Axis ELSS Tax Saver Fund - Direct Plan - Growth Option,Axis Mutual Fund,Equity Scheme - ELSS,2022-05-12,65.4083
120503,Axis ELSS Tax Saver Fund - Direct Plan - Growth Option,Axis Mutual Fund,Equity Scheme - ELSS,2022-05-13,65.4373
120503,Axis ELSS Tax Saver Fund - Direct Plan - Growth Option,Axis Mutual Fund,Equity Scheme - ELSS,2022-05-16,66.2938
120503,Axis ELSS Tax Saver Fund - Direct Plan - Growth Option,Axis Mutual Fund,Equity Scheme - ELSS,2022-05-17,67.8271
120503,Axis ELSS Tax Saver Fund - Direct Plan - Growth Option,Axis Mutual Fund,Equity Scheme - ELSS,2022-05-18,67.772
120503,Axis ELSS Tax Saver Fund - Direct Plan - Growth Option,Axis Mutual Fund,Equity Scheme - ELSS,2022-05-19,65.8496
120503,Axis ELSS Tax Saver Fund - Direct Plan - Growth Option,Axis Mutual Fund,Equity Scheme - ELSS,2022-05-20,66.8472
120503,Axis ELSS Tax Saver Fund - Direct Plan - Growth Option,Axis Mutual Fund,Equity Scheme - ELSS,2022-05-23,66.6512
120503,Axis ELSS Tax Saver Fund - Direct Plan - Growth Option,Axis Mutual Fund,Equity Scheme - ELSS,2022-05-24,66.3628
120503,Axis ELSS Tax Saver Fund - Direct Plan - Growth Option,Axis Mutual Fund,Equity Scheme - ELSS,2022-05-25,65.4557
120503,Axis ELSS Tax Saver Fund - Direct Plan - Growth Option,Axis Mutual Fund,Equity Scheme - ELSS,2022-05-26,66.161
120503,Axis ELSS Tax Saver Fund - Direct Plan - Growth Option,Axis Mutual Fund,Equity Scheme - ELSS,2022-05-27,67.2291
120503,Axis ELSS Tax Saver Fund - Direct Plan - Growth Option,Axis Mutual Fund,Equity Scheme - ELSS,2022-05-30,68.533
120503,Axis ELSS Tax Saver Fund - Direct Plan - Growth Option,Axis Mutual Fund,Equity Scheme - ELSS,2022-05-31,69.1361
120503,Axis ELSS Tax Saver Fund - Direct Plan - Growth Option,Axis Mutual Fund,Equity Scheme - ELSS,2022-06-01,68.8319
120503,Axis ELSS Tax Saver Fund - Direct Plan - Growth Option,Axis Mutual Fund,Equity Scheme - ELSS,2022-06-02,68.8276
120503,Axis ELSS Tax Saver Fund - Direct Plan - Growth Option,Axis Mutual Fund,Equity Scheme - ELSS,2022-06-03,68.0717
120503,Axis ELSS Tax Saver Fund - Direct Plan - Growth Option,Axis Mutual Fund,Equity Scheme - ELSS,2022-06-06,67.548
120503,Axis ELSS Tax Saver Fund - Direct Plan - Growth Option,Axis Mutual Fund,Equity Scheme - ELSS,2022-06-07,66.7412
120503,Axis ELSS Tax Saver Fund - Direct Plan - Growth Option,Axis Mutual Fund,Equity Scheme - ELSS,2022-06-08,66.9337
120503,Axis ELSS Tax Saver Fund - Direct Plan - Growth Option,Axis Mutual Fund,Equity Scheme - ELSS,2022-06-09,67.2604
120503,Axis ELSS Tax Saver Fund - Direct Plan - Growth Option,Axis Mutual Fund,Equity Scheme - ELSS,2022-06-10,66.1339
120503,Axis ELSS Tax Saver Fund - Direct Plan - Growth Option,Axis Mutual Fund,Equity Scheme - ELSS,2022-06-13,64.4339
120503,Axis ELSS Tax Saver Fund - Direct Plan - Growth Option,Axis Mutual Fund,Equity Scheme - ELSS,2022-06-14,64.3993
120503,Axis ELSS Tax Saver Fund - Direct Plan - Growth Option,Axis Mutual Fund,Equity Scheme - ELSS,2022-06-15,64.8568
120503,Axis ELSS Tax Saver Fund - Direct Plan - Growth Option,Axis Mutual Fund,Equity Scheme - ELSS,2022-06-16,63.7459
120503,Axis ELSS Tax Saver Fund - Direct Plan - Growth Option,Axis Mutual Fund,Equity Scheme - ELSS,2022-06-17,62.9852
120503,Axis ELSS Tax Saver Fund - Direct Plan - Growth Option,Axis Mutual Fund,Equity Scheme - ELSS,2022-06-20,63.378
120503,Axis ELSS Tax Saver Fund - Direct Plan - Growth Option,Axis Mutual Fund,Equity Scheme - ELSS,2022-06-21,64.4233
120503,Axis ELSS Tax Saver Fund - Direct Plan - Growth Option,Axis Mutual Fund,Equity Scheme - ELSS,2022-06-22,63.7074
120503,Axis ELSS Tax Saver Fund - Direct Plan - Growth Option,Axis Mutual Fund,Equity Scheme - ELSS,2022-06-23,64.47
120503,Axis ELSS Tax Saver Fund - Direct Plan - Growth Option,Axis Mutual Fund,Equity Scheme - ELSS,2022-06-24,65.2431
120503,Axis ELSS Tax Saver Fund - Direct Plan - Growth Option,Axis Mutual Fund,Equity Scheme - ELSS,2022-06-27,65.5288
120503,Axis ELSS Tax Saver Fund - Direct Plan - Growth Option,Axis Mutual Fund,Equity Scheme - ELSS,2022-06-28,65.4275
120503,Axis ELSS Tax Saver Fund - Direct Plan - Growth Option,Axis Mutual Fund,Equity Scheme - ELSS,2022-06-29,64.8133
120503,Axis ELSS Tax Saver Fund - Direct Plan - Growth Option,Axis Mutual Fund,Equity Scheme - ELSS,2022-06-30,64.3604
120503,Axis ELSS Tax Saver Fund - Direct Plan - Growth Option,Axis Mutual Fund,Equity Scheme - ELSS,2022-07-01,65.0877
120503,Axis ELSS Tax Saver Fund - Direct Plan - Growth Option,Axis Mutual Fund,Equity Scheme - ELSS,2022-07-04,65.6105
120503,Axis ELSS Tax Saver Fund - Direct Plan - Growth Option,Axis Mutual Fund,Equity Scheme - ELSS,2022-07-05,65.7151
120503,Axis ELSS Tax Saver Fund - Direct Plan - Growth Option,Axis Mutual Fund,Equity Scheme - ELSS,2022-07-06,67.1482
120503,Axis ELSS Tax Saver Fund - Direct Plan - Growth Option,Axis Mutual Fund,Equity Scheme - ELSS,2022-07-07,67.537
120503,Axis ELSS Tax Saver Fund - Direct Plan - Growth Option,Axis Mutual Fund,Equity Scheme - ELSS,2022-07-08,67.7009
120503,Axis ELSS Tax Saver Fund - Direct Plan - Growth Option,Axis Mutual Fund,Equity Scheme - ELSS,2022-07-11,67.7432
120503,Axis ELSS Tax Saver Fund - Direct Plan - Growth Option,Axis Mutual Fund,Equity Scheme - ELSS,2022-07-12,66.9495
120503,Axis ELSS Tax Saver Fund - Direct Plan - Growth Option,Axis Mutual Fund,Equity Scheme - ELSS,2022-07-13,67.1057
120503,Axis ELSS Tax Saver Fund - Direct Plan - Growth Option,Axis Mutual Fund,Equity Scheme - ELSS,2022-07-14,67.0015
120503,Axis ELSS Tax Saver Fund - Direct Plan - Growth Option,Axis Mutual Fund,Equity Scheme - ELSS,2022-07-15,67.5691
120503,Axis ELSS Tax Saver Fund - Direct Plan - Growth Option,Axis Mutual Fund,Equity Scheme - ELSS,2022-07-18,68.6155
120503,Axis ELSS Tax Saver Fund - Direct Plan - Growth Option,Axis Mutual Fund,Equity Scheme - ELSS,2022-07-19,68.925
120503,Axis ELSS Tax Saver Fund - Direct Plan - Growth Option,Axis Mutual Fund,Equity Scheme - ELSS,2022-07-20,69.1252
120503,Axis ELSS Tax Saver Fund - Direct Plan - Growth Option,Axis Mutual Fund,Equity Scheme - ELSS,2022-07-21,69.9609
120503,Axis ELSS Tax Saver Fund - Direct Plan - Growth Option,Axis Mutual Fund,Equity Scheme - ELSS,2022-07-22,69.9601
120503,Axis ELSS Tax Saver Fund - Direct Plan - Growth Option,Axis Mutual Fund,Equity Scheme - ELSS,2022-07-25,69.7673
120503,Axis ELSS Tax Saver Fund - Direct Plan - Growth Option,Axis Mutual Fund,Equity Scheme - ELSS,2022-07-26,69.1326
120503,Axis ELSS Tax Saver Fund - Direct Plan - Growth Option,Axis Mutual Fund,Equity Scheme - ELSS,2022-07-27,69.8525
120503,Axis ELSS Tax Saver Fund - Direct Plan - Growth Option,Axis Mutual Fund,Equity Scheme - ELSS,2022-07-28,71.9063
120503,Axis ELSS Tax Saver Fund - Direct Plan - Growth Option,Axis Mutual Fund,Equity Scheme - ELSS,2022-07-29,72.9947
120503,Axis ELSS Tax Saver Fund - Direct Plan - Growth Option,Axis Mutual Fund,Equity Scheme - ELSS,2022-08-01,73.7095
120503,Axis ELSS Tax Saver Fund - Direct Plan - Growth Option,Axis Mutual Fund,Equity Scheme - ELSS,2022-08-02,74.0304
120503,Axis ELSS Tax Saver Fund - Direct Plan - Growth Option,Axis Mutual Fund,Equity Scheme - ELSS,2022-08-03,73.8828
120503,Axis ELSS Tax Saver Fund - Direct Plan - Growth Option,Axis Mutual Fund,Equity Scheme - ELSS,2022-08-04,74.2272
120503,Axis ELSS Tax Saver Fund - Direct Plan - Growth Option,Axis Mutual Fund,Equity Scheme - ELSS,2022-08-05,74.6044
120503,Axis ELSS Tax Saver Fund - Direct Plan - Growth Option,Axis Mutual Fund,Equity Scheme - ELSS,2022-08-08,74.8976
120503,Axis ELSS Tax Saver Fund - Direct Plan - Growth Option,Axis Mutual Fund,Equity Scheme - ELSS,2022-08-10,74.4544
120503,Axis ELSS Tax Saver Fund - Direct Plan - Growth Option,Axis Mutual Fund,Equity Scheme - ELSS,2022-08-11,75.3237
120503,Axis ELSS Tax Saver Fund - Direct Plan - Growth Option,Axis Mutual Fund,Equity Scheme - ELSS,2022-08-12,75.3228
120503,Axis ELSS Tax Saver Fund - Direct Plan - Growth Option,Axis Mutual Fund,Equity Scheme - ELSS,2022-08-16,75.8512
120503,Axis ELSS Tax Saver Fund - Direct Plan - Growth Option,Axis Mutual Fund,Equity Scheme - ELSS,2022-08-17,76.5286
120503,Axis ELSS Tax Saver Fund - Direct Plan - Growth Option,Axis Mutual Fund,Equity Scheme - ELSS,2022-08-18,76.6729
120503,Axis ELSS Tax Saver Fund - Direct Plan - Growth Option,Axis Mutual Fund,Equity Scheme - ELSS,2022-08-19,75.7918
120503,Axis ELSS Tax Saver Fund - Direct Plan - Growth Option,Axis Mutual Fund,Equity Scheme - ELSS,2022-08-22,74.4093
120503,Axis ELSS Tax Saver Fund - Direct Plan - Growth Option,Axis Mutual Fund,Equity Scheme - ELSS,2022-08-23,74.7255
120503,Axis ELSS Tax Saver Fund - Direct Plan - Growth Option,Axis Mutual Fund,Equity Scheme - ELSS,2022-08-24,75.1045
120503,Axis ELSS Tax Saver Fund - Direct Plan - Growth Option,Axis Mutual Fund,Equity Scheme - ELSS,2022-08-25,74.9546
120503,Axis ELSS Tax Saver Fund - Direct Plan - Growth Option,Axis Mutual Fund,Equity Scheme - ELSS,2022-08-26,75.2754
120503,Axis ELSS Tax Saver Fund - Direct Plan - Growth Option,Axis Mutual Fund,Equity Scheme - ELSS,2022-08-29,74.3321
120503,Axis ELSS Tax Saver Fund - Direct Plan - Growth Option,Axis Mutual Fund,Equity Scheme - ELSS,2022-08-30,76.2211
120503,Axis ELSS Tax Saver Fund - Direct Plan - Growth Option,Axis Mutual Fund,Equity Scheme - ELSS,2022-09-01,76.0456
120503,Axis ELSS Tax Saver Fund - Direct Plan - Growth Option,Axis Mutual Fund,Equity Scheme - ELSS,2022-09-02,76.2954
120503,Axis ELSS Tax Saver Fund - Direct Plan - Growth Option,Axis Mutual Fund,Equity Scheme - ELSS,2022-09-05,76.3428
120503,Axis ELSS Tax Saver Fund - Direct Plan - Growth Option,Axis Mutual Fund,Equity Scheme - ELSS,2022-09-06,75.9521
120503,Axis ELSS Tax Saver Fund - Direct Plan - Growth Option,Axis Mutual Fund,Equity Scheme - ELSS,2022-09-07,76.0521
120503,Axis ELSS Tax Saver Fund - Direct Plan - Growth Option,Axis Mutual Fund,Equity Scheme - ELSS,2022-09-08,76.6277
120503,Axis ELSS Tax Saver Fund - Direct Plan - Growth Option,Axis Mutual Fund,Equity Scheme - ELSS,2022-09-09,76.641
120503,Axis ELSS Tax Saver Fund - Direct Plan - Growth Option,Axis Mutual Fund,Equity Scheme - ELSS,2022-09-12,76.9253
120503,Axis ELSS Tax Saver Fund - Direct Plan - Growth Option,Axis Mutual Fund,Equity Scheme - ELSS,2022-09-13,77.3455
120503,Axis ELSS Tax Saver Fund - Direct Plan - Growth Option,Axis Mutual Fund,Equity Scheme - ELSS,2022-09-14,77.092
120503,Axis ELSS Tax Saver Fund - Direct Plan - Growth Option,Axis Mutual Fund,Equity Scheme - ELSS,2022-09-15,76.9184
120503,Axis ELSS Tax Saver Fund - Direct Plan - Growth Option,Axis Mutual Fund,Equity Scheme - ELSS,2022-09-16,74.951
120503,Axis ELSS Tax Saver Fund - Direct Plan - Growth Option,Axis Mutual Fund,Equity Scheme - ELSS,2022-09-19,75.4771
120503,Axis ELSS Tax Saver Fund - Direct Plan - Growth Option,Axis Mutual Fund,Equity Scheme - ELSS,2022-09-20,76.1536
120503,Axis ELSS Tax Saver Fund - Direct Plan - Growth Option,Axis Mutual Fund,Equity Scheme - ELSS,2022-09-21,75.5546
120503,Axis ELSS Tax Saver Fund - Direct Plan - Growth Option,Axis Mutual Fund,Equity Scheme - ELSS,2022-09-22,75.5508
120503,Axis ELSS Tax Saver Fund - Direct Plan - Growth Option,Axis Mutual Fund,Equity Scheme - ELSS,2022-09-23,74.1328
120503,Axis ELSS Tax Saver Fund - Direct Plan - Growth Option,Axis Mutual Fund,Equity Scheme - ELSS,2022-09-26,72.7149
120503,Axis ELSS Tax Saver Fund - Direct Plan - Growth Option,Axis Mutual Fund,Equity Scheme - ELSS,2022-09-27,72.7936
120503,Axis ELSS Tax Saver Fund - Direct Plan - Growth Option,Axis Mutual Fund,Equity Scheme - ELSS,2022-09-28,72.5238
120503,Axis ELSS Tax Saver Fund - Direct Plan - Growth Option,Axis Mutual Fund,Equity Scheme - ELSS,2022-09-29,72.1439
120503,Axis ELSS Tax Saver Fund - Direct Plan - Growth Option,Axis Mutual Fund,Equity Scheme - ELSS,2022-09-30,73.174
120503,Axis ELSS Tax Saver Fund - Direct Plan - Growth Option,Axis Mutual Fund,Equity Scheme - ELSS,2022-10-03,72.5115
120503,Axis ELSS Tax Saver Fund - Direct Plan - Growth Option,Axis Mutual Fund,Equity Scheme - ELSS,2022-10-04,74.1916
120503,Axis ELSS Tax Saver Fund - Direct Plan - Growth Option,Axis Mutual Fund,Equity Scheme - ELSS,2022-10-06,74.0728
120503,Axis ELSS Tax Saver Fund - Direct Plan - Growth Option,Axis Mutual Fund,Equity Scheme - ELSS,2022-10-07,73.8803
120503,Axis ELSS Tax Saver Fund - Direct Plan - Growth Option,Axis Mutual Fund,Equity Scheme - ELSS,2022-10-10,73.3259
120503,Axis ELSS Tax Saver Fund - Direct Plan - Growth Option,Axis Mutual Fund,Equity Scheme - ELSS,2022-10-11,72.1344
120503,Axis ELSS Tax Saver Fund - Direct Plan - Growth Option,Axis Mutual Fund,Equity Scheme - ELSS,2022-10-12,72.7405
120503,Axis ELSS Tax Saver Fund - Direct Plan - Growth Option,Axis Mutual Fund,Equity Scheme - ELSS,2022-10-13,72.2693
120503,Axis ELSS Tax Saver Fund - Direct Plan - Growth Option,Axis Mutual Fund,Equity Scheme - ELSS,2022-10-14,72.6922
120503,Axis ELSS Tax Saver Fund - Direct Plan - Growth Option,Axis Mutual Fund,Equity Scheme - ELSS,2022-10-17,72.939
120503,Axis ELSS Tax Saver Fund - Direct Plan - Growth Option,Axis Mutual Fund,Equity Scheme - ELSS,2022-10-18,73.3122
120503,Axis ELSS Tax Saver Fund - Direct Plan - Growth Option,Axis Mutual Fund,Equity Scheme - ELSS,2022-10-19,73.525
120503,Axis ELSS Tax Saver Fund - Direct Plan - Growth Option,Axis Mutual Fund,Equity Scheme - ELSS,2022-10-20,74.0023
120503,Axis ELSS Tax Saver Fund - Direct Plan - Growth Option,Axis Mutual Fund,Equity Scheme - ELSS,2022-10-21,73.1574
120503,Axis ELSS Tax Saver Fund - Direct Plan - Growth Option,Axis Mutual Fund,Equity Scheme - ELSS,2022-10-25,73.2124
120503,Axis ELSS Tax Saver Fund - Direct Plan - Growth Option,Axis Mutual Fund,Equity Scheme - ELSS,2022-10-27,73.0833
120503,Axis ELSS Tax Saver Fund - Direct Plan - Growth Option,Axis Mutual Fund,Equity Scheme - ELSS,2022-10-28,73.0108
120503,Axis ELSS Tax Saver Fund - Direct Plan - Growth Option,Axis Mutual Fund,Equity Scheme - ELSS,2022-10-31,73.9984
120503,Axis ELSS Tax Saver Fund - Direct Plan - Growth Option,Axis Mutual Fund,Equity Scheme - ELSS,2022-11-01,74.829
120503,Axis ELSS Tax Saver Fund - Direct Plan - Growth Option,Axis Mutual Fund,Equity Scheme - ELSS,2022-11-02,74.5626
120503,Axis ELSS Tax Saver Fund - Direct Plan - Growth Option,Axis Mutual Fund,Equity Scheme - ELSS,2022-11-03,74.4512
120503,Axis ELSS Tax Saver Fund - Direct Plan - Growth Option,Axis Mutual Fund,Equity Scheme - ELSS,2022-11-04,74.6355
120503,Axis ELSS Tax Saver Fund - Direct Plan - Growth Option,Axis Mutual Fund,Equity Scheme - ELSS,2022-11-07,74.3683
120503,Axis ELSS Tax Saver Fund - Direct Plan - Growth Option,Axis Mutual Fund,Equity Scheme - ELSS,2022-11-09,74.0695
120503,Axis ELSS Tax Saver Fund - Direct Plan - Growth Option,Axis Mutual Fund,Equity Scheme - ELSS,2022-11-10,73.2877
120503,Axis ELSS Tax Saver Fund - Direct Plan - Growth Option,Axis Mutual Fund,Equity Scheme - ELSS,2022-11-11,74.2379
120503,Axis ELSS Tax Saver Fund - Direct Plan - Growth Option,Axis Mutual Fund,Equity Scheme - ELSS,2022-11-14,74.4336
120503,Axis ELSS Tax Saver Fund - Direct Plan - Growth Option,Axis Mutual Fund,Equity Scheme - ELSS,2022-11-15,74.2266
120503,Axis ELSS Tax Saver Fund - Direct Plan - Growth Option,Axis Mutual Fund,Equity Scheme - ELSS,2022-11-16,73.9799
120503,Axis ELSS Tax Saver Fund - Direct Plan - Growth Option,Axis Mutual Fund,Equity Scheme - ELSS,2022-11-17,73.3032
120503,Axis ELSS Tax Saver Fund - Direct Plan - Growth Option,Axis Mutual Fund,Equity Scheme - ELSS,2022-11-18,73.0331
120503,Axis ELSS Tax Saver Fund - Direct Plan - Growth Option,Axis Mutual Fund,Equity Scheme - ELSS,2022-11-21,72.5227
120503,Axis ELSS Tax Saver Fund - Direct Plan - Growth Option,Axis Mutual Fund,Equity Scheme - ELSS,2022-11-22,72.8393
120503,Axis ELSS Tax Saver Fund - Direct Plan - Growth Option,Axis Mutual Fund,Equity Scheme - ELSS,2022-11-23,73.0808
120503,Axis ELSS Tax Saver Fund - Direct Plan - Growth Option,Axis Mutual Fund,Equity Scheme - ELSS,2022-11-24,73.4842
120503,Axis ELSS Tax Saver Fund - Direct Plan - Growth Option,Axis Mutual Fund,Equity Scheme - ELSS,2022-11-25,73.4058
120503,Axis ELSS Tax Saver Fund - Direct Plan - Growth Option,Axis Mutual Fund,Equity Scheme - ELSS,2022-11-28,73.7588
120503,Axis ELSS Tax Saver Fund - Direct Plan - Growth Option,Axis Mutual Fund,Equity Scheme - ELSS,2022-11-29,73.8042
120503,Axis ELSS Tax Saver Fund - Direct Plan - Growth Option,Axis Mutual Fund,Equity Scheme - ELSS,2022-11-30,74.3607
120503,Axis ELSS Tax Saver Fund - Direct Plan - Growth Option,Axis Mutual Fund,Equity Scheme - ELSS,2022-12-01,74.7124
120503,Axis ELSS Tax Saver Fund - Direct Plan - Growth Option,Axis Mutual Fund,Equity Scheme - ELSS,2022-12-02,74.5548
120503,Axis ELSS Tax Saver Fund - Direct Plan - Growth Option,Axis Mutual Fund,Equity Scheme - ELSS,2022-12-05,74.5897
120503,Axis ELSS Tax Saver Fund - Direct Plan - Growth Option,Axis Mutual Fund,Equity Scheme - ELSS,2022-12-06,74.5749
120503,Axis ELSS Tax Saver Fund - Direct Plan - Growth Option,Axis Mutual Fund,Equity Scheme - ELSS,2022-12-07,74.2084
120503,Axis ELSS Tax Saver Fund - Direct Plan - Growth Option,Axis Mutual Fund,Equity Scheme - ELSS,2022-12-08,74.0809
120503,Axis ELSS Tax Saver Fund - Direct Plan - Growth Option,Axis Mutual Fund,Equity Scheme - ELSS,2022-12-09,73.7258
120503,Axis ELSS Tax Saver Fund - Direct Plan - Growth Option,Axis Mutual Fund,Equity Scheme - ELSS,2022-12-12,73.8144
120503,Axis ELSS Tax Saver Fund - Direct Plan - Growth Option,Axis Mutual Fund,Equity Scheme - ELSS,2022-12-13,74.2943
120503,Axis ELSS Tax Saver Fund - Direct Plan - Growth Option,Axis Mutual Fund,Equity Scheme - ELSS,2022-12-14,74.7981
120503,Axis ELSS Tax Saver Fund - Direct Plan - Growth Option,Axis Mutual Fund,Equity Scheme - ELSS,2022-12-15,74.0003
120503,Axis ELSS Tax Saver Fund - Direct Plan - Growth Option,Axis Mutual Fund,Equity Scheme - ELSS,2022-12-16,73.0535
120503,Axis ELSS Tax Saver Fund - Direct Plan - Growth Option,Axis Mutual Fund,Equity Scheme - ELSS,2022-12-19,73.7565
120503,Axis ELSS Tax Saver Fund - Direct Plan - Growth Option,Axis Mutual Fund,Equity Scheme - ELSS,2022-12-20,73.6085
120503,Axis ELSS Tax Saver Fund - Direct Plan - Growth Option,Axis Mutual Fund,Equity Scheme - ELSS,2022-12-21,72.9939
120503,Axis ELSS Tax Saver Fund - Direct Plan - Growth Option,Axis Mutual Fund,Equity Scheme - ELSS,2022-12-22,72.4265
120503,Axis ELSS Tax Saver Fund - Direct Plan - Growth Option,Axis Mutual Fund,Equity Scheme - ELSS,2022-12-23,70.9687
120503,Axis ELSS Tax Saver Fund - Direct Plan - Growth Option,Axis Mutual Fund,Equity Scheme - ELSS,2022-12-26,71.8064
120503,Axis ELSS Tax Saver Fund - Direct Plan - Growth Option,Axis Mutual Fund,Equity Scheme - ELSS,2022-12-27,72.2696
120503,Axis ELSS Tax Saver Fund - Direct Plan - Growth Option,Axis Mutual Fund,Equity Scheme - ELSS,2022-12-28,72.239
120503,Axis ELSS Tax Saver Fund - Direct Plan - Growth Option,Axis Mutual Fund,Equity Scheme - ELSS,2022-12-29,72.326
120503,Axis ELSS Tax Saver Fund - Direct Plan - Growth Option,Axis Mutual Fund,Equity Scheme - ELSS,2022-12-30,72.1133
120503,Axis ELSS Tax Saver Fund - Direct Plan - Growth Option,Axis Mutual Fund,Equity Scheme - ELSS,2023-01-02,72.1487
120503,Axis ELSS Tax Saver Fund - Direct Plan - Growth Option,Axis Mutual Fund,Equity Scheme - ELSS,2023-01-03,72.4388
120503,Axis ELSS Tax Saver Fund - Direct Plan - Growth Option,Axis Mutual Fund,Equity Scheme - ELSS,2023-01-04,71.6233
120503,Axis ELSS Tax Saver Fund - Direct Plan - Growth Option,Axis Mutual Fund,Equity Scheme - ELSS,2023-01-05,70.7817
120503,Axis ELSS Tax Saver Fund - Direct Plan - Growth Option,Axis Mutual Fund,Equity Scheme - ELSS,2023-01-06,70.0052
120503,Axis ELSS Tax Saver Fund - Direct Plan - Growth Option,Axis Mutual Fund,Equity Scheme - ELSS,2023-01-09,70.68
120503,Axis ELSS Tax Saver Fund - Direct Plan - Growth Option,Axis Mutual Fund,Equity Scheme - ELSS,2023-01-10,70.3295
120503,Axis ELSS Tax Saver Fund - Direct Plan - Growth Option,Axis Mutual Fund,Equity Scheme - ELSS,2023-01-11,70.0302
120503,Axis ELSS Tax Saver Fund - Direct Plan - Growth Option,Axis Mutual Fund,Equity Scheme - ELSS,2023-01-12,70.1017
120503,Axis ELSS Tax Saver Fund - Direct Plan - Growth Option,Axis Mutual Fund,Equity Scheme - ELSS,2023-01-13,70.263
120503,Axis ELSS Tax Saver Fund - Direct Plan - Growth Option,Axis Mutual Fund,Equity Scheme - ELSS,2023-01-16,69.659
120503,Axis ELSS Tax Saver Fund - Direct Plan - Growth Option,Axis Mutual Fund,Equity Scheme - ELSS,2023-01-17,69.8692
120503,Axis ELSS Tax Saver Fund - Direct Plan - Growth Option,Axis Mutual Fund,Equity Scheme - ELSS,2023-01-18,70.0482
120503,Axis ELSS Tax Saver Fund - Direct Plan - Growth Option,Axis Mutual Fund,Equity Scheme - ELSS,2023-01-19,69.4972
120503,Axis ELSS Tax Saver Fund - Direct Plan - Growth Option,Axis Mutual Fund,Equity Scheme - ELSS,2023-01-20,69.0239
120503,Axis ELSS Tax Saver Fund - Direct Plan - Growth Option,Axis Mutual Fund,Equity Scheme - ELSS,2023-01-23,69.3624
120503,Axis ELSS Tax Saver Fund - Direct Plan - Growth Option,Axis Mutual Fund,Equity Scheme - ELSS,2023-01-24,69.2382
120503,Axis ELSS Tax Saver Fund - Direct Plan - Growth Option,Axis Mutual Fund,Equity Scheme - ELSS,2023-01-25,68.4487
120503,Axis ELSS Tax Saver Fund - Direct Plan - Growth Option,Axis Mutual Fund,Equity Scheme - ELSS,2023-01-27,68.0593
120503,Axis ELSS Tax Saver Fund - Direct Plan - Growth Option,Axis Mutual Fund,Equity Scheme - ELSS,2023-01-30,68.4819
120503,Axis ELSS Tax Saver Fund - Direct Plan - Growth Option,Axis Mutual Fund,Equity Scheme - ELSS,2023-01-31,68.3442
120503,Axis ELSS Tax Saver Fund - Direct Plan - Growth Option,Axis Mutual Fund,Equity Scheme - ELSS,2023-02-01,68.5751
120503,Axis ELSS Tax Saver Fund - Direct Plan - Growth Option,Axis Mutual Fund,Equity Scheme - ELSS,2023-02-02,68.5272
120503,Axis ELSS Tax Saver Fund - Direct Plan - Growth Option,Axis Mutual Fund,Equity Scheme - ELSS,2023-02-03,68.936
120503,Axis ELSS Tax Saver Fund - Direct Plan - Growth Option,Axis Mutual Fund,Equity Scheme - ELSS,2023-02-06,68.7995
120503,Axis ELSS Tax Saver Fund - Direct Plan - Growth Option,Axis Mutual Fund,Equity Scheme - ELSS,2023-02-07,68.8848
120503,Axis ELSS Tax Saver Fund - Direct Plan - Growth Option,Axis Mutual Fund,Equity Scheme - ELSS,2023-02-08,69.6656
120503,Axis ELSS Tax Saver Fund - Direct Plan - Growth Option,Axis Mutual Fund,Equity Scheme - ELSS,2023-02-09,69.8143
120503,Axis ELSS Tax Saver Fund - Direct Plan - Growth Option,Axis Mutual Fund,Equity Scheme - ELSS,2023-02-10,69.8154
120503,Axis ELSS Tax Saver Fund - Direct Plan - Growth Option,Axis Mutual Fund,Equity Scheme - ELSS,2023-02-13,68.9661
120503,Axis ELSS Tax Saver Fund - Direct Plan - Growth Option,Axis Mutual Fund,Equity Scheme - ELSS,2023-02-14,69.1866
120503,Axis ELSS Tax Saver Fund - Direct Plan - Growth Option,Axis Mutual Fund,Equity Scheme - ELSS,2023-02-15,70.0632
120503,Axis ELSS Tax Saver Fund - Direct Plan - Growth Option,Axis Mutual Fund,Equity Scheme - ELSS,2023-02-16,70.5816
120503,Axis ELSS Tax Saver Fund - Direct Plan - Growth Option,Axis Mutual Fund,Equity Scheme - ELSS,2023-02-17,70.0019
120503,Axis ELSS Tax Saver Fund - Direct Plan - Growth Option,Axis Mutual Fund,Equity Scheme - ELSS,2023-02-20,69.9459
120503,Axis ELSS Tax Saver Fund - Direct Plan - Growth Option,Axis Mutual Fund,Equity Scheme - ELSS,2023-02-21,69.9427
120503,Axis ELSS Tax Saver Fund - Direct Plan - Growth Option,Axis Mutual Fund,Equity Scheme - ELSS,2023-02-22,68.9248
120503,Axis ELSS Tax Saver Fund - Direct Plan - Growth Option,Axis Mutual Fund,Equity Scheme - ELSS,2023-02-23,68.7063
120503,Axis ELSS Tax Saver Fund - Direct Plan - Growth Option,Axis Mutual Fund,Equity Scheme - ELSS,2023-02-24,68.7126
120503,Axis ELSS Tax Saver Fund - Direct Plan - Growth Option,Axis Mutual Fund,Equity Scheme - ELSS,2023-02-27,68.4824
120503,Axis ELSS Tax Saver Fund - Direct Plan - Growth Option,Axis Mutual Fund,Equity Scheme - ELSS,2023-02-28,68.3805
120503,Axis ELSS Tax Saver Fund - Direct Plan - Growth Option,Axis Mutual Fund,Equity Scheme - ELSS,2023-03-01,68.9211
120503,Axis ELSS Tax Saver Fund - Direct Plan - Growth Option,Axis Mutual Fund,Equity Scheme - ELSS,2023-03-02,68.5425
120503,Axis ELSS Tax Saver Fund - Direct Plan - Growth Option,Axis Mutual Fund,Equity Scheme - ELSS,2023-03-03,68.7209
120503,Axis ELSS Tax Saver Fund - Direct Plan - Growth Option,Axis Mutual Fund,Equity Scheme - ELSS,2023-03-06,69.1585
120503,Axis ELSS Tax Saver Fund - Direct Plan - Growth Option,Axis Mutual Fund,Equity Scheme - ELSS,2023-03-08,69.0308
120503,Axis ELSS Tax Saver Fund - Direct Plan - Growth Option,Axis Mutual Fund,Equity Scheme - ELSS,2023-03-09,68.4496
120503,Axis ELSS Tax Saver Fund - Direct Plan - Growth Option,Axis Mutual Fund,Equity Scheme - ELSS,2023-03-10,67.9665
120503,Axis ELSS Tax Saver Fund - Direct Plan - Growth Option,Axis Mutual Fund,Equity Scheme - ELSS,2023-03-13,67.0393
120503,Axis ELSS Tax Saver Fund - Direct Plan - Growth Option,Axis Mutual Fund,Equity Scheme - ELSS,2023-03-14,66.4865
120503,Axis ELSS Tax Saver Fund - Direct Plan - Growth Option,Axis Mutual Fund,Equity Scheme - ELSS,2023-03-15,66.4041
120503,Axis ELSS Tax Saver Fund - Direct Plan - Growth Option,Axis Mutual Fund,Equity Scheme - ELSS,2023-03-16,66.6861
120503,Axis ELSS Tax Saver Fund - Direct Plan - Growth Option,Axis Mutual Fund,Equity Scheme - ELSS,2023-03-17,66.8784
120503,Axis ELSS Tax Saver Fund - Direct Plan - Growth Option,Axis Mutual Fund,Equity Scheme - ELSS,2023-03-20,66.3291
120503,Axis ELSS Tax Saver Fund - Direct Plan - Growth Option,Axis Mutual Fund,Equity Scheme - ELSS,2023-03-21,66.5076
120503,Axis ELSS Tax Saver Fund - Direct Plan - Growth Option,Axis Mutual Fund,Equity Scheme - ELSS,2023-03-22,66.8934
120503,Axis ELSS Tax Saver Fund - Direct Plan - Growth Option,Axis Mutual Fund,Equity Scheme - ELSS,2023-03-23,66.7888
120503,Axis ELSS Tax Saver Fund - Direct Plan - Growth Option,Axis Mutual Fund,Equity Scheme - ELSS,2023-03-24,66.2364
120503,Axis ELSS Tax Saver Fund - Direct Plan - Growth Option,Axis Mutual Fund,Equity Scheme - ELSS,2023-03-27,66.0237
120503,Axis ELSS Tax Saver Fund - Direct Plan - Growth Option,Axis Mutual Fund,Equity Scheme - ELSS,2023-03-28,65.9999
120503,Axis ELSS Tax Saver Fund - Direct Plan - Growth Option,Axis Mutual Fund,Equity Scheme - ELSS,2023-03-29,66.7265
120503,Axis ELSS Tax Saver Fund - Direct Plan - Growth Option,Axis Mutual Fund,Equity Scheme - ELSS,2023-03-31,67.5488
120503,Axis ELSS Tax Saver Fund - Direct Plan - Growth Option,Axis Mutual Fund,Equity Scheme - ELSS,2023-04-03,68.1351
120503,Axis ELSS Tax Saver Fund - Direct Plan - Growth Option,Axis Mutual Fund,Equity Scheme - ELSS,2023-04-05,68.808
120503,Axis ELSS Tax Saver Fund - Direct Plan - Growth Option,Axis Mutual Fund,Equity Scheme - ELSS,2023-04-06,69.073
120503,Axis ELSS Tax Saver Fund - Direct Plan - Growth Option,Axis Mutual Fund,Equity Scheme - ELSS,2023-04-10,68.8753
120503,Axis ELSS Tax Saver Fund - Direct Plan - Growth Option,Axis Mutual Fund,Equity Scheme - ELSS,2023-04-11,69.4778
120503,Axis ELSS Tax Saver Fund - Direct Plan - Growth Option,Axis Mutual Fund,Equity Scheme - ELSS,2023-04-12,69.8881
120503,Axis ELSS Tax Saver Fund - Direct Plan - Growth Option,Axis Mutual Fund,Equity Scheme - ELSS,2023-04-13,70.0008
120503,Axis ELSS Tax Saver Fund - Direct Plan - Growth Option,Axis Mutual Fund,Equity Scheme - ELSS,2023-04-17,69.9252
120503,Axis ELSS Tax Saver Fund - Direct Plan - Growth Option,Axis Mutual Fund,Equity Scheme - ELSS,2023-04-18,70.2852
120503,Axis ELSS Tax Saver Fund - Direct Plan - Growth Option,Axis Mutual Fund,Equity Scheme - ELSS,2023-04-19,70.0991
120503,Axis ELSS Tax Saver Fund - Direct Plan - Growth Option,Axis Mutual Fund,Equity Scheme - ELSS,2023-04-20,69.884
120503,Axis ELSS Tax Saver Fund - Direct Plan - Growth Option,Axis Mutual Fund,Equity Scheme - ELSS,2023-04-21,70.0472
120503,Axis ELSS Tax Saver Fund - Direct Plan - Growth Option,Axis Mutual Fund,Equity Scheme - ELSS,2023-04-24,70.1351
120503,Axis ELSS Tax Saver Fund - Direct Plan - Growth Option,Axis Mutual Fund,Equity Scheme - ELSS,2023-04-25,70.2622
120503,Axis ELSS Tax Saver Fund - Direct Plan - Growth Option,Axis Mutual Fund,Equity Scheme - ELSS,2023-04-26,70.2651
120503,Axis ELSS Tax Saver Fund - Direct Plan - Growth Option,Axis Mutual Fund,Equity Scheme - ELSS,2023-04-27,70.8328
120503,Axis ELSS Tax Saver Fund - Direct Plan - Growth Option,Axis Mutual Fund,Equity Scheme - ELSS,2023-04-28,71.9798
120503,Axis ELSS Tax Saver Fund - Direct Plan - Growth Option,Axis Mutual Fund,Equity Scheme - ELSS,2023-05-02,71.9451
120503,Axis ELSS Tax Saver Fund - Direct Plan - Growth Option,Axis Mutual Fund,Equity Scheme - ELSS,2023-05-03,72.0198
120503,Axis ELSS Tax Saver Fund - Direct Plan - Growth Option,Axis Mutual Fund,Equity Scheme - ELSS,2023-05-04,72.9185
120503,Axis ELSS Tax Saver Fund - Direct Plan - Growth Option,Axis Mutual Fund,Equity Scheme - ELSS,2023-05-05,72.7981
120503,Axis ELSS Tax Saver Fund - Direct Plan - Growth Option,Axis Mutual Fund,Equity Scheme - ELSS,2023-05-08,73.7065
120503,Axis ELSS Tax Saver Fund - Direct Plan - Growth Option,Axis Mutual Fund,Equity Scheme - ELSS,2023-05-09,73.7085
120503,Axis ELSS Tax Saver Fund - Direct Plan - Growth Option,Axis Mutual Fund,Equity Scheme - ELSS,2023-05-10,74.1124
120503,Axis ELSS Tax Saver Fund - Direct Plan - Growth Option,Axis Mutual Fund,Equity Scheme - ELSS,2023-05-11,74.2638
120503,Axis ELSS Tax Saver Fund - Direct Plan - Growth Option,Axis Mutual Fund,Equity Scheme - ELSS,2023-05-12,74.2078
120503,Axis ELSS Tax Saver Fund - Direct Plan - Growth Option,Axis Mutual Fund,Equity Scheme - ELSS,2023-05-15,73.9206
120503,Axis ELSS Tax Saver Fund - Direct Plan - Growth Option,Axis Mutual Fund,Equity Scheme - ELSS,2023-05-16,73.873
120503,Axis ELSS Tax Saver Fund - Direct Plan - Growth Option,Axis Mutual Fund,Equity Scheme - ELSS,2023-05-17,73.2558
120503,Axis ELSS Tax Saver Fund - Direct Plan - Growth Option,Axis Mutual Fund,Equity Scheme - ELSS,2023-05-18,73.0567
120503,Axis ELSS Tax Saver Fund - Direct Plan - Growth Option,Axis Mutual Fund,Equity Scheme - ELSS,2023-05-19,73.2915
120503,Axis ELSS Tax Saver Fund - Direct Plan - Growth Option,Axis Mutual Fund,Equity Scheme - ELSS,2023-05-22,73.7622
120503,Axis ELSS Tax Saver Fund - Direct Plan - Growth Option,Axis Mutual Fund,Equity Scheme - ELSS,2023-05-23,74.1111
120503,Axis ELSS Tax Saver Fund - Direct Plan - Growth Option,Axis Mutual Fund,Equity Scheme - ELSS,2023-05-24,73.9094
120503,Axis ELSS Tax Saver Fund - Direct Plan - Growth Option,Axis Mutual Fund,Equity Scheme - ELSS,2023-05-25,74.2147
120503,Axis ELSS Tax Saver Fund - Direct Plan - Growth Option,Axis Mutual Fund,Equity Scheme - ELSS,2023-05-26,75.2549
120503,Axis ELSS Tax Saver Fund - Direct Plan - Growth Option,Axis Mutual Fund,Equity Scheme - ELSS,2023-05-29,75.5785
120503,Axis ELSS Tax Saver Fund - Direct Plan - Growth Option,Axis Mutual Fund,Equity Scheme - ELSS,2023-05-30,75.6253
120503,Axis ELSS Tax Saver Fund - Direct Plan - Growth Option,Axis Mutual Fund,Equity Scheme - ELSS,2023-05-31,75.5768
120503,Axis ELSS Tax Saver Fund - Direct Plan - Growth Option,Axis Mutual Fund,Equity Scheme - ELSS,2023-06-01,75.9464
120503,Axis ELSS Tax Saver Fund - Direct Plan - Growth Option,Axis Mutual Fund,Equity Scheme - ELSS,2023-06-02,76.1186
120503,Axis ELSS Tax Saver Fund - Direct Plan - Growth Option,Axis Mutual Fund,Equity Scheme - ELSS,2023-06-05,76.1444
120503,Axis ELSS Tax Saver Fund - Direct Plan - Growth Option,Axis Mutual Fund,Equity Scheme - ELSS,2023-06-06,76.5604
120503,Axis ELSS Tax Saver Fund - Direct Plan - Growth Option,Axis Mutual Fund,Equity Scheme - ELSS,2023-06-07,77.6009
120503,Axis ELSS Tax Saver Fund - Direct Plan - Growth Option,Axis Mutual Fund,Equity Scheme - ELSS,2023-06-08,76.8357
120503,Axis ELSS Tax Saver Fund - Direct Plan - Growth Option,Axis Mutual Fund,Equity Scheme - ELSS,2023-06-09,76.9204
120503,Axis ELSS Tax Saver Fund - Direct Plan - Growth Option,Axis Mutual Fund,Equity Scheme - ELSS,2023-06-12,77.4286
120503,Axis ELSS Tax Saver Fund - Direct Plan - Growth Option,Axis Mutual Fund,Equity Scheme - ELSS,2023-06-13,77.9565
120503,Axis ELSS Tax Saver Fund - Direct Plan - Growth Option,Axis Mutual Fund,Equity Scheme - ELSS,2023-06-14,77.9651
120503,Axis ELSS Tax Saver Fund - Direct Plan - Growth Option,Axis Mutual Fund,Equity Scheme - ELSS,2023-06-15,78.5273
120503,Axis ELSS Tax Saver Fund - Direct Plan - Growth Option,Axis Mutual Fund,Equity Scheme - ELSS,2023-06-16,79.3826
120503,Axis ELSS Tax Saver Fund - Direct Plan - Growth Option,Axis Mutual Fund,Equity Scheme - ELSS,2023-06-19,79.3349
120503,Axis ELSS Tax Saver Fund - Direct Plan - Growth Option,Axis Mutual Fund,Equity Scheme - ELSS,2023-06-20,79.259
120503,Axis ELSS Tax Saver Fund - Direct Plan - Growth Option,Axis Mutual Fund,Equity Scheme - ELSS,2023-06-21,79.2999
120503,Axis ELSS Tax Saver Fund - Direct Plan - Growth Option,Axis Mutual Fund,Equity Scheme - ELSS,2023-06-22,78.3375
120503,Axis ELSS Tax Saver Fund - Direct Plan - Growth Option,Axis Mutual Fund,Equity Scheme - ELSS,2023-06-23,77.6483
120503,Axis ELSS Tax Saver Fund - Direct Plan - Growth Option,Axis Mutual Fund,Equity Scheme - ELSS,2023-06-26,77.8
120503,Axis ELSS Tax Saver Fund - Direct Plan - Growth Option,Axis Mutual Fund,Equity Scheme - ELSS,2023-06-27,78.1501
120503,Axis ELSS Tax Saver Fund - Direct Plan - Growth Option,Axis Mutual Fund,Equity Scheme - ELSS,2023-06-28,78.6424
120503,Axis ELSS Tax Saver Fund - Direct Plan - Growth Option,Axis Mutual Fund,Equity Scheme - ELSS,2023-06-30,79.0815
120503,Axis ELSS Tax Saver Fund - Direct Plan - Growth Option,Axis Mutual Fund,Equity Scheme - ELSS,2023-07-03,79.1417
120503,Axis ELSS Tax Saver Fund - Direct Plan - Growth Option,Axis Mutual Fund,Equity Scheme - ELSS,2023-07-04,79.7879
120503,Axis ELSS Tax Saver Fund - Direct Plan - Growth Option,Axis Mutual Fund,Equity Scheme - ELSS,2023-07-05,79.9962
120503,Axis ELSS Tax Saver Fund - Direct Plan - Growth Option,Axis Mutual Fund,Equity Scheme - ELSS,2023-07-06,80.3788
120503,Axis ELSS Tax Saver Fund - Direct Plan - Growth Option,Axis Mutual Fund,Equity Scheme - ELSS,2023-07-07,79.6889
120503,Axis ELSS Tax Saver Fund - Direct Plan - Growth Option,Axis Mutual Fund,Equity Scheme - ELSS,2023-07-10,78.8891
120503,Axis ELSS Tax Saver Fund - Direct Plan - Growth Option,Axis Mutual Fund,Equity Scheme - ELSS,2023-07-11,79.1498
120503,Axis ELSS Tax Saver Fund - Direct Plan - Growth Option,Axis Mutual Fund,Equity Scheme - ELSS,2023-07-12,79.3202
120503,Axis ELSS Tax Saver Fund - Direct Plan - Growth Option,Axis Mutual Fund,Equity Scheme - ELSS,2023-07-13,79.508
120503,Axis ELSS Tax Saver Fund - Direct Plan - Growth Option,Axis Mutual Fund,Equity Scheme - ELSS,2023-07-14,80.2997
120503,Axis ELSS Tax Saver Fund - Direct Plan - Growth Option,Axis Mutual Fund,Equity Scheme - ELSS,2023-07-17,80.1899
120503,Axis ELSS Tax Saver Fund - Direct Plan - Growth Option,Axis Mutual Fund,Equity Scheme - ELSS,2023-07-18,79.8305
120503,Axis ELSS Tax Saver Fund - Direct Plan - Growth Option,Axis Mutual Fund,Equity Scheme - ELSS,2023-07-19,80.4138
120503,Axis ELSS Tax Saver Fund - Direct Plan - Growth Option,Axis Mutual Fund,Equity Scheme - ELSS,2023-07-20,80.242
120503,Axis ELSS Tax Saver Fund - Direct Plan - Growth Option,Axis Mutual Fund,Equity Scheme - ELSS,2023-07-21,79.9104
120503,Axis ELSS Tax Saver Fund - Direct Plan - Growth Option,Axis Mutual Fund,Equity Scheme - ELSS,2023-07-24,79.672
120503,Axis ELSS Tax Saver Fund - Direct Plan - Growth Option,Axis Mutual Fund,Equity Scheme - ELSS,2023-07-25,79.7352
120503,Axis ELSS Tax Saver Fund - Direct Plan - Growth Option,Axis Mutual Fund,Equity Scheme - ELSS,2023-07-26,79.7424
120503,Axis ELSS Tax Saver Fund - Direct Plan - Growth Option,Axis Mutual Fund,Equity Scheme - ELSS,2023-07-27,79.2279
120503,Axis ELSS Tax Saver Fund - Direct Plan - Growth Option,Axis Mutual Fund,Equity Scheme - ELSS,2023-07-28,79.5813
120503,Axis ELSS Tax Saver Fund - Direct Plan - Growth Option,Axis Mutual Fund,Equity Scheme - ELSS,2023-07-31,79.6969
120503,Axis ELSS Tax Saver Fund - Direct Plan - Growth Option,Axis Mutual Fund,Equity Scheme - ELSS,2023-08-01,79.8018
120503,Axis ELSS Tax Saver Fund - Direct Plan - Growth Option,Axis Mutual Fund,Equity Scheme - ELSS,2023-08-02,79.1648
120503,Axis ELSS Tax Saver Fund - Direct Plan - Growth Option,Axis Mutual Fund,Equity Scheme - ELSS,2023-08-03,78.6486
120503,Axis ELSS Tax Saver Fund - Direct Plan - Growth Option,Axis Mutual Fund,Equity Scheme - ELSS,2023-08-04,79.4055
120503,Axis ELSS Tax Saver Fund - Direct Plan - Growth Option,Axis Mutual Fund,Equity Scheme - ELSS,2023-08-07,79.6001
120503,Axis ELSS Tax Saver Fund - Direct Plan - Growth Option,Axis Mutual Fund,Equity Scheme - ELSS,2023-08-08,79.3359
120503,Axis ELSS Tax Saver Fund - Direct Plan - Growth Option,Axis Mutual Fund,Equity Scheme - ELSS,2023-08-09,79.1715
120503,Axis ELSS Tax Saver Fund - Direct Plan - Growth Option,Axis Mutual Fund,Equity Scheme - ELSS,2023-08-10,78.8457
120503,Axis ELSS Tax Saver Fund - Direct Plan - Growth Option,Axis Mutual Fund,Equity Scheme - ELSS,2023-08-11,78.0866
120503,Axis ELSS Tax Saver Fund - Direct Plan - Growth Option,Axis Mutual Fund,Equity Scheme - ELSS,2023-08-14,77.6284
120503,Axis ELSS Tax Saver Fund - Direct Plan - Growth Option,Axis Mutual Fund,Equity Scheme - ELSS,2023-08-16,77.5465
120503,Axis ELSS Tax Saver Fund - Direct Plan - Growth Option,Axis Mutual Fund,Equity Scheme - ELSS,2023-08-17,77.1435
120503,Axis ELSS Tax Saver Fund - Direct Plan - Growth Option,Axis Mutual Fund,Equity Scheme - ELSS,2023-08-18,76.6833
120503,Axis ELSS Tax Saver Fund - Direct Plan - Growth Option,Axis Mutual Fund,Equity Scheme - ELSS,2023-08-21,77.3089
120503,Axis ELSS Tax Saver Fund - Direct Plan - Growth Option,Axis Mutual Fund,Equity Scheme - ELSS,2023-08-22,77.6152
120503,Axis ELSS Tax Saver Fund - Direct Plan - Growth Option,Axis Mutual Fund,Equity Scheme - ELSS,2023-08-23,77.7681
120503,Axis ELSS Tax Saver Fund - Direct Plan - Growth Option,Axis Mutual Fund,Equity Scheme - ELSS,2023-08-24,77.9647
120503,Axis ELSS Tax Saver Fund - Direct Plan - Growth Option,Axis Mutual Fund,Equity Scheme - ELSS,2023-08-25,77.7906
120503,Axis ELSS Tax Saver Fund - Direct Plan - Growth Option,Axis Mutual Fund,Equity Scheme - ELSS,2023-08-28,77.9343
120503,Axis ELSS Tax Saver Fund - Direct Plan - Growth Option,Axis Mutual Fund,Equity Scheme - ELSS,2023-08-29,78.4579
120503,Axis ELSS Tax Saver Fund - Direct Plan - Growth Option,Axis Mutual Fund,Equity Scheme - ELSS,2023-08-30,78.8146
120503,Axis ELSS Tax Saver Fund - Direct Plan - Growth Option,Axis Mutual Fund,Equity Scheme - ELSS,2023-08-31,78.33
120503,Axis ELSS Tax Saver Fund - Direct Plan - Growth Option,Axis Mutual Fund,Equity Scheme - ELSS,2023-09-01,78.7931
120503,Axis ELSS Tax Saver Fund - Direct Plan - Growth Option,Axis Mutual Fund,Equity Scheme - ELSS,2023-09-04,79.2103
120503,Axis ELSS Tax Saver Fund - Direct Plan - Growth Option,Axis Mutual Fund,Equity Scheme - ELSS,2023-09-05,79.6322
120503,Axis ELSS Tax Saver Fund - Direct Plan - Growth Option,Axis Mutual Fund,Equity Scheme - ELSS,2023-09-06,79.9096
120503,Axis ELSS Tax Saver Fund - Direct Plan - Growth Option,Axis Mutual Fund,Equity Scheme - ELSS,2023-09-07,80.2445
120503,Axis ELSS Tax Saver Fund - Direct Plan - Growth Option,Axis Mutual Fund,Equity Scheme - ELSS,2023-09-08,80.6406
120503,Axis ELSS Tax Saver Fund - Direct Plan - Growth Option,Axis Mutual Fund,Equity Scheme - ELSS,2023-09-11,81.2572
120503,Axis ELSS Tax Saver Fund - Direct Plan - Growth Option,Axis Mutual Fund,Equity Scheme - ELSS,2023-09-12,80.9115
120503,Axis ELSS Tax Saver Fund - Direct Plan - Growth Option,Axis Mutual Fund,Equity Scheme - ELSS,2023-09-13,80.88
120503,Axis ELSS Tax Saver Fund - Direct Plan - Growth Option,Axis Mutual Fund,Equity Scheme - ELSS,2023-09-14,81.4094
120503,Axis ELSS Tax Saver Fund - Direct Plan - Growth Option,Axis Mutual Fund,Equity Scheme - ELSS,2023-09-15,81.6974
120503,Axis ELSS Tax Saver Fund - Direct Plan - Growth Option,Axis Mutual Fund,Equity Scheme - ELSS,2023-09-18,81.6682
120503,Axis ELSS Tax Saver Fund - Direct Plan - Growth Option,Axis Mutual Fund,Equity Scheme - ELSS,2023-09-20,81.0945
120503,Axis ELSS Tax Saver Fund - Direct Plan - Growth Option,Axis Mutual Fund,Equity Scheme - ELSS,2023-09-21,80.4578
120503,Axis ELSS Tax Saver Fund - Direct Plan - Growth Option,Axis Mutual Fund,Equity Scheme - ELSS,2023-09-22,80.1359
120503,Axis ELSS Tax Saver Fund - Direct Plan - Growth Option,Axis Mutual Fund,Equity Scheme - ELSS,2023-09-25,80.5412
120503,Axis ELSS Tax Saver Fund - Direct Plan - Growth Option,Axis Mutual Fund,Equity Scheme - ELSS,2023-09-26,80.8138
120503,Axis ELSS Tax Saver Fund - Direct Plan - Growth Option,Axis Mutual Fund,Equity Scheme - ELSS,2023-09-27,80.9407
120503,Axis ELSS Tax Saver Fund - Direct Plan - Growth Option,Axis Mutual Fund,Equity Scheme - ELSS,2023-09-29,80.2623
120503,Axis ELSS Tax Saver Fund - Direct Plan - Growth Option,Axis Mutual Fund,Equity Scheme - ELSS,2023-10-03,80.4898
120503,Axis ELSS Tax Saver Fund - Direct Plan - Growth Option,Axis Mutual Fund,Equity Scheme - ELSS,2023-10-04,80.1873
120503,Axis ELSS Tax Saver Fund - Direct Plan - Growth Option,Axis Mutual Fund,Equity Scheme - ELSS,2023-10-05,80.5885
120503,Axis ELSS Tax Saver Fund - Direct Plan - Growth Option,Axis Mutual Fund,Equity Scheme - ELSS,2023-10-06,81.281
120503,Axis ELSS Tax Saver Fund - Direct Plan - Growth Option,Axis Mutual Fund,Equity Scheme - ELSS,2023-10-09,80.6672
120503,Axis ELSS Tax Saver Fund - Direct Plan - Growth Option,Axis Mutual Fund,Equity Scheme - ELSS,2023-10-10,81.3312
120503,Axis ELSS Tax Saver Fund - Direct Plan - Growth Option,Axis Mutual Fund,Equity Scheme - ELSS,2023-10-11,81.9337
120503,Axis ELSS Tax Saver Fund - Direct Plan - Growth Option,Axis Mutual Fund,Equity Scheme - ELSS,2023-10-12,81.5568
120503,Axis ELSS Tax Saver Fund - Direct Plan - Growth Option,Axis Mutual Fund,Equity Scheme - ELSS,2023-10-13,81.8571
120503,Axis ELSS Tax Saver Fund - Direct Plan - Growth Option,Axis Mutual Fund,Equity Scheme - ELSS,2023-10-16,81.4291
120503,Axis ELSS Tax Saver Fund - Direct Plan - Growth Option,Axis Mutual Fund,Equity Scheme - ELSS,2023-10-17,81.6217
120503,Axis ELSS Tax Saver Fund - Direct Plan - Growth Option,Axis Mutual Fund,Equity Scheme - ELSS,2023-10-18,81.0883
120503,Axis ELSS Tax Saver Fund - Direct Plan - Growth Option,Axis Mutual Fund,Equity Scheme - ELSS,2023-10-19,80.7616
120503,Axis ELSS Tax Saver Fund - Direct Plan - Growth Option,Axis Mutual Fund,Equity Scheme - ELSS,2023-10-20,80.6656
120503,Axis ELSS Tax Saver Fund - Direct Plan - Growth Option,Axis Mutual Fund,Equity Scheme - ELSS,2023-10-23,79.3914
120503,Axis ELSS Tax Saver Fund - Direct Plan - Growth Option,Axis Mutual Fund,Equity Scheme - ELSS,2023-10-25,78.9728
120503,Axis ELSS Tax Saver Fund - Direct Plan - Growth Option,Axis Mutual Fund,Equity Scheme - ELSS,2023-10-26,77.8286
120503,Axis ELSS Tax Saver Fund - Direct Plan - Growth Option,Axis Mutual Fund,Equity Scheme - ELSS,2023-10-27,78.5618
120503,Axis ELSS Tax Saver Fund - Direct Plan - Growth Option,Axis Mutual Fund,Equity Scheme - ELSS,2023-10-30,78.6548
120503,Axis ELSS Tax Saver Fund - Direct Plan - Growth Option,Axis Mutual Fund,Equity Scheme - ELSS,2023-10-31,78.7876
120503,Axis ELSS Tax Saver Fund - Direct Plan - Growth Option,Axis Mutual Fund,Equity Scheme - ELSS,2023-11-01,78.4438
120503,Axis ELSS Tax Saver Fund - Direct Plan - Growth Option,Axis Mutual Fund,Equity Scheme - ELSS,2023-11-02,79.0811
120503,Axis ELSS Tax Saver Fund - Direct Plan - Growth Option,Axis Mutual Fund,Equity Scheme - ELSS,2023-11-03,79.4676
120503,Axis ELSS Tax Saver Fund - Direct Plan - Growth Option,Axis Mutual Fund,Equity Scheme - ELSS,2023-11-06,80.2539
120503,Axis ELSS Tax Saver Fund - Direct Plan - Growth Option,Axis Mutual Fund,Equity Scheme - ELSS,2023-11-07,80.4516
120503,Axis ELSS Tax Saver Fund - Direct Plan - Growth Option,Axis Mutual Fund,Equity Scheme - ELSS,2023-11-08,80.8372
120503,Axis ELSS Tax Saver Fund - Direct Plan - Growth Option,Axis Mutual Fund,Equity Scheme - ELSS,2023-11-09,80.9422
120503,Axis ELSS Tax Saver Fund - Direct Plan - Growth Option,Axis Mutual Fund,Equity Scheme - ELSS,2023-11-10,81.0978
120503,Axis ELSS Tax Saver Fund - Direct Plan - Growth Option,Axis Mutual Fund,Equity Scheme - ELSS,2023-11-13,81.1712
120503,Axis ELSS Tax Saver Fund - Direct Plan - Growth Option,Axis Mutual Fund,Equity Scheme - ELSS,2023-11-15,81.9033
120503,Axis ELSS Tax Saver Fund - Direct Plan - Growth Option,Axis Mutual Fund,Equity Scheme - ELSS,2023-11-16,82.5266
120503,Axis ELSS Tax Saver Fund - Direct Plan - Growth Option,Axis Mutual Fund,Equity Scheme - ELSS,2023-11-17,82.6567
120503,Axis ELSS Tax Saver Fund - Direct Plan - Growth Option,Axis Mutual Fund,Equity Scheme - ELSS,2023-11-20,82.2374
120503,Axis ELSS Tax Saver Fund - Direct Plan - Growth Option,Axis Mutual Fund,Equity Scheme - ELSS,2023-11-21,82.3562
120503,Axis ELSS Tax Saver Fund - Direct Plan - Growth Option,Axis Mutual Fund,Equity Scheme - ELSS,2023-11-22,82.7354
120503,Axis ELSS Tax Saver Fund - Direct Plan - Growth Option,Axis Mutual Fund,Equity Scheme - ELSS,2023-11-23,82.3248
120503,Axis ELSS Tax Saver Fund - Direct Plan - Growth Option,Axis Mutual Fund,Equity Scheme - ELSS,2023-11-24,82.1289
120503,Axis ELSS Tax Saver Fund - Direct Plan - Growth Option,Axis Mutual Fund,Equity Scheme - ELSS,2023-11-28,82.5944
120503,Axis ELSS Tax Saver Fund - Direct Plan - Growth Option,Axis Mutual Fund,Equity Scheme - ELSS,2023-11-29,83.5921
120503,Axis ELSS Tax Saver Fund - Direct Plan - Growth Option,Axis Mutual Fund,Equity Scheme - ELSS,2023-11-30,84.2614
120503,Axis ELSS Tax Saver Fund - Direct Plan - Growth Option,Axis Mutual Fund,Equity Scheme - ELSS,2023-12-01,84.5496
120503,Axis ELSS Tax Saver Fund - Direct Plan - Growth Option,Axis Mutual Fund,Equity Scheme - ELSS,2023-12-04,85.3715
120503,Axis ELSS Tax Saver Fund - Direct Plan - Growth Option,Axis Mutual Fund,Equity Scheme - ELSS,2023-12-05,85.591
120503,Axis ELSS Tax Saver Fund - Direct Plan - Growth Option,Axis Mutual Fund,Equity Scheme - ELSS,2023-12-06,86.0435
120503,Axis ELSS Tax Saver Fund - Direct Plan - Growth Option,Axis Mutual Fund,Equity Scheme - ELSS,2023-12-07,86.3885
120503,Axis ELSS Tax Saver Fund - Direct Plan - Growth Option,Axis Mutual Fund,Equity Scheme - ELSS,2023-12-08,85.9606
120503,Axis ELSS Tax Saver Fund - Direct Plan - Growth Option,Axis Mutual Fund,Equity Scheme - ELSS,2023-12-11,86.2758
120503,Axis ELSS Tax Saver Fund - Direct Plan - Growth Option,Axis Mutual Fund,Equity Scheme - ELSS,2023-12-12,85.7571
120503,Axis ELSS Tax Saver Fund - Direct Plan - Growth Option,Axis Mutual Fund,Equity Scheme - ELSS,2023-12-13,85.5812
120503,Axis ELSS Tax Saver Fund - Direct Plan - Growth Option,Axis Mutual Fund,Equity Scheme - ELSS,2023-12-14,86.9194
120503,Axis ELSS Tax Saver Fund - Direct Plan - Growth Option,Axis Mutual Fund,Equity Scheme - ELSS,2023-12-15,87.4489
120503,Axis ELSS Tax Saver Fund - Direct Plan - Growth Option,Axis Mutual Fund,Equity Scheme - ELSS,2023-12-18,87.7642
120503,Axis ELSS Tax Saver Fund - Direct Plan - Growth Option,Axis Mutual Fund,Equity Scheme - ELSS,2023-12-19,87.7026
120503,Axis ELSS Tax Saver Fund - Direct Plan - Growth Option,Axis Mutual Fund,Equity Scheme - ELSS,2023-12-20,85.8692
120503,Axis ELSS Tax Saver Fund - Direct Plan - Growth Option,Axis Mutual Fund,Equity Scheme - ELSS,2023-12-21,86.3297
120503,Axis ELSS Tax Saver Fund - Direct Plan - Growth Option,Axis Mutual Fund,Equity Scheme - ELSS,2023-12-22,86.9823
120503,Axis ELSS Tax Saver Fund - Direct Plan - Growth Option,Axis Mutual Fund,Equity Scheme - ELSS,2023-12-26,87.1531
120503,Axis ELSS Tax Saver Fund - Direct Plan - Growth Option,Axis Mutual Fund,Equity Scheme - ELSS,2023-12-27,87.8865
120503,Axis ELSS Tax Saver Fund - Direct Plan - Growth Option,Axis Mutual Fund,Equity Scheme - ELSS,2023-12-28,88.2002
120503,Axis ELSS Tax Saver Fund - Direct Plan - Growth Option,Axis Mutual Fund,Equity Scheme - ELSS,2023-12-29,88.6224
120503,Axis ELSS Tax Saver Fund - Direct Plan - Growth Option,Axis Mutual Fund,Equity Scheme - ELSS,2024-01-01,88.5872
120503,Axis ELSS Tax Saver Fund - Direct Plan - Growth Option,Axis Mutual Fund,Equity Scheme - ELSS,2024-01-02,88.7896
120503,Axis ELSS Tax Saver Fund - Direct Plan - Growth Option,Axis Mutual Fund,Equity Scheme - ELSS,2024-01-03,88.276
120503,Axis ELSS Tax Saver Fund - Direct Plan - Growth Option,Axis Mutual Fund,Equity Scheme - ELSS,2024-01-04,89.3141
120503,Axis ELSS Tax Saver Fund - Direct Plan - Growth Option,Axis Mutual Fund,Equity Scheme - ELSS,2024-01-05,89.3931
120503,Axis ELSS Tax Saver Fund - Direct Plan - Growth Option,Axis Mutual Fund,Equity Scheme - ELSS,2024-01-08,88.4806
120503,Axis ELSS Tax Saver Fund - Direct Plan - Growth Option,Axis Mutual Fund,Equity Scheme - ELSS,2024-01-09,88.7379
120503,Axis ELSS Tax Saver Fund - Direct Plan - Growth Option,Axis Mutual Fund,Equity Scheme - ELSS,2024-01-10,88.6949
120503,Axis ELSS Tax Saver Fund - Direct Plan - Growth Option,Axis Mutual Fund,Equity Scheme - ELSS,2024-01-11,88.8697
120503,Axis ELSS Tax Saver Fund - Direct Plan - Growth Option,Axis Mutual Fund,Equity Scheme - ELSS,2024-01-12,89.2661
120503,Axis ELSS Tax Saver Fund - Direct Plan - Growth Option,Axis Mutual Fund,Equity Scheme - ELSS,2024-01-15,89.4426
120503,Axis ELSS Tax Saver Fund - Direct Plan - Growth Option,Axis Mutual Fund,Equity Scheme - ELSS,2024-01-16,89.0802
120503,Axis ELSS Tax Saver Fund - Direct Plan - Growth Option,Axis Mutual Fund,Equity Scheme - ELSS,2024-01-17,87.7973
120503,Axis ELSS Tax Saver Fund - Direct Plan - Growth Option,Axis Mutual Fund,Equity Scheme - ELSS,2024-01-18,87.3317
120503,Axis ELSS Tax Saver Fund - Direct Plan - Growth Option,Axis Mutual Fund,Equity Scheme - ELSS,2024-01-19,87.7628
120503,Axis ELSS Tax Saver Fund - Direct Plan - Growth Option,Axis Mutual Fund,Equity Scheme - ELSS,2024-01-23,86.1726
120503,Axis ELSS Tax Saver Fund - Direct Plan - Growth Option,Axis Mutual Fund,Equity Scheme - ELSS,2024-01-24,87.1611
120503,Axis ELSS Tax Saver Fund - Direct Plan - Growth Option,Axis Mutual Fund,Equity Scheme - ELSS,2024-01-25,86.7929
120503,Axis ELSS Tax Saver Fund - Direct Plan - Growth Option,Axis Mutual Fund,Equity Scheme - ELSS,2024-01-29,87.625
120503,Axis ELSS Tax Saver Fund - Direct Plan - Growth Option,Axis Mutual Fund,Equity Scheme - ELSS,2024-01-30,86.7464
120503,Axis ELSS Tax Saver Fund - Direct Plan - Growth Option,Axis Mutual Fund,Equity Scheme - ELSS,2024-01-31,87.6883
120503,Axis ELSS Tax Saver Fund - Direct Plan - Growth Option,Axis Mutual Fund,Equity Scheme - ELSS,2024-02-01,87.5274
120503,Axis ELSS Tax Saver Fund - Direct Plan - Growth Option,Axis Mutual Fund,Equity Scheme - ELSS,2024-02-02,88.0783
120503,Axis ELSS Tax Saver Fund - Direct Plan - Growth Option,Axis Mutual Fund,Equity Scheme - ELSS,2024-02-05,87.9175
120503,Axis ELSS Tax Saver Fund - Direct Plan - Growth Option,Axis Mutual Fund,Equity Scheme - ELSS,2024-02-06,88.8898
120503,Axis ELSS Tax Saver Fund - Direct Plan - Growth Option,Axis Mutual Fund,Equity Scheme - ELSS,2024-02-07,89.1219
120503,Axis ELSS Tax Saver Fund - Direct Plan - Growth Option,Axis Mutual Fund,Equity Scheme - ELSS,2024-02-08,88.8906
120503,Axis ELSS Tax Saver Fund - Direct Plan - Growth Option,Axis Mutual Fund,Equity Scheme - ELSS,2024-02-09,88.9904
120503,Axis ELSS Tax Saver Fund - Direct Plan - Growth Option,Axis Mutual Fund,Equity Scheme - ELSS,2024-02-12,88.4978
120503,Axis ELSS Tax Saver Fund - Direct Plan - Growth Option,Axis Mutual Fund,Equity Scheme - ELSS,2024-02-13,88.5891
120503,Axis ELSS Tax Saver Fund - Direct Plan - Growth Option,Axis Mutual Fund,Equity Scheme - ELSS,2024-02-14,88.6018
120503,Axis ELSS Tax Saver Fund - Direct Plan - Growth Option,Axis Mutual Fund,Equity Scheme - ELSS,2024-02-15,89.2836
120503,Axis ELSS Tax Saver Fund - Direct Plan - Growth Option,Axis Mutual Fund,Equity Scheme - ELSS,2024-02-16,89.9501
120503,Axis ELSS Tax Saver Fund - Direct Plan - Growth Option,Axis Mutual Fund,Equity Scheme - ELSS,2024-02-19,90.4864
120503,Axis ELSS Tax Saver Fund - Direct Plan - Growth Option,Axis Mutual Fund,Equity Scheme - ELSS,2024-02-20,90.5408
120503,Axis ELSS Tax Saver Fund - Direct Plan - Growth Option,Axis Mutual Fund,Equity Scheme - ELSS,2024-02-21,89.9277
120503,Axis ELSS Tax Saver Fund - Direct Plan - Growth Option,Axis Mutual Fund,Equity Scheme - ELSS,2024-02-22,90.5233
120503,Axis ELSS Tax Saver Fund - Direct Plan - Growth Option,Axis Mutual Fund,Equity Scheme - ELSS,2024-02-23,91.0211
120503,Axis ELSS Tax Saver Fund - Direct Plan - Growth Option,Axis Mutual Fund,Equity Scheme - ELSS,2024-02-26,90.4475
120503,Axis ELSS Tax Saver Fund - Direct Plan - Growth Option,Axis Mutual Fund,Equity Scheme - ELSS,2024-02-27,90.9648
120503,Axis ELSS Tax Saver Fund - Direct Plan - Growth Option,Axis Mutual Fund,Equity Scheme - ELSS,2024-02-28,89.799
120503,Axis ELSS Tax Saver Fund - Direct Plan - Growth Option,Axis Mutual Fund,Equity Scheme - ELSS,2024-02-29,89.9973
120503,Axis ELSS Tax Saver Fund - Direct Plan - Growth Option,Axis Mutual Fund,Equity Scheme - ELSS,2024-03-01,90.8589
120503,Axis ELSS Tax Saver Fund - Direct Plan - Growth Option,Axis Mutual Fund,Equity Scheme - ELSS,2024-03-04,90.746
120503,Axis ELSS Tax Saver Fund - Direct Plan - Growth Option,Axis Mutual Fund,Equity Scheme - ELSS,2024-03-05,90.0501
120503,Axis ELSS Tax Saver Fund - Direct Plan - Growth Option,Axis Mutual Fund,Equity Scheme - ELSS,2024-03-06,90.5435
120503,Axis ELSS Tax Saver Fund - Direct Plan - Growth Option,Axis Mutual Fund,Equity Scheme - ELSS,2024-03-07,90.9543
120503,Axis ELSS Tax Saver Fund - Direct Plan - Growth Option,Axis Mutual Fund,Equity Scheme - ELSS,2024-03-11,91.2347
120503,Axis ELSS Tax Saver Fund - Direct Plan - Growth Option,Axis Mutual Fund,Equity Scheme - ELSS,2024-03-12,91.1882
120503,Axis ELSS Tax Saver Fund - Direct Plan - Growth Option,Axis Mutual Fund,Equity Scheme - ELSS,2024-03-13,89.3397
120503,Axis ELSS Tax Saver Fund - Direct Plan - Growth Option,Axis Mutual Fund,Equity Scheme - ELSS,2024-03-14,90.2709
120503,Axis ELSS Tax Saver Fund - Direct Plan - Growth Option,Axis Mutual Fund,Equity Scheme - ELSS,2024-03-15,90.1664
120503,Axis ELSS Tax Saver Fund - Direct Plan - Growth Option,Axis Mutual Fund,Equity Scheme - ELSS,2024-03-18,90.5286
120503,Axis ELSS Tax Saver Fund - Direct Plan - Growth Option,Axis Mutual Fund,Equity Scheme - ELSS,2024-03-19,90.1635
120503,Axis ELSS Tax Saver Fund - Direct Plan - Growth Option,Axis Mutual Fund,Equity Scheme - ELSS,2024-03-20,90.1357
120503,Axis ELSS Tax Saver Fund - Direct Plan - Growth Option,Axis Mutual Fund,Equity Scheme - ELSS,2024-03-21,91.6362
120503,Axis ELSS Tax Saver Fund - Direct Plan - Growth Option,Axis Mutual Fund,Equity Scheme - ELSS,2024-03-22,92.3497
120503,Axis ELSS Tax Saver Fund - Direct Plan - Growth Option,Axis Mutual Fund,Equity Scheme - ELSS,2024-03-26,93.5808
120503,Axis ELSS Tax Saver Fund - Direct Plan - Growth Option,Axis Mutual Fund,Equity Scheme - ELSS,2024-03-27,93.9876
120503,Axis ELSS Tax Saver Fund - Direct Plan - Growth Option,Axis Mutual Fund,Equity Scheme - ELSS,2024-03-28,94.7358
120503,Axis ELSS Tax Saver Fund - Direct Plan - Growth Option,Axis Mutual Fund,Equity Scheme - ELSS,2024-03-31,94.7314
120503,Axis ELSS Tax Saver Fund - Direct Plan - Growth Option,Axis Mutual Fund,Equity Scheme - ELSS,2024-04-01,95.504
120503,Axis ELSS Tax Saver Fund - Direct Plan - Growth Option,Axis Mutual Fund,Equity Scheme - ELSS,2024-04-02,95.7608
120503,Axis ELSS Tax Saver Fund - Direct Plan - Growth Option,Axis Mutual Fund,Equity Scheme - ELSS,2024-04-03,95.9101
120503,Axis ELSS Tax Saver Fund - Direct Plan - Growth Option,Axis Mutual Fund,Equity Scheme - ELSS,2024-04-04,96.4476
120503,Axis ELSS Tax Saver Fund - Direct Plan - Growth Option,Axis Mutual Fund,Equity Scheme - ELSS,2024-04-05,96.6215
120503,Axis ELSS Tax Saver Fund - Direct Plan - Growth Option,Axis Mutual Fund,Equity Scheme - ELSS,2024-04-08,97.5362
120503,Axis ELSS Tax Saver Fund - Direct Plan - Growth Option,Axis Mutual Fund,Equity Scheme - ELSS,2024-04-09,97.5888
120503,Axis ELSS Tax Saver Fund - Direct Plan - Growth Option,Axis Mutual Fund,Equity Scheme - ELSS,2024-04-10,97.6149
120503,Axis ELSS Tax Saver Fund - Direct Plan - Growth Option,Axis Mutual Fund,Equity Scheme - ELSS,2024-04-12,97.352
120503,Axis ELSS Tax Saver Fund - Direct Plan - Growth Option,Axis Mutual Fund,Equity Scheme - ELSS,2024-04-15,95.7903
120503,Axis ELSS Tax Saver Fund - Direct Plan - Growth Option,Axis Mutual Fund,Equity Scheme - ELSS,2024-04-16,95.2528
120503,Axis ELSS Tax Saver Fund - Direct Plan - Growth Option,Axis Mutual Fund,Equity Scheme - ELSS,2024-04-18,94.7785
120503,Axis ELSS Tax Saver Fund - Direct Plan - Growth Option,Axis Mutual Fund,Equity Scheme - ELSS,2024-04-19,95.0403
120503,Axis ELSS Tax Saver Fund - Direct Plan - Growth Option,Axis Mutual Fund,Equity Scheme - ELSS,2024-04-22,95.5704
120503,Axis ELSS Tax Saver Fund - Direct Plan - Growth Option,Axis Mutual Fund,Equity Scheme - ELSS,2024-04-23,95.9438
120503,Axis ELSS Tax Saver Fund - Direct Plan - Growth Option,Axis Mutual Fund,Equity Scheme - ELSS,2024-04-24,96.3725
120503,Axis ELSS Tax Saver Fund - Direct Plan - Growth Option,Axis Mutual Fund,Equity Scheme - ELSS,2024-04-25,96.2399
120503,Axis ELSS Tax Saver Fund - Direct Plan - Growth Option,Axis Mutual Fund,Equity Scheme - ELSS,2024-04-26,95.5204
120503,Axis ELSS Tax Saver Fund - Direct Plan - Growth Option,Axis Mutual Fund,Equity Scheme - ELSS,2024-04-29,96.2744
120503,Axis ELSS Tax Saver Fund - Direct Plan - Growth Option,Axis Mutual Fund,Equity Scheme - ELSS,2024-04-30,96.3277
120503,Axis ELSS Tax Saver Fund - Direct Plan - Growth Option,Axis Mutual Fund,Equity Scheme - ELSS,2024-05-02,96.6825
120503,Axis ELSS Tax Saver Fund - Direct Plan - Growth Option,Axis Mutual Fund,Equity Scheme - ELSS,2024-05-03,96.2268
120503,Axis ELSS Tax Saver Fund - Direct Plan - Growth Option,Axis Mutual Fund,Equity Scheme - ELSS,2024-05-06,96.1226
120503,Axis ELSS Tax Saver Fund - Direct Plan - Growth Option,Axis Mutual Fund,Equity Scheme - ELSS,2024-05-07,95.2615
120503,Axis ELSS Tax Saver Fund - Direct Plan - Growth Option,Axis Mutual Fund,Equity Scheme - ELSS,2024-05-08,95.1781
120503,Axis ELSS Tax Saver Fund - Direct Plan - Growth Option,Axis Mutual Fund,Equity Scheme - ELSS,2024-05-09,94.1648
120503,Axis ELSS Tax Saver Fund - Direct Plan - Growth Option,Axis Mutual Fund,Equity Scheme - ELSS,2024-05-10,94.944
120503,Axis ELSS Tax Saver Fund - Direct Plan - Growth Option,Axis Mutual Fund,Equity Scheme - ELSS,2024-05-13,94.9181
120503,Axis ELSS Tax Saver Fund - Direct Plan - Growth Option,Axis Mutual Fund,Equity Scheme - ELSS,2024-05-14,95.0867
120503,Axis ELSS Tax Saver Fund - Direct Plan - Growth Option,Axis Mutual Fund,Equity Scheme - ELSS,2024-05-15,95.3403
120503,Axis ELSS Tax Saver Fund - Direct Plan - Growth Option,Axis Mutual Fund,Equity Scheme - ELSS,2024-05-16,95.8039
120503,Axis ELSS Tax Saver Fund - Direct Plan - Growth Option,Axis Mutual Fund,Equity Scheme - ELSS,2024-05-17,96.5667
120503,Axis ELSS Tax Saver Fund - Direct Plan - Growth Option,Axis Mutual Fund,Equity Scheme - ELSS,2024-05-21,96.6377
120503,Axis ELSS Tax Saver Fund - Direct Plan - Growth Option,Axis Mutual Fund,Equity Scheme - ELSS,2024-05-22,96.6311
120503,Axis ELSS Tax Saver Fund - Direct Plan - Growth Option,Axis Mutual Fund,Equity Scheme - ELSS,2024-05-23,97.6268
120503,Axis ELSS Tax Saver Fund - Direct Plan - Growth Option,Axis Mutual Fund,Equity Scheme - ELSS,2024-05-24,97.1641
120503,Axis ELSS Tax Saver Fund - Direct Plan - Growth Option,Axis Mutual Fund,Equity Scheme - ELSS,2024-05-27,97.2496
120503,Axis ELSS Tax Saver Fund - Direct Plan - Growth Option,Axis Mutual Fund,Equity Scheme - ELSS,2024-05-28,96.9662
120503,Axis ELSS Tax Saver Fund - Direct Plan - Growth Option,Axis Mutual Fund,Equity Scheme - ELSS,2024-05-29,96.422
120503,Axis ELSS Tax Saver Fund - Direct Plan - Growth Option,Axis Mutual Fund,Equity Scheme - ELSS,2024-05-30,95.26
120503,Axis ELSS Tax Saver Fund - Direct Plan - Growth Option,Axis Mutual Fund,Equity Scheme - ELSS,2024-05-31,95.3435
120503,Axis ELSS Tax Saver Fund - Direct Plan - Growth Option,Axis Mutual Fund,Equity Scheme - ELSS,2024-06-03,97.572
120503,Axis ELSS Tax Saver Fund - Direct Plan - Growth Option,Axis Mutual Fund,Equity Scheme - ELSS,2024-06-04,93.8529
120503,Axis ELSS Tax Saver Fund - Direct Plan - Growth Option,Axis Mutual Fund,Equity Scheme - ELSS,2024-06-05,97.1538
120503,Axis ELSS Tax Saver Fund - Direct Plan - Growth Option,Axis Mutual Fund,Equity Scheme - ELSS,2024-06-06,97.7973
120503,Axis ELSS Tax Saver Fund - Direct Plan - Growth Option,Axis Mutual Fund,Equity Scheme - ELSS,2024-06-07,99.5188
120503,Axis ELSS Tax Saver Fund - Direct Plan - Growth Option,Axis Mutual Fund,Equity Scheme - ELSS,2024-06-10,99.7429
120503,Axis ELSS Tax Saver Fund - Direct Plan - Growth Option,Axis Mutual Fund,Equity Scheme - ELSS,2024-06-11,99.8719
120503,Axis ELSS Tax Saver Fund - Direct Plan - Growth Option,Axis Mutual Fund,Equity Scheme - ELSS,2024-06-12,100.2724
120503,Axis ELSS Tax Saver Fund - Direct Plan - Growth Option,Axis Mutual Fund,Equity Scheme - ELSS,2024-06-13,101.0481
120503,Axis ELSS Tax Saver Fund - Direct Plan - Growth Option,Axis Mutual Fund,Equity Scheme - ELSS,2024-06-14,101.7146
120503,Axis ELSS Tax Saver Fund - Direct Plan - Growth Option,Axis Mutual Fund,Equity Scheme - ELSS,2024-06-18,102.2403
120503,Axis ELSS Tax Saver Fund - Direct Plan - Growth Option,Axis Mutual Fund,Equity Scheme - ELSS,2024-06-19,101.7992
120503,Axis ELSS Tax Saver Fund - Direct Plan - Growth Option,Axis Mutual Fund,Equity Scheme - ELSS,2024-06-20,101.8546
120503,Axis ELSS Tax Saver Fund - Direct Plan - Growth Option,Axis Mutual Fund,Equity Scheme - ELSS,2024-06-21,101.2079
120503,Axis ELSS Tax Saver Fund - Direct Plan - Growth Option,Axis Mutual Fund,Equity Scheme - ELSS,2024-06-24,101.9085
120503,Axis ELSS Tax Saver Fund - Direct Plan - Growth Option,Axis Mutual Fund,Equity Scheme - ELSS,2024-06-25,102.2506
120503,Axis ELSS Tax Saver Fund - Direct Plan - Growth Option,Axis Mutual Fund,Equity Scheme - ELSS,2024-06-26,102.4418
120503,Axis ELSS Tax Saver Fund - Direct Plan - Growth Option,Axis Mutual Fund,Equity Scheme - ELSS,2024-06-27,103.0033
120503,Axis ELSS Tax Saver Fund - Direct Plan - Growth Option,Axis Mutual Fund,Equity Scheme - ELSS,2024-06-28,102.6191
120503,Axis ELSS Tax Saver Fund - Direct Plan - Growth Option,Axis Mutual Fund,Equity Scheme - ELSS,2024-07-01,103.1944
120503,Axis ELSS Tax Saver Fund - Direct Plan - Growth Option,Axis Mutual Fund,Equity Scheme - ELSS,2024-07-02,102.868
120503,Axis ELSS Tax Saver Fund - Direct Plan - Growth Option,Axis Mutual Fund,Equity Scheme - ELSS,2024-07-03,103.5393
120503,Axis ELSS Tax Saver Fund - Direct Plan - Growth Option,Axis Mutual Fund,Equity Scheme - ELSS,2024-07-04,103.5511
120503,Axis ELSS Tax Saver Fund - Direct Plan - Growth Option,Axis Mutual Fund,Equity Scheme - ELSS,2024-07-05,103.8188
120503,Axis ELSS Tax Saver Fund - Direct Plan - Growth Option,Axis Mutual Fund,Equity Scheme - ELSS,2024-07-08,103.2534
120503,Axis ELSS Tax Saver Fund - Direct Plan - Growth Option,Axis Mutual Fund,Equity Scheme - ELSS,2024-07-09,103.826
120503,Axis ELSS Tax Saver Fund - Direct Plan - Growth Option,Axis Mutual Fund,Equity Scheme - ELSS,2024-07-10,103.6139
120503,Axis ELSS Tax Saver Fund - Direct Plan - Growth Option,Axis Mutual Fund,Equity Scheme - ELSS,2024-07-11,103.391
120503,Axis ELSS Tax Saver Fund - Direct Plan - Growth Option,Axis Mutual Fund,Equity Scheme - ELSS,2024-07-12,103.8648
120503,Axis ELSS Tax Saver Fund - Direct Plan - Growth Option,Axis Mutual Fund,Equity Scheme - ELSS,2024-07-15,104.2503
120503,Axis ELSS Tax Saver Fund - Direct Plan - Growth Option,Axis Mutual Fund,Equity Scheme - ELSS,2024-07-16,104.2689
120503,Axis ELSS Tax Saver Fund - Direct Plan - Growth Option,Axis Mutual Fund,Equity Scheme - ELSS,2024-07-18,104.7371
120503,Axis ELSS Tax Saver Fund - Direct Plan - Growth Option,Axis Mutual Fund,Equity Scheme - ELSS,2024-07-19,103.1529
120503,Axis ELSS Tax Saver Fund - Direct Plan - Growth Option,Axis Mutual Fund,Equity Scheme - ELSS,2024-07-22,103.7408
120503,Axis ELSS Tax Saver Fund - Direct Plan - Growth Option,Axis Mutual Fund,Equity Scheme - ELSS,2024-07-23,103.4111
120503,Axis ELSS Tax Saver Fund - Direct Plan - Growth Option,Axis Mutual Fund,Equity Scheme - ELSS,2024-07-24,103.5237
120503,Axis ELSS Tax Saver Fund - Direct Plan - Growth Option,Axis Mutual Fund,Equity Scheme - ELSS,2024-07-25,103.9297
120503,Axis ELSS Tax Saver Fund - Direct Plan - Growth Option,Axis Mutual Fund,Equity Scheme - ELSS,2024-07-26,105.5663
120503,Axis ELSS Tax Saver Fund - Direct Plan - Growth Option,Axis Mutual Fund,Equity Scheme - ELSS,2024-07-29,106.152
120503,Axis ELSS Tax Saver Fund - Direct Plan - Growth Option,Axis Mutual Fund,Equity Scheme - ELSS,2024-07-30,106.1309
120503,Axis ELSS Tax Saver Fund - Direct Plan - Growth Option,Axis Mutual Fund,Equity Scheme - ELSS,2024-07-31,107.2541
120503,Axis ELSS Tax Saver Fund - Direct Plan - Growth Option,Axis Mutual Fund,Equity Scheme - ELSS,2024-08-01,106.8677
120503,Axis ELSS Tax Saver Fund - Direct Plan - Growth Option,Axis Mutual Fund,Equity Scheme - ELSS,2024-08-02,106.2855
120503,Axis ELSS Tax Saver Fund - Direct Plan - Growth Option,Axis Mutual Fund,Equity Scheme - ELSS,2024-08-05,103.3697
120503,Axis ELSS Tax Saver Fund - Direct Plan - Growth Option,Axis Mutual Fund,Equity Scheme - ELSS,2024-08-06,102.7567
120503,Axis ELSS Tax Saver Fund - Direct Plan - Growth Option,Axis Mutual Fund,Equity Scheme - ELSS,2024-08-07,104.7231
120503,Axis ELSS Tax Saver Fund - Direct Plan - Growth Option,Axis Mutual Fund,Equity Scheme - ELSS,2024-08-08,104.0397
120503,Axis ELSS Tax Saver Fund - Direct Plan - Growth Option,Axis Mutual Fund,Equity Scheme - ELSS,2024-08-09,105.1196
120503,Axis ELSS Tax Saver Fund - Direct Plan - Growth Option,Axis Mutual Fund,Equity Scheme - ELSS,2024-08-12,104.7072
120503,Axis ELSS Tax Saver Fund - Direct Plan - Growth Option,Axis Mutual Fund,Equity Scheme - ELSS,2024-08-13,103.6796
120503,Axis ELSS Tax Saver Fund - Direct Plan - Growth Option,Axis Mutual Fund,Equity Scheme - ELSS,2024-08-14,103.5686
120503,Axis ELSS Tax Saver Fund - Direct Plan - Growth Option,Axis Mutual Fund,Equity Scheme - ELSS,2024-08-16,105.3212
120503,Axis ELSS Tax Saver Fund - Direct Plan - Growth Option,Axis Mutual Fund,Equity Scheme - ELSS,2024-08-19,105.1849
120503,Axis ELSS Tax Saver Fund - Direct Plan - Growth Option,Axis Mutual Fund,Equity Scheme - ELSS,2024-08-20,106.4228
120503,Axis ELSS Tax Saver Fund - Direct Plan - Growth Option,Axis Mutual Fund,Equity Scheme - ELSS,2024-08-21,106.4116
120503,Axis ELSS Tax Saver Fund - Direct Plan - Growth Option,Axis Mutual Fund,Equity Scheme - ELSS,2024-08-22,106.7491
120503,Axis ELSS Tax Saver Fund - Direct Plan - Growth Option,Axis Mutual Fund,Equity Scheme - ELSS,2024-08-23,106.6293
120503,Axis ELSS Tax Saver Fund - Direct Plan - Growth Option,Axis Mutual Fund,Equity Scheme - ELSS,2024-08-26,107.2803
120503,Axis ELSS Tax Saver Fund - Direct Plan - Growth Option,Axis Mutual Fund,Equity Scheme - ELSS,2024-08-27,107.7123
120503,Axis ELSS Tax Saver Fund - Direct Plan - Growth Option,Axis Mutual Fund,Equity Scheme - ELSS,2024-08-28,107.8057
120503,Axis ELSS Tax Saver Fund - Direct Plan - Growth Option,Axis Mutual Fund,Equity Scheme - ELSS,2024-08-29,107.8731
120503,Axis ELSS Tax Saver Fund - Direct Plan - Growth Option,Axis Mutual Fund,Equity Scheme - ELSS,2024-08-30,108.8193
120503,Axis ELSS Tax Saver Fund - Direct Plan - Growth Option,Axis Mutual Fund,Equity Scheme - ELSS,2024-08-31,108.8172
120503,Axis ELSS Tax Saver Fund - Direct Plan - Growth Option,Axis Mutual Fund,Equity Scheme - ELSS,2024-09-02,108.9623
120503,Axis ELSS Tax Saver Fund - Direct Plan - Growth Option,Axis Mutual Fund,Equity Scheme - ELSS,2024-09-03,108.8271
120503,Axis ELSS Tax Saver Fund - Direct Plan - Growth Option,Axis Mutual Fund,Equity Scheme - ELSS,2024-09-04,108.8874
120503,Axis ELSS Tax Saver Fund - Direct Plan - Growth Option,Axis Mutual Fund,Equity Scheme - ELSS,2024-09-05,108.8654
120503,Axis ELSS Tax Saver Fund - Direct Plan - Growth Option,Axis Mutual Fund,Equity Scheme - ELSS,2024-09-06,108.1266
120503,Axis ELSS Tax Saver Fund - Direct Plan - Growth Option,Axis Mutual Fund,Equity Scheme - ELSS,2024-09-09,108.295
120503,Axis ELSS Tax Saver Fund - Direct Plan - Growth Option,Axis Mutual Fund,Equity Scheme - ELSS,2024-09-10,108.8255
120503,Axis ELSS Tax Saver Fund - Direct Plan - Growth Option,Axis Mutual Fund,Equity Scheme - ELSS,2024-09-11,108.7761
120503,Axis ELSS Tax Saver Fund - Direct Plan - Growth Option,Axis Mutual Fund,Equity Scheme - ELSS,2024-09-12,110.5163
120503,Axis ELSS Tax Saver Fund - Direct Plan - Growth Option,Axis Mutual Fund,Equity Scheme - ELSS,2024-09-13,110.5442
120503,Axis ELSS Tax Saver Fund - Direct Plan - Growth Option,Axis Mutual Fund,Equity Scheme - ELSS,2024-09-16,110.7179
120503,Axis ELSS Tax Saver Fund - Direct Plan - Growth Option,Axis Mutual Fund,Equity Scheme - ELSS,2024-09-17,110.9778
120503,Axis ELSS Tax Saver Fund - Direct Plan - Growth Option,Axis Mutual Fund,Equity Scheme - ELSS,2024-09-18,111.2418
120503,Axis ELSS Tax Saver Fund - Direct Plan - Growth Option,Axis Mutual Fund,Equity Scheme - ELSS,2024-09-19,111.1788
120503,Axis ELSS Tax Saver Fund - Direct Plan - Growth Option,Axis Mutual Fund,Equity Scheme - ELSS,2024-09-20,112.7908
120503,Axis ELSS Tax Saver Fund - Direct Plan - Growth Option,Axis Mutual Fund,Equity Scheme - ELSS,2024-09-23,113.547
120503,Axis ELSS Tax Saver Fund - Direct Plan - Growth Option,Axis Mutual Fund,Equity Scheme - ELSS,2024-09-24,113.5942
120503,Axis ELSS Tax Saver Fund - Direct Plan - Growth Option,Axis Mutual Fund,Equity Scheme - ELSS,2024-09-25,113.1368
120503,Axis ELSS Tax Saver Fund - Direct Plan - Growth Option,Axis Mutual Fund,Equity Scheme - ELSS,2024-09-26,113.6849
120503,Axis ELSS Tax Saver Fund - Direct Plan - Growth Option,Axis Mutual Fund,Equity Scheme - ELSS,2024-09-27,113.6083
120503,Axis ELSS Tax Saver Fund - Direct Plan - Growth Option,Axis Mutual Fund,Equity Scheme - ELSS,2024-09-30,112.3338
120503,Axis ELSS Tax Saver Fund - Direct Plan - Growth Option,Axis Mutual Fund,Equity Scheme - ELSS,2024-10-01,112.3285
120503,Axis ELSS Tax Saver Fund - Direct Plan - Growth Option,Axis Mutual Fund,Equity Scheme - ELSS,2024-10-03,110.1986
120503,Axis ELSS Tax Saver Fund - Direct Plan - Growth Option,Axis Mutual Fund,Equity Scheme - ELSS,2024-10-04,109.2162
120503,Axis ELSS Tax Saver Fund - Direct Plan - Growth Option,Axis Mutual Fund,Equity Scheme - ELSS,2024-10-07,107.8549
120503,Axis ELSS Tax Saver Fund - Direct Plan - Growth Option,Axis Mutual Fund,Equity Scheme - ELSS,2024-10-08,109.2294
120503,Axis ELSS Tax Saver Fund - Direct Plan - Growth Option,Axis Mutual Fund,Equity Scheme - ELSS,2024-10-09,110.5143
120503,Axis ELSS Tax Saver Fund - Direct Plan - Growth Option,Axis Mutual Fund,Equity Scheme - ELSS,2024-10-10,110.2257
120503,Axis ELSS Tax Saver Fund - Direct Plan - Growth Option,Axis Mutual Fund,Equity Scheme - ELSS,2024-10-11,110.2456
120503,Axis ELSS Tax Saver Fund - Direct Plan - Growth Option,Axis Mutual Fund,Equity Scheme - ELSS,2024-10-14,110.681
120503,Axis ELSS Tax Saver Fund - Direct Plan - Growth Option,Axis Mutual Fund,Equity Scheme - ELSS,2024-10-15,110.569
120503,Axis ELSS Tax Saver Fund - Direct Plan - Growth Option,Axis Mutual Fund,Equity Scheme - ELSS,2024-10-16,110.0784
120503,Axis ELSS Tax Saver Fund - Direct Plan - Growth Option,Axis Mutual Fund,Equity Scheme - ELSS,2024-10-17,108.5302
120503,Axis ELSS Tax Saver Fund - Direct Plan - Growth Option,Axis Mutual Fund,Equity Scheme - ELSS,2024-10-18,108.7862
120503,Axis ELSS Tax Saver Fund - Direct Plan - Growth Option,Axis Mutual Fund,Equity Scheme - ELSS,2024-10-21,108.0928
120503,Axis ELSS Tax Saver Fund - Direct Plan - Growth Option,Axis Mutual Fund,Equity Scheme - ELSS,2024-10-22,106.4297
120503,Axis ELSS Tax Saver Fund - Direct Plan - Growth Option,Axis Mutual Fund,Equity Scheme - ELSS,2024-10-23,106.768
120503,Axis ELSS Tax Saver Fund - Direct Plan - Growth Option,Axis Mutual Fund,Equity Scheme - ELSS,2024-10-24,106.5309
120503,Axis ELSS Tax Saver Fund - Direct Plan - Growth Option,Axis Mutual Fund,Equity Scheme - ELSS,2024-10-25,105.8433
120503,Axis ELSS Tax Saver Fund - Direct Plan - Growth Option,Axis Mutual Fund,Equity Scheme - ELSS,2024-10-28,105.3964
120503,Axis ELSS Tax Saver Fund - Direct Plan - Growth Option,Axis Mutual Fund,Equity Scheme - ELSS,2024-10-29,105.9613
120503,Axis ELSS Tax Saver Fund - Direct Plan - Growth Option,Axis Mutual Fund,Equity Scheme - ELSS,2024-10-30,105.6041
120503,Axis ELSS Tax Saver Fund - Direct Plan - Growth Option,Axis Mutual Fund,Equity Scheme - ELSS,2024-10-31,105.222
120503,Axis ELSS Tax Saver Fund - Direct Plan - Growth Option,Axis Mutual Fund,Equity Scheme - ELSS,2024-11-04,104.8151
120503,Axis ELSS Tax Saver Fund - Direct Plan - Growth Option,Axis Mutual Fund,Equity Scheme - ELSS,2024-11-05,104.9973
120503,Axis ELSS Tax Saver Fund - Direct Plan - Growth Option,Axis Mutual Fund,Equity Scheme - ELSS,2024-11-06,106.7263
120503,Axis ELSS Tax Saver Fund - Direct Plan - Growth Option,Axis Mutual Fund,Equity Scheme - ELSS,2024-11-07,105.9354
120503,Axis ELSS Tax Saver Fund - Direct Plan - Growth Option,Axis Mutual Fund,Equity Scheme - ELSS,2024-11-08,105.3856
120503,Axis ELSS Tax Saver Fund - Direct Plan - Growth Option,Axis Mutual Fund,Equity Scheme - ELSS,2024-11-11,105.1594
120503,Axis ELSS Tax Saver Fund - Direct Plan - Growth Option,Axis Mutual Fund,Equity Scheme - ELSS,2024-11-12,104.013
120503,Axis ELSS Tax Saver Fund - Direct Plan - Growth Option,Axis Mutual Fund,Equity Scheme - ELSS,2024-11-13,102.2523
120503,Axis ELSS Tax Saver Fund - Direct Plan - Growth Option,Axis Mutual Fund,Equity Scheme - ELSS,2024-11-14,102.3533
120503,Axis ELSS Tax Saver Fund - Direct Plan - Growth Option,Axis Mutual Fund,Equity Scheme - ELSS,2024-11-18,102.287
120503,Axis ELSS Tax Saver Fund - Direct Plan - Growth Option,Axis Mutual Fund,Equity Scheme - ELSS,2024-11-19,102.9426
120503,Axis ELSS Tax Saver Fund - Direct Plan - Growth Option,Axis Mutual Fund,Equity Scheme - ELSS,2024-11-21,102.6084
120503,Axis ELSS Tax Saver Fund - Direct Plan - Growth Option,Axis Mutual Fund,Equity Scheme - ELSS,2024-11-22,104.0153
120503,Axis ELSS Tax Saver Fund - Direct Plan - Growth Option,Axis Mutual Fund,Equity Scheme - ELSS,2024-11-25,105.6098
120503,Axis ELSS Tax Saver Fund - Direct Plan - Growth Option,Axis Mutual Fund,Equity Scheme - ELSS,2024-11-26,105.3089
120503,Axis ELSS Tax Saver Fund - Direct Plan - Growth Option,Axis Mutual Fund,Equity Scheme - ELSS,2024-11-27,105.5935
120503,Axis ELSS Tax Saver Fund - Direct Plan - Growth Option,Axis Mutual Fund,Equity Scheme - ELSS,2024-11-28,104.5539
120503,Axis ELSS Tax Saver Fund - Direct Plan - Growth Option,Axis Mutual Fund,Equity Scheme - ELSS,2024-11-29,105.2259
120503,Axis ELSS Tax Saver Fund - Direct Plan - Growth Option,Axis Mutual Fund,Equity Scheme - ELSS,2024-11-30,105.2243
120503,Axis ELSS Tax Saver Fund - Direct Plan - Growth Option,Axis Mutual Fund,Equity Scheme - ELSS,2024-12-02,106.339
120503,Axis ELSS Tax Saver Fund - Direct Plan - Growth Option,Axis Mutual Fund,Equity Scheme - ELSS,2024-12-03,107.207
120503,Axis ELSS Tax Saver Fund - Direct Plan - Growth Option,Axis Mutual Fund,Equity Scheme - ELSS,2024-12-04,107.6559
120503,Axis ELSS Tax Saver Fund - Direct Plan - Growth Option,Axis Mutual Fund,Equity Scheme - ELSS,2024-12-05,108.3787
120503,Axis ELSS Tax Saver Fund - Direct Plan - Growth Option,Axis Mutual Fund,Equity Scheme - ELSS,2024-12-06,108.4356
120503,Axis ELSS Tax Saver Fund - Direct Plan - Growth Option,Axis Mutual Fund,Equity Scheme - ELSS,2024-12-09,108.3583
120503,Axis ELSS Tax Saver Fund - Direct Plan - Growth Option,Axis Mutual Fund,Equity Scheme - ELSS,2024-12-10,108.5727
120503,Axis ELSS Tax Saver Fund - Direct Plan - Growth Option,Axis Mutual Fund,Equity Scheme - ELSS,2024-12-11,108.7957
120503,Axis ELSS Tax Saver Fund - Direct Plan - Growth Option,Axis Mutual Fund,Equity Scheme - ELSS,2024-12-12,108.5429
120503,Axis ELSS Tax Saver Fund - Direct Plan - Growth Option,Axis Mutual Fund,Equity Scheme - ELSS,2024-12-13,108.8347
120503,Axis ELSS Tax Saver Fund - Direct Plan - Growth Option,Axis Mutual Fund,Equity Scheme - ELSS,2024-12-16,108.7447
120503,Axis ELSS Tax Saver Fund - Direct Plan - Growth Option,Axis Mutual Fund,Equity Scheme - ELSS,2024-12-17,107.6416
120503,Axis ELSS Tax Saver Fund - Direct Plan - Growth Option,Axis Mutual Fund,Equity Scheme - ELSS,2024-12-18,107.2865
120503,Axis ELSS Tax Saver Fund - Direct Plan - Growth Option,Axis Mutual Fund,Equity Scheme - ELSS,2024-12-19,106.5383
120503,Axis ELSS Tax Saver Fund - Direct Plan - Growth Option,Axis Mutual Fund,Equity Scheme - ELSS,2024-12-20,104.3714
120503,Axis ELSS Tax Saver Fund - Direct Plan - Growth Option,Axis Mutual Fund,Equity Scheme - ELSS,2024-12-23,104.9395
120503,Axis ELSS Tax Saver Fund - Direct Plan - Growth Option,Axis Mutual Fund,Equity Scheme - ELSS,2024-12-24,104.7647
120503,Axis ELSS Tax Saver Fund - Direct Plan - Growth Option,Axis Mutual Fund,Equity Scheme - ELSS,2024-12-26,104.9719
120503,Axis ELSS Tax Saver Fund - Direct Plan - Growth Option,Axis Mutual Fund,Equity Scheme - ELSS,2024-12-27,105.0556
120503,Axis ELSS Tax Saver Fund - Direct Plan - Growth Option,Axis Mutual Fund,Equity Scheme - ELSS,2024-12-30,104.8623
120503,Axis ELSS Tax Saver Fund - Direct Plan - Growth Option,Axis Mutual Fund,Equity Scheme - ELSS,2024-12-31,104.8418
120503,Axis ELSS Tax Saver Fund - Direct Plan - Growth Option,Axis Mutual Fund,Equity Scheme - ELSS,2025-01-01,105.2098
120503,Axis ELSS Tax Saver Fund - Direct Plan - Growth Option,Axis Mutual Fund,Equity Scheme - ELSS,2025-01-02,107.1106
120503,Axis ELSS Tax Saver Fund - Direct Plan - Growth Option,Axis Mutual Fund,Equity Scheme - ELSS,2025-01-03,106.6103
120503,Axis ELSS Tax Saver Fund - Direct Plan - Growth Option,Axis Mutual Fund,Equity Scheme - ELSS,2025-01-06,104.6558
120503,Axis ELSS Tax Saver Fund - Direct Plan - Growth Option,Axis Mutual Fund,Equity Scheme - ELSS,2025-01-07,104.7743
120503,Axis ELSS Tax Saver Fund - Direct Plan - Growth Option,Axis Mutual Fund,Equity Scheme - ELSS,2025-01-08,103.8402
120503,Axis ELSS Tax Saver Fund - Direct Plan - Growth Option,Axis Mutual Fund,Equity Scheme - ELSS,2025-01-09,103.1098
120503,Axis ELSS Tax Saver Fund - Direct Plan - Growth Option,Axis Mutual Fund,Equity Scheme - ELSS,2025-01-10,102.1012
120503,Axis ELSS Tax Saver Fund - Direct Plan - Growth Option,Axis Mutual Fund,Equity Scheme - ELSS,2025-01-13,99.3562
120503,Axis ELSS Tax Saver Fund - Direct Plan - Growth Option,Axis Mutual Fund,Equity Scheme - ELSS,2025-01-14,100.491
120503,Axis ELSS Tax Saver Fund - Direct Plan - Growth Option,Axis Mutual Fund,Equity Scheme - ELSS,2025-01-15,100.6352
120503,Axis ELSS Tax Saver Fund - Direct Plan - Growth Option,Axis Mutual Fund,Equity Scheme - ELSS,2025-01-16,101.4904
120503,Axis ELSS Tax Saver Fund - Direct Plan - Growth Option,Axis Mutual Fund,Equity Scheme - ELSS,2025-01-17,101.1868
120503,Axis ELSS Tax Saver Fund - Direct Plan - Growth Option,Axis Mutual Fund,Equity Scheme - ELSS,2025-01-20,101.7412
120503,Axis ELSS Tax Saver Fund - Direct Plan - Growth Option,Axis Mutual Fund,Equity Scheme - ELSS,2025-01-21,99.7482
120503,Axis ELSS Tax Saver Fund - Direct Plan - Growth Option,Axis Mutual Fund,Equity Scheme - ELSS,2025-01-22,99.589
120503,Axis ELSS Tax Saver Fund - Direct Plan - Growth Option,Axis Mutual Fund,Equity Scheme - ELSS,2025-01-23,100.7177
120503,Axis ELSS Tax Saver Fund - Direct Plan - Growth Option,Axis Mutual Fund,Equity Scheme - ELSS,2025-01-24,99.8878
120503,Axis ELSS Tax Saver Fund - Direct Plan - Growth Option,Axis Mutual Fund,Equity Scheme - ELSS,2025-01-27,98.2629
120503,Axis ELSS Tax Saver Fund - Direct Plan - Growth Option,Axis Mutual Fund,Equity Scheme - ELSS,2025-01-28,98.499
120503,Axis ELSS Tax Saver Fund - Direct Plan - Growth Option,Axis Mutual Fund,Equity Scheme - ELSS,2025-01-29,100.3048
120503,Axis ELSS Tax Saver Fund - Direct Plan - Growth Option,Axis Mutual Fund,Equity Scheme - ELSS,2025-01-30,100.5817
120503,Axis ELSS Tax Saver Fund - Direct Plan - Growth Option,Axis Mutual Fund,Equity Scheme - ELSS,2025-01-31,101.3764
120503,Axis ELSS Tax Saver Fund - Direct Plan - Growth Option,Axis Mutual Fund,Equity Scheme - ELSS,2025-02-03,101.8419
120503,Axis ELSS Tax Saver Fund - Direct Plan - Growth Option,Axis Mutual Fund,Equity Scheme - ELSS,2025-02-04,103.0829
120503,Axis ELSS Tax Saver Fund - Direct Plan - Growth Option,Axis Mutual Fund,Equity Scheme - ELSS,2025-02-05,103.119
120503,Axis ELSS Tax Saver Fund - Direct Plan - Growth Option,Axis Mutual Fund,Equity Scheme - ELSS,2025-02-06,102.6583
120503,Axis ELSS Tax Saver Fund - Direct Plan - Growth Option,Axis Mutual Fund,Equity Scheme - ELSS,2025-02-07,102.7818
120503,Axis ELSS Tax Saver Fund - Direct Plan - Growth Option,Axis Mutual Fund,Equity Scheme - ELSS,2025-02-10,101.4198
120503,Axis ELSS Tax Saver Fund - Direct Plan - Growth Option,Axis Mutual Fund,Equity Scheme - ELSS,2025-02-11,99.5049
120503,Axis ELSS Tax Saver Fund - Direct Plan - Growth Option,Axis Mutual Fund,Equity Scheme - ELSS,2025-02-12,99.4579
120503,Axis ELSS Tax Saver Fund - Direct Plan - Growth Option,Axis Mutual Fund,Equity Scheme - ELSS,2025-02-13,99.6044
120503,Axis ELSS Tax Saver Fund - Direct Plan - Growth Option,Axis Mutual Fund,Equity Scheme - ELSS,2025-02-14,98.4378
120503,Axis ELSS Tax Saver Fund - Direct Plan - Growth Option,Axis Mutual Fund,Equity Scheme - ELSS,2025-02-17,98.3385
120503,Axis ELSS Tax Saver Fund - Direct Plan - Growth Option,Axis Mutual Fund,Equity Scheme - ELSS,2025-02-18,98.3192
120503,Axis ELSS Tax Saver Fund - Direct Plan - Growth Option,Axis Mutual Fund,Equity Scheme - ELSS,2025-02-19,98.672
120503,Axis ELSS Tax Saver Fund - Direct Plan - Growth Option,Axis Mutual Fund,Equity Scheme - ELSS,2025-02-20,98.9287
120503,Axis ELSS Tax Saver Fund - Direct Plan - Growth Option,Axis Mutual Fund,Equity Scheme - ELSS,2025-02-21,98.1576
120503,Axis ELSS Tax Saver Fund - Direct Plan - Growth Option,Axis Mutual Fund,Equity Scheme - ELSS,2025-02-24,97.2366
120503,Axis ELSS Tax Saver Fund - Direct Plan - Growth Option,Axis Mutual Fund,Equity Scheme - ELSS,2025-02-25,97.3105
120503,Axis ELSS Tax Saver Fund - Direct Plan - Growth Option,Axis Mutual Fund,Equity Scheme - ELSS,2025-02-27,96.8975
120503,Axis ELSS Tax Saver Fund - Direct Plan - Growth Option,Axis Mutual Fund,Equity Scheme - ELSS,2025-02-28,94.9501
120503,Axis ELSS Tax Saver Fund - Direct Plan - Growth Option,Axis Mutual Fund,Equity Scheme - ELSS,2025-03-03,95.4362
120503,Axis ELSS Tax Saver Fund - Direct Plan - Growth Option,Axis Mutual Fund,Equity Scheme - ELSS,2025-03-04,95.5268
120503,Axis ELSS Tax Saver Fund - Direct Plan - Growth Option,Axis Mutual Fund,Equity Scheme - ELSS,2025-03-05,96.6508
120503,Axis ELSS Tax Saver Fund - Direct Plan - Growth Option,Axis Mutual Fund,Equity Scheme - ELSS,2025-03-06,97.2896
120503,Axis ELSS Tax Saver Fund - Direct Plan - Growth Option,Axis Mutual Fund,Equity Scheme - ELSS,2025-03-07,97.102
120503,Axis ELSS Tax Saver Fund - Direct Plan - Growth Option,Axis Mutual Fund,Equity Scheme - ELSS,2025-03-10,96.3467
120503,Axis ELSS Tax Saver Fund - Direct Plan - Growth Option,Axis Mutual Fund,Equity Scheme - ELSS,2025-03-11,96.6916
120503,Axis ELSS Tax Saver Fund - Direct Plan - Growth Option,Axis Mutual Fund,Equity Scheme - ELSS,2025-03-12,96.5719
120503,Axis ELSS Tax Saver Fund - Direct Plan - Growth Option,Axis Mutual Fund,Equity Scheme - ELSS,2025-03-13,96.1511
120503,Axis ELSS Tax Saver Fund - Direct Plan - Growth Option,Axis Mutual Fund,Equity Scheme - ELSS,2025-03-17,96.9284
120503,Axis ELSS Tax Saver Fund - Direct Plan - Growth Option,Axis Mutual Fund,Equity Scheme - ELSS,2025-03-18,98.7757
120503,Axis ELSS Tax Saver Fund - Direct Plan - Growth Option,Axis Mutual Fund,Equity Scheme - ELSS,2025-03-19,99.6691
120503,Axis ELSS Tax Saver Fund - Direct Plan - Growth Option,Axis Mutual Fund,Equity Scheme - ELSS,2025-03-20,100.6482
120503,Axis ELSS Tax Saver Fund - Direct Plan - Growth Option,Axis Mutual Fund,Equity Scheme - ELSS,2025-03-21,101.6223
120503,Axis ELSS Tax Saver Fund - Direct Plan - Growth Option,Axis Mutual Fund,Equity Scheme - ELSS,2025-03-24,102.5148
120503,Axis ELSS Tax Saver Fund - Direct Plan - Growth Option,Axis Mutual Fund,Equity Scheme - ELSS,2025-03-25,102.1034
120503,Axis ELSS Tax Saver Fund - Direct Plan - Growth Option,Axis Mutual Fund,Equity Scheme - ELSS,2025-03-26,101.5005
120503,Axis ELSS Tax Saver Fund - Direct Plan - Growth Option,Axis Mutual Fund,Equity Scheme - ELSS,2025-03-27,101.9948
120503,Axis ELSS Tax Saver Fund - Direct Plan - Growth Option,Axis Mutual Fund,Equity Scheme - ELSS,2025-03-28,101.5135
120503,Axis ELSS Tax Saver Fund - Direct Plan - Growth Option,Axis Mutual Fund,Equity Scheme - ELSS,2025-03-31,101.5097
120503,Axis ELSS Tax Saver Fund - Direct Plan - Growth Option,Axis Mutual Fund,Equity Scheme - ELSS,2025-04-01,100.0834
120503,Axis ELSS Tax Saver Fund - Direct Plan - Growth Option,Axis Mutual Fund,Equity Scheme - ELSS,2025-04-02,101.0307
120503,Axis ELSS Tax Saver Fund - Direct Plan - Growth Option,Axis Mutual Fund,Equity Scheme - ELSS,2025-04-03,100.777
120503,Axis ELSS Tax Saver Fund - Direct Plan - Growth Option,Axis Mutual Fund,Equity Scheme - ELSS,2025-04-04,99.3327
120503,Axis ELSS Tax Saver Fund - Direct Plan - Growth Option,Axis Mutual Fund,Equity Scheme - ELSS,2025-04-07,96.4224
120503,Axis ELSS Tax Saver Fund - Direct Plan - Growth Option,Axis Mutual Fund,Equity Scheme - ELSS,2025-04-08,98.1202
120503,Axis ELSS Tax Saver Fund - Direct Plan - Growth Option,Axis Mutual Fund,Equity Scheme - ELSS,2025-04-09,97.7243
120503,Axis ELSS Tax Saver Fund - Direct Plan - Growth Option,Axis Mutual Fund,Equity Scheme - ELSS,2025-04-11,99.4468
120503,Axis ELSS Tax Saver Fund - Direct Plan - Growth Option,Axis Mutual Fund,Equity Scheme - ELSS,2025-04-15,101.8933
120503,Axis ELSS Tax Saver Fund - Direct Plan - Growth Option,Axis Mutual Fund,Equity Scheme - ELSS,2025-04-16,102.318
120503,Axis ELSS Tax Saver Fund - Direct Plan - Growth Option,Axis Mutual Fund,Equity Scheme - ELSS,2025-04-17,103.6475
120503,Axis ELSS Tax Saver Fund - Direct Plan - Growth Option,Axis Mutual Fund,Equity Scheme - ELSS,2025-04-21,104.8758
120503,Axis ELSS Tax Saver Fund - Direct Plan - Growth Option,Axis Mutual Fund,Equity Scheme - ELSS,2025-04-22,105.2172
120503,Axis ELSS Tax Saver Fund - Direct Plan - Growth Option,Axis Mutual Fund,Equity Scheme - ELSS,2025-04-23,105.8792
120503,Axis ELSS Tax Saver Fund - Direct Plan - Growth Option,Axis Mutual Fund,Equity Scheme - ELSS,2025-04-24,105.5627
120503,Axis ELSS Tax Saver Fund - Direct Plan - Growth Option,Axis Mutual Fund,Equity Scheme - ELSS,2025-04-25,104.075
120503,Axis ELSS Tax Saver Fund - Direct Plan - Growth Option,Axis Mutual Fund,Equity Scheme - ELSS,2025-04-28,104.9692
120503,Axis ELSS Tax Saver Fund - Direct Plan - Growth Option,Axis Mutual Fund,Equity Scheme - ELSS,2025-04-29,104.8552
120503,Axis ELSS Tax Saver Fund - Direct Plan - Growth Option,Axis Mutual Fund,Equity Scheme - ELSS,2025-04-30,104.6451
120503,Axis ELSS Tax Saver Fund - Direct Plan - Growth Option,Axis Mutual Fund,Equity Scheme - ELSS,2025-05-02,104.4724
120503,Axis ELSS Tax Saver Fund - Direct Plan - Growth Option,Axis Mutual Fund,Equity Scheme - ELSS,2025-05-05,105.2187
120503,Axis ELSS Tax Saver Fund - Direct Plan - Growth Option,Axis Mutual Fund,Equity Scheme - ELSS,2025-05-06,104.2762
120503,Axis ELSS Tax Saver Fund - Direct Plan - Growth Option,Axis Mutual Fund,Equity Scheme - ELSS,2025-05-07,104.8398
120503,Axis ELSS Tax Saver Fund - Direct Plan - Growth Option,Axis Mutual Fund,Equity Scheme - ELSS,2025-05-08,103.5049
120503,Axis ELSS Tax Saver Fund - Direct Plan - Growth Option,Axis Mutual Fund,Equity Scheme - ELSS,2025-05-09,102.6314
120503,Axis ELSS Tax Saver Fund - Direct Plan - Growth Option,Axis Mutual Fund,Equity Scheme - ELSS,2025-05-12,106.1881
120503,Axis ELSS Tax Saver Fund - Direct Plan - Growth Option,Axis Mutual Fund,Equity Scheme - ELSS,2025-05-13,105.499
120503,Axis ELSS Tax Saver Fund - Direct Plan - Growth Option,Axis Mutual Fund,Equity Scheme - ELSS,2025-05-14,106.0607
120503,Axis ELSS Tax Saver Fund - Direct Plan - Growth Option,Axis Mutual Fund,Equity Scheme - ELSS,2025-05-15,107.2349
120503,Axis ELSS Tax Saver Fund - Direct Plan - Growth Option,Axis Mutual Fund,Equity Scheme - ELSS,2025-05-16,107.4778
120503,Axis ELSS Tax Saver Fund - Direct Plan - Growth Option,Axis Mutual Fund,Equity Scheme - ELSS,2025-05-19,107.379
120503,Axis ELSS Tax Saver Fund - Direct Plan - Growth Option,Axis Mutual Fund,Equity Scheme - ELSS,2025-05-20,105.8304
120503,Axis ELSS Tax Saver Fund - Direct Plan - Growth Option,Axis Mutual Fund,Equity Scheme - ELSS,2025-05-21,106.6077
120503,Axis ELSS Tax Saver Fund - Direct Plan - Growth Option,Axis Mutual Fund,Equity Scheme - ELSS,2025-05-22,106.1852
120503,Axis ELSS Tax Saver Fund - Direct Plan - Growth Option,Axis Mutual Fund,Equity Scheme - ELSS,2025-05-23,107.0146
120503,Axis ELSS Tax Saver Fund - Direct Plan - Growth Option,Axis Mutual Fund,Equity Scheme - ELSS,2025-05-26,107.4818
120503,Axis ELSS Tax Saver Fund - Direct Plan - Growth Option,Axis Mutual Fund,Equity Scheme - ELSS,2025-05-27,107.03
120503,Axis ELSS Tax Saver Fund - Direct Plan - Growth Option,Axis Mutual Fund,Equity Scheme - ELSS,2025-05-28,106.7675
120503,Axis ELSS Tax Saver Fund - Direct Plan - Growth Option,Axis Mutual Fund,Equity Scheme - ELSS,2025-05-29,107.1679
120503,Axis ELSS Tax Saver Fund - Direct Plan - Growth Option,Axis Mutual Fund,Equity Scheme - ELSS,2025-05-30,106.9783
120503,Axis ELSS Tax Saver Fund - Direct Plan - Growth Option,Axis Mutual Fund,Equity Scheme - ELSS,2025-05-31,106.9766
120503,Axis ELSS Tax Saver Fund - Direct Plan - Growth Option,Axis Mutual Fund,Equity Scheme - ELSS,2025-06-02,107.0707
120503,Axis ELSS Tax Saver Fund - Direct Plan - Growth Option,Axis Mutual Fund,Equity Scheme - ELSS,2025-06-03,106.5283
120503,Axis ELSS Tax Saver Fund - Direct Plan - Growth Option,Axis Mutual Fund,Equity Scheme - ELSS,2025-06-04,107.0655
120503,Axis ELSS Tax Saver Fund - Direct Plan - Growth Option,Axis Mutual Fund,Equity Scheme - ELSS,2025-06-05,107.5533
120503,Axis ELSS Tax Saver Fund - Direct Plan - Growth Option,Axis Mutual Fund,Equity Scheme - ELSS,2025-06-06,108.4007
120503,Axis ELSS Tax Saver Fund - Direct Plan - Growth Option,Axis Mutual Fund,Equity Scheme - ELSS,2025-06-09,108.9621
120503,Axis ELSS Tax Saver Fund - Direct Plan - Growth Option,Axis Mutual Fund,Equity Scheme - ELSS,2025-06-10,108.8321
120503,Axis ELSS Tax Saver Fund - Direct Plan - Growth Option,Axis Mutual Fund,Equity Scheme - ELSS,2025-06-11,108.7816
120503,Axis ELSS Tax Saver Fund - Direct Plan - Growth Option,Axis Mutual Fund,Equity Scheme - ELSS,2025-06-12,107.5691
120503,Axis ELSS Tax Saver Fund - Direct Plan - Growth Option,Axis Mutual Fund,Equity Scheme - ELSS,2025-06-13,107.014
120503,Axis ELSS Tax Saver Fund - Direct Plan - Growth Option,Axis Mutual Fund,Equity Scheme - ELSS,2025-06-16,107.9842
120503,Axis ELSS Tax Saver Fund - Direct Plan - Growth Option,Axis Mutual Fund,Equity Scheme - ELSS,2025-06-17,107.5374
120503,Axis ELSS Tax Saver Fund - Direct Plan - Growth Option,Axis Mutual Fund,Equity Scheme - ELSS,2025-06-18,107.2775
120503,Axis ELSS Tax Saver Fund - Direct Plan - Growth Option,Axis Mutual Fund,Equity Scheme - ELSS,2025-06-19,106.6482
120503,Axis ELSS Tax Saver Fund - Direct Plan - Growth Option,Axis Mutual Fund,Equity Scheme - ELSS,2025-06-20,108.1514
120503,Axis ELSS Tax Saver Fund - Direct Plan - Growth Option,Axis Mutual Fund,Equity Scheme - ELSS,2025-06-23,107.9543
120503,Axis ELSS Tax Saver Fund - Direct Plan - Growth Option,Axis Mutual Fund,Equity Scheme - ELSS,2025-06-24,108.5319
120503,Axis ELSS Tax Saver Fund - Direct Plan - Growth Option,Axis Mutual Fund,Equity Scheme - ELSS,2025-06-25,109.3692
120503,Axis ELSS Tax Saver Fund - Direct Plan - Growth Option,Axis Mutual Fund,Equity Scheme - ELSS,2025-06-26,110.2355
120503,Axis ELSS Tax Saver Fund - Direct Plan - Growth Option,Axis Mutual Fund,Equity Scheme - ELSS,2025-06-27,110.74
120503,Axis ELSS Tax Saver Fund - Direct Plan - Growth Option,Axis Mutual Fund,Equity Scheme - ELSS,2025-06-30,110.6845
120503,Axis ELSS Tax Saver Fund - Direct Plan - Growth Option,Axis Mutual Fund,Equity Scheme - ELSS,2025-07-01,110.588
120503,Axis ELSS Tax Saver Fund - Direct Plan - Growth Option,Axis Mutual Fund,Equity Scheme - ELSS,2025-07-02,110.2267
120503,Axis ELSS Tax Saver Fund - Direct Plan - Growth Option,Axis Mutual Fund,Equity Scheme - ELSS,2025-07-03,109.8742
120503,Axis ELSS Tax Saver Fund - Direct Plan - Growth Option,Axis Mutual Fund,Equity Scheme - ELSS,2025-07-04,110.133
120503,Axis ELSS Tax Saver Fund - Direct Plan - Growth Option,Axis Mutual Fund,Equity Scheme - ELSS,2025-07-07,109.9783
120503,Axis ELSS Tax Saver Fund - Direct Plan - Growth Option,Axis Mutual Fund,Equity Scheme - ELSS,2025-07-08,110.1649
120503,Axis ELSS Tax Saver Fund - Direct Plan - Growth Option,Axis Mutual Fund,Equity Scheme - ELSS,2025-07-09,110.2936
120503,Axis ELSS Tax Saver Fund - Direct Plan - Growth Option,Axis Mutual Fund,Equity Scheme - ELSS,2025-07-10,109.7323
120503,Axis ELSS Tax Saver Fund - Direct Plan - Growth Option,Axis Mutual Fund,Equity Scheme - ELSS,2025-07-11,108.6737
120503,Axis ELSS Tax Saver Fund - Direct Plan - Growth Option,Axis Mutual Fund,Equity Scheme - ELSS,2025-07-14,108.827
120503,Axis ELSS Tax Saver Fund - Direct Plan - Growth Option,Axis Mutual Fund,Equity Scheme - ELSS,2025-07-15,109.4895
120503,Axis ELSS Tax Saver Fund - Direct Plan - Growth Option,Axis Mutual Fund,Equity Scheme - ELSS,2025-07-16,109.4752
120503,Axis ELSS Tax Saver Fund - Direct Plan - Growth Option,Axis Mutual Fund,Equity Scheme - ELSS,2025-07-17,109.3117
120503,Axis ELSS Tax Saver Fund - Direct Plan - Growth Option,Axis Mutual Fund,Equity Scheme - ELSS,2025-07-18,108.78
120503,Axis ELSS Tax Saver Fund - Direct Plan - Growth Option,Axis Mutual Fund,Equity Scheme - ELSS,2025-07-21,109.7098
120503,Axis ELSS Tax Saver Fund - Direct Plan - Growth Option,Axis Mutual Fund,Equity Scheme - ELSS,2025-07-22,109.7437
120503,Axis ELSS Tax Saver Fund - Direct Plan - Growth Option,Axis Mutual Fund,Equity Scheme - ELSS,2025-07-23,110.268
120503,Axis ELSS Tax Saver Fund - Direct Plan - Growth Option,Axis Mutual Fund,Equity Scheme - ELSS,2025-07-24,109.8416
120503,Axis ELSS Tax Saver Fund - Direct Plan - Growth Option,Axis Mutual Fund,Equity Scheme - ELSS,2025-07-25,108.763
120503,Axis ELSS Tax Saver Fund - Direct Plan - Growth Option,Axis Mutual Fund,Equity Scheme - ELSS,2025-07-28,107.8724
120503,Axis ELSS Tax Saver Fund - Direct Plan - Growth Option,Axis Mutual Fund,Equity Scheme - ELSS,2025-07-29,108.5168
120503,Axis ELSS Tax Saver Fund - Direct Plan - Growth Option,Axis Mutual Fund,Equity Scheme - ELSS,2025-07-30,108.8599
120503,Axis ELSS Tax Saver Fund - Direct Plan - Growth Option,Axis Mutual Fund,Equity Scheme - ELSS,2025-07-31,108.4305
120503,Axis ELSS Tax Saver Fund - Direct Plan - Growth Option,Axis Mutual Fund,Equity Scheme - ELSS,2025-08-01,107.3597
120503,Axis ELSS Tax Saver Fund - Direct Plan - Growth Option,Axis Mutual Fund,Equity Scheme - ELSS,2025-08-04,108.1149
120503,Axis ELSS Tax Saver Fund - Direct Plan - Growth Option,Axis Mutual Fund,Equity Scheme - ELSS,2025-08-05,108.0923
120503,Axis ELSS Tax Saver Fund - Direct Plan - Growth Option,Axis Mutual Fund,Equity Scheme - ELSS,2025-08-06,107.5084
120503,Axis ELSS Tax Saver Fund - Direct Plan - Growth Option,Axis Mutual Fund,Equity Scheme - ELSS,2025-08-07,107.8011
120503,Axis ELSS Tax Saver Fund - Direct Plan - Growth Option,Axis Mutual Fund,Equity Scheme - ELSS,2025-08-08,106.5285
120503,Axis ELSS Tax Saver Fund - Direct Plan - Growth Option,Axis Mutual Fund,Equity Scheme - ELSS,2025-08-11,107.3883
120503,Axis ELSS Tax Saver Fund - Direct Plan - Growth Option,Axis Mutual Fund,Equity Scheme - ELSS,2025-08-12,106.9215
120503,Axis ELSS Tax Saver Fund - Direct Plan - Growth Option,Axis Mutual Fund,Equity Scheme - ELSS,2025-08-13,107.7607
120503,Axis ELSS Tax Saver Fund - Direct Plan - Growth Option,Axis Mutual Fund,Equity Scheme - ELSS,2025-08-14,107.8455
120503,Axis ELSS Tax Saver Fund - Direct Plan - Growth Option,Axis Mutual Fund,Equity Scheme - ELSS,2025-08-18,109.045
120503,Axis ELSS Tax Saver Fund - Direct Plan - Growth Option,Axis Mutual Fund,Equity Scheme - ELSS,2025-08-19,109.5723
120503,Axis ELSS Tax Saver Fund - Direct Plan - Growth Option,Axis Mutual Fund,Equity Scheme - ELSS,2025-08-20,110.0113
120503,Axis ELSS Tax Saver Fund - Direct Plan - Growth Option,Axis Mutual Fund,Equity Scheme - ELSS,2025-08-21,110.1151
120503,Axis ELSS Tax Saver Fund - Direct Plan - Growth Option,Axis Mutual Fund,Equity Scheme - ELSS,2025-08-22,109.6513
120503,Axis ELSS Tax Saver Fund - Direct Plan - Growth Option,Axis Mutual Fund,Equity Scheme - ELSS,2025-08-25,109.9294
120503,Axis ELSS Tax Saver Fund - Direct Plan - Growth Option,Axis Mutual Fund,Equity Scheme - ELSS,2025-08-26,108.7132
120503,Axis ELSS Tax Saver Fund - Direct Plan - Growth Option,Axis Mutual Fund,Equity Scheme - ELSS,2025-08-28,107.4756
120503,Axis ELSS Tax Saver Fund - Direct Plan - Growth Option,Axis Mutual Fund,Equity Scheme - ELSS,2025-08-29,107.1259
120503,Axis ELSS Tax Saver Fund - Direct Plan - Growth Option,Axis Mutual Fund,Equity Scheme - ELSS,2025-08-31,107.1217
120503,Axis ELSS Tax Saver Fund - Direct Plan - Growth Option,Axis Mutual Fund,Equity Scheme - ELSS,2025-09-01,108.3462
120503,Axis ELSS Tax Saver Fund - Direct Plan - Growth Option,Axis Mutual Fund,Equity Scheme - ELSS,2025-09-02,108.2047
120503,Axis ELSS Tax Saver Fund - Direct Plan - Growth Option,Axis Mutual Fund,Equity Scheme - ELSS,2025-09-03,108.7666
120503,Axis ELSS Tax Saver Fund - Direct Plan - Growth Option,Axis Mutual Fund,Equity Scheme - ELSS,2025-09-04,108.9265
120503,Axis ELSS Tax Saver Fund - Direct Plan - Growth Option,Axis Mutual Fund,Equity Scheme - ELSS,2025-09-05,108.7583
120503,Axis ELSS Tax Saver Fund - Direct Plan - Growth Option,Axis Mutual Fund,Equity Scheme - ELSS,2025-09-08,108.9657
120503,Axis ELSS Tax Saver Fund - Direct Plan - Growth Option,Axis Mutual Fund,Equity Scheme - ELSS,2025-09-09,109.2062
120503,Axis ELSS Tax Saver Fund - Direct Plan - Growth Option,Axis Mutual Fund,Equity Scheme - ELSS,2025-09-10,109.7209
120503,Axis ELSS Tax Saver Fund - Direct Plan - Growth Option,Axis Mutual Fund,Equity Scheme - ELSS,2025-09-11,109.7409
120503,Axis ELSS Tax Saver Fund - Direct Plan - Growth Option,Axis Mutual Fund,Equity Scheme - ELSS,2025-09-12,110.0814
120503,Axis ELSS Tax Saver Fund - Direct Plan - Growth Option,Axis Mutual Fund,Equity Scheme - ELSS,2025-09-15,110.1522
120503,Axis ELSS Tax Saver Fund - Direct Plan - Growth Option,Axis Mutual Fund,Equity Scheme - ELSS,2025-09-16,110.8008
120503,Axis ELSS Tax Saver Fund - Direct Plan - Growth Option,Axis Mutual Fund,Equity Scheme - ELSS,2025-09-17,111.2323
120503,Axis ELSS Tax Saver Fund - Direct Plan - Growth Option,Axis Mutual Fund,Equity Scheme - ELSS,2025-09-18,111.5335
120503,Axis ELSS Tax Saver Fund - Direct Plan - Growth Option,Axis Mutual Fund,Equity Scheme - ELSS,2025-09-19,111.231
120503,Axis ELSS Tax Saver Fund - Direct Plan - Growth Option,Axis Mutual Fund,Equity Scheme - ELSS,2025-09-22,110.7182
120503,Axis ELSS Tax Saver Fund - Direct Plan - Growth Option,Axis Mutual Fund,Equity Scheme - ELSS,2025-09-23,110.3401
120503,Axis ELSS Tax Saver Fund - Direct Plan - Growth Option,Axis Mutual Fund,Equity Scheme - ELSS,2025-09-24,109.7608
120503,Axis ELSS Tax Saver Fund - Direct Plan - Growth Option,Axis Mutual Fund,Equity Scheme - ELSS,2025-09-25,108.9191
120503,Axis ELSS Tax Saver Fund - Direct Plan - Growth Option,Axis Mutual Fund,Equity Scheme - ELSS,2025-09-26,107.2246
120503,Axis ELSS Tax Saver Fund - Direct Plan - Growth Option,Axis Mutual Fund,Equity Scheme - ELSS,2025-09-30,107.3134
120503,Axis ELSS Tax Saver Fund - Direct Plan - Growth Option,Axis Mutual Fund,Equity Scheme - ELSS,2025-10-01,107.8239
120503,Axis ELSS Tax Saver Fund - Direct Plan - Growth Option,Axis Mutual Fund,Equity Scheme - ELSS,2025-10-03,108.1386
120503,Axis ELSS Tax Saver Fund - Direct Plan - Growth Option,Axis Mutual Fund,Equity Scheme - ELSS,2025-10-06,108.9326
120503,Axis ELSS Tax Saver Fund - Direct Plan - Growth Option,Axis Mutual Fund,Equity Scheme - ELSS,2025-10-07,109.3201
120503,Axis ELSS Tax Saver Fund - Direct Plan - Growth Option,Axis Mutual Fund,Equity Scheme - ELSS,2025-10-08,109.065
120503,Axis ELSS Tax Saver Fund - Direct Plan - Growth Option,Axis Mutual Fund,Equity Scheme - ELSS,2025-10-09,109.5882
120503,Axis ELSS Tax Saver Fund - Direct Plan - Growth Option,Axis Mutual Fund,Equity Scheme - ELSS,2025-10-10,109.959
120503,Axis ELSS Tax Saver Fund - Direct Plan - Growth Option,Axis Mutual Fund,Equity Scheme - ELSS,2025-10-13,109.9552
120503,Axis ELSS Tax Saver Fund - Direct Plan - Growth Option,Axis Mutual Fund,Equity Scheme - ELSS,2025-10-14,109.6634
120503,Axis ELSS Tax Saver Fund - Direct Plan - Growth Option,Axis Mutual Fund,Equity Scheme - ELSS,2025-10-15,110.7365
120503,Axis ELSS Tax Saver Fund - Direct Plan - Growth Option,Axis Mutual Fund,Equity Scheme - ELSS,2025-10-16,111.5399
120503,Axis ELSS Tax Saver Fund - Direct Plan - Growth Option,Axis Mutual Fund,Equity Scheme - ELSS,2025-10-17,111.7489
120503,Axis ELSS Tax Saver Fund - Direct Plan - Growth Option,Axis Mutual Fund,Equity Scheme - ELSS,2025-10-20,111.9025
120503,Axis ELSS Tax Saver Fund - Direct Plan - Growth Option,Axis Mutual Fund,Equity Scheme - ELSS,2025-10-23,111.8587
120503,Axis ELSS Tax Saver Fund - Direct Plan - Growth Option,Axis Mutual Fund,Equity Scheme - ELSS,2025-10-24,111.6549
120503,Axis ELSS Tax Saver Fund - Direct Plan - Growth Option,Axis Mutual Fund,Equity Scheme - ELSS,2025-10-27,112.2705
120503,Axis ELSS Tax Saver Fund - Direct Plan - Growth Option,Axis Mutual Fund,Equity Scheme - ELSS,2025-10-28,111.9031
120503,Axis ELSS Tax Saver Fund - Direct Plan - Growth Option,Axis Mutual Fund,Equity Scheme - ELSS,2025-10-29,112.4068
120503,Axis ELSS Tax Saver Fund - Direct Plan - Growth Option,Axis Mutual Fund,Equity Scheme - ELSS,2025-10-30,111.8699
120503,Axis ELSS Tax Saver Fund - Direct Plan - Growth Option,Axis Mutual Fund,Equity Scheme - ELSS,2025-10-31,111.0948
120503,Axis ELSS Tax Saver Fund - Direct Plan - Growth Option,Axis Mutual Fund,Equity Scheme - ELSS,2025-11-03,111.7992
120503,Axis ELSS Tax Saver Fund - Direct Plan - Growth Option,Axis Mutual Fund,Equity Scheme - ELSS,2025-11-04,111.4046
120503,Axis ELSS Tax Saver Fund - Direct Plan - Growth Option,Axis Mutual Fund,Equity Scheme - ELSS,2025-11-06,110.4409
120503,Axis ELSS Tax Saver Fund - Direct Plan - Growth Option,Axis Mutual Fund,Equity Scheme - ELSS,2025-11-07,110.4431
120503,Axis ELSS Tax Saver Fund - Direct Plan - Growth Option,Axis Mutual Fund,Equity Scheme - ELSS,2025-11-10,110.9776
120503,Axis ELSS Tax Saver Fund - Direct Plan - Growth Option,Axis Mutual Fund,Equity Scheme - ELSS,2025-11-11,111.1622
120503,Axis ELSS Tax Saver Fund - Direct Plan - Growth Option,Axis Mutual Fund,Equity Scheme - ELSS,2025-11-12,111.5788
120503,Axis ELSS Tax Saver Fund - Direct Plan - Growth Option,Axis Mutual Fund,Equity Scheme - ELSS,2025-11-13,111.4226
120503,Axis ELSS Tax Saver Fund - Direct Plan - Growth Option,Axis Mutual Fund,Equity Scheme - ELSS,2025-11-14,111.2034
120503,Axis ELSS Tax Saver Fund - Direct Plan - Growth Option,Axis Mutual Fund,Equity Scheme - ELSS,2025-11-17,111.7933
120503,Axis ELSS Tax Saver Fund - Direct Plan - Growth Option,Axis Mutual Fund,Equity Scheme - ELSS,2025-11-18,111.1769
120503,Axis ELSS Tax Saver Fund - Direct Plan - Growth Option,Axis Mutual Fund,Equity Scheme - ELSS,2025-11-19,111.7018
120503,Axis ELSS Tax Saver Fund - Direct Plan - Growth Option,Axis Mutual Fund,Equity Scheme - ELSS,2025-11-20,112.0795
120503,Axis ELSS Tax Saver Fund - Direct Plan - Growth Option,Axis Mutual Fund,Equity Scheme - ELSS,2025-11-21,111.1918
120503,Axis ELSS Tax Saver Fund - Direct Plan - Growth Option,Axis Mutual Fund,Equity Scheme - ELSS,2025-11-24,110.661
120503,Axis ELSS Tax Saver Fund - Direct Plan - Growth Option,Axis Mutual Fund,Equity Scheme - ELSS,2025-11-25,110.5608
120503,Axis ELSS Tax Saver Fund - Direct Plan - Growth Option,Axis Mutual Fund,Equity Scheme - ELSS,2025-11-26,111.8355
120503,Axis ELSS Tax Saver Fund - Direct Plan - Growth Option,Axis Mutual Fund,Equity Scheme - ELSS,2025-11-27,111.8115
120503,Axis ELSS Tax Saver Fund - Direct Plan - Growth Option,Axis Mutual Fund,Equity Scheme - ELSS,2025-11-28,111.8357
120503,Axis ELSS Tax Saver Fund - Direct Plan - Growth Option,Axis Mutual Fund,Equity Scheme - ELSS,2025-11-30,111.8311
120503,Axis ELSS Tax Saver Fund - Direct Plan - Growth Option,Axis Mutual Fund,Equity Scheme - ELSS,2025-12-01,111.6365
120503,Axis ELSS Tax Saver Fund - Direct Plan - Growth Option,Axis Mutual Fund,Equity Scheme - ELSS,2025-12-02,111.2677
120503,Axis ELSS Tax Saver Fund - Direct Plan - Growth Option,Axis Mutual Fund,Equity Scheme - ELSS,2025-12-03,110.7813
120503,Axis ELSS Tax Saver Fund - Direct Plan - Growth Option,Axis Mutual Fund,Equity Scheme - ELSS,2025-12-04,110.8486
120503,Axis ELSS Tax Saver Fund - Direct Plan - Growth Option,Axis Mutual Fund,Equity Scheme - ELSS,2025-12-05,111.1487
120503,Axis ELSS Tax Saver Fund - Direct Plan - Growth Option,Axis Mutual Fund,Equity Scheme - ELSS,2025-12-08,109.6141
120503,Axis ELSS Tax Saver Fund - Direct Plan - Growth Option,Axis Mutual Fund,Equity Scheme - ELSS,2025-12-09,109.7035
120503,Axis ELSS Tax Saver Fund - Direct Plan - Growth Option,Axis Mutual Fund,Equity Scheme - ELSS,2025-12-10,109.0886
120503,Axis ELSS Tax Saver Fund - Direct Plan - Growth Option,Axis Mutual Fund,Equity Scheme - ELSS,2025-12-11,109.7762
120503,Axis ELSS Tax Saver Fund - Direct Plan - Growth Option,Axis Mutual Fund,Equity Scheme - ELSS,2025-12-12,110.519
120503,Axis ELSS Tax Saver Fund - Direct Plan - Growth Option,Axis Mutual Fund,Equity Scheme - ELSS,2025-12-15,110.3582
120503,Axis ELSS Tax Saver Fund - Direct Plan - Growth Option,Axis Mutual Fund,Equity Scheme - ELSS,2025-12-16,109.7392
120503,Axis ELSS Tax Saver Fund - Direct Plan - Growth Option,Axis Mutual Fund,Equity Scheme - ELSS,2025-12-17,109.3091
120503,Axis ELSS Tax Saver Fund - Direct Plan - Growth Option,Axis Mutual Fund,Equity Scheme - ELSS,2025-12-18,109.2532
120503,Axis ELSS Tax Saver Fund - Direct Plan - Growth Option,Axis Mutual Fund,Equity Scheme - ELSS,2025-12-19,110.1534
120503,Axis ELSS Tax Saver Fund - Direct Plan - Growth Option,Axis Mutual Fund,Equity Scheme - ELSS,2025-12-22,110.7862
120503,Axis ELSS Tax Saver Fund - Direct Plan - Growth Option,Axis Mutual Fund,Equity Scheme - ELSS,2025-12-23,110.852
120503,Axis ELSS Tax Saver Fund - Direct Plan - Growth Option,Axis Mutual Fund,Equity Scheme - ELSS,2025-12-24,110.6485
120503,Axis ELSS Tax Saver Fund - Direct Plan - Growth Option,Axis Mutual Fund,Equity Scheme - ELSS,2025-12-26,110.2666
120503,Axis ELSS Tax Saver Fund - Direct Plan - Growth Option,Axis Mutual Fund,Equity Scheme - ELSS,2025-12-29,109.8211
120503,Axis ELSS Tax Saver Fund - Direct Plan - Growth Option,Axis Mutual Fund,Equity Scheme - ELSS,2025-12-30,109.5506
120503,Axis ELSS Tax Saver Fund - Direct Plan - Growth Option,Axis Mutual Fund,Equity Scheme - ELSS,2025-12-31,110.2419
120503,Axis ELSS Tax Saver Fund - Direct Plan - Growth Option,Axis Mutual Fund,Equity Scheme - ELSS,2026-01-01,110.5516
120503,Axis ELSS Tax Saver Fund - Direct Plan - Growth Option,Axis Mutual Fund,Equity Scheme - ELSS,2026-01-02,111.5357
120503,Axis ELSS Tax Saver Fund - Direct Plan - Growth Option,Axis Mutual Fund,Equity Scheme - ELSS,2026-01-05,111.1802
120503,Axis ELSS Tax Saver Fund - Direct Plan - Growth Option,Axis Mutual Fund,Equity Scheme - ELSS,2026-01-06,111.2492
120503,Axis ELSS Tax Saver Fund - Direct Plan - Growth Option,Axis Mutual Fund,Equity Scheme - ELSS,2026-01-07,111.3106
120503,Axis ELSS Tax Saver Fund - Direct Plan - Growth Option,Axis Mutual Fund,Equity Scheme - ELSS,2026-01-08,110.0573
120503,Axis ELSS Tax Saver Fund - Direct Plan - Growth Option,Axis Mutual Fund,Equity Scheme - ELSS,2026-01-09,108.8498
120503,Axis ELSS Tax Saver Fund - Direct Plan - Growth Option,Axis Mutual Fund,Equity Scheme - ELSS,2026-01-12,108.8931
120503,Axis ELSS Tax Saver Fund - Direct Plan - Growth Option,Axis Mutual Fund,Equity Scheme - ELSS,2026-01-13,108.8425
120503,Axis ELSS Tax Saver Fund - Direct Plan - Growth Option,Axis Mutual Fund,Equity Scheme - ELSS,2026-01-14,108.5048
120503,Axis ELSS Tax Saver Fund - Direct Plan - Growth Option,Axis Mutual Fund,Equity Scheme - ELSS,2026-01-16,108.6446
120503,Axis ELSS Tax Saver Fund - Direct Plan - Growth Option,Axis Mutual Fund,Equity Scheme - ELSS,2026-01-19,108.3617
120503,Axis ELSS Tax Saver Fund - Direct Plan - Growth Option,Axis Mutual Fund,Equity Scheme - ELSS,2026-01-20,106.5056
120503,Axis ELSS Tax Saver Fund - Direct Plan - Growth Option,Axis Mutual Fund,Equity Scheme - ELSS,2026-01-21,106.0731
120503,Axis ELSS Tax Saver Fund - Direct Plan - Growth Option,Axis Mutual Fund,Equity Scheme - ELSS,2026-01-22,106.8714
120503,Axis ELSS Tax Saver Fund - Direct Plan - Growth Option,Axis Mutual Fund,Equity Scheme - ELSS,2026-01-23,105.7171
120503,Axis ELSS Tax Saver Fund - Direct Plan - Growth Option,Axis Mutual Fund,Equity Scheme - ELSS,2026-01-27,105.945
120503,Axis ELSS Tax Saver Fund - Direct Plan - Growth Option,Axis Mutual Fund,Equity Scheme - ELSS,2026-01-28,107.0296
120503,Axis ELSS Tax Saver Fund - Direct Plan - Growth Option,Axis Mutual Fund,Equity Scheme - ELSS,2026-01-29,107.1759
120503,Axis ELSS Tax Saver Fund - Direct Plan - Growth Option,Axis Mutual Fund,Equity Scheme - ELSS,2026-01-30,107.1918
120503,Axis ELSS Tax Saver Fund - Direct Plan - Growth Option,Axis Mutual Fund,Equity Scheme - ELSS,2026-01-31,107.1897
120503,Axis ELSS Tax Saver Fund - Direct Plan - Growth Option,Axis Mutual Fund,Equity Scheme - ELSS,2026-02-02,106.1596
120503,Axis ELSS Tax Saver Fund - Direct Plan - Growth Option,Axis Mutual Fund,Equity Scheme - ELSS,2026-02-03,109.0955
120503,Axis ELSS Tax Saver Fund - Direct Plan - Growth Option,Axis Mutual Fund,Equity Scheme - ELSS,2026-02-04,109.288
120503,Axis ELSS Tax Saver Fund - Direct Plan - Growth Option,Axis Mutual Fund,Equity Scheme - ELSS,2026-02-05,109.0137
120503,Axis ELSS Tax Saver Fund - Direct Plan - Growth Option,Axis Mutual Fund,Equity Scheme - ELSS,2026-02-06,109.1756
120503,Axis ELSS Tax Saver Fund - Direct Plan - Growth Option,Axis Mutual Fund,Equity Scheme - ELSS,2026-02-09,110.3845
120503,Axis ELSS Tax Saver Fund - Direct Plan - Growth Option,Axis Mutual Fund,Equity Scheme - ELSS,2026-02-10,110.6519
120503,Axis ELSS Tax Saver Fund - Direct Plan - Growth Option,Axis Mutual Fund,Equity Scheme - ELSS,2026-02-11,110.8392
120503,Axis ELSS Tax Saver Fund - Direct Plan - Growth Option,Axis Mutual Fund,Equity Scheme - ELSS,2026-02-12,110.5365
120503,Axis ELSS Tax Saver Fund - Direct Plan - Growth Option,Axis Mutual Fund,Equity Scheme - ELSS,2026-02-13,109.3409
120503,Axis ELSS Tax Saver Fund - Direct Plan - Growth Option,Axis Mutual Fund,Equity Scheme - ELSS,2026-02-16,109.8444
120503,Axis ELSS Tax Saver Fund - Direct Plan - Growth Option,Axis Mutual Fund,Equity Scheme - ELSS,2026-02-17,110.0806
120503,Axis ELSS Tax Saver Fund - Direct Plan - Growth Option,Axis Mutual Fund,Equity Scheme - ELSS,2026-02-18,110.6303
120503,Axis ELSS Tax Saver Fund - Direct Plan - Growth Option,Axis Mutual Fund,Equity Scheme - ELSS,2026-02-19,109.0091
120503,Axis ELSS Tax Saver Fund - Direct Plan - Growth Option,Axis Mutual Fund,Equity Scheme - ELSS,2026-02-20,109.5273
120503,Axis ELSS Tax Saver Fund - Direct Plan - Growth Option,Axis Mutual Fund,Equity Scheme - ELSS,2026-02-23,110.291
120503,Axis ELSS Tax Saver Fund - Direct Plan - Growth Option,Axis Mutual Fund,Equity Scheme - ELSS,2026-02-24,109.3681
120503,Axis ELSS Tax Saver Fund - Direct Plan - Growth Option,Axis Mutual Fund,Equity Scheme - ELSS,2026-02-25,109.9293
120503,Axis ELSS Tax Saver Fund - Direct Plan - Growth Option,Axis Mutual Fund,Equity Scheme - ELSS,2026-02-26,110.2945
120503,Axis ELSS Tax Saver Fund - Direct Plan - Growth Option,Axis Mutual Fund,Equity Scheme - ELSS,2026-02-27,108.9345
120503,Axis ELSS Tax Saver Fund - Direct Plan - Growth Option,Axis Mutual Fund,Equity Scheme - ELSS,2026-02-28,108.9325
120503,Axis ELSS Tax Saver Fund - Direct Plan - Growth Option,Axis Mutual Fund,Equity Scheme - ELSS,2026-03-02,107.5231
120503,Axis ELSS Tax Saver Fund - Direct Plan - Growth Option,Axis Mutual Fund,Equity Scheme - ELSS,2026-03-04,105.4928
120503,Axis ELSS Tax Saver Fund - Direct Plan - Growth Option,Axis Mutual Fund,Equity Scheme - ELSS,2026-03-05,106.7297
120503,Axis ELSS Tax Saver Fund - Direct Plan - Growth Option,Axis Mutual Fund,Equity Scheme - ELSS,2026-03-06,105.405
120503,Axis ELSS Tax Saver Fund - Direct Plan - Growth Option,Axis Mutual Fund,Equity Scheme - ELSS,2026-03-09,103.3882
120503,Axis ELSS Tax Saver Fund - Direct Plan - Growth Option,Axis Mutual Fund,Equity Scheme - ELSS,2026-03-10,104.7593
120503,Axis ELSS Tax Saver Fund - Direct Plan - Growth Option,Axis Mutual Fund,Equity Scheme - ELSS,2026-03-11,102.9776
120503,Axis ELSS Tax Saver Fund - Direct Plan - Growth Option,Axis Mutual Fund,Equity Scheme - ELSS,2026-03-12,101.9718
120503,Axis ELSS Tax Saver Fund - Direct Plan - Growth Option,Axis Mutual Fund,Equity Scheme - ELSS,2026-03-13,99.7111
120503,Axis ELSS Tax Saver Fund - Direct Plan - Growth Option,Axis Mutual Fund,Equity Scheme - ELSS,2026-03-16,100.396
120503,Axis ELSS Tax Saver Fund - Direct Plan - Growth Option,Axis Mutual Fund,Equity Scheme - ELSS,2026-03-17,101.2496
120503,Axis ELSS Tax Saver Fund - Direct Plan - Growth Option,Axis Mutual Fund,Equity Scheme - ELSS,2026-03-18,102.4592
120503,Axis ELSS Tax Saver Fund - Direct Plan - Growth Option,Axis Mutual Fund,Equity Scheme - ELSS,2026-03-19,99.1597
120503,Axis ELSS Tax Saver Fund - Direct Plan - Growth Option,Axis Mutual Fund,Equity Scheme - ELSS,2026-03-20,99.6142
120503,Axis ELSS Tax Saver Fund - Direct Plan - Growth Option,Axis Mutual Fund,Equity Scheme - ELSS,2026-03-23,96.713
120503,Axis ELSS Tax Saver Fund - Direct Plan - Growth Option,Axis Mutual Fund,Equity Scheme - ELSS,2026-03-24,98.6597
120503,Axis ELSS Tax Saver Fund - Direct Plan - Growth Option,Axis Mutual Fund,Equity Scheme - ELSS,2026-03-25,100.7319
120503,Axis ELSS Tax Saver Fund - Direct Plan - Growth Option,Axis Mutual Fund,Equity Scheme - ELSS,2026-03-27,98.6739
120503,Axis ELSS Tax Saver Fund - Direct Plan - Growth Option,Axis Mutual Fund,Equity Scheme - ELSS,2026-03-30,96.2768
120503,Axis ELSS Tax Saver Fund - Direct Plan - Growth Option,Axis Mutual Fund,Equity Scheme - ELSS,2026-03-31,96.2753
120503,Axis ELSS Tax Saver Fund - Direct Plan - Growth Option,Axis Mutual Fund,Equity Scheme - ELSS,2026-04-01,97.7184
120503,Axis ELSS Tax Saver Fund - Direct Plan - Growth Option,Axis Mutual Fund,Equity Scheme - ELSS,2026-04-02,97.52
120503,Axis ELSS Tax Saver Fund - Direct Plan - Growth Option,Axis Mutual Fund,Equity Scheme - ELSS,2026-04-06,98.8014
120503,Axis ELSS Tax Saver Fund - Direct Plan - Growth Option,Axis Mutual Fund,Equity Scheme - ELSS,2026-04-07,99.3876
120503,Axis ELSS Tax Saver Fund - Direct Plan - Growth Option,Axis Mutual Fund,Equity Scheme - ELSS,2026-04-08,103.2833
120503,Axis ELSS Tax Saver Fund - Direct Plan - Growth Option,Axis Mutual Fund,Equity Scheme - ELSS,2026-04-09,102.5494
120503,Axis ELSS Tax Saver Fund - Direct Plan - Growth Option,Axis Mutual Fund,Equity Scheme - ELSS,2026-04-10,104.1348
120503,Axis ELSS Tax Saver Fund - Direct Plan - Growth Option,Axis Mutual Fund,Equity Scheme - ELSS,2026-04-13,103.2303
120503,Axis ELSS Tax Saver Fund - Direct Plan - Growth Option,Axis Mutual Fund,Equity Scheme - ELSS,2026-04-15,104.9259
120503,Axis ELSS Tax Saver Fund - Direct Plan - Growth Option,Axis Mutual Fund,Equity Scheme - ELSS,2026-04-16,105.117
120503,Axis ELSS Tax Saver Fund - Direct Plan - Growth Option,Axis Mutual Fund,Equity Scheme - ELSS,2026-04-17,105.9826
120503,Axis ELSS Tax Saver Fund - Direct Plan - Growth Option,Axis Mutual Fund,Equity Scheme - ELSS,2026-04-20,106.2063
120503,Axis ELSS Tax Saver Fund - Direct Plan - Growth Option,Axis Mutual Fund,Equity Scheme - ELSS,2026-04-21,107.2434
120503,Axis ELSS Tax Saver Fund - Direct Plan - Growth Option,Axis Mutual Fund,Equity Scheme - ELSS,2026-04-22,106.8299
120503,Axis ELSS Tax Saver Fund - Direct Plan - Growth Option,Axis Mutual Fund,Equity Scheme - ELSS,2026-04-23,106.1301
120503,Axis ELSS Tax Saver Fund - Direct Plan - Growth Option,Axis Mutual Fund,Equity Scheme - ELSS,2026-04-24,105.0928
120503,Axis ELSS Tax Saver Fund - Direct Plan - Growth Option,Axis Mutual Fund,Equity Scheme - ELSS,2026-04-27,106.0528
120503,Axis ELSS Tax Saver Fund - Direct Plan - Growth Option,Axis Mutual Fund,Equity Scheme - ELSS,2026-04-28,105.6212
120503,Axis ELSS Tax Saver Fund - Direct Plan - Growth Option,Axis Mutual Fund,Equity Scheme - ELSS,2026-04-29,106.0698
120503,Axis ELSS Tax Saver Fund - Direct Plan - Growth Option,Axis Mutual Fund,Equity Scheme - ELSS,2026-04-30,105.2845
120503,Axis ELSS Tax Saver Fund - Direct Plan - Growth Option,Axis Mutual Fund,Equity Scheme - ELSS,2026-05-04,105.7449
120503,Axis ELSS Tax Saver Fund - Direct Plan - Growth Option,Axis Mutual Fund,Equity Scheme - ELSS,2026-05-05,105.8387
120503,Axis ELSS Tax Saver Fund - Direct Plan - Growth Option,Axis Mutual Fund,Equity Scheme - ELSS,2026-05-06,107.3354
120503,Axis ELSS Tax Saver Fund - Direct Plan - Growth Option,Axis Mutual Fund,Equity Scheme - ELSS,2026-05-07,107.6729
120503,Axis ELSS Tax Saver Fund - Direct Plan - Growth Option,Axis Mutual Fund,Equity Scheme - ELSS,2026-05-08,107.15
120503,Axis ELSS Tax Saver Fund - Direct Plan - Growth Option,Axis Mutual Fund,Equity Scheme - ELSS,2026-05-11,105.6066
120503,Axis ELSS Tax Saver Fund - Direct Plan - Growth Option,Axis Mutual Fund,Equity Scheme - ELSS,2026-05-12,103.3384
120503,Axis ELSS Tax Saver Fund - Direct Plan - Growth Option,Axis Mutual Fund,Equity Scheme - ELSS,2026-05-13,103.396
120503,Axis ELSS Tax Saver Fund - Direct Plan - Growth Option,Axis Mutual Fund,Equity Scheme - ELSS,2026-05-14,104.5531
120503,Axis ELSS Tax Saver Fund - Direct Plan - Growth Option,Axis Mutual Fund,Equity Scheme - ELSS,2026-05-15,104.2918
120503,Axis ELSS Tax Saver Fund - Direct Plan - Growth Option,Axis Mutual Fund,Equity Scheme - ELSS,2026-05-18,104.1556
120503,Axis ELSS Tax Saver Fund - Direct Plan - Growth Option,Axis Mutual Fund,Equity Scheme - ELSS,2026-05-19,104.2767
120503,Axis ELSS Tax Saver Fund - Direct Plan - Growth Option,Axis Mutual Fund,Equity Scheme - ELSS,2026-05-20,104.6046
120503,Axis ELSS Tax Saver Fund - Direct Plan - Growth Option,Axis Mutual Fund,Equity Scheme - ELSS,2026-05-21,104.4915
120503,Axis ELSS Tax Saver Fund - Direct Plan - Growth Option,Axis Mutual Fund,Equity Scheme - ELSS,2026-05-22,104.7708
120503,Axis ELSS Tax Saver Fund - Direct Plan - Growth Option,Axis Mutual Fund,Equity Scheme - ELSS,2026-05-25,105.9217
120503,Axis ELSS Tax Saver Fund - Direct Plan - Growth Option,Axis Mutual Fund,Equity Scheme - ELSS,2026-05-26,105.5115
120503,Axis ELSS Tax Saver Fund - Direct Plan - Growth Option,Axis Mutual Fund,Equity Scheme - ELSS,2026-05-27,105.9296
120503,Axis ELSS Tax Saver Fund - Direct Plan - Growth Option,Axis Mutual Fund,Equity Scheme - ELSS,2026-05-29,104.3129
120503,Axis ELSS Tax Saver Fund - Direct Plan - Growth Option,Axis Mutual Fund,Equity Scheme - ELSS,2026-05-31,104.3083
120503,Axis ELSS Tax Saver Fund - Direct Plan - Growth Option,Axis Mutual Fund,Equity Scheme - ELSS,2026-06-01,103.0948
118632,Nippon India Large Cap Fund - Direct Plan Growth Plan - Growth Option,Nippon India Mutual Fund,Equity Scheme - Large Cap Fund,2026-05-26,99.4356
119092,HDFC Money Market Fund - Growth Option - Direct Plan,HDFC Mutual Fund,Debt Scheme - Money Market Fund,2026-06-01,6156.7532
120841,quant Mid Cap Fund - Growth Option - Direct Plan,quant Mutual Fund,Equity Scheme - Mid Cap Fund,2019-04-30,56.3943
120841,quant Mid Cap Fund - Growth Option - Direct Plan,quant Mutual Fund,Equity Scheme - Mid Cap Fund,2019-05-02,55.9352
120841,quant Mid Cap Fund - Growth Option - Direct Plan,quant Mutual Fund,Equity Scheme - Mid Cap Fund,2019-05-03,56.0284
120841,quant Mid Cap Fund - Growth Option - Direct Plan,quant Mutual Fund,Equity Scheme - Mid Cap Fund,2019-05-06,55.4316
120841,quant Mid Cap Fund - Growth Option - Direct Plan,quant Mutual Fund,Equity Scheme - Mid Cap Fund,2019-05-07,54.8353
120841,quant Mid Cap Fund - Growth Option - Direct Plan,quant Mutual Fund,Equity Scheme - Mid Cap Fund,2019-05-08,54.0787
120841,quant Mid Cap Fund - Growth Option - Direct Plan,quant Mutual Fund,Equity Scheme - Mid Cap Fund,2019-05-09,53.7741
120841,quant Mid Cap Fund - Growth Option - Direct Plan,quant Mutual Fund,Equity Scheme - Mid Cap Fund,2019-05-10,53.7771
120841,quant Mid Cap Fund - Growth Option - Direct Plan,quant Mutual Fund,Equity Scheme - Mid Cap Fund,2019-05-13,52.5887
120841,quant Mid Cap Fund - Growth Option - Direct Plan,quant Mutual Fund,Equity Scheme - Mid Cap Fund,2019-05-14,52.7553
120841,quant Mid Cap Fund - Growth Option - Direct Plan,quant Mutual Fund,Equity Scheme - Mid Cap Fund,2019-05-15,52.2774
120841,quant Mid Cap Fund - Growth Option - Direct Plan,quant Mutual Fund,Equity Scheme - Mid Cap Fund,2019-05-16,52.4859
120841,quant Mid Cap Fund - Growth Option - Direct Plan,quant Mutual Fund,Equity Scheme - Mid Cap Fund,2019-05-17,52.7748
120841,quant Mid Cap Fund - Growth Option - Direct Plan,quant Mutual Fund,Equity Scheme - Mid Cap Fund,2019-05-20,54.7179
120841,quant Mid Cap Fund - Growth Option - Direct Plan,quant Mutual Fund,Equity Scheme - Mid Cap Fund,2019-05-21,54.0163
120841,quant Mid Cap Fund - Growth Option - Direct Plan,quant Mutual Fund,Equity Scheme - Mid Cap Fund,2019-05-22,54.1346
120841,quant Mid Cap Fund - Growth Option - Direct Plan,quant Mutual Fund,Equity Scheme - Mid Cap Fund,2019-05-23,54.2421
120841,quant Mid Cap Fund - Growth Option - Direct Plan,quant Mutual Fund,Equity Scheme - Mid Cap Fund,2019-05-24,56.0286
120841,quant Mid Cap Fund - Growth Option - Direct Plan,quant Mutual Fund,Equity Scheme - Mid Cap Fund,2019-05-27,57.5208
120841,quant Mid Cap Fund - Growth Option - Direct Plan,quant Mutual Fund,Equity Scheme - Mid Cap Fund,2019-05-28,57.4263
120841,quant Mid Cap Fund - Growth Option - Direct Plan,quant Mutual Fund,Equity Scheme - Mid Cap Fund,2019-05-29,56.6254
120841,quant Mid Cap Fund - Growth Option - Direct Plan,quant Mutual Fund,Equity Scheme - Mid Cap Fund,2019-05-30,56.7649
120841,quant Mid Cap Fund - Growth Option - Direct Plan,quant Mutual Fund,Equity Scheme - Mid Cap Fund,2019-05-31,56.6381
120841,quant Mid Cap Fund - Growth Option - Direct Plan,quant Mutual Fund,Equity Scheme - Mid Cap Fund,2019-06-03,57.1227
120841,quant Mid Cap Fund - Growth Option - Direct Plan,quant Mutual Fund,Equity Scheme - Mid Cap Fund,2019-06-04,56.8667
120841,quant Mid Cap Fund - Growth Option - Direct Plan,quant Mutual Fund,Equity Scheme - Mid Cap Fund,2019-06-06,55.8931
120841,quant Mid Cap Fund - Growth Option - Direct Plan,quant Mutual Fund,Equity Scheme - Mid Cap Fund,2019-06-07,55.7948
120841,quant Mid Cap Fund - Growth Option - Direct Plan,quant Mutual Fund,Equity Scheme - Mid Cap Fund,2019-06-10,56.1314
120841,quant Mid Cap Fund - Growth Option - Direct Plan,quant Mutual Fund,Equity Scheme - Mid Cap Fund,2019-06-11,56.3185
120841,quant Mid Cap Fund - Growth Option - Direct Plan,quant Mutual Fund,Equity Scheme - Mid Cap Fund,2019-06-12,55.9707
120841,quant Mid Cap Fund - Growth Option - Direct Plan,quant Mutual Fund,Equity Scheme - Mid Cap Fund,2019-06-13,55.8455
120841,quant Mid Cap Fund - Growth Option - Direct Plan,quant Mutual Fund,Equity Scheme - Mid Cap Fund,2019-06-14,55.4199
120841,quant Mid Cap Fund - Growth Option - Direct Plan,quant Mutual Fund,Equity Scheme - Mid Cap Fund,2019-06-17,54.7235
120841,quant Mid Cap Fund - Growth Option - Direct Plan,quant Mutual Fund,Equity Scheme - Mid Cap Fund,2019-06-18,54.8124
120841,quant Mid Cap Fund - Growth Option - Direct Plan,quant Mutual Fund,Equity Scheme - Mid Cap Fund,2019-06-19,54.2741
120841,quant Mid Cap Fund - Growth Option - Direct Plan,quant Mutual Fund,Equity Scheme - Mid Cap Fund,2019-06-20,55.0608
120841,quant Mid Cap Fund - Growth Option - Direct Plan,quant Mutual Fund,Equity Scheme - Mid Cap Fund,2019-06-21,55.0284
120841,quant Mid Cap Fund - Growth Option - Direct Plan,quant Mutual Fund,Equity Scheme - Mid Cap Fund,2019-06-24,54.9755
120841,quant Mid Cap Fund - Growth Option - Direct Plan,quant Mutual Fund,Equity Scheme - Mid Cap Fund,2019-06-25,55.1963
120841,quant Mid Cap Fund - Growth Option - Direct Plan,quant Mutual Fund,Equity Scheme - Mid Cap Fund,2019-06-26,55.505
120841,quant Mid Cap Fund - Growth Option - Direct Plan,quant Mutual Fund,Equity Scheme - Mid Cap Fund,2019-06-27,55.5133
120841,quant Mid Cap Fund - Growth Option - Direct Plan,quant Mutual Fund,Equity Scheme - Mid Cap Fund,2019-06-28,55.4608
120841,quant Mid Cap Fund - Growth Option - Direct Plan,quant Mutual Fund,Equity Scheme - Mid Cap Fund,2019-07-01,55.465
120841,quant Mid Cap Fund - Growth Option - Direct Plan,quant Mutual Fund,Equity Scheme - Mid Cap Fund,2019-07-02,55.5594
120841,quant Mid Cap Fund - Growth Option - Direct Plan,quant Mutual Fund,Equity Scheme - Mid Cap Fund,2019-07-03,55.5408
120841,quant Mid Cap Fund - Growth Option - Direct Plan,quant Mutual Fund,Equity Scheme - Mid Cap Fund,2019-07-04,55.6638
120841,quant Mid Cap Fund - Growth Option - Direct Plan,quant Mutual Fund,Equity Scheme - Mid Cap Fund,2019-07-05,54.9323
120841,quant Mid Cap Fund - Growth Option - Direct Plan,quant Mutual Fund,Equity Scheme - Mid Cap Fund,2019-07-08,53.6374
120841,quant Mid Cap Fund - Growth Option - Direct Plan,quant Mutual Fund,Equity Scheme - Mid Cap Fund,2019-07-09,54.1523
120841,quant Mid Cap Fund - Growth Option - Direct Plan,quant Mutual Fund,Equity Scheme - Mid Cap Fund,2019-07-10,53.5934
120841,quant Mid Cap Fund - Growth Option - Direct Plan,quant Mutual Fund,Equity Scheme - Mid Cap Fund,2019-07-11,53.9327
120841,quant Mid Cap Fund - Growth Option - Direct Plan,quant Mutual Fund,Equity Scheme - Mid Cap Fund,2019-07-12,54.3478
120841,quant Mid Cap Fund - Growth Option - Direct Plan,quant Mutual Fund,Equity Scheme - Mid Cap Fund,2019-07-15,54.2986
120841,quant Mid Cap Fund - Growth Option - Direct Plan,quant Mutual Fund,Equity Scheme - Mid Cap Fund,2019-07-16,54.6143
120841,quant Mid Cap Fund - Growth Option - Direct Plan,quant Mutual Fund,Equity Scheme - Mid Cap Fund,2019-07-17,54.376
120841,quant Mid Cap Fund - Growth Option - Direct Plan,quant Mutual Fund,Equity Scheme - Mid Cap Fund,2019-07-18,53.8307
120841,quant Mid Cap Fund - Growth Option - Direct Plan,quant Mutual Fund,Equity Scheme - Mid Cap Fund,2019-07-19,53.3029
120841,quant Mid Cap Fund - Growth Option - Direct Plan,quant Mutual Fund,Equity Scheme - Mid Cap Fund,2019-07-22,53.1347
120841,quant Mid Cap Fund - Growth Option - Direct Plan,quant Mutual Fund,Equity Scheme - Mid Cap Fund,2019-07-23,52.8834
120841,quant Mid Cap Fund - Growth Option - Direct Plan,quant Mutual Fund,Equity Scheme - Mid Cap Fund,2019-07-24,51.8181
120841,quant Mid Cap Fund - Growth Option - Direct Plan,quant Mutual Fund,Equity Scheme - Mid Cap Fund,2019-07-25,52.0065
120841,quant Mid Cap Fund - Growth Option - Direct Plan,quant Mutual Fund,Equity Scheme - Mid Cap Fund,2019-07-26,52.2139
120841,quant Mid Cap Fund - Growth Option - Direct Plan,quant Mutual Fund,Equity Scheme - Mid Cap Fund,2019-07-29,51.739
120841,quant Mid Cap Fund - Growth Option - Direct Plan,quant Mutual Fund,Equity Scheme - Mid Cap Fund,2019-07-30,51.1131
120841,quant Mid Cap Fund - Growth Option - Direct Plan,quant Mutual Fund,Equity Scheme - Mid Cap Fund,2019-07-31,51.5601
120841,quant Mid Cap Fund - Growth Option - Direct Plan,quant Mutual Fund,Equity Scheme - Mid Cap Fund,2019-08-01,50.825
120841,quant Mid Cap Fund - Growth Option - Direct Plan,quant Mutual Fund,Equity Scheme - Mid Cap Fund,2019-08-02,50.7078
120841,quant Mid Cap Fund - Growth Option - Direct Plan,quant Mutual Fund,Equity Scheme - Mid Cap Fund,2019-08-05,50.1618
120841,quant Mid Cap Fund - Growth Option - Direct Plan,quant Mutual Fund,Equity Scheme - Mid Cap Fund,2019-08-06,50.8886
120841,quant Mid Cap Fund - Growth Option - Direct Plan,quant Mutual Fund,Equity Scheme - Mid Cap Fund,2019-08-07,50.5197
120841,quant Mid Cap Fund - Growth Option - Direct Plan,quant Mutual Fund,Equity Scheme - Mid Cap Fund,2019-08-08,50.8515
120841,quant Mid Cap Fund - Growth Option - Direct Plan,quant Mutual Fund,Equity Scheme - Mid Cap Fund,2019-08-09,51.3738
120841,quant Mid Cap Fund - Growth Option - Direct Plan,quant Mutual Fund,Equity Scheme - Mid Cap Fund,2019-08-13,50.1615
120841,quant Mid Cap Fund - Growth Option - Direct Plan,quant Mutual Fund,Equity Scheme - Mid Cap Fund,2019-08-14,50.8535
120841,quant Mid Cap Fund - Growth Option - Direct Plan,quant Mutual Fund,Equity Scheme - Mid Cap Fund,2019-08-16,51.1022
120841,quant Mid Cap Fund - Growth Option - Direct Plan,quant Mutual Fund,Equity Scheme - Mid Cap Fund,2019-08-19,51.0307
120841,quant Mid Cap Fund - Growth Option - Direct Plan,quant Mutual Fund,Equity Scheme - Mid Cap Fund,2019-08-20,50.5713
120841,quant Mid Cap Fund - Growth Option - Direct Plan,quant Mutual Fund,Equity Scheme - Mid Cap Fund,2019-08-21,49.596
120841,quant Mid Cap Fund - Growth Option - Direct Plan,quant Mutual Fund,Equity Scheme - Mid Cap Fund,2019-08-22,48.9095
120841,quant Mid Cap Fund - Growth Option - Direct Plan,quant Mutual Fund,Equity Scheme - Mid Cap Fund,2019-08-23,49.2995
120841,quant Mid Cap Fund - Growth Option - Direct Plan,quant Mutual Fund,Equity Scheme - Mid Cap Fund,2019-08-26,50.2516
120841,quant Mid Cap Fund - Growth Option - Direct Plan,quant Mutual Fund,Equity Scheme - Mid Cap Fund,2019-08-27,51.1777
120841,quant Mid Cap Fund - Growth Option - Direct Plan,quant Mutual Fund,Equity Scheme - Mid Cap Fund,2019-08-28,51.4026
120841,quant Mid Cap Fund - Growth Option - Direct Plan,quant Mutual Fund,Equity Scheme - Mid Cap Fund,2019-08-29,50.9588
120841,quant Mid Cap Fund - Growth Option - Direct Plan,quant Mutual Fund,Equity Scheme - Mid Cap Fund,2019-08-30,51.4804
120841,quant Mid Cap Fund - Growth Option - Direct Plan,quant Mutual Fund,Equity Scheme - Mid Cap Fund,2019-09-03,51.1942
120841,quant Mid Cap Fund - Growth Option - Direct Plan,quant Mutual Fund,Equity Scheme - Mid Cap Fund,2019-09-04,51.209
120841,quant Mid Cap Fund - Growth Option - Direct Plan,quant Mutual Fund,Equity Scheme - Mid Cap Fund,2019-09-05,51.037
120841,quant Mid Cap Fund - Growth Option - Direct Plan,quant Mutual Fund,Equity Scheme - Mid Cap Fund,2019-09-06,51.6988
120841,quant Mid Cap Fund - Growth Option - Direct Plan,quant Mutual Fund,Equity Scheme - Mid Cap Fund,2019-09-09,52.2742
120841,quant Mid Cap Fund - Growth Option - Direct Plan,quant Mutual Fund,Equity Scheme - Mid Cap Fund,2019-09-11,52.1334
120841,quant Mid Cap Fund - Growth Option - Direct Plan,quant Mutual Fund,Equity Scheme - Mid Cap Fund,2019-09-12,51.6176
120841,quant Mid Cap Fund - Growth Option - Direct Plan,quant Mutual Fund,Equity Scheme - Mid Cap Fund,2019-09-13,51.9264
120841,quant Mid Cap Fund - Growth Option - Direct Plan,quant Mutual Fund,Equity Scheme - Mid Cap Fund,2019-09-16,51.1896
120841,quant Mid Cap Fund - Growth Option - Direct Plan,quant Mutual Fund,Equity Scheme - Mid Cap Fund,2019-09-17,50.1586
120841,quant Mid Cap Fund - Growth Option - Direct Plan,quant Mutual Fund,Equity Scheme - Mid Cap Fund,2019-09-18,50.4635
120841,quant Mid Cap Fund - Growth Option - Direct Plan,quant Mutual Fund,Equity Scheme - Mid Cap Fund,2019-09-19,49.8359
120841,quant Mid Cap Fund - Growth Option - Direct Plan,quant Mutual Fund,Equity Scheme - Mid Cap Fund,2019-09-20,52.9228
120841,quant Mid Cap Fund - Growth Option - Direct Plan,quant Mutual Fund,Equity Scheme - Mid Cap Fund,2019-09-23,54.1398
120841,quant Mid Cap Fund - Growth Option - Direct Plan,quant Mutual Fund,Equity Scheme - Mid Cap Fund,2019-09-24,53.8059
120841,quant Mid Cap Fund - Growth Option - Direct Plan,quant Mutual Fund,Equity Scheme - Mid Cap Fund,2019-09-25,53.4671
120841,quant Mid Cap Fund - Growth Option - Direct Plan,quant Mutual Fund,Equity Scheme - Mid Cap Fund,2019-09-26,53.9101
120841,quant Mid Cap Fund - Growth Option - Direct Plan,quant Mutual Fund,Equity Scheme - Mid Cap Fund,2019-09-27,53.9087
120841,quant Mid Cap Fund - Growth Option - Direct Plan,quant Mutual Fund,Equity Scheme - Mid Cap Fund,2019-09-30,53.0118
120841,quant Mid Cap Fund - Growth Option - Direct Plan,quant Mutual Fund,Equity Scheme - Mid Cap Fund,2019-10-01,52.3266
120841,quant Mid Cap Fund - Growth Option - Direct Plan,quant Mutual Fund,Equity Scheme - Mid Cap Fund,2019-10-03,52.4047
120841,quant Mid Cap Fund - Growth Option - Direct Plan,quant Mutual Fund,Equity Scheme - Mid Cap Fund,2019-10-04,51.5198
120841,quant Mid Cap Fund - Growth Option - Direct Plan,quant Mutual Fund,Equity Scheme - Mid Cap Fund,2019-10-07,51.5874
120841,quant Mid Cap Fund - Growth Option - Direct Plan,quant Mutual Fund,Equity Scheme - Mid Cap Fund,2019-10-09,52.1201
120841,quant Mid Cap Fund - Growth Option - Direct Plan,quant Mutual Fund,Equity Scheme - Mid Cap Fund,2019-10-10,51.352
120841,quant Mid Cap Fund - Growth Option - Direct Plan,quant Mutual Fund,Equity Scheme - Mid Cap Fund,2019-10-11,51.7157
120841,quant Mid Cap Fund - Growth Option - Direct Plan,quant Mutual Fund,Equity Scheme - Mid Cap Fund,2019-10-14,52.0063
120841,quant Mid Cap Fund - Growth Option - Direct Plan,quant Mutual Fund,Equity Scheme - Mid Cap Fund,2019-10-15,52.1496
120841,quant Mid Cap Fund - Growth Option - Direct Plan,quant Mutual Fund,Equity Scheme - Mid Cap Fund,2019-10-16,52.2996
120841,quant Mid Cap Fund - Growth Option - Direct Plan,quant Mutual Fund,Equity Scheme - Mid Cap Fund,2019-10-17,53.4189
120841,quant Mid Cap Fund - Growth Option - Direct Plan,quant Mutual Fund,Equity Scheme - Mid Cap Fund,2019-10-18,54.3253
120841,quant Mid Cap Fund - Growth Option - Direct Plan,quant Mutual Fund,Equity Scheme - Mid Cap Fund,2019-10-22,54.9854
120841,quant Mid Cap Fund - Growth Option - Direct Plan,quant Mutual Fund,Equity Scheme - Mid Cap Fund,2019-10-23,55.7765
120841,quant Mid Cap Fund - Growth Option - Direct Plan,quant Mutual Fund,Equity Scheme - Mid Cap Fund,2019-10-24,55.3504
120841,quant Mid Cap Fund - Growth Option - Direct Plan,quant Mutual Fund,Equity Scheme - Mid Cap Fund,2019-10-25,55.3999
120841,quant Mid Cap Fund - Growth Option - Direct Plan,quant Mutual Fund,Equity Scheme - Mid Cap Fund,2019-10-29,56.3999
120841,quant Mid Cap Fund - Growth Option - Direct Plan,quant Mutual Fund,Equity Scheme - Mid Cap Fund,2019-10-30,57.1014
120841,quant Mid Cap Fund - Growth Option - Direct Plan,quant Mutual Fund,Equity Scheme - Mid Cap Fund,2019-10-31,57.5153
120841,quant Mid Cap Fund - Growth Option - Direct Plan,quant Mutual Fund,Equity Scheme - Mid Cap Fund,2019-11-01,57.082
120841,quant Mid Cap Fund - Growth Option - Direct Plan,quant Mutual Fund,Equity Scheme - Mid Cap Fund,2019-11-04,57.081
120841,quant Mid Cap Fund - Growth Option - Direct Plan,quant Mutual Fund,Equity Scheme - Mid Cap Fund,2019-11-05,56.2048
120841,quant Mid Cap Fund - Growth Option - Direct Plan,quant Mutual Fund,Equity Scheme - Mid Cap Fund,2019-11-06,56.2854
120841,quant Mid Cap Fund - Growth Option - Direct Plan,quant Mutual Fund,Equity Scheme - Mid Cap Fund,2019-11-07,56.0601
120841,quant Mid Cap Fund - Growth Option - Direct Plan,quant Mutual Fund,Equity Scheme - Mid Cap Fund,2019-11-08,55.7464
120841,quant Mid Cap Fund - Growth Option - Direct Plan,quant Mutual Fund,Equity Scheme - Mid Cap Fund,2019-11-11,56.1837
120841,quant Mid Cap Fund - Growth Option - Direct Plan,quant Mutual Fund,Equity Scheme - Mid Cap Fund,2019-11-13,56.7102
120841,quant Mid Cap Fund - Growth Option - Direct Plan,quant Mutual Fund,Equity Scheme - Mid Cap Fund,2019-11-14,56.8178
120841,quant Mid Cap Fund - Growth Option - Direct Plan,quant Mutual Fund,Equity Scheme - Mid Cap Fund,2019-11-15,56.681
120841,quant Mid Cap Fund - Growth Option - Direct Plan,quant Mutual Fund,Equity Scheme - Mid Cap Fund,2019-11-18,57.0568
120841,quant Mid Cap Fund - Growth Option - Direct Plan,quant Mutual Fund,Equity Scheme - Mid Cap Fund,2019-11-19,57.3307
120841,quant Mid Cap Fund - Growth Option - Direct Plan,quant Mutual Fund,Equity Scheme - Mid Cap Fund,2019-11-20,57.4379
120841,quant Mid Cap Fund - Growth Option - Direct Plan,quant Mutual Fund,Equity Scheme - Mid Cap Fund,2019-11-21,57.351
120841,quant Mid Cap Fund - Growth Option - Direct Plan,quant Mutual Fund,Equity Scheme - Mid Cap Fund,2019-11-22,56.9015
120841,quant Mid Cap Fund - Growth Option - Direct Plan,quant Mutual Fund,Equity Scheme - Mid Cap Fund,2019-11-25,57.2265
120841,quant Mid Cap Fund - Growth Option - Direct Plan,quant Mutual Fund,Equity Scheme - Mid Cap Fund,2019-11-26,56.7251
120841,quant Mid Cap Fund - Growth Option - Direct Plan,quant Mutual Fund,Equity Scheme - Mid Cap Fund,2019-11-27,57.3408
120841,quant Mid Cap Fund - Growth Option - Direct Plan,quant Mutual Fund,Equity Scheme - Mid Cap Fund,2019-11-28,57.8483
120841,quant Mid Cap Fund - Growth Option - Direct Plan,quant Mutual Fund,Equity Scheme - Mid Cap Fund,2019-11-29,57.5918
120841,quant Mid Cap Fund - Growth Option - Direct Plan,quant Mutual Fund,Equity Scheme - Mid Cap Fund,2019-12-02,57.3629
120841,quant Mid Cap Fund - Growth Option - Direct Plan,quant Mutual Fund,Equity Scheme - Mid Cap Fund,2019-12-03,56.965
120841,quant Mid Cap Fund - Growth Option - Direct Plan,quant Mutual Fund,Equity Scheme - Mid Cap Fund,2019-12-04,57.0755
120841,quant Mid Cap Fund - Growth Option - Direct Plan,quant Mutual Fund,Equity Scheme - Mid Cap Fund,2019-12-05,56.7838
120841,quant Mid Cap Fund - Growth Option - Direct Plan,quant Mutual Fund,Equity Scheme - Mid Cap Fund,2019-12-06,56.2917
120841,quant Mid Cap Fund - Growth Option - Direct Plan,quant Mutual Fund,Equity Scheme - Mid Cap Fund,2019-12-09,56.171
120841,quant Mid Cap Fund - Growth Option - Direct Plan,quant Mutual Fund,Equity Scheme - Mid Cap Fund,2019-12-10,55.3357
120841,quant Mid Cap Fund - Growth Option - Direct Plan,quant Mutual Fund,Equity Scheme - Mid Cap Fund,2019-12-11,55.6148
120841,quant Mid Cap Fund - Growth Option - Direct Plan,quant Mutual Fund,Equity Scheme - Mid Cap Fund,2019-12-12,56.0762
120841,quant Mid Cap Fund - Growth Option - Direct Plan,quant Mutual Fund,Equity Scheme - Mid Cap Fund,2019-12-13,56.418
120841,quant Mid Cap Fund - Growth Option - Direct Plan,quant Mutual Fund,Equity Scheme - Mid Cap Fund,2019-12-16,55.9057
120841,quant Mid Cap Fund - Growth Option - Direct Plan,quant Mutual Fund,Equity Scheme - Mid Cap Fund,2019-12-17,56.0988
120841,quant Mid Cap Fund - Growth Option - Direct Plan,quant Mutual Fund,Equity Scheme - Mid Cap Fund,2019-12-18,55.8029
120841,quant Mid Cap Fund - Growth Option - Direct Plan,quant Mutual Fund,Equity Scheme - Mid Cap Fund,2019-12-19,56.0773
120841,quant Mid Cap Fund - Growth Option - Direct Plan,quant Mutual Fund,Equity Scheme - Mid Cap Fund,2019-12-20,56.0646
120841,quant Mid Cap Fund - Growth Option - Direct Plan,quant Mutual Fund,Equity Scheme - Mid Cap Fund,2019-12-23,55.9366
120841,quant Mid Cap Fund - Growth Option - Direct Plan,quant Mutual Fund,Equity Scheme - Mid Cap Fund,2019-12-24,55.7772
120841,quant Mid Cap Fund - Growth Option - Direct Plan,quant Mutual Fund,Equity Scheme - Mid Cap Fund,2019-12-26,55.9528
120841,quant Mid Cap Fund - Growth Option - Direct Plan,quant Mutual Fund,Equity Scheme - Mid Cap Fund,2019-12-27,56.3996
120841,quant Mid Cap Fund - Growth Option - Direct Plan,quant Mutual Fund,Equity Scheme - Mid Cap Fund,2019-12-30,56.5326
120841,quant Mid Cap Fund - Growth Option - Direct Plan,quant Mutual Fund,Equity Scheme - Mid Cap Fund,2019-12-31,56.428
120841,quant Mid Cap Fund - Growth Option - Direct Plan,quant Mutual Fund,Equity Scheme - Mid Cap Fund,2020-01-01,56.4189
120841,quant Mid Cap Fund - Growth Option - Direct Plan,quant Mutual Fund,Equity Scheme - Mid Cap Fund,2020-01-02,56.9688
120841,quant Mid Cap Fund - Growth Option - Direct Plan,quant Mutual Fund,Equity Scheme - Mid Cap Fund,2020-01-03,56.778
120841,quant Mid Cap Fund - Growth Option - Direct Plan,quant Mutual Fund,Equity Scheme - Mid Cap Fund,2020-01-06,55.6976
120841,quant Mid Cap Fund - Growth Option - Direct Plan,quant Mutual Fund,Equity Scheme - Mid Cap Fund,2020-01-07,56.2173
120841,quant Mid Cap Fund - Growth Option - Direct Plan,quant Mutual Fund,Equity Scheme - Mid Cap Fund,2020-01-08,56.1255
120841,quant Mid Cap Fund - Growth Option - Direct Plan,quant Mutual Fund,Equity Scheme - Mid Cap Fund,2020-01-09,57.0619
120841,quant Mid Cap Fund - Growth Option - Direct Plan,quant Mutual Fund,Equity Scheme - Mid Cap Fund,2020-01-10,57.0136
120841,quant Mid Cap Fund - Growth Option - Direct Plan,quant Mutual Fund,Equity Scheme - Mid Cap Fund,2020-01-13,57.4274
120841,quant Mid Cap Fund - Growth Option - Direct Plan,quant Mutual Fund,Equity Scheme - Mid Cap Fund,2020-01-14,58.2117
120841,quant Mid Cap Fund - Growth Option - Direct Plan,quant Mutual Fund,Equity Scheme - Mid Cap Fund,2020-01-15,58.4506
120841,quant Mid Cap Fund - Growth Option - Direct Plan,quant Mutual Fund,Equity Scheme - Mid Cap Fund,2020-01-16,58.5949
120841,quant Mid Cap Fund - Growth Option - Direct Plan,quant Mutual Fund,Equity Scheme - Mid Cap Fund,2020-01-17,58.7012
120841,quant Mid Cap Fund - Growth Option - Direct Plan,quant Mutual Fund,Equity Scheme - Mid Cap Fund,2020-01-20,58.5722
120841,quant Mid Cap Fund - Growth Option - Direct Plan,quant Mutual Fund,Equity Scheme - Mid Cap Fund,2020-01-21,58.7161
120841,quant Mid Cap Fund - Growth Option - Direct Plan,quant Mutual Fund,Equity Scheme - Mid Cap Fund,2020-01-22,58.8953
120841,quant Mid Cap Fund - Growth Option - Direct Plan,quant Mutual Fund,Equity Scheme - Mid Cap Fund,2020-01-23,59.7082
120841,quant Mid Cap Fund - Growth Option - Direct Plan,quant Mutual Fund,Equity Scheme - Mid Cap Fund,2020-01-24,60.4024
120841,quant Mid Cap Fund - Growth Option - Direct Plan,quant Mutual Fund,Equity Scheme - Mid Cap Fund,2020-01-27,60.6531
120841,quant Mid Cap Fund - Growth Option - Direct Plan,quant Mutual Fund,Equity Scheme - Mid Cap Fund,2020-01-28,60.5752
120841,quant Mid Cap Fund - Growth Option - Direct Plan,quant Mutual Fund,Equity Scheme - Mid Cap Fund,2020-01-29,60.8375
120841,quant Mid Cap Fund - Growth Option - Direct Plan,quant Mutual Fund,Equity Scheme - Mid Cap Fund,2020-01-30,60.105
120841,quant Mid Cap Fund - Growth Option - Direct Plan,quant Mutual Fund,Equity Scheme - Mid Cap Fund,2020-01-31,59.7157
120841,quant Mid Cap Fund - Growth Option - Direct Plan,quant Mutual Fund,Equity Scheme - Mid Cap Fund,2020-02-03,58.0425
120841,quant Mid Cap Fund - Growth Option - Direct Plan,quant Mutual Fund,Equity Scheme - Mid Cap Fund,2020-02-04,58.5763
120841,quant Mid Cap Fund - Growth Option - Direct Plan,quant Mutual Fund,Equity Scheme - Mid Cap Fund,2020-02-05,59.1907
120841,quant Mid Cap Fund - Growth Option - Direct Plan,quant Mutual Fund,Equity Scheme - Mid Cap Fund,2020-02-06,59.0951
120841,quant Mid Cap Fund - Growth Option - Direct Plan,quant Mutual Fund,Equity Scheme - Mid Cap Fund,2020-02-07,59.6584
120841,quant Mid Cap Fund - Growth Option - Direct Plan,quant Mutual Fund,Equity Scheme - Mid Cap Fund,2020-02-10,59.5773
120841,quant Mid Cap Fund - Growth Option - Direct Plan,quant Mutual Fund,Equity Scheme - Mid Cap Fund,2020-02-11,60.0588
120841,quant Mid Cap Fund - Growth Option - Direct Plan,quant Mutual Fund,Equity Scheme - Mid Cap Fund,2020-02-12,60.1219
120841,quant Mid Cap Fund - Growth Option - Direct Plan,quant Mutual Fund,Equity Scheme - Mid Cap Fund,2020-02-13,59.8924
120841,quant Mid Cap Fund - Growth Option - Direct Plan,quant Mutual Fund,Equity Scheme - Mid Cap Fund,2020-02-14,58.9999
120841,quant Mid Cap Fund - Growth Option - Direct Plan,quant Mutual Fund,Equity Scheme - Mid Cap Fund,2020-02-17,58.4797
120841,quant Mid Cap Fund - Growth Option - Direct Plan,quant Mutual Fund,Equity Scheme - Mid Cap Fund,2020-02-18,59.0137
120841,quant Mid Cap Fund - Growth Option - Direct Plan,quant Mutual Fund,Equity Scheme - Mid Cap Fund,2020-02-19,60.4177
120841,quant Mid Cap Fund - Growth Option - Direct Plan,quant Mutual Fund,Equity Scheme - Mid Cap Fund,2020-02-20,60.7193
120841,quant Mid Cap Fund - Growth Option - Direct Plan,quant Mutual Fund,Equity Scheme - Mid Cap Fund,2020-02-24,59.7133
120841,quant Mid Cap Fund - Growth Option - Direct Plan,quant Mutual Fund,Equity Scheme - Mid Cap Fund,2020-02-25,59.6428
120841,quant Mid Cap Fund - Growth Option - Direct Plan,quant Mutual Fund,Equity Scheme - Mid Cap Fund,2020-02-26,58.7661
120841,quant Mid Cap Fund - Growth Option - Direct Plan,quant Mutual Fund,Equity Scheme - Mid Cap Fund,2020-02-27,57.9347
120841,quant Mid Cap Fund - Growth Option - Direct Plan,quant Mutual Fund,Equity Scheme - Mid Cap Fund,2020-02-28,55.8033
120841,quant Mid Cap Fund - Growth Option - Direct Plan,quant Mutual Fund,Equity Scheme - Mid Cap Fund,2020-03-02,55.9281
120841,quant Mid Cap Fund - Growth Option - Direct Plan,quant Mutual Fund,Equity Scheme - Mid Cap Fund,2020-03-03,57.0181
120841,quant Mid Cap Fund - Growth Option - Direct Plan,quant Mutual Fund,Equity Scheme - Mid Cap Fund,2020-03-04,56.517
120841,quant Mid Cap Fund - Growth Option - Direct Plan,quant Mutual Fund,Equity Scheme - Mid Cap Fund,2020-03-05,57.1614
120841,quant Mid Cap Fund - Growth Option - Direct Plan,quant Mutual Fund,Equity Scheme - Mid Cap Fund,2020-03-06,56.1637
120841,quant Mid Cap Fund - Growth Option - Direct Plan,quant Mutual Fund,Equity Scheme - Mid Cap Fund,2020-03-09,53.6295
120841,quant Mid Cap Fund - Growth Option - Direct Plan,quant Mutual Fund,Equity Scheme - Mid Cap Fund,2020-03-11,53.3443
120841,quant Mid Cap Fund - Growth Option - Direct Plan,quant Mutual Fund,Equity Scheme - Mid Cap Fund,2020-03-12,49.2353
120841,quant Mid Cap Fund - Growth Option - Direct Plan,quant Mutual Fund,Equity Scheme - Mid Cap Fund,2020-03-13,50.2095
120841,quant Mid Cap Fund - Growth Option - Direct Plan,quant Mutual Fund,Equity Scheme - Mid Cap Fund,2020-03-16,47.316
120841,quant Mid Cap Fund - Growth Option - Direct Plan,quant Mutual Fund,Equity Scheme - Mid Cap Fund,2020-03-17,46.2054
120841,quant Mid Cap Fund - Growth Option - Direct Plan,quant Mutual Fund,Equity Scheme - Mid Cap Fund,2020-03-18,43.3121
120841,quant Mid Cap Fund - Growth Option - Direct Plan,quant Mutual Fund,Equity Scheme - Mid Cap Fund,2020-03-19,42.0994
120841,quant Mid Cap Fund - Growth Option - Direct Plan,quant Mutual Fund,Equity Scheme - Mid Cap Fund,2020-03-20,45.0055
120841,quant Mid Cap Fund - Growth Option - Direct Plan,quant Mutual Fund,Equity Scheme - Mid Cap Fund,2020-03-23,40.4996
120841,quant Mid Cap Fund - Growth Option - Direct Plan,quant Mutual Fund,Equity Scheme - Mid Cap Fund,2020-03-24,40.7455
120841,quant Mid Cap Fund - Growth Option - Direct Plan,quant Mutual Fund,Equity Scheme - Mid Cap Fund,2020-03-25,41.754
120841,quant Mid Cap Fund - Growth Option - Direct Plan,quant Mutual Fund,Equity Scheme - Mid Cap Fund,2020-03-26,43.3782
120841,quant Mid Cap Fund - Growth Option - Direct Plan,quant Mutual Fund,Equity Scheme - Mid Cap Fund,2020-03-27,43.3332
120841,quant Mid Cap Fund - Growth Option - Direct Plan,quant Mutual Fund,Equity Scheme - Mid Cap Fund,2020-03-30,42.9923
120841,quant Mid Cap Fund - Growth Option - Direct Plan,quant Mutual Fund,Equity Scheme - Mid Cap Fund,2020-03-31,44.41
120841,quant Mid Cap Fund - Growth Option - Direct Plan,quant Mutual Fund,Equity Scheme - Mid Cap Fund,2020-04-01,43.7147
120841,quant Mid Cap Fund - Growth Option - Direct Plan,quant Mutual Fund,Equity Scheme - Mid Cap Fund,2020-04-03,43.6407
120841,quant Mid Cap Fund - Growth Option - Direct Plan,quant Mutual Fund,Equity Scheme - Mid Cap Fund,2020-04-07,46.715
120841,quant Mid Cap Fund - Growth Option - Direct Plan,quant Mutual Fund,Equity Scheme - Mid Cap Fund,2020-04-08,48.5326
120841,quant Mid Cap Fund - Growth Option - Direct Plan,quant Mutual Fund,Equity Scheme - Mid Cap Fund,2020-04-09,49.7311
120841,quant Mid Cap Fund - Growth Option - Direct Plan,quant Mutual Fund,Equity Scheme - Mid Cap Fund,2020-04-13,49.7987
120841,quant Mid Cap Fund - Growth Option - Direct Plan,quant Mutual Fund,Equity Scheme - Mid Cap Fund,2020-04-15,49.9375
120841,quant Mid Cap Fund - Growth Option - Direct Plan,quant Mutual Fund,Equity Scheme - Mid Cap Fund,2020-04-16,50.6858
120841,quant Mid Cap Fund - Growth Option - Direct Plan,quant Mutual Fund,Equity Scheme - Mid Cap Fund,2020-04-17,50.8369
120841,quant Mid Cap Fund - Growth Option - Direct Plan,quant Mutual Fund,Equity Scheme - Mid Cap Fund,2020-04-20,50.5395
120841,quant Mid Cap Fund - Growth Option - Direct Plan,quant Mutual Fund,Equity Scheme - Mid Cap Fund,2020-04-21,49.9428
120841,quant Mid Cap Fund - Growth Option - Direct Plan,quant Mutual Fund,Equity Scheme - Mid Cap Fund,2020-04-22,49.9446
120841,quant Mid Cap Fund - Growth Option - Direct Plan,quant Mutual Fund,Equity Scheme - Mid Cap Fund,2020-04-23,50.6232
120841,quant Mid Cap Fund - Growth Option - Direct Plan,quant Mutual Fund,Equity Scheme - Mid Cap Fund,2020-04-24,50.3992
120841,quant Mid Cap Fund - Growth Option - Direct Plan,quant Mutual Fund,Equity Scheme - Mid Cap Fund,2020-04-27,51.6601
120841,quant Mid Cap Fund - Growth Option - Direct Plan,quant Mutual Fund,Equity Scheme - Mid Cap Fund,2020-04-28,51.7687
120841,quant Mid Cap Fund - Growth Option - Direct Plan,quant Mutual Fund,Equity Scheme - Mid Cap Fund,2020-04-29,51.8212
120841,quant Mid Cap Fund - Growth Option - Direct Plan,quant Mutual Fund,Equity Scheme - Mid Cap Fund,2020-04-30,51.9138
120841,quant Mid Cap Fund - Growth Option - Direct Plan,quant Mutual Fund,Equity Scheme - Mid Cap Fund,2020-05-04,51.7864
120841,quant Mid Cap Fund - Growth Option - Direct Plan,quant Mutual Fund,Equity Scheme - Mid Cap Fund,2020-05-05,51.7331
120841,quant Mid Cap Fund - Growth Option - Direct Plan,quant Mutual Fund,Equity Scheme - Mid Cap Fund,2020-05-06,52.105
120841,quant Mid Cap Fund - Growth Option - Direct Plan,quant Mutual Fund,Equity Scheme - Mid Cap Fund,2020-05-07,52.0884
120841,quant Mid Cap Fund - Growth Option - Direct Plan,quant Mutual Fund,Equity Scheme - Mid Cap Fund,2020-05-08,51.8829
120841,quant Mid Cap Fund - Growth Option - Direct Plan,quant Mutual Fund,Equity Scheme - Mid Cap Fund,2020-05-11,51.8446
120841,quant Mid Cap Fund - Growth Option - Direct Plan,quant Mutual Fund,Equity Scheme - Mid Cap Fund,2020-05-12,51.5599
120841,quant Mid Cap Fund - Growth Option - Direct Plan,quant Mutual Fund,Equity Scheme - Mid Cap Fund,2020-05-13,51.6134
120841,quant Mid Cap Fund - Growth Option - Direct Plan,quant Mutual Fund,Equity Scheme - Mid Cap Fund,2020-05-14,51.8594
120841,quant Mid Cap Fund - Growth Option - Direct Plan,quant Mutual Fund,Equity Scheme - Mid Cap Fund,2020-05-15,52.0253
120841,quant Mid Cap Fund - Growth Option - Direct Plan,quant Mutual Fund,Equity Scheme - Mid Cap Fund,2020-05-18,50.8905
120841,quant Mid Cap Fund - Growth Option - Direct Plan,quant Mutual Fund,Equity Scheme - Mid Cap Fund,2020-05-19,51.2438
120841,quant Mid Cap Fund - Growth Option - Direct Plan,quant Mutual Fund,Equity Scheme - Mid Cap Fund,2020-05-20,51.6204
120841,quant Mid Cap Fund - Growth Option - Direct Plan,quant Mutual Fund,Equity Scheme - Mid Cap Fund,2020-05-21,52.2025
120841,quant Mid Cap Fund - Growth Option - Direct Plan,quant Mutual Fund,Equity Scheme - Mid Cap Fund,2020-05-22,52.314
120841,quant Mid Cap Fund - Growth Option - Direct Plan,quant Mutual Fund,Equity Scheme - Mid Cap Fund,2020-05-26,52.2757
120841,quant Mid Cap Fund - Growth Option - Direct Plan,quant Mutual Fund,Equity Scheme - Mid Cap Fund,2020-05-27,52.6368
120841,quant Mid Cap Fund - Growth Option - Direct Plan,quant Mutual Fund,Equity Scheme - Mid Cap Fund,2020-05-28,52.9098
120841,quant Mid Cap Fund - Growth Option - Direct Plan,quant Mutual Fund,Equity Scheme - Mid Cap Fund,2020-05-29,53.2197
120841,quant Mid Cap Fund - Growth Option - Direct Plan,quant Mutual Fund,Equity Scheme - Mid Cap Fund,2020-06-01,53.8411
120841,quant Mid Cap Fund - Growth Option - Direct Plan,quant Mutual Fund,Equity Scheme - Mid Cap Fund,2020-06-02,54.0996
120841,quant Mid Cap Fund - Growth Option - Direct Plan,quant Mutual Fund,Equity Scheme - Mid Cap Fund,2020-06-03,54.1472
120841,quant Mid Cap Fund - Growth Option - Direct Plan,quant Mutual Fund,Equity Scheme - Mid Cap Fund,2020-06-04,54.1289
120841,quant Mid Cap Fund - Growth Option - Direct Plan,quant Mutual Fund,Equity Scheme - Mid Cap Fund,2020-06-05,55.0839
120841,quant Mid Cap Fund - Growth Option - Direct Plan,quant Mutual Fund,Equity Scheme - Mid Cap Fund,2020-06-08,55.1066
120841,quant Mid Cap Fund - Growth Option - Direct Plan,quant Mutual Fund,Equity Scheme - Mid Cap Fund,2020-06-09,54.6084
120841,quant Mid Cap Fund - Growth Option - Direct Plan,quant Mutual Fund,Equity Scheme - Mid Cap Fund,2020-06-10,54.8485
120841,quant Mid Cap Fund - Growth Option - Direct Plan,quant Mutual Fund,Equity Scheme - Mid Cap Fund,2020-06-11,54.4155
120841,quant Mid Cap Fund - Growth Option - Direct Plan,quant Mutual Fund,Equity Scheme - Mid Cap Fund,2020-06-12,54.6559
120841,quant Mid Cap Fund - Growth Option - Direct Plan,quant Mutual Fund,Equity Scheme - Mid Cap Fund,2020-06-15,54.2432
120841,quant Mid Cap Fund - Growth Option - Direct Plan,quant Mutual Fund,Equity Scheme - Mid Cap Fund,2020-06-16,54.8212
120841,quant Mid Cap Fund - Growth Option - Direct Plan,quant Mutual Fund,Equity Scheme - Mid Cap Fund,2020-06-17,55.393
120841,quant Mid Cap Fund - Growth Option - Direct Plan,quant Mutual Fund,Equity Scheme - Mid Cap Fund,2020-06-18,55.5556
120841,quant Mid Cap Fund - Growth Option - Direct Plan,quant Mutual Fund,Equity Scheme - Mid Cap Fund,2020-06-19,55.7688
120841,quant Mid Cap Fund - Growth Option - Direct Plan,quant Mutual Fund,Equity Scheme - Mid Cap Fund,2020-06-22,57.4547
120841,quant Mid Cap Fund - Growth Option - Direct Plan,quant Mutual Fund,Equity Scheme - Mid Cap Fund,2020-06-23,58.2561
120841,quant Mid Cap Fund - Growth Option - Direct Plan,quant Mutual Fund,Equity Scheme - Mid Cap Fund,2020-06-24,57.1358
120841,quant Mid Cap Fund - Growth Option - Direct Plan,quant Mutual Fund,Equity Scheme - Mid Cap Fund,2020-06-25,57.854
120841,quant Mid Cap Fund - Growth Option - Direct Plan,quant Mutual Fund,Equity Scheme - Mid Cap Fund,2020-06-26,57.5425
120841,quant Mid Cap Fund - Growth Option - Direct Plan,quant Mutual Fund,Equity Scheme - Mid Cap Fund,2020-06-29,56.9851
120841,quant Mid Cap Fund - Growth Option - Direct Plan,quant Mutual Fund,Equity Scheme - Mid Cap Fund,2020-06-30,56.3796
120841,quant Mid Cap Fund - Growth Option - Direct Plan,quant Mutual Fund,Equity Scheme - Mid Cap Fund,2020-07-01,56.3051
120841,quant Mid Cap Fund - Growth Option - Direct Plan,quant Mutual Fund,Equity Scheme - Mid Cap Fund,2020-07-02,56.5285
120841,quant Mid Cap Fund - Growth Option - Direct Plan,quant Mutual Fund,Equity Scheme - Mid Cap Fund,2020-07-03,57.1696
120841,quant Mid Cap Fund - Growth Option - Direct Plan,quant Mutual Fund,Equity Scheme - Mid Cap Fund,2020-07-06,58.113
120841,quant Mid Cap Fund - Growth Option - Direct Plan,quant Mutual Fund,Equity Scheme - Mid Cap Fund,2020-07-07,57.935
120841,quant Mid Cap Fund - Growth Option - Direct Plan,quant Mutual Fund,Equity Scheme - Mid Cap Fund,2020-07-08,58.0663
120841,quant Mid Cap Fund - Growth Option - Direct Plan,quant Mutual Fund,Equity Scheme - Mid Cap Fund,2020-07-09,58.298
120841,quant Mid Cap Fund - Growth Option - Direct Plan,quant Mutual Fund,Equity Scheme - Mid Cap Fund,2020-07-10,58.2981
120841,quant Mid Cap Fund - Growth Option - Direct Plan,quant Mutual Fund,Equity Scheme - Mid Cap Fund,2020-07-13,58.6437
120841,quant Mid Cap Fund - Growth Option - Direct Plan,quant Mutual Fund,Equity Scheme - Mid Cap Fund,2020-07-14,57.9919
120841,quant Mid Cap Fund - Growth Option - Direct Plan,quant Mutual Fund,Equity Scheme - Mid Cap Fund,2020-07-15,57.9193
120841,quant Mid Cap Fund - Growth Option - Direct Plan,quant Mutual Fund,Equity Scheme - Mid Cap Fund,2020-07-16,57.9806
120841,quant Mid Cap Fund - Growth Option - Direct Plan,quant Mutual Fund,Equity Scheme - Mid Cap Fund,2020-07-17,58.54
120841,quant Mid Cap Fund - Growth Option - Direct Plan,quant Mutual Fund,Equity Scheme - Mid Cap Fund,2020-07-20,59.059
120841,quant Mid Cap Fund - Growth Option - Direct Plan,quant Mutual Fund,Equity Scheme - Mid Cap Fund,2020-07-21,58.7706
120841,quant Mid Cap Fund - Growth Option - Direct Plan,quant Mutual Fund,Equity Scheme - Mid Cap Fund,2020-07-22,58.8762
120841,quant Mid Cap Fund - Growth Option - Direct Plan,quant Mutual Fund,Equity Scheme - Mid Cap Fund,2020-07-23,59.6438
120841,quant Mid Cap Fund - Growth Option - Direct Plan,quant Mutual Fund,Equity Scheme - Mid Cap Fund,2020-07-24,59.3358
120841,quant Mid Cap Fund - Growth Option - Direct Plan,quant Mutual Fund,Equity Scheme - Mid Cap Fund,2020-07-27,59.0559
120841,quant Mid Cap Fund - Growth Option - Direct Plan,quant Mutual Fund,Equity Scheme - Mid Cap Fund,2020-07-28,59.3323
120841,quant Mid Cap Fund - Growth Option - Direct Plan,quant Mutual Fund,Equity Scheme - Mid Cap Fund,2020-07-29,60.131
120841,quant Mid Cap Fund - Growth Option - Direct Plan,quant Mutual Fund,Equity Scheme - Mid Cap Fund,2020-07-30,59.5941
120841,quant Mid Cap Fund - Growth Option - Direct Plan,quant Mutual Fund,Equity Scheme - Mid Cap Fund,2020-07-31,60.404
120841,quant Mid Cap Fund - Growth Option - Direct Plan,quant Mutual Fund,Equity Scheme - Mid Cap Fund,2020-08-03,61.0398
120841,quant Mid Cap Fund - Growth Option - Direct Plan,quant Mutual Fund,Equity Scheme - Mid Cap Fund,2020-08-04,61.2955
120841,quant Mid Cap Fund - Growth Option - Direct Plan,quant Mutual Fund,Equity Scheme - Mid Cap Fund,2020-08-05,61.3384
120841,quant Mid Cap Fund - Growth Option - Direct Plan,quant Mutual Fund,Equity Scheme - Mid Cap Fund,2020-08-06,62.1361
120841,quant Mid Cap Fund - Growth Option - Direct Plan,quant Mutual Fund,Equity Scheme - Mid Cap Fund,2020-08-07,62.6111
120841,quant Mid Cap Fund - Growth Option - Direct Plan,quant Mutual Fund,Equity Scheme - Mid Cap Fund,2020-08-10,63.6204
120841,quant Mid Cap Fund - Growth Option - Direct Plan,quant Mutual Fund,Equity Scheme - Mid Cap Fund,2020-08-11,62.9986
120841,quant Mid Cap Fund - Growth Option - Direct Plan,quant Mutual Fund,Equity Scheme - Mid Cap Fund,2020-08-12,62.7556
120841,quant Mid Cap Fund - Growth Option - Direct Plan,quant Mutual Fund,Equity Scheme - Mid Cap Fund,2020-08-13,62.7383
120841,quant Mid Cap Fund - Growth Option - Direct Plan,quant Mutual Fund,Equity Scheme - Mid Cap Fund,2020-08-14,62.6453
120841,quant Mid Cap Fund - Growth Option - Direct Plan,quant Mutual Fund,Equity Scheme - Mid Cap Fund,2020-08-17,62.7396
120841,quant Mid Cap Fund - Growth Option - Direct Plan,quant Mutual Fund,Equity Scheme - Mid Cap Fund,2020-08-18,63.2825
120841,quant Mid Cap Fund - Growth Option - Direct Plan,quant Mutual Fund,Equity Scheme - Mid Cap Fund,2020-08-19,63.9355
120841,quant Mid Cap Fund - Growth Option - Direct Plan,quant Mutual Fund,Equity Scheme - Mid Cap Fund,2020-08-20,64.5637
120841,quant Mid Cap Fund - Growth Option - Direct Plan,quant Mutual Fund,Equity Scheme - Mid Cap Fund,2020-08-21,65.1165
120841,quant Mid Cap Fund - Growth Option - Direct Plan,quant Mutual Fund,Equity Scheme - Mid Cap Fund,2020-08-24,65.6934
120841,quant Mid Cap Fund - Growth Option - Direct Plan,quant Mutual Fund,Equity Scheme - Mid Cap Fund,2020-08-25,65.5694
120841,quant Mid Cap Fund - Growth Option - Direct Plan,quant Mutual Fund,Equity Scheme - Mid Cap Fund,2020-08-26,65.7181
120841,quant Mid Cap Fund - Growth Option - Direct Plan,quant Mutual Fund,Equity Scheme - Mid Cap Fund,2020-08-27,65.2944
120841,quant Mid Cap Fund - Growth Option - Direct Plan,quant Mutual Fund,Equity Scheme - Mid Cap Fund,2020-08-28,65.1476
120841,quant Mid Cap Fund - Growth Option - Direct Plan,quant Mutual Fund,Equity Scheme - Mid Cap Fund,2020-08-31,62.4756
120841,quant Mid Cap Fund - Growth Option - Direct Plan,quant Mutual Fund,Equity Scheme - Mid Cap Fund,2020-09-01,63.1221
120841,quant Mid Cap Fund - Growth Option - Direct Plan,quant Mutual Fund,Equity Scheme - Mid Cap Fund,2020-09-02,64.0911
120841,quant Mid Cap Fund - Growth Option - Direct Plan,quant Mutual Fund,Equity Scheme - Mid Cap Fund,2020-09-03,64.2449
120841,quant Mid Cap Fund - Growth Option - Direct Plan,quant Mutual Fund,Equity Scheme - Mid Cap Fund,2020-09-04,63.092
120841,quant Mid Cap Fund - Growth Option - Direct Plan,quant Mutual Fund,Equity Scheme - Mid Cap Fund,2020-09-07,63.1689
120841,quant Mid Cap Fund - Growth Option - Direct Plan,quant Mutual Fund,Equity Scheme - Mid Cap Fund,2020-09-08,62.5035
120841,quant Mid Cap Fund - Growth Option - Direct Plan,quant Mutual Fund,Equity Scheme - Mid Cap Fund,2020-09-09,62.2926
120841,quant Mid Cap Fund - Growth Option - Direct Plan,quant Mutual Fund,Equity Scheme - Mid Cap Fund,2020-09-10,63.4366
120841,quant Mid Cap Fund - Growth Option - Direct Plan,quant Mutual Fund,Equity Scheme - Mid Cap Fund,2020-09-11,63.7702
120841,quant Mid Cap Fund - Growth Option - Direct Plan,quant Mutual Fund,Equity Scheme - Mid Cap Fund,2020-09-14,64.2841
120841,quant Mid Cap Fund - Growth Option - Direct Plan,quant Mutual Fund,Equity Scheme - Mid Cap Fund,2020-09-15,65.1282
120841,quant Mid Cap Fund - Growth Option - Direct Plan,quant Mutual Fund,Equity Scheme - Mid Cap Fund,2020-09-16,66.0678
120841,quant Mid Cap Fund - Growth Option - Direct Plan,quant Mutual Fund,Equity Scheme - Mid Cap Fund,2020-09-17,65.84
120841,quant Mid Cap Fund - Growth Option - Direct Plan,quant Mutual Fund,Equity Scheme - Mid Cap Fund,2020-09-18,66.3189
120841,quant Mid Cap Fund - Growth Option - Direct Plan,quant Mutual Fund,Equity Scheme - Mid Cap Fund,2020-09-21,64.3706
120841,quant Mid Cap Fund - Growth Option - Direct Plan,quant Mutual Fund,Equity Scheme - Mid Cap Fund,2020-09-22,63.7533
120841,quant Mid Cap Fund - Growth Option - Direct Plan,quant Mutual Fund,Equity Scheme - Mid Cap Fund,2020-09-23,64.4889
120841,quant Mid Cap Fund - Growth Option - Direct Plan,quant Mutual Fund,Equity Scheme - Mid Cap Fund,2020-09-24,63.2843
120841,quant Mid Cap Fund - Growth Option - Direct Plan,quant Mutual Fund,Equity Scheme - Mid Cap Fund,2020-09-25,64.4883
120841,quant Mid Cap Fund - Growth Option - Direct Plan,quant Mutual Fund,Equity Scheme - Mid Cap Fund,2020-09-28,65.6529
120841,quant Mid Cap Fund - Growth Option - Direct Plan,quant Mutual Fund,Equity Scheme - Mid Cap Fund,2020-09-29,65.6623
120841,quant Mid Cap Fund - Growth Option - Direct Plan,quant Mutual Fund,Equity Scheme - Mid Cap Fund,2020-09-30,65.6953
120841,quant Mid Cap Fund - Growth Option - Direct Plan,quant Mutual Fund,Equity Scheme - Mid Cap Fund,2020-10-01,65.7441
120841,quant Mid Cap Fund - Growth Option - Direct Plan,quant Mutual Fund,Equity Scheme - Mid Cap Fund,2020-10-05,66.4188
120841,quant Mid Cap Fund - Growth Option - Direct Plan,quant Mutual Fund,Equity Scheme - Mid Cap Fund,2020-10-06,66.9087
120841,quant Mid Cap Fund - Growth Option - Direct Plan,quant Mutual Fund,Equity Scheme - Mid Cap Fund,2020-10-07,66.6421
120841,quant Mid Cap Fund - Growth Option - Direct Plan,quant Mutual Fund,Equity Scheme - Mid Cap Fund,2020-10-08,66.806
120841,quant Mid Cap Fund - Growth Option - Direct Plan,quant Mutual Fund,Equity Scheme - Mid Cap Fund,2020-10-09,66.21
120841,quant Mid Cap Fund - Growth Option - Direct Plan,quant Mutual Fund,Equity Scheme - Mid Cap Fund,2020-10-12,65.9921
120841,quant Mid Cap Fund - Growth Option - Direct Plan,quant Mutual Fund,Equity Scheme - Mid Cap Fund,2020-10-13,65.8073
120841,quant Mid Cap Fund - Growth Option - Direct Plan,quant Mutual Fund,Equity Scheme - Mid Cap Fund,2020-10-14,65.7957
120841,quant Mid Cap Fund - Growth Option - Direct Plan,quant Mutual Fund,Equity Scheme - Mid Cap Fund,2020-10-15,64.5317
120841,quant Mid Cap Fund - Growth Option - Direct Plan,quant Mutual Fund,Equity Scheme - Mid Cap Fund,2020-10-16,65.1479
120841,quant Mid Cap Fund - Growth Option - Direct Plan,quant Mutual Fund,Equity Scheme - Mid Cap Fund,2020-10-19,65.1275
120841,quant Mid Cap Fund - Growth Option - Direct Plan,quant Mutual Fund,Equity Scheme - Mid Cap Fund,2020-10-20,65.2917
120841,quant Mid Cap Fund - Growth Option - Direct Plan,quant Mutual Fund,Equity Scheme - Mid Cap Fund,2020-10-21,65.1698
120841,quant Mid Cap Fund - Growth Option - Direct Plan,quant Mutual Fund,Equity Scheme - Mid Cap Fund,2020-10-22,65.4607
120841,quant Mid Cap Fund - Growth Option - Direct Plan,quant Mutual Fund,Equity Scheme - Mid Cap Fund,2020-10-23,65.8442
120841,quant Mid Cap Fund - Growth Option - Direct Plan,quant Mutual Fund,Equity Scheme - Mid Cap Fund,2020-10-26,65.0052
120841,quant Mid Cap Fund - Growth Option - Direct Plan,quant Mutual Fund,Equity Scheme - Mid Cap Fund,2020-10-27,65.2039
120841,quant Mid Cap Fund - Growth Option - Direct Plan,quant Mutual Fund,Equity Scheme - Mid Cap Fund,2020-10-28,65.1878
120841,quant Mid Cap Fund - Growth Option - Direct Plan,quant Mutual Fund,Equity Scheme - Mid Cap Fund,2020-10-29,65.4769
120841,quant Mid Cap Fund - Growth Option - Direct Plan,quant Mutual Fund,Equity Scheme - Mid Cap Fund,2020-10-30,65.9
120841,quant Mid Cap Fund - Growth Option - Direct Plan,quant Mutual Fund,Equity Scheme - Mid Cap Fund,2020-11-02,66.0187
120841,quant Mid Cap Fund - Growth Option - Direct Plan,quant Mutual Fund,Equity Scheme - Mid Cap Fund,2020-11-03,66.3515
120841,quant Mid Cap Fund - Growth Option - Direct Plan,quant Mutual Fund,Equity Scheme - Mid Cap Fund,2020-11-04,66.9865
120841,quant Mid Cap Fund - Growth Option - Direct Plan,quant Mutual Fund,Equity Scheme - Mid Cap Fund,2020-11-05,68.4809
120841,quant Mid Cap Fund - Growth Option - Direct Plan,quant Mutual Fund,Equity Scheme - Mid Cap Fund,2020-11-06,68.6093
120841,quant Mid Cap Fund - Growth Option - Direct Plan,quant Mutual Fund,Equity Scheme - Mid Cap Fund,2020-11-09,68.7861
120841,quant Mid Cap Fund - Growth Option - Direct Plan,quant Mutual Fund,Equity Scheme - Mid Cap Fund,2020-11-10,68.1961
120841,quant Mid Cap Fund - Growth Option - Direct Plan,quant Mutual Fund,Equity Scheme - Mid Cap Fund,2020-11-11,68.1997
120841,quant Mid Cap Fund - Growth Option - Direct Plan,quant Mutual Fund,Equity Scheme - Mid Cap Fund,2020-11-12,68.6813
120841,quant Mid Cap Fund - Growth Option - Direct Plan,quant Mutual Fund,Equity Scheme - Mid Cap Fund,2020-11-13,68.9702
120841,quant Mid Cap Fund - Growth Option - Direct Plan,quant Mutual Fund,Equity Scheme - Mid Cap Fund,2020-11-17,69.9825
120841,quant Mid Cap Fund - Growth Option - Direct Plan,quant Mutual Fund,Equity Scheme - Mid Cap Fund,2020-11-18,70.3177
120841,quant Mid Cap Fund - Growth Option - Direct Plan,quant Mutual Fund,Equity Scheme - Mid Cap Fund,2020-11-19,70.0525
120841,quant Mid Cap Fund - Growth Option - Direct Plan,quant Mutual Fund,Equity Scheme - Mid Cap Fund,2020-11-20,70.1959
120841,quant Mid Cap Fund - Growth Option - Direct Plan,quant Mutual Fund,Equity Scheme - Mid Cap Fund,2020-11-23,71.0088
120841,quant Mid Cap Fund - Growth Option - Direct Plan,quant Mutual Fund,Equity Scheme - Mid Cap Fund,2020-11-24,71.9309
120841,quant Mid Cap Fund - Growth Option - Direct Plan,quant Mutual Fund,Equity Scheme - Mid Cap Fund,2020-11-25,71.1447
120841,quant Mid Cap Fund - Growth Option - Direct Plan,quant Mutual Fund,Equity Scheme - Mid Cap Fund,2020-11-26,71.7821
120841,quant Mid Cap Fund - Growth Option - Direct Plan,quant Mutual Fund,Equity Scheme - Mid Cap Fund,2020-11-27,72.6231
120841,quant Mid Cap Fund - Growth Option - Direct Plan,quant Mutual Fund,Equity Scheme - Mid Cap Fund,2020-12-01,74.4241
120841,quant Mid Cap Fund - Growth Option - Direct Plan,quant Mutual Fund,Equity Scheme - Mid Cap Fund,2020-12-02,75.2548
120841,quant Mid Cap Fund - Growth Option - Direct Plan,quant Mutual Fund,Equity Scheme - Mid Cap Fund,2020-12-03,75.7648
120841,quant Mid Cap Fund - Growth Option - Direct Plan,quant Mutual Fund,Equity Scheme - Mid Cap Fund,2020-12-04,76.5668
120841,quant Mid Cap Fund - Growth Option - Direct Plan,quant Mutual Fund,Equity Scheme - Mid Cap Fund,2020-12-07,77.8069
120841,quant Mid Cap Fund - Growth Option - Direct Plan,quant Mutual Fund,Equity Scheme - Mid Cap Fund,2020-12-08,77.2836
120841,quant Mid Cap Fund - Growth Option - Direct Plan,quant Mutual Fund,Equity Scheme - Mid Cap Fund,2020-12-09,77.5729
120841,quant Mid Cap Fund - Growth Option - Direct Plan,quant Mutual Fund,Equity Scheme - Mid Cap Fund,2020-12-10,77.427
120841,quant Mid Cap Fund - Growth Option - Direct Plan,quant Mutual Fund,Equity Scheme - Mid Cap Fund,2020-12-11,77.5891
120841,quant Mid Cap Fund - Growth Option - Direct Plan,quant Mutual Fund,Equity Scheme - Mid Cap Fund,2020-12-14,78.0139
120841,quant Mid Cap Fund - Growth Option - Direct Plan,quant Mutual Fund,Equity Scheme - Mid Cap Fund,2020-12-15,78.3565
120841,quant Mid Cap Fund - Growth Option - Direct Plan,quant Mutual Fund,Equity Scheme - Mid Cap Fund,2020-12-16,78.6263
120841,quant Mid Cap Fund - Growth Option - Direct Plan,quant Mutual Fund,Equity Scheme - Mid Cap Fund,2020-12-17,79.1871
120841,quant Mid Cap Fund - Growth Option - Direct Plan,quant Mutual Fund,Equity Scheme - Mid Cap Fund,2020-12-18,80.1387
120841,quant Mid Cap Fund - Growth Option - Direct Plan,quant Mutual Fund,Equity Scheme - Mid Cap Fund,2020-12-21,77.0238
120841,quant Mid Cap Fund - Growth Option - Direct Plan,quant Mutual Fund,Equity Scheme - Mid Cap Fund,2020-12-22,78.4177
120841,quant Mid Cap Fund - Growth Option - Direct Plan,quant Mutual Fund,Equity Scheme - Mid Cap Fund,2020-12-23,79.6855
120841,quant Mid Cap Fund - Growth Option - Direct Plan,quant Mutual Fund,Equity Scheme - Mid Cap Fund,2020-12-24,80.2602
120841,quant Mid Cap Fund - Growth Option - Direct Plan,quant Mutual Fund,Equity Scheme - Mid Cap Fund,2020-12-28,81.1267
120841,quant Mid Cap Fund - Growth Option - Direct Plan,quant Mutual Fund,Equity Scheme - Mid Cap Fund,2020-12-29,81.4013
120841,quant Mid Cap Fund - Growth Option - Direct Plan,quant Mutual Fund,Equity Scheme - Mid Cap Fund,2020-12-30,81.2929
120841,quant Mid Cap Fund - Growth Option - Direct Plan,quant Mutual Fund,Equity Scheme - Mid Cap Fund,2020-12-31,81.4326
120841,quant Mid Cap Fund - Growth Option - Direct Plan,quant Mutual Fund,Equity Scheme - Mid Cap Fund,2021-01-01,82.3932
120841,quant Mid Cap Fund - Growth Option - Direct Plan,quant Mutual Fund,Equity Scheme - Mid Cap Fund,2021-01-04,83.323
120841,quant Mid Cap Fund - Growth Option - Direct Plan,quant Mutual Fund,Equity Scheme - Mid Cap Fund,2021-01-05,84.2546
120841,quant Mid Cap Fund - Growth Option - Direct Plan,quant Mutual Fund,Equity Scheme - Mid Cap Fund,2021-01-06,84.3043
120841,quant Mid Cap Fund - Growth Option - Direct Plan,quant Mutual Fund,Equity Scheme - Mid Cap Fund,2021-01-07,83.8689
120841,quant Mid Cap Fund - Growth Option - Direct Plan,quant Mutual Fund,Equity Scheme - Mid Cap Fund,2021-01-08,85.6288
120841,quant Mid Cap Fund - Growth Option - Direct Plan,quant Mutual Fund,Equity Scheme - Mid Cap Fund,2021-01-11,85.8252
120841,quant Mid Cap Fund - Growth Option - Direct Plan,quant Mutual Fund,Equity Scheme - Mid Cap Fund,2021-01-12,85.5099
120841,quant Mid Cap Fund - Growth Option - Direct Plan,quant Mutual Fund,Equity Scheme - Mid Cap Fund,2021-01-13,85.51
120841,quant Mid Cap Fund - Growth Option - Direct Plan,quant Mutual Fund,Equity Scheme - Mid Cap Fund,2021-01-14,85.9377
120841,quant Mid Cap Fund - Growth Option - Direct Plan,quant Mutual Fund,Equity Scheme - Mid Cap Fund,2021-01-15,84.9691
120841,quant Mid Cap Fund - Growth Option - Direct Plan,quant Mutual Fund,Equity Scheme - Mid Cap Fund,2021-01-18,83.4649
120841,quant Mid Cap Fund - Growth Option - Direct Plan,quant Mutual Fund,Equity Scheme - Mid Cap Fund,2021-01-19,84.8174
120841,quant Mid Cap Fund - Growth Option - Direct Plan,quant Mutual Fund,Equity Scheme - Mid Cap Fund,2021-01-20,84.4445
120841,quant Mid Cap Fund - Growth Option - Direct Plan,quant Mutual Fund,Equity Scheme - Mid Cap Fund,2021-01-21,83.4044
120841,quant Mid Cap Fund - Growth Option - Direct Plan,quant Mutual Fund,Equity Scheme - Mid Cap Fund,2021-01-22,82.2957
120841,quant Mid Cap Fund - Growth Option - Direct Plan,quant Mutual Fund,Equity Scheme - Mid Cap Fund,2021-01-25,81.1978
120841,quant Mid Cap Fund - Growth Option - Direct Plan,quant Mutual Fund,Equity Scheme - Mid Cap Fund,2021-01-27,79.5643
120841,quant Mid Cap Fund - Growth Option - Direct Plan,quant Mutual Fund,Equity Scheme - Mid Cap Fund,2021-01-28,79.5197
120841,quant Mid Cap Fund - Growth Option - Direct Plan,quant Mutual Fund,Equity Scheme - Mid Cap Fund,2021-01-29,79.1266
120841,quant Mid Cap Fund - Growth Option - Direct Plan,quant Mutual Fund,Equity Scheme - Mid Cap Fund,2021-02-01,80.247
120841,quant Mid Cap Fund - Growth Option - Direct Plan,quant Mutual Fund,Equity Scheme - Mid Cap Fund,2021-02-02,80.7035
120841,quant Mid Cap Fund - Growth Option - Direct Plan,quant Mutual Fund,Equity Scheme - Mid Cap Fund,2021-02-03,82.0092
120841,quant Mid Cap Fund - Growth Option - Direct Plan,quant Mutual Fund,Equity Scheme - Mid Cap Fund,2021-02-04,82.3549
120841,quant Mid Cap Fund - Growth Option - Direct Plan,quant Mutual Fund,Equity Scheme - Mid Cap Fund,2021-02-05,82.0774
120841,quant Mid Cap Fund - Growth Option - Direct Plan,quant Mutual Fund,Equity Scheme - Mid Cap Fund,2021-02-08,83.0765
120841,quant Mid Cap Fund - Growth Option - Direct Plan,quant Mutual Fund,Equity Scheme - Mid Cap Fund,2021-02-09,83.4124
120841,quant Mid Cap Fund - Growth Option - Direct Plan,quant Mutual Fund,Equity Scheme - Mid Cap Fund,2021-02-10,83.4387
120841,quant Mid Cap Fund - Growth Option - Direct Plan,quant Mutual Fund,Equity Scheme - Mid Cap Fund,2021-02-11,83.362
120841,quant Mid Cap Fund - Growth Option - Direct Plan,quant Mutual Fund,Equity Scheme - Mid Cap Fund,2021-02-12,83.2503
120841,quant Mid Cap Fund - Growth Option - Direct Plan,quant Mutual Fund,Equity Scheme - Mid Cap Fund,2021-02-15,83.2045
120841,quant Mid Cap Fund - Growth Option - Direct Plan,quant Mutual Fund,Equity Scheme - Mid Cap Fund,2021-02-16,83.0116
120841,quant Mid Cap Fund - Growth Option - Direct Plan,quant Mutual Fund,Equity Scheme - Mid Cap Fund,2021-02-17,83.0735
120841,quant Mid Cap Fund - Growth Option - Direct Plan,quant Mutual Fund,Equity Scheme - Mid Cap Fund,2021-02-18,83.0797
120841,quant Mid Cap Fund - Growth Option - Direct Plan,quant Mutual Fund,Equity Scheme - Mid Cap Fund,2021-02-19,82.2455
120841,quant Mid Cap Fund - Growth Option - Direct Plan,quant Mutual Fund,Equity Scheme - Mid Cap Fund,2021-02-22,81.5641
120841,quant Mid Cap Fund - Growth Option - Direct Plan,quant Mutual Fund,Equity Scheme - Mid Cap Fund,2021-02-23,81.801
120841,quant Mid Cap Fund - Growth Option - Direct Plan,quant Mutual Fund,Equity Scheme - Mid Cap Fund,2021-02-24,82.0946
120841,quant Mid Cap Fund - Growth Option - Direct Plan,quant Mutual Fund,Equity Scheme - Mid Cap Fund,2021-02-25,83.7388
120841,quant Mid Cap Fund - Growth Option - Direct Plan,quant Mutual Fund,Equity Scheme - Mid Cap Fund,2021-02-26,83.5002
120841,quant Mid Cap Fund - Growth Option - Direct Plan,quant Mutual Fund,Equity Scheme - Mid Cap Fund,2021-03-01,85.2498
120841,quant Mid Cap Fund - Growth Option - Direct Plan,quant Mutual Fund,Equity Scheme - Mid Cap Fund,2021-03-02,86.9881
120841,quant Mid Cap Fund - Growth Option - Direct Plan,quant Mutual Fund,Equity Scheme - Mid Cap Fund,2021-03-03,87.3625
120841,quant Mid Cap Fund - Growth Option - Direct Plan,quant Mutual Fund,Equity Scheme - Mid Cap Fund,2021-03-04,88.2736
120841,quant Mid Cap Fund - Growth Option - Direct Plan,quant Mutual Fund,Equity Scheme - Mid Cap Fund,2021-03-05,86.7431
120841,quant Mid Cap Fund - Growth Option - Direct Plan,quant Mutual Fund,Equity Scheme - Mid Cap Fund,2021-03-08,87.5496
120841,quant Mid Cap Fund - Growth Option - Direct Plan,quant Mutual Fund,Equity Scheme - Mid Cap Fund,2021-03-09,87.5484
120841,quant Mid Cap Fund - Growth Option - Direct Plan,quant Mutual Fund,Equity Scheme - Mid Cap Fund,2021-03-10,87.4713
120841,quant Mid Cap Fund - Growth Option - Direct Plan,quant Mutual Fund,Equity Scheme - Mid Cap Fund,2021-03-12,87.2898
120841,quant Mid Cap Fund - Growth Option - Direct Plan,quant Mutual Fund,Equity Scheme - Mid Cap Fund,2021-03-15,87.2741
120841,quant Mid Cap Fund - Growth Option - Direct Plan,quant Mutual Fund,Equity Scheme - Mid Cap Fund,2021-03-16,87.8189
120841,quant Mid Cap Fund - Growth Option - Direct Plan,quant Mutual Fund,Equity Scheme - Mid Cap Fund,2021-03-17,85.7745
120841,quant Mid Cap Fund - Growth Option - Direct Plan,quant Mutual Fund,Equity Scheme - Mid Cap Fund,2021-03-18,85.3837
120841,quant Mid Cap Fund - Growth Option - Direct Plan,quant Mutual Fund,Equity Scheme - Mid Cap Fund,2021-03-19,88.3019
120841,quant Mid Cap Fund - Growth Option - Direct Plan,quant Mutual Fund,Equity Scheme - Mid Cap Fund,2021-03-22,89.3146
120841,quant Mid Cap Fund - Growth Option - Direct Plan,quant Mutual Fund,Equity Scheme - Mid Cap Fund,2021-03-23,89.6235
120841,quant Mid Cap Fund - Growth Option - Direct Plan,quant Mutual Fund,Equity Scheme - Mid Cap Fund,2021-03-24,88.0379
120841,quant Mid Cap Fund - Growth Option - Direct Plan,quant Mutual Fund,Equity Scheme - Mid Cap Fund,2021-03-25,86.5314
120841,quant Mid Cap Fund - Growth Option - Direct Plan,quant Mutual Fund,Equity Scheme - Mid Cap Fund,2021-03-26,87.4733
120841,quant Mid Cap Fund - Growth Option - Direct Plan,quant Mutual Fund,Equity Scheme - Mid Cap Fund,2021-03-30,89.5502
120841,quant Mid Cap Fund - Growth Option - Direct Plan,quant Mutual Fund,Equity Scheme - Mid Cap Fund,2021-03-31,89.0426
120841,quant Mid Cap Fund - Growth Option - Direct Plan,quant Mutual Fund,Equity Scheme - Mid Cap Fund,2021-04-01,90.4644
120841,quant Mid Cap Fund - Growth Option - Direct Plan,quant Mutual Fund,Equity Scheme - Mid Cap Fund,2021-04-05,90.8865
120841,quant Mid Cap Fund - Growth Option - Direct Plan,quant Mutual Fund,Equity Scheme - Mid Cap Fund,2021-04-06,91.8145
120841,quant Mid Cap Fund - Growth Option - Direct Plan,quant Mutual Fund,Equity Scheme - Mid Cap Fund,2021-04-07,92.4212
120841,quant Mid Cap Fund - Growth Option - Direct Plan,quant Mutual Fund,Equity Scheme - Mid Cap Fund,2021-04-08,93.6119
120841,quant Mid Cap Fund - Growth Option - Direct Plan,quant Mutual Fund,Equity Scheme - Mid Cap Fund,2021-04-09,95.195
120841,quant Mid Cap Fund - Growth Option - Direct Plan,quant Mutual Fund,Equity Scheme - Mid Cap Fund,2021-04-12,91.0016
120841,quant Mid Cap Fund - Growth Option - Direct Plan,quant Mutual Fund,Equity Scheme - Mid Cap Fund,2021-04-13,91.6968
120841,quant Mid Cap Fund - Growth Option - Direct Plan,quant Mutual Fund,Equity Scheme - Mid Cap Fund,2021-04-15,91.3154
120841,quant Mid Cap Fund - Growth Option - Direct Plan,quant Mutual Fund,Equity Scheme - Mid Cap Fund,2021-04-16,92.2092
120841,quant Mid Cap Fund - Growth Option - Direct Plan,quant Mutual Fund,Equity Scheme - Mid Cap Fund,2021-04-19,91.1552
120841,quant Mid Cap Fund - Growth Option - Direct Plan,quant Mutual Fund,Equity Scheme - Mid Cap Fund,2021-04-20,91.9398
120841,quant Mid Cap Fund - Growth Option - Direct Plan,quant Mutual Fund,Equity Scheme - Mid Cap Fund,2021-04-22,92.9617
120841,quant Mid Cap Fund - Growth Option - Direct Plan,quant Mutual Fund,Equity Scheme - Mid Cap Fund,2021-04-23,93.2959
120841,quant Mid Cap Fund - Growth Option - Direct Plan,quant Mutual Fund,Equity Scheme - Mid Cap Fund,2021-04-26,93.8119
120841,quant Mid Cap Fund - Growth Option - Direct Plan,quant Mutual Fund,Equity Scheme - Mid Cap Fund,2021-04-27,95.2842
120841,quant Mid Cap Fund - Growth Option - Direct Plan,quant Mutual Fund,Equity Scheme - Mid Cap Fund,2021-04-28,95.7304
120841,quant Mid Cap Fund - Growth Option - Direct Plan,quant Mutual Fund,Equity Scheme - Mid Cap Fund,2021-04-29,94.9422
120841,quant Mid Cap Fund - Growth Option - Direct Plan,quant Mutual Fund,Equity Scheme - Mid Cap Fund,2021-04-30,94.7152
120841,quant Mid Cap Fund - Growth Option - Direct Plan,quant Mutual Fund,Equity Scheme - Mid Cap Fund,2021-05-03,96.3213
120841,quant Mid Cap Fund - Growth Option - Direct Plan,quant Mutual Fund,Equity Scheme - Mid Cap Fund,2021-05-04,96.3119
120841,quant Mid Cap Fund - Growth Option - Direct Plan,quant Mutual Fund,Equity Scheme - Mid Cap Fund,2021-05-05,98.0632
120841,quant Mid Cap Fund - Growth Option - Direct Plan,quant Mutual Fund,Equity Scheme - Mid Cap Fund,2021-05-06,98.8142
120841,quant Mid Cap Fund - Growth Option - Direct Plan,quant Mutual Fund,Equity Scheme - Mid Cap Fund,2021-05-07,99.8228
120841,quant Mid Cap Fund - Growth Option - Direct Plan,quant Mutual Fund,Equity Scheme - Mid Cap Fund,2021-05-10,101.7622
120841,quant Mid Cap Fund - Growth Option - Direct Plan,quant Mutual Fund,Equity Scheme - Mid Cap Fund,2021-05-11,103.9738
120841,quant Mid Cap Fund - Growth Option - Direct Plan,quant Mutual Fund,Equity Scheme - Mid Cap Fund,2021-05-12,104.0749
120841,quant Mid Cap Fund - Growth Option - Direct Plan,quant Mutual Fund,Equity Scheme - Mid Cap Fund,2021-05-14,101.9095
120841,quant Mid Cap Fund - Growth Option - Direct Plan,quant Mutual Fund,Equity Scheme - Mid Cap Fund,2021-05-17,103.0522
120841,quant Mid Cap Fund - Growth Option - Direct Plan,quant Mutual Fund,Equity Scheme - Mid Cap Fund,2021-05-18,103.9544
120841,quant Mid Cap Fund - Growth Option - Direct Plan,quant Mutual Fund,Equity Scheme - Mid Cap Fund,2021-05-19,103.9913
120841,quant Mid Cap Fund - Growth Option - Direct Plan,quant Mutual Fund,Equity Scheme - Mid Cap Fund,2021-05-20,103.873
120841,quant Mid Cap Fund - Growth Option - Direct Plan,quant Mutual Fund,Equity Scheme - Mid Cap Fund,2021-05-21,104.4634
120841,quant Mid Cap Fund - Growth Option - Direct Plan,quant Mutual Fund,Equity Scheme - Mid Cap Fund,2021-05-24,105.2387
120841,quant Mid Cap Fund - Growth Option - Direct Plan,quant Mutual Fund,Equity Scheme - Mid Cap Fund,2021-05-25,104.7153
120841,quant Mid Cap Fund - Growth Option - Direct Plan,quant Mutual Fund,Equity Scheme - Mid Cap Fund,2021-05-26,104.5778
120841,quant Mid Cap Fund - Growth Option - Direct Plan,quant Mutual Fund,Equity Scheme - Mid Cap Fund,2021-05-27,104.8858
120841,quant Mid Cap Fund - Growth Option - Direct Plan,quant Mutual Fund,Equity Scheme - Mid Cap Fund,2021-05-28,105.3639
120841,quant Mid Cap Fund - Growth Option - Direct Plan,quant Mutual Fund,Equity Scheme - Mid Cap Fund,2021-05-31,105.8356
120841,quant Mid Cap Fund - Growth Option - Direct Plan,quant Mutual Fund,Equity Scheme - Mid Cap Fund,2021-06-01,104.9083
120841,quant Mid Cap Fund - Growth Option - Direct Plan,quant Mutual Fund,Equity Scheme - Mid Cap Fund,2021-06-02,105.6999
120841,quant Mid Cap Fund - Growth Option - Direct Plan,quant Mutual Fund,Equity Scheme - Mid Cap Fund,2021-06-03,106.1394
120841,quant Mid Cap Fund - Growth Option - Direct Plan,quant Mutual Fund,Equity Scheme - Mid Cap Fund,2021-06-04,106.6658
120841,quant Mid Cap Fund - Growth Option - Direct Plan,quant Mutual Fund,Equity Scheme - Mid Cap Fund,2021-06-07,107.8234
120841,quant Mid Cap Fund - Growth Option - Direct Plan,quant Mutual Fund,Equity Scheme - Mid Cap Fund,2021-06-08,107.8485
120841,quant Mid Cap Fund - Growth Option - Direct Plan,quant Mutual Fund,Equity Scheme - Mid Cap Fund,2021-06-09,106.6064
120841,quant Mid Cap Fund - Growth Option - Direct Plan,quant Mutual Fund,Equity Scheme - Mid Cap Fund,2021-06-10,107.8207
120841,quant Mid Cap Fund - Growth Option - Direct Plan,quant Mutual Fund,Equity Scheme - Mid Cap Fund,2021-06-11,108.2812
120841,quant Mid Cap Fund - Growth Option - Direct Plan,quant Mutual Fund,Equity Scheme - Mid Cap Fund,2021-06-14,109.3974
120841,quant Mid Cap Fund - Growth Option - Direct Plan,quant Mutual Fund,Equity Scheme - Mid Cap Fund,2021-06-15,109.4685
120841,quant Mid Cap Fund - Growth Option - Direct Plan,quant Mutual Fund,Equity Scheme - Mid Cap Fund,2021-06-16,108.9361
120841,quant Mid Cap Fund - Growth Option - Direct Plan,quant Mutual Fund,Equity Scheme - Mid Cap Fund,2021-06-17,107.7813
120841,quant Mid Cap Fund - Growth Option - Direct Plan,quant Mutual Fund,Equity Scheme - Mid Cap Fund,2021-06-18,107.7961
120841,quant Mid Cap Fund - Growth Option - Direct Plan,quant Mutual Fund,Equity Scheme - Mid Cap Fund,2021-06-21,108.33
120841,quant Mid Cap Fund - Growth Option - Direct Plan,quant Mutual Fund,Equity Scheme - Mid Cap Fund,2021-06-22,109.0671
120841,quant Mid Cap Fund - Growth Option - Direct Plan,quant Mutual Fund,Equity Scheme - Mid Cap Fund,2021-06-23,109.382
120841,quant Mid Cap Fund - Growth Option - Direct Plan,quant Mutual Fund,Equity Scheme - Mid Cap Fund,2021-06-24,109.1505
120841,quant Mid Cap Fund - Growth Option - Direct Plan,quant Mutual Fund,Equity Scheme - Mid Cap Fund,2021-06-25,110.5951
120841,quant Mid Cap Fund - Growth Option - Direct Plan,quant Mutual Fund,Equity Scheme - Mid Cap Fund,2021-06-28,110.4474
120841,quant Mid Cap Fund - Growth Option - Direct Plan,quant Mutual Fund,Equity Scheme - Mid Cap Fund,2021-06-29,109.7662
120841,quant Mid Cap Fund - Growth Option - Direct Plan,quant Mutual Fund,Equity Scheme - Mid Cap Fund,2021-06-30,110.031
120841,quant Mid Cap Fund - Growth Option - Direct Plan,quant Mutual Fund,Equity Scheme - Mid Cap Fund,2021-07-01,110.3494
120841,quant Mid Cap Fund - Growth Option - Direct Plan,quant Mutual Fund,Equity Scheme - Mid Cap Fund,2021-07-02,111.4249
120841,quant Mid Cap Fund - Growth Option - Direct Plan,quant Mutual Fund,Equity Scheme - Mid Cap Fund,2021-07-05,112.5249
120841,quant Mid Cap Fund - Growth Option - Direct Plan,quant Mutual Fund,Equity Scheme - Mid Cap Fund,2021-07-06,112.8844
120841,quant Mid Cap Fund - Growth Option - Direct Plan,quant Mutual Fund,Equity Scheme - Mid Cap Fund,2021-07-07,113.5351
120841,quant Mid Cap Fund - Growth Option - Direct Plan,quant Mutual Fund,Equity Scheme - Mid Cap Fund,2021-07-08,112.4426
120841,quant Mid Cap Fund - Growth Option - Direct Plan,quant Mutual Fund,Equity Scheme - Mid Cap Fund,2021-07-09,112.6712
120841,quant Mid Cap Fund - Growth Option - Direct Plan,quant Mutual Fund,Equity Scheme - Mid Cap Fund,2021-07-12,112.5196
120841,quant Mid Cap Fund - Growth Option - Direct Plan,quant Mutual Fund,Equity Scheme - Mid Cap Fund,2021-07-13,113.1638
120841,quant Mid Cap Fund - Growth Option - Direct Plan,quant Mutual Fund,Equity Scheme - Mid Cap Fund,2021-07-14,113.9917
120841,quant Mid Cap Fund - Growth Option - Direct Plan,quant Mutual Fund,Equity Scheme - Mid Cap Fund,2021-07-15,113.9896
120841,quant Mid Cap Fund - Growth Option - Direct Plan,quant Mutual Fund,Equity Scheme - Mid Cap Fund,2021-07-16,114.8708
120841,quant Mid Cap Fund - Growth Option - Direct Plan,quant Mutual Fund,Equity Scheme - Mid Cap Fund,2021-07-19,114.5825
120841,quant Mid Cap Fund - Growth Option - Direct Plan,quant Mutual Fund,Equity Scheme - Mid Cap Fund,2021-07-20,112.6394
120841,quant Mid Cap Fund - Growth Option - Direct Plan,quant Mutual Fund,Equity Scheme - Mid Cap Fund,2021-07-22,114.4246
120841,quant Mid Cap Fund - Growth Option - Direct Plan,quant Mutual Fund,Equity Scheme - Mid Cap Fund,2021-07-23,113.8497
120841,quant Mid Cap Fund - Growth Option - Direct Plan,quant Mutual Fund,Equity Scheme - Mid Cap Fund,2021-07-26,114.6399
120841,quant Mid Cap Fund - Growth Option - Direct Plan,quant Mutual Fund,Equity Scheme - Mid Cap Fund,2021-07-27,114.7306
120841,quant Mid Cap Fund - Growth Option - Direct Plan,quant Mutual Fund,Equity Scheme - Mid Cap Fund,2021-07-28,114.8053
120841,quant Mid Cap Fund - Growth Option - Direct Plan,quant Mutual Fund,Equity Scheme - Mid Cap Fund,2021-07-29,115.3692
120841,quant Mid Cap Fund - Growth Option - Direct Plan,quant Mutual Fund,Equity Scheme - Mid Cap Fund,2021-07-30,116.2014
120841,quant Mid Cap Fund - Growth Option - Direct Plan,quant Mutual Fund,Equity Scheme - Mid Cap Fund,2021-08-02,117.6043
120841,quant Mid Cap Fund - Growth Option - Direct Plan,quant Mutual Fund,Equity Scheme - Mid Cap Fund,2021-08-03,118.247
120841,quant Mid Cap Fund - Growth Option - Direct Plan,quant Mutual Fund,Equity Scheme - Mid Cap Fund,2021-08-04,116.3895
120841,quant Mid Cap Fund - Growth Option - Direct Plan,quant Mutual Fund,Equity Scheme - Mid Cap Fund,2021-08-05,114.8914
120841,quant Mid Cap Fund - Growth Option - Direct Plan,quant Mutual Fund,Equity Scheme - Mid Cap Fund,2021-08-06,115.0773
120841,quant Mid Cap Fund - Growth Option - Direct Plan,quant Mutual Fund,Equity Scheme - Mid Cap Fund,2021-08-09,113.7666
120841,quant Mid Cap Fund - Growth Option - Direct Plan,quant Mutual Fund,Equity Scheme - Mid Cap Fund,2021-08-10,111.3368
120841,quant Mid Cap Fund - Growth Option - Direct Plan,quant Mutual Fund,Equity Scheme - Mid Cap Fund,2021-08-11,111.6255
120841,quant Mid Cap Fund - Growth Option - Direct Plan,quant Mutual Fund,Equity Scheme - Mid Cap Fund,2021-08-12,113.4808
120841,quant Mid Cap Fund - Growth Option - Direct Plan,quant Mutual Fund,Equity Scheme - Mid Cap Fund,2021-08-13,113.2091
120841,quant Mid Cap Fund - Growth Option - Direct Plan,quant Mutual Fund,Equity Scheme - Mid Cap Fund,2021-08-16,112.9477
120841,quant Mid Cap Fund - Growth Option - Direct Plan,quant Mutual Fund,Equity Scheme - Mid Cap Fund,2021-08-17,112.4596
120841,quant Mid Cap Fund - Growth Option - Direct Plan,quant Mutual Fund,Equity Scheme - Mid Cap Fund,2021-08-18,112.2595
120841,quant Mid Cap Fund - Growth Option - Direct Plan,quant Mutual Fund,Equity Scheme - Mid Cap Fund,2021-08-20,110.1044
120841,quant Mid Cap Fund - Growth Option - Direct Plan,quant Mutual Fund,Equity Scheme - Mid Cap Fund,2021-08-23,108.5636
120841,quant Mid Cap Fund - Growth Option - Direct Plan,quant Mutual Fund,Equity Scheme - Mid Cap Fund,2021-08-24,110.7465
120841,quant Mid Cap Fund - Growth Option - Direct Plan,quant Mutual Fund,Equity Scheme - Mid Cap Fund,2021-08-25,111.2587
120841,quant Mid Cap Fund - Growth Option - Direct Plan,quant Mutual Fund,Equity Scheme - Mid Cap Fund,2021-08-26,111.3224
120841,quant Mid Cap Fund - Growth Option - Direct Plan,quant Mutual Fund,Equity Scheme - Mid Cap Fund,2021-08-27,112.8523
120841,quant Mid Cap Fund - Growth Option - Direct Plan,quant Mutual Fund,Equity Scheme - Mid Cap Fund,2021-08-30,114.5617
120841,quant Mid Cap Fund - Growth Option - Direct Plan,quant Mutual Fund,Equity Scheme - Mid Cap Fund,2021-08-31,115.0803
120841,quant Mid Cap Fund - Growth Option - Direct Plan,quant Mutual Fund,Equity Scheme - Mid Cap Fund,2021-09-01,115.819
120841,quant Mid Cap Fund - Growth Option - Direct Plan,quant Mutual Fund,Equity Scheme - Mid Cap Fund,2021-09-02,116.8384
120841,quant Mid Cap Fund - Growth Option - Direct Plan,quant Mutual Fund,Equity Scheme - Mid Cap Fund,2021-09-03,118.3232
120841,quant Mid Cap Fund - Growth Option - Direct Plan,quant Mutual Fund,Equity Scheme - Mid Cap Fund,2021-09-06,118.4129
120841,quant Mid Cap Fund - Growth Option - Direct Plan,quant Mutual Fund,Equity Scheme - Mid Cap Fund,2021-09-07,117.1723
120841,quant Mid Cap Fund - Growth Option - Direct Plan,quant Mutual Fund,Equity Scheme - Mid Cap Fund,2021-09-08,117.2561
120841,quant Mid Cap Fund - Growth Option - Direct Plan,quant Mutual Fund,Equity Scheme - Mid Cap Fund,2021-09-09,117.5904
120841,quant Mid Cap Fund - Growth Option - Direct Plan,quant Mutual Fund,Equity Scheme - Mid Cap Fund,2021-09-13,118.0007
120841,quant Mid Cap Fund - Growth Option - Direct Plan,quant Mutual Fund,Equity Scheme - Mid Cap Fund,2021-09-14,119.6825
120841,quant Mid Cap Fund - Growth Option - Direct Plan,quant Mutual Fund,Equity Scheme - Mid Cap Fund,2021-09-15,120.1809
120841,quant Mid Cap Fund - Growth Option - Direct Plan,quant Mutual Fund,Equity Scheme - Mid Cap Fund,2021-09-16,120.0889
120841,quant Mid Cap Fund - Growth Option - Direct Plan,quant Mutual Fund,Equity Scheme - Mid Cap Fund,2021-09-17,118.2959
120841,quant Mid Cap Fund - Growth Option - Direct Plan,quant Mutual Fund,Equity Scheme - Mid Cap Fund,2021-09-20,116.2739
120841,quant Mid Cap Fund - Growth Option - Direct Plan,quant Mutual Fund,Equity Scheme - Mid Cap Fund,2021-09-21,116.8253
120841,quant Mid Cap Fund - Growth Option - Direct Plan,quant Mutual Fund,Equity Scheme - Mid Cap Fund,2021-09-22,119.0567
120841,quant Mid Cap Fund - Growth Option - Direct Plan,quant Mutual Fund,Equity Scheme - Mid Cap Fund,2021-09-23,121.3543
120841,quant Mid Cap Fund - Growth Option - Direct Plan,quant Mutual Fund,Equity Scheme - Mid Cap Fund,2021-09-24,120.4051
120841,quant Mid Cap Fund - Growth Option - Direct Plan,quant Mutual Fund,Equity Scheme - Mid Cap Fund,2021-09-27,120.5259
120841,quant Mid Cap Fund - Growth Option - Direct Plan,quant Mutual Fund,Equity Scheme - Mid Cap Fund,2021-09-28,118.9551
120841,quant Mid Cap Fund - Growth Option - Direct Plan,quant Mutual Fund,Equity Scheme - Mid Cap Fund,2021-09-29,119.5144
120841,quant Mid Cap Fund - Growth Option - Direct Plan,quant Mutual Fund,Equity Scheme - Mid Cap Fund,2021-09-30,119.6375
120841,quant Mid Cap Fund - Growth Option - Direct Plan,quant Mutual Fund,Equity Scheme - Mid Cap Fund,2021-10-01,119.6067
120841,quant Mid Cap Fund - Growth Option - Direct Plan,quant Mutual Fund,Equity Scheme - Mid Cap Fund,2021-10-04,121.3677
120841,quant Mid Cap Fund - Growth Option - Direct Plan,quant Mutual Fund,Equity Scheme - Mid Cap Fund,2021-10-05,122.8085
120841,quant Mid Cap Fund - Growth Option - Direct Plan,quant Mutual Fund,Equity Scheme - Mid Cap Fund,2021-10-06,121.0031
120841,quant Mid Cap Fund - Growth Option - Direct Plan,quant Mutual Fund,Equity Scheme - Mid Cap Fund,2021-10-07,123.9085
120841,quant Mid Cap Fund - Growth Option - Direct Plan,quant Mutual Fund,Equity Scheme - Mid Cap Fund,2021-10-08,124.4168
120841,quant Mid Cap Fund - Growth Option - Direct Plan,quant Mutual Fund,Equity Scheme - Mid Cap Fund,2021-10-11,125.0833
120841,quant Mid Cap Fund - Growth Option - Direct Plan,quant Mutual Fund,Equity Scheme - Mid Cap Fund,2021-10-12,125.3865
120841,quant Mid Cap Fund - Growth Option - Direct Plan,quant Mutual Fund,Equity Scheme - Mid Cap Fund,2021-10-13,126.7329
120841,quant Mid Cap Fund - Growth Option - Direct Plan,quant Mutual Fund,Equity Scheme - Mid Cap Fund,2021-10-14,128.1077
120841,quant Mid Cap Fund - Growth Option - Direct Plan,quant Mutual Fund,Equity Scheme - Mid Cap Fund,2021-10-18,128.1334
120841,quant Mid Cap Fund - Growth Option - Direct Plan,quant Mutual Fund,Equity Scheme - Mid Cap Fund,2021-10-19,125.353
120841,quant Mid Cap Fund - Growth Option - Direct Plan,quant Mutual Fund,Equity Scheme - Mid Cap Fund,2021-10-20,123.8136
120841,quant Mid Cap Fund - Growth Option - Direct Plan,quant Mutual Fund,Equity Scheme - Mid Cap Fund,2021-10-21,124.0566
120841,quant Mid Cap Fund - Growth Option - Direct Plan,quant Mutual Fund,Equity Scheme - Mid Cap Fund,2021-10-22,123.5795
120841,quant Mid Cap Fund - Growth Option - Direct Plan,quant Mutual Fund,Equity Scheme - Mid Cap Fund,2021-10-25,122.3886
120841,quant Mid Cap Fund - Growth Option - Direct Plan,quant Mutual Fund,Equity Scheme - Mid Cap Fund,2021-10-26,124.2359
120841,quant Mid Cap Fund - Growth Option - Direct Plan,quant Mutual Fund,Equity Scheme - Mid Cap Fund,2021-10-27,125.1766
120841,quant Mid Cap Fund - Growth Option - Direct Plan,quant Mutual Fund,Equity Scheme - Mid Cap Fund,2021-10-28,120.5865
120841,quant Mid Cap Fund - Growth Option - Direct Plan,quant Mutual Fund,Equity Scheme - Mid Cap Fund,2021-10-29,121.125
120841,quant Mid Cap Fund - Growth Option - Direct Plan,quant Mutual Fund,Equity Scheme - Mid Cap Fund,2021-11-01,122.3731
120841,quant Mid Cap Fund - Growth Option - Direct Plan,quant Mutual Fund,Equity Scheme - Mid Cap Fund,2021-11-02,124.3528
120841,quant Mid Cap Fund - Growth Option - Direct Plan,quant Mutual Fund,Equity Scheme - Mid Cap Fund,2021-11-03,123.9671
120841,quant Mid Cap Fund - Growth Option - Direct Plan,quant Mutual Fund,Equity Scheme - Mid Cap Fund,2021-11-08,126.5553
120841,quant Mid Cap Fund - Growth Option - Direct Plan,quant Mutual Fund,Equity Scheme - Mid Cap Fund,2021-11-09,129.4627
120841,quant Mid Cap Fund - Growth Option - Direct Plan,quant Mutual Fund,Equity Scheme - Mid Cap Fund,2021-11-10,128.5292
120841,quant Mid Cap Fund - Growth Option - Direct Plan,quant Mutual Fund,Equity Scheme - Mid Cap Fund,2021-11-11,126.7011
120841,quant Mid Cap Fund - Growth Option - Direct Plan,quant Mutual Fund,Equity Scheme - Mid Cap Fund,2021-11-12,127.8162
120841,quant Mid Cap Fund - Growth Option - Direct Plan,quant Mutual Fund,Equity Scheme - Mid Cap Fund,2021-11-15,127.9441
120841,quant Mid Cap Fund - Growth Option - Direct Plan,quant Mutual Fund,Equity Scheme - Mid Cap Fund,2021-11-16,128.2358
120841,quant Mid Cap Fund - Growth Option - Direct Plan,quant Mutual Fund,Equity Scheme - Mid Cap Fund,2021-11-17,127.615
120841,quant Mid Cap Fund - Growth Option - Direct Plan,quant Mutual Fund,Equity Scheme - Mid Cap Fund,2021-11-18,127.7737
120841,quant Mid Cap Fund - Growth Option - Direct Plan,quant Mutual Fund,Equity Scheme - Mid Cap Fund,2021-11-22,124.8428
120841,quant Mid Cap Fund - Growth Option - Direct Plan,quant Mutual Fund,Equity Scheme - Mid Cap Fund,2021-11-23,126.6971
120841,quant Mid Cap Fund - Growth Option - Direct Plan,quant Mutual Fund,Equity Scheme - Mid Cap Fund,2021-11-24,126.7601
120841,quant Mid Cap Fund - Growth Option - Direct Plan,quant Mutual Fund,Equity Scheme - Mid Cap Fund,2021-11-25,127.3085
120841,quant Mid Cap Fund - Growth Option - Direct Plan,quant Mutual Fund,Equity Scheme - Mid Cap Fund,2021-11-26,124.5182
120841,quant Mid Cap Fund - Growth Option - Direct Plan,quant Mutual Fund,Equity Scheme - Mid Cap Fund,2021-11-29,123.4947
120841,quant Mid Cap Fund - Growth Option - Direct Plan,quant Mutual Fund,Equity Scheme - Mid Cap Fund,2021-11-30,123.2882
120841,quant Mid Cap Fund - Growth Option - Direct Plan,quant Mutual Fund,Equity Scheme - Mid Cap Fund,2021-12-01,125.2689
120841,quant Mid Cap Fund - Growth Option - Direct Plan,quant Mutual Fund,Equity Scheme - Mid Cap Fund,2021-12-02,126.1115
120841,quant Mid Cap Fund - Growth Option - Direct Plan,quant Mutual Fund,Equity Scheme - Mid Cap Fund,2021-12-03,125.6791
120841,quant Mid Cap Fund - Growth Option - Direct Plan,quant Mutual Fund,Equity Scheme - Mid Cap Fund,2021-12-06,123.5684
120841,quant Mid Cap Fund - Growth Option - Direct Plan,quant Mutual Fund,Equity Scheme - Mid Cap Fund,2021-12-07,125.9046
120841,quant Mid Cap Fund - Growth Option - Direct Plan,quant Mutual Fund,Equity Scheme - Mid Cap Fund,2021-12-08,127.8777
120841,quant Mid Cap Fund - Growth Option - Direct Plan,quant Mutual Fund,Equity Scheme - Mid Cap Fund,2021-12-09,128.936
120841,quant Mid Cap Fund - Growth Option - Direct Plan,quant Mutual Fund,Equity Scheme - Mid Cap Fund,2021-12-10,130.5146
120841,quant Mid Cap Fund - Growth Option - Direct Plan,quant Mutual Fund,Equity Scheme - Mid Cap Fund,2021-12-13,130.5165
120841,quant Mid Cap Fund - Growth Option - Direct Plan,quant Mutual Fund,Equity Scheme - Mid Cap Fund,2021-12-14,129.4064
120841,quant Mid Cap Fund - Growth Option - Direct Plan,quant Mutual Fund,Equity Scheme - Mid Cap Fund,2021-12-15,128.0305
120841,quant Mid Cap Fund - Growth Option - Direct Plan,quant Mutual Fund,Equity Scheme - Mid Cap Fund,2021-12-16,127.2077
120841,quant Mid Cap Fund - Growth Option - Direct Plan,quant Mutual Fund,Equity Scheme - Mid Cap Fund,2021-12-17,123.6749
120841,quant Mid Cap Fund - Growth Option - Direct Plan,quant Mutual Fund,Equity Scheme - Mid Cap Fund,2021-12-20,119.71
120841,quant Mid Cap Fund - Growth Option - Direct Plan,quant Mutual Fund,Equity Scheme - Mid Cap Fund,2021-12-21,121.795
120841,quant Mid Cap Fund - Growth Option - Direct Plan,quant Mutual Fund,Equity Scheme - Mid Cap Fund,2021-12-22,123.2628
120841,quant Mid Cap Fund - Growth Option - Direct Plan,quant Mutual Fund,Equity Scheme - Mid Cap Fund,2021-12-23,124.1931
120841,quant Mid Cap Fund - Growth Option - Direct Plan,quant Mutual Fund,Equity Scheme - Mid Cap Fund,2021-12-24,122.874
120841,quant Mid Cap Fund - Growth Option - Direct Plan,quant Mutual Fund,Equity Scheme - Mid Cap Fund,2021-12-27,123.3188
120841,quant Mid Cap Fund - Growth Option - Direct Plan,quant Mutual Fund,Equity Scheme - Mid Cap Fund,2021-12-28,124.576
120841,quant Mid Cap Fund - Growth Option - Direct Plan,quant Mutual Fund,Equity Scheme - Mid Cap Fund,2021-12-29,124.4717
120841,quant Mid Cap Fund - Growth Option - Direct Plan,quant Mutual Fund,Equity Scheme - Mid Cap Fund,2021-12-30,123.8013
120841,quant Mid Cap Fund - Growth Option - Direct Plan,quant Mutual Fund,Equity Scheme - Mid Cap Fund,2021-12-31,125.2807
120841,quant Mid Cap Fund - Growth Option - Direct Plan,quant Mutual Fund,Equity Scheme - Mid Cap Fund,2022-01-03,126.5068
120841,quant Mid Cap Fund - Growth Option - Direct Plan,quant Mutual Fund,Equity Scheme - Mid Cap Fund,2022-01-04,126.4906
120841,quant Mid Cap Fund - Growth Option - Direct Plan,quant Mutual Fund,Equity Scheme - Mid Cap Fund,2022-01-05,127.2368
120841,quant Mid Cap Fund - Growth Option - Direct Plan,quant Mutual Fund,Equity Scheme - Mid Cap Fund,2022-01-06,127.2091
120841,quant Mid Cap Fund - Growth Option - Direct Plan,quant Mutual Fund,Equity Scheme - Mid Cap Fund,2022-01-07,126.9977
120841,quant Mid Cap Fund - Growth Option - Direct Plan,quant Mutual Fund,Equity Scheme - Mid Cap Fund,2022-01-10,128.6834
120841,quant Mid Cap Fund - Growth Option - Direct Plan,quant Mutual Fund,Equity Scheme - Mid Cap Fund,2022-01-11,128.9376
120841,quant Mid Cap Fund - Growth Option - Direct Plan,quant Mutual Fund,Equity Scheme - Mid Cap Fund,2022-01-12,130.4142
120841,quant Mid Cap Fund - Growth Option - Direct Plan,quant Mutual Fund,Equity Scheme - Mid Cap Fund,2022-01-13,130.9552
120841,quant Mid Cap Fund - Growth Option - Direct Plan,quant Mutual Fund,Equity Scheme - Mid Cap Fund,2022-01-14,131.3247
120841,quant Mid Cap Fund - Growth Option - Direct Plan,quant Mutual Fund,Equity Scheme - Mid Cap Fund,2022-01-17,131.6676
120841,quant Mid Cap Fund - Growth Option - Direct Plan,quant Mutual Fund,Equity Scheme - Mid Cap Fund,2022-01-18,129.7285
120841,quant Mid Cap Fund - Growth Option - Direct Plan,quant Mutual Fund,Equity Scheme - Mid Cap Fund,2022-01-19,129.4117
120841,quant Mid Cap Fund - Growth Option - Direct Plan,quant Mutual Fund,Equity Scheme - Mid Cap Fund,2022-01-20,129.1206
120841,quant Mid Cap Fund - Growth Option - Direct Plan,quant Mutual Fund,Equity Scheme - Mid Cap Fund,2022-01-21,126.9673
120841,quant Mid Cap Fund - Growth Option - Direct Plan,quant Mutual Fund,Equity Scheme - Mid Cap Fund,2022-01-24,122.3992
120841,quant Mid Cap Fund - Growth Option - Direct Plan,quant Mutual Fund,Equity Scheme - Mid Cap Fund,2022-01-25,124.1798
120841,quant Mid Cap Fund - Growth Option - Direct Plan,quant Mutual Fund,Equity Scheme - Mid Cap Fund,2022-01-27,124.5614
120841,quant Mid Cap Fund - Growth Option - Direct Plan,quant Mutual Fund,Equity Scheme - Mid Cap Fund,2022-01-28,126.2127
120841,quant Mid Cap Fund - Growth Option - Direct Plan,quant Mutual Fund,Equity Scheme - Mid Cap Fund,2022-01-31,128.1208
120841,quant Mid Cap Fund - Growth Option - Direct Plan,quant Mutual Fund,Equity Scheme - Mid Cap Fund,2022-02-01,129.7313
120841,quant Mid Cap Fund - Growth Option - Direct Plan,quant Mutual Fund,Equity Scheme - Mid Cap Fund,2022-02-02,132.0523
120841,quant Mid Cap Fund - Growth Option - Direct Plan,quant Mutual Fund,Equity Scheme - Mid Cap Fund,2022-02-03,131.6462
120841,quant Mid Cap Fund - Growth Option - Direct Plan,quant Mutual Fund,Equity Scheme - Mid Cap Fund,2022-02-04,130.6492
120841,quant Mid Cap Fund - Growth Option - Direct Plan,quant Mutual Fund,Equity Scheme - Mid Cap Fund,2022-02-07,129.3986
120841,quant Mid Cap Fund - Growth Option - Direct Plan,quant Mutual Fund,Equity Scheme - Mid Cap Fund,2022-02-08,128.2557
120841,quant Mid Cap Fund - Growth Option - Direct Plan,quant Mutual Fund,Equity Scheme - Mid Cap Fund,2022-02-09,129.718
120841,quant Mid Cap Fund - Growth Option - Direct Plan,quant Mutual Fund,Equity Scheme - Mid Cap Fund,2022-02-10,130.321
120841,quant Mid Cap Fund - Growth Option - Direct Plan,quant Mutual Fund,Equity Scheme - Mid Cap Fund,2022-02-11,128.1104
120841,quant Mid Cap Fund - Growth Option - Direct Plan,quant Mutual Fund,Equity Scheme - Mid Cap Fund,2022-02-14,123.3325
120841,quant Mid Cap Fund - Growth Option - Direct Plan,quant Mutual Fund,Equity Scheme - Mid Cap Fund,2022-02-15,126.5317
120841,quant Mid Cap Fund - Growth Option - Direct Plan,quant Mutual Fund,Equity Scheme - Mid Cap Fund,2022-02-16,126.5886
120841,quant Mid Cap Fund - Growth Option - Direct Plan,quant Mutual Fund,Equity Scheme - Mid Cap Fund,2022-02-17,126.1227
120841,quant Mid Cap Fund - Growth Option - Direct Plan,quant Mutual Fund,Equity Scheme - Mid Cap Fund,2022-02-18,125.0481
120841,quant Mid Cap Fund - Growth Option - Direct Plan,quant Mutual Fund,Equity Scheme - Mid Cap Fund,2022-02-21,124.0226
120841,quant Mid Cap Fund - Growth Option - Direct Plan,quant Mutual Fund,Equity Scheme - Mid Cap Fund,2022-02-22,122.14
120841,quant Mid Cap Fund - Growth Option - Direct Plan,quant Mutual Fund,Equity Scheme - Mid Cap Fund,2022-02-23,122.4841
120841,quant Mid Cap Fund - Growth Option - Direct Plan,quant Mutual Fund,Equity Scheme - Mid Cap Fund,2022-02-24,115.354
120841,quant Mid Cap Fund - Growth Option - Direct Plan,quant Mutual Fund,Equity Scheme - Mid Cap Fund,2022-02-25,120.143
120841,quant Mid Cap Fund - Growth Option - Direct Plan,quant Mutual Fund,Equity Scheme - Mid Cap Fund,2022-02-28,121.3314
120841,quant Mid Cap Fund - Growth Option - Direct Plan,quant Mutual Fund,Equity Scheme - Mid Cap Fund,2022-03-02,120.9498
120841,quant Mid Cap Fund - Growth Option - Direct Plan,quant Mutual Fund,Equity Scheme - Mid Cap Fund,2022-03-03,121.306
120841,quant Mid Cap Fund - Growth Option - Direct Plan,quant Mutual Fund,Equity Scheme - Mid Cap Fund,2022-03-04,118.5841
120841,quant Mid Cap Fund - Growth Option - Direct Plan,quant Mutual Fund,Equity Scheme - Mid Cap Fund,2022-03-07,116.5848
120841,quant Mid Cap Fund - Growth Option - Direct Plan,quant Mutual Fund,Equity Scheme - Mid Cap Fund,2022-03-08,118.3143
120841,quant Mid Cap Fund - Growth Option - Direct Plan,quant Mutual Fund,Equity Scheme - Mid Cap Fund,2022-03-09,121.8261
120841,quant Mid Cap Fund - Growth Option - Direct Plan,quant Mutual Fund,Equity Scheme - Mid Cap Fund,2022-03-10,122.1145
120841,quant Mid Cap Fund - Growth Option - Direct Plan,quant Mutual Fund,Equity Scheme - Mid Cap Fund,2022-03-11,122.6214
120841,quant Mid Cap Fund - Growth Option - Direct Plan,quant Mutual Fund,Equity Scheme - Mid Cap Fund,2022-03-14,122.8303
120841,quant Mid Cap Fund - Growth Option - Direct Plan,quant Mutual Fund,Equity Scheme - Mid Cap Fund,2022-03-15,122.4305
120841,quant Mid Cap Fund - Growth Option - Direct Plan,quant Mutual Fund,Equity Scheme - Mid Cap Fund,2022-03-16,124.5593
120841,quant Mid Cap Fund - Growth Option - Direct Plan,quant Mutual Fund,Equity Scheme - Mid Cap Fund,2022-03-17,125.8022
120841,quant Mid Cap Fund - Growth Option - Direct Plan,quant Mutual Fund,Equity Scheme - Mid Cap Fund,2022-03-21,126.3259
120841,quant Mid Cap Fund - Growth Option - Direct Plan,quant Mutual Fund,Equity Scheme - Mid Cap Fund,2022-03-22,126.368
120841,quant Mid Cap Fund - Growth Option - Direct Plan,quant Mutual Fund,Equity Scheme - Mid Cap Fund,2022-03-23,127.2515
120841,quant Mid Cap Fund - Growth Option - Direct Plan,quant Mutual Fund,Equity Scheme - Mid Cap Fund,2022-03-24,130.0787
120841,quant Mid Cap Fund - Growth Option - Direct Plan,quant Mutual Fund,Equity Scheme - Mid Cap Fund,2022-03-25,130.6546
120841,quant Mid Cap Fund - Growth Option - Direct Plan,quant Mutual Fund,Equity Scheme - Mid Cap Fund,2022-03-28,130.1468
120841,quant Mid Cap Fund - Growth Option - Direct Plan,quant Mutual Fund,Equity Scheme - Mid Cap Fund,2022-03-29,132.7146
120841,quant Mid Cap Fund - Growth Option - Direct Plan,quant Mutual Fund,Equity Scheme - Mid Cap Fund,2022-03-30,134.3213
120841,quant Mid Cap Fund - Growth Option - Direct Plan,quant Mutual Fund,Equity Scheme - Mid Cap Fund,2022-03-31,135.6836
120841,quant Mid Cap Fund - Growth Option - Direct Plan,quant Mutual Fund,Equity Scheme - Mid Cap Fund,2022-04-01,137.1696
120841,quant Mid Cap Fund - Growth Option - Direct Plan,quant Mutual Fund,Equity Scheme - Mid Cap Fund,2022-04-04,138.1757
120841,quant Mid Cap Fund - Growth Option - Direct Plan,quant Mutual Fund,Equity Scheme - Mid Cap Fund,2022-04-05,138.396
120841,quant Mid Cap Fund - Growth Option - Direct Plan,quant Mutual Fund,Equity Scheme - Mid Cap Fund,2022-04-06,139.2868
120841,quant Mid Cap Fund - Growth Option - Direct Plan,quant Mutual Fund,Equity Scheme - Mid Cap Fund,2022-04-07,138.7343
120841,quant Mid Cap Fund - Growth Option - Direct Plan,quant Mutual Fund,Equity Scheme - Mid Cap Fund,2022-04-08,141.3035
120841,quant Mid Cap Fund - Growth Option - Direct Plan,quant Mutual Fund,Equity Scheme - Mid Cap Fund,2022-04-11,141.742
120841,quant Mid Cap Fund - Growth Option - Direct Plan,quant Mutual Fund,Equity Scheme - Mid Cap Fund,2022-04-12,140.066
120841,quant Mid Cap Fund - Growth Option - Direct Plan,quant Mutual Fund,Equity Scheme - Mid Cap Fund,2022-04-13,139.5462
120841,quant Mid Cap Fund - Growth Option - Direct Plan,quant Mutual Fund,Equity Scheme - Mid Cap Fund,2022-04-18,138.4153
120841,quant Mid Cap Fund - Growth Option - Direct Plan,quant Mutual Fund,Equity Scheme - Mid Cap Fund,2022-04-19,136.215
120841,quant Mid Cap Fund - Growth Option - Direct Plan,quant Mutual Fund,Equity Scheme - Mid Cap Fund,2022-04-20,136.0407
120841,quant Mid Cap Fund - Growth Option - Direct Plan,quant Mutual Fund,Equity Scheme - Mid Cap Fund,2022-04-21,138.0841
120841,quant Mid Cap Fund - Growth Option - Direct Plan,quant Mutual Fund,Equity Scheme - Mid Cap Fund,2022-04-22,136.7078
120841,quant Mid Cap Fund - Growth Option - Direct Plan,quant Mutual Fund,Equity Scheme - Mid Cap Fund,2022-04-25,133.3753
120841,quant Mid Cap Fund - Growth Option - Direct Plan,quant Mutual Fund,Equity Scheme - Mid Cap Fund,2022-04-26,135.9278
120841,quant Mid Cap Fund - Growth Option - Direct Plan,quant Mutual Fund,Equity Scheme - Mid Cap Fund,2022-04-27,135.4855
120841,quant Mid Cap Fund - Growth Option - Direct Plan,quant Mutual Fund,Equity Scheme - Mid Cap Fund,2022-04-28,136.1467
120841,quant Mid Cap Fund - Growth Option - Direct Plan,quant Mutual Fund,Equity Scheme - Mid Cap Fund,2022-04-29,135.4238
120841,quant Mid Cap Fund - Growth Option - Direct Plan,quant Mutual Fund,Equity Scheme - Mid Cap Fund,2022-05-02,135.1252
120841,quant Mid Cap Fund - Growth Option - Direct Plan,quant Mutual Fund,Equity Scheme - Mid Cap Fund,2022-05-04,130.5776
120841,quant Mid Cap Fund - Growth Option - Direct Plan,quant Mutual Fund,Equity Scheme - Mid Cap Fund,2022-05-05,130.9687
120841,quant Mid Cap Fund - Growth Option - Direct Plan,quant Mutual Fund,Equity Scheme - Mid Cap Fund,2022-05-06,129.5722
120841,quant Mid Cap Fund - Growth Option - Direct Plan,quant Mutual Fund,Equity Scheme - Mid Cap Fund,2022-05-09,127.1131
120841,quant Mid Cap Fund - Growth Option - Direct Plan,quant Mutual Fund,Equity Scheme - Mid Cap Fund,2022-05-10,124.5986
120841,quant Mid Cap Fund - Growth Option - Direct Plan,quant Mutual Fund,Equity Scheme - Mid Cap Fund,2022-05-11,122.6652
120841,quant Mid Cap Fund - Growth Option - Direct Plan,quant Mutual Fund,Equity Scheme - Mid Cap Fund,2022-05-12,120.1196
120841,quant Mid Cap Fund - Growth Option - Direct Plan,quant Mutual Fund,Equity Scheme - Mid Cap Fund,2022-05-13,120.7455
120841,quant Mid Cap Fund - Growth Option - Direct Plan,quant Mutual Fund,Equity Scheme - Mid Cap Fund,2022-05-16,123.2696
120841,quant Mid Cap Fund - Growth Option - Direct Plan,quant Mutual Fund,Equity Scheme - Mid Cap Fund,2022-05-17,126.9614
120841,quant Mid Cap Fund - Growth Option - Direct Plan,quant Mutual Fund,Equity Scheme - Mid Cap Fund,2022-05-18,127.1144
120841,quant Mid Cap Fund - Growth Option - Direct Plan,quant Mutual Fund,Equity Scheme - Mid Cap Fund,2022-05-19,123.9027
120841,quant Mid Cap Fund - Growth Option - Direct Plan,quant Mutual Fund,Equity Scheme - Mid Cap Fund,2022-05-20,127.5141
120841,quant Mid Cap Fund - Growth Option - Direct Plan,quant Mutual Fund,Equity Scheme - Mid Cap Fund,2022-05-23,126.5524
120841,quant Mid Cap Fund - Growth Option - Direct Plan,quant Mutual Fund,Equity Scheme - Mid Cap Fund,2022-05-24,125.0677
120841,quant Mid Cap Fund - Growth Option - Direct Plan,quant Mutual Fund,Equity Scheme - Mid Cap Fund,2022-05-25,122.4912
120841,quant Mid Cap Fund - Growth Option - Direct Plan,quant Mutual Fund,Equity Scheme - Mid Cap Fund,2022-05-26,123.7339
120841,quant Mid Cap Fund - Growth Option - Direct Plan,quant Mutual Fund,Equity Scheme - Mid Cap Fund,2022-05-27,125.3669
120841,quant Mid Cap Fund - Growth Option - Direct Plan,quant Mutual Fund,Equity Scheme - Mid Cap Fund,2022-05-30,128.3099
120841,quant Mid Cap Fund - Growth Option - Direct Plan,quant Mutual Fund,Equity Scheme - Mid Cap Fund,2022-05-31,127.6661
120841,quant Mid Cap Fund - Growth Option - Direct Plan,quant Mutual Fund,Equity Scheme - Mid Cap Fund,2022-06-01,127.7555
120841,quant Mid Cap Fund - Growth Option - Direct Plan,quant Mutual Fund,Equity Scheme - Mid Cap Fund,2022-06-02,128.9305
120841,quant Mid Cap Fund - Growth Option - Direct Plan,quant Mutual Fund,Equity Scheme - Mid Cap Fund,2022-06-03,127.1436
120841,quant Mid Cap Fund - Growth Option - Direct Plan,quant Mutual Fund,Equity Scheme - Mid Cap Fund,2022-06-06,126.8011
120841,quant Mid Cap Fund - Growth Option - Direct Plan,quant Mutual Fund,Equity Scheme - Mid Cap Fund,2022-06-07,126.1756
120841,quant Mid Cap Fund - Growth Option - Direct Plan,quant Mutual Fund,Equity Scheme - Mid Cap Fund,2022-06-08,125.6039
120841,quant Mid Cap Fund - Growth Option - Direct Plan,quant Mutual Fund,Equity Scheme - Mid Cap Fund,2022-06-09,126.4198
120841,quant Mid Cap Fund - Growth Option - Direct Plan,quant Mutual Fund,Equity Scheme - Mid Cap Fund,2022-06-10,125.7057
120841,quant Mid Cap Fund - Growth Option - Direct Plan,quant Mutual Fund,Equity Scheme - Mid Cap Fund,2022-06-13,121.5062
120841,quant Mid Cap Fund - Growth Option - Direct Plan,quant Mutual Fund,Equity Scheme - Mid Cap Fund,2022-06-14,121.4934
120841,quant Mid Cap Fund - Growth Option - Direct Plan,quant Mutual Fund,Equity Scheme - Mid Cap Fund,2022-06-15,120.9835
120841,quant Mid Cap Fund - Growth Option - Direct Plan,quant Mutual Fund,Equity Scheme - Mid Cap Fund,2022-06-16,117.8647
120841,quant Mid Cap Fund - Growth Option - Direct Plan,quant Mutual Fund,Equity Scheme - Mid Cap Fund,2022-06-17,117.286
120841,quant Mid Cap Fund - Growth Option - Direct Plan,quant Mutual Fund,Equity Scheme - Mid Cap Fund,2022-06-20,115.4594
120841,quant Mid Cap Fund - Growth Option - Direct Plan,quant Mutual Fund,Equity Scheme - Mid Cap Fund,2022-06-21,119.1233
120841,quant Mid Cap Fund - Growth Option - Direct Plan,quant Mutual Fund,Equity Scheme - Mid Cap Fund,2022-06-22,116.656
120841,quant Mid Cap Fund - Growth Option - Direct Plan,quant Mutual Fund,Equity Scheme - Mid Cap Fund,2022-06-23,118.0699
120841,quant Mid Cap Fund - Growth Option - Direct Plan,quant Mutual Fund,Equity Scheme - Mid Cap Fund,2022-06-24,119.9259
120841,quant Mid Cap Fund - Growth Option - Direct Plan,quant Mutual Fund,Equity Scheme - Mid Cap Fund,2022-06-27,120.9324
120841,quant Mid Cap Fund - Growth Option - Direct Plan,quant Mutual Fund,Equity Scheme - Mid Cap Fund,2022-06-28,121.3901
120841,quant Mid Cap Fund - Growth Option - Direct Plan,quant Mutual Fund,Equity Scheme - Mid Cap Fund,2022-06-29,121.3045
120841,quant Mid Cap Fund - Growth Option - Direct Plan,quant Mutual Fund,Equity Scheme - Mid Cap Fund,2022-06-30,119.9835
120841,quant Mid Cap Fund - Growth Option - Direct Plan,quant Mutual Fund,Equity Scheme - Mid Cap Fund,2022-07-01,120.3586
120841,quant Mid Cap Fund - Growth Option - Direct Plan,quant Mutual Fund,Equity Scheme - Mid Cap Fund,2022-07-04,121.6048
120841,quant Mid Cap Fund - Growth Option - Direct Plan,quant Mutual Fund,Equity Scheme - Mid Cap Fund,2022-07-05,121.5446
120841,quant Mid Cap Fund - Growth Option - Direct Plan,quant Mutual Fund,Equity Scheme - Mid Cap Fund,2022-07-06,123.1503
120841,quant Mid Cap Fund - Growth Option - Direct Plan,quant Mutual Fund,Equity Scheme - Mid Cap Fund,2022-07-07,125.0387
120841,quant Mid Cap Fund - Growth Option - Direct Plan,quant Mutual Fund,Equity Scheme - Mid Cap Fund,2022-07-08,125.3723
120841,quant Mid Cap Fund - Growth Option - Direct Plan,quant Mutual Fund,Equity Scheme - Mid Cap Fund,2022-07-11,126.5195
120841,quant Mid Cap Fund - Growth Option - Direct Plan,quant Mutual Fund,Equity Scheme - Mid Cap Fund,2022-07-12,126.1713
120841,quant Mid Cap Fund - Growth Option - Direct Plan,quant Mutual Fund,Equity Scheme - Mid Cap Fund,2022-07-13,125.9255
120841,quant Mid Cap Fund - Growth Option - Direct Plan,quant Mutual Fund,Equity Scheme - Mid Cap Fund,2022-07-14,125.1583
120841,quant Mid Cap Fund - Growth Option - Direct Plan,quant Mutual Fund,Equity Scheme - Mid Cap Fund,2022-07-15,125.9286
120841,quant Mid Cap Fund - Growth Option - Direct Plan,quant Mutual Fund,Equity Scheme - Mid Cap Fund,2022-07-18,127.6418
120841,quant Mid Cap Fund - Growth Option - Direct Plan,quant Mutual Fund,Equity Scheme - Mid Cap Fund,2022-07-19,128.5486
120841,quant Mid Cap Fund - Growth Option - Direct Plan,quant Mutual Fund,Equity Scheme - Mid Cap Fund,2022-07-20,128.3494
120841,quant Mid Cap Fund - Growth Option - Direct Plan,quant Mutual Fund,Equity Scheme - Mid Cap Fund,2022-07-21,130.3175
120841,quant Mid Cap Fund - Growth Option - Direct Plan,quant Mutual Fund,Equity Scheme - Mid Cap Fund,2022-07-22,130.4869
120841,quant Mid Cap Fund - Growth Option - Direct Plan,quant Mutual Fund,Equity Scheme - Mid Cap Fund,2022-07-25,130.5051
120841,quant Mid Cap Fund - Growth Option - Direct Plan,quant Mutual Fund,Equity Scheme - Mid Cap Fund,2022-07-26,129.8095
120841,quant Mid Cap Fund - Growth Option - Direct Plan,quant Mutual Fund,Equity Scheme - Mid Cap Fund,2022-07-27,130.9163
120841,quant Mid Cap Fund - Growth Option - Direct Plan,quant Mutual Fund,Equity Scheme - Mid Cap Fund,2022-07-28,131.0739
120841,quant Mid Cap Fund - Growth Option - Direct Plan,quant Mutual Fund,Equity Scheme - Mid Cap Fund,2022-07-29,132.6375
120841,quant Mid Cap Fund - Growth Option - Direct Plan,quant Mutual Fund,Equity Scheme - Mid Cap Fund,2022-08-01,134.3873
120841,quant Mid Cap Fund - Growth Option - Direct Plan,quant Mutual Fund,Equity Scheme - Mid Cap Fund,2022-08-02,134.5169
120841,quant Mid Cap Fund - Growth Option - Direct Plan,quant Mutual Fund,Equity Scheme - Mid Cap Fund,2022-08-03,133.9674
120841,quant Mid Cap Fund - Growth Option - Direct Plan,quant Mutual Fund,Equity Scheme - Mid Cap Fund,2022-08-04,132.7787
120841,quant Mid Cap Fund - Growth Option - Direct Plan,quant Mutual Fund,Equity Scheme - Mid Cap Fund,2022-08-05,133.3098
120841,quant Mid Cap Fund - Growth Option - Direct Plan,quant Mutual Fund,Equity Scheme - Mid Cap Fund,2022-08-08,134.0048
120841,quant Mid Cap Fund - Growth Option - Direct Plan,quant Mutual Fund,Equity Scheme - Mid Cap Fund,2022-08-10,133.684
120841,quant Mid Cap Fund - Growth Option - Direct Plan,quant Mutual Fund,Equity Scheme - Mid Cap Fund,2022-08-11,134.6731
120841,quant Mid Cap Fund - Growth Option - Direct Plan,quant Mutual Fund,Equity Scheme - Mid Cap Fund,2022-08-12,134.4421
120841,quant Mid Cap Fund - Growth Option - Direct Plan,quant Mutual Fund,Equity Scheme - Mid Cap Fund,2022-08-16,136.1543
120841,quant Mid Cap Fund - Growth Option - Direct Plan,quant Mutual Fund,Equity Scheme - Mid Cap Fund,2022-08-17,136.0795
120841,quant Mid Cap Fund - Growth Option - Direct Plan,quant Mutual Fund,Equity Scheme - Mid Cap Fund,2022-08-18,136.2458
120841,quant Mid Cap Fund - Growth Option - Direct Plan,quant Mutual Fund,Equity Scheme - Mid Cap Fund,2022-08-19,135.94
120841,quant Mid Cap Fund - Growth Option - Direct Plan,quant Mutual Fund,Equity Scheme - Mid Cap Fund,2022-08-22,134.4195
120841,quant Mid Cap Fund - Growth Option - Direct Plan,quant Mutual Fund,Equity Scheme - Mid Cap Fund,2022-08-23,135.7256
120841,quant Mid Cap Fund - Growth Option - Direct Plan,quant Mutual Fund,Equity Scheme - Mid Cap Fund,2022-08-24,137.2337
120841,quant Mid Cap Fund - Growth Option - Direct Plan,quant Mutual Fund,Equity Scheme - Mid Cap Fund,2022-08-25,136.5525
120841,quant Mid Cap Fund - Growth Option - Direct Plan,quant Mutual Fund,Equity Scheme - Mid Cap Fund,2022-08-26,138.0588
120841,quant Mid Cap Fund - Growth Option - Direct Plan,quant Mutual Fund,Equity Scheme - Mid Cap Fund,2022-08-29,137.4254
120841,quant Mid Cap Fund - Growth Option - Direct Plan,quant Mutual Fund,Equity Scheme - Mid Cap Fund,2022-08-30,139.8072
120841,quant Mid Cap Fund - Growth Option - Direct Plan,quant Mutual Fund,Equity Scheme - Mid Cap Fund,2022-09-01,140.3487
120841,quant Mid Cap Fund - Growth Option - Direct Plan,quant Mutual Fund,Equity Scheme - Mid Cap Fund,2022-09-02,141.5479
120841,quant Mid Cap Fund - Growth Option - Direct Plan,quant Mutual Fund,Equity Scheme - Mid Cap Fund,2022-09-05,142.5414
120841,quant Mid Cap Fund - Growth Option - Direct Plan,quant Mutual Fund,Equity Scheme - Mid Cap Fund,2022-09-06,142.6098
120841,quant Mid Cap Fund - Growth Option - Direct Plan,quant Mutual Fund,Equity Scheme - Mid Cap Fund,2022-09-07,143.2948
120841,quant Mid Cap Fund - Growth Option - Direct Plan,quant Mutual Fund,Equity Scheme - Mid Cap Fund,2022-09-08,144.5818
120841,quant Mid Cap Fund - Growth Option - Direct Plan,quant Mutual Fund,Equity Scheme - Mid Cap Fund,2022-09-09,145.2952
120841,quant Mid Cap Fund - Growth Option - Direct Plan,quant Mutual Fund,Equity Scheme - Mid Cap Fund,2022-09-12,146.6505
120841,quant Mid Cap Fund - Growth Option - Direct Plan,quant Mutual Fund,Equity Scheme - Mid Cap Fund,2022-09-13,147.0281
120841,quant Mid Cap Fund - Growth Option - Direct Plan,quant Mutual Fund,Equity Scheme - Mid Cap Fund,2022-09-14,147.7233
120841,quant Mid Cap Fund - Growth Option - Direct Plan,quant Mutual Fund,Equity Scheme - Mid Cap Fund,2022-09-15,148.0874
120841,quant Mid Cap Fund - Growth Option - Direct Plan,quant Mutual Fund,Equity Scheme - Mid Cap Fund,2022-09-16,144.6279
120841,quant Mid Cap Fund - Growth Option - Direct Plan,quant Mutual Fund,Equity Scheme - Mid Cap Fund,2022-09-19,146.4419
120841,quant Mid Cap Fund - Growth Option - Direct Plan,quant Mutual Fund,Equity Scheme - Mid Cap Fund,2022-09-20,148.0999
120841,quant Mid Cap Fund - Growth Option - Direct Plan,quant Mutual Fund,Equity Scheme - Mid Cap Fund,2022-09-21,147.089
120841,quant Mid Cap Fund - Growth Option - Direct Plan,quant Mutual Fund,Equity Scheme - Mid Cap Fund,2022-09-22,147.0275
120841,quant Mid Cap Fund - Growth Option - Direct Plan,quant Mutual Fund,Equity Scheme - Mid Cap Fund,2022-09-23,143.7564
120841,quant Mid Cap Fund - Growth Option - Direct Plan,quant Mutual Fund,Equity Scheme - Mid Cap Fund,2022-09-26,138.9011
120841,quant Mid Cap Fund - Growth Option - Direct Plan,quant Mutual Fund,Equity Scheme - Mid Cap Fund,2022-09-27,139.239
120841,quant Mid Cap Fund - Growth Option - Direct Plan,quant Mutual Fund,Equity Scheme - Mid Cap Fund,2022-09-28,137.5252
120841,quant Mid Cap Fund - Growth Option - Direct Plan,quant Mutual Fund,Equity Scheme - Mid Cap Fund,2022-09-29,138.4288
120841,quant Mid Cap Fund - Growth Option - Direct Plan,quant Mutual Fund,Equity Scheme - Mid Cap Fund,2022-09-30,140.7102
120841,quant Mid Cap Fund - Growth Option - Direct Plan,quant Mutual Fund,Equity Scheme - Mid Cap Fund,2022-10-03,137.917
120841,quant Mid Cap Fund - Growth Option - Direct Plan,quant Mutual Fund,Equity Scheme - Mid Cap Fund,2022-10-04,141.5815
120841,quant Mid Cap Fund - Growth Option - Direct Plan,quant Mutual Fund,Equity Scheme - Mid Cap Fund,2022-10-06,142.8724
120841,quant Mid Cap Fund - Growth Option - Direct Plan,quant Mutual Fund,Equity Scheme - Mid Cap Fund,2022-10-07,142.9606
120841,quant Mid Cap Fund - Growth Option - Direct Plan,quant Mutual Fund,Equity Scheme - Mid Cap Fund,2022-10-10,142.0986
120841,quant Mid Cap Fund - Growth Option - Direct Plan,quant Mutual Fund,Equity Scheme - Mid Cap Fund,2022-10-11,139.2999
120841,quant Mid Cap Fund - Growth Option - Direct Plan,quant Mutual Fund,Equity Scheme - Mid Cap Fund,2022-10-12,140.5843
120841,quant Mid Cap Fund - Growth Option - Direct Plan,quant Mutual Fund,Equity Scheme - Mid Cap Fund,2022-10-13,139.159
120841,quant Mid Cap Fund - Growth Option - Direct Plan,quant Mutual Fund,Equity Scheme - Mid Cap Fund,2022-10-14,139.0192
120841,quant Mid Cap Fund - Growth Option - Direct Plan,quant Mutual Fund,Equity Scheme - Mid Cap Fund,2022-10-17,140.1157
120841,quant Mid Cap Fund - Growth Option - Direct Plan,quant Mutual Fund,Equity Scheme - Mid Cap Fund,2022-10-18,142.0911
120841,quant Mid Cap Fund - Growth Option - Direct Plan,quant Mutual Fund,Equity Scheme - Mid Cap Fund,2022-10-19,142.1461
120841,quant Mid Cap Fund - Growth Option - Direct Plan,quant Mutual Fund,Equity Scheme - Mid Cap Fund,2022-10-20,142.4291
120841,quant Mid Cap Fund - Growth Option - Direct Plan,quant Mutual Fund,Equity Scheme - Mid Cap Fund,2022-10-21,141.3402
120841,quant Mid Cap Fund - Growth Option - Direct Plan,quant Mutual Fund,Equity Scheme - Mid Cap Fund,2022-10-25,142.4703
120841,quant Mid Cap Fund - Growth Option - Direct Plan,quant Mutual Fund,Equity Scheme - Mid Cap Fund,2022-10-27,143.6154
120841,quant Mid Cap Fund - Growth Option - Direct Plan,quant Mutual Fund,Equity Scheme - Mid Cap Fund,2022-10-28,143.3029
120841,quant Mid Cap Fund - Growth Option - Direct Plan,quant Mutual Fund,Equity Scheme - Mid Cap Fund,2022-10-31,144.5066
120841,quant Mid Cap Fund - Growth Option - Direct Plan,quant Mutual Fund,Equity Scheme - Mid Cap Fund,2022-11-01,144.4554
120841,quant Mid Cap Fund - Growth Option - Direct Plan,quant Mutual Fund,Equity Scheme - Mid Cap Fund,2022-11-02,144.3572
120841,quant Mid Cap Fund - Growth Option - Direct Plan,quant Mutual Fund,Equity Scheme - Mid Cap Fund,2022-11-03,145.4311
120841,quant Mid Cap Fund - Growth Option - Direct Plan,quant Mutual Fund,Equity Scheme - Mid Cap Fund,2022-11-04,145.65
120841,quant Mid Cap Fund - Growth Option - Direct Plan,quant Mutual Fund,Equity Scheme - Mid Cap Fund,2022-11-07,146.1047
120841,quant Mid Cap Fund - Growth Option - Direct Plan,quant Mutual Fund,Equity Scheme - Mid Cap Fund,2022-11-09,147.5742
120841,quant Mid Cap Fund - Growth Option - Direct Plan,quant Mutual Fund,Equity Scheme - Mid Cap Fund,2022-11-10,146.8062
120841,quant Mid Cap Fund - Growth Option - Direct Plan,quant Mutual Fund,Equity Scheme - Mid Cap Fund,2022-11-11,146.303
120841,quant Mid Cap Fund - Growth Option - Direct Plan,quant Mutual Fund,Equity Scheme - Mid Cap Fund,2022-11-14,145.9642
120841,quant Mid Cap Fund - Growth Option - Direct Plan,quant Mutual Fund,Equity Scheme - Mid Cap Fund,2022-11-15,145.8004
120841,quant Mid Cap Fund - Growth Option - Direct Plan,quant Mutual Fund,Equity Scheme - Mid Cap Fund,2022-11-16,144.3685
120841,quant Mid Cap Fund - Growth Option - Direct Plan,quant Mutual Fund,Equity Scheme - Mid Cap Fund,2022-11-17,144.0831
120841,quant Mid Cap Fund - Growth Option - Direct Plan,quant Mutual Fund,Equity Scheme - Mid Cap Fund,2022-11-18,144.3165
120841,quant Mid Cap Fund - Growth Option - Direct Plan,quant Mutual Fund,Equity Scheme - Mid Cap Fund,2022-11-21,145.1487
120841,quant Mid Cap Fund - Growth Option - Direct Plan,quant Mutual Fund,Equity Scheme - Mid Cap Fund,2022-11-22,146.2966
120841,quant Mid Cap Fund - Growth Option - Direct Plan,quant Mutual Fund,Equity Scheme - Mid Cap Fund,2022-11-23,147.0259
120841,quant Mid Cap Fund - Growth Option - Direct Plan,quant Mutual Fund,Equity Scheme - Mid Cap Fund,2022-11-24,147.5941
120841,quant Mid Cap Fund - Growth Option - Direct Plan,quant Mutual Fund,Equity Scheme - Mid Cap Fund,2022-11-25,149.2333
120841,quant Mid Cap Fund - Growth Option - Direct Plan,quant Mutual Fund,Equity Scheme - Mid Cap Fund,2022-11-28,149.9924
120841,quant Mid Cap Fund - Growth Option - Direct Plan,quant Mutual Fund,Equity Scheme - Mid Cap Fund,2022-11-29,149.7115
120841,quant Mid Cap Fund - Growth Option - Direct Plan,quant Mutual Fund,Equity Scheme - Mid Cap Fund,2022-11-30,149.665
120841,quant Mid Cap Fund - Growth Option - Direct Plan,quant Mutual Fund,Equity Scheme - Mid Cap Fund,2022-12-01,151.3128
120841,quant Mid Cap Fund - Growth Option - Direct Plan,quant Mutual Fund,Equity Scheme - Mid Cap Fund,2022-12-02,152.3886
120841,quant Mid Cap Fund - Growth Option - Direct Plan,quant Mutual Fund,Equity Scheme - Mid Cap Fund,2022-12-05,153.079
120841,quant Mid Cap Fund - Growth Option - Direct Plan,quant Mutual Fund,Equity Scheme - Mid Cap Fund,2022-12-06,152.9156
120841,quant Mid Cap Fund - Growth Option - Direct Plan,quant Mutual Fund,Equity Scheme - Mid Cap Fund,2022-12-07,152.6613
120841,quant Mid Cap Fund - Growth Option - Direct Plan,quant Mutual Fund,Equity Scheme - Mid Cap Fund,2022-12-08,154.7371
120841,quant Mid Cap Fund - Growth Option - Direct Plan,quant Mutual Fund,Equity Scheme - Mid Cap Fund,2022-12-09,152.6343
120841,quant Mid Cap Fund - Growth Option - Direct Plan,quant Mutual Fund,Equity Scheme - Mid Cap Fund,2022-12-12,153.6017
120841,quant Mid Cap Fund - Growth Option - Direct Plan,quant Mutual Fund,Equity Scheme - Mid Cap Fund,2022-12-13,155.1466
120841,quant Mid Cap Fund - Growth Option - Direct Plan,quant Mutual Fund,Equity Scheme - Mid Cap Fund,2022-12-14,155.6215
120841,quant Mid Cap Fund - Growth Option - Direct Plan,quant Mutual Fund,Equity Scheme - Mid Cap Fund,2022-12-15,153.8581
120841,quant Mid Cap Fund - Growth Option - Direct Plan,quant Mutual Fund,Equity Scheme - Mid Cap Fund,2022-12-16,151.1821
120841,quant Mid Cap Fund - Growth Option - Direct Plan,quant Mutual Fund,Equity Scheme - Mid Cap Fund,2022-12-19,152.521
120841,quant Mid Cap Fund - Growth Option - Direct Plan,quant Mutual Fund,Equity Scheme - Mid Cap Fund,2022-12-20,152.0756
120841,quant Mid Cap Fund - Growth Option - Direct Plan,quant Mutual Fund,Equity Scheme - Mid Cap Fund,2022-12-21,148.566
120841,quant Mid Cap Fund - Growth Option - Direct Plan,quant Mutual Fund,Equity Scheme - Mid Cap Fund,2022-12-22,146.8345
120841,quant Mid Cap Fund - Growth Option - Direct Plan,quant Mutual Fund,Equity Scheme - Mid Cap Fund,2022-12-23,140.3861
120841,quant Mid Cap Fund - Growth Option - Direct Plan,quant Mutual Fund,Equity Scheme - Mid Cap Fund,2022-12-26,145.8291
120841,quant Mid Cap Fund - Growth Option - Direct Plan,quant Mutual Fund,Equity Scheme - Mid Cap Fund,2022-12-27,148.0385
120841,quant Mid Cap Fund - Growth Option - Direct Plan,quant Mutual Fund,Equity Scheme - Mid Cap Fund,2022-12-28,148.2089
120841,quant Mid Cap Fund - Growth Option - Direct Plan,quant Mutual Fund,Equity Scheme - Mid Cap Fund,2022-12-29,148.6537
120841,quant Mid Cap Fund - Growth Option - Direct Plan,quant Mutual Fund,Equity Scheme - Mid Cap Fund,2022-12-30,150.2585
120841,quant Mid Cap Fund - Growth Option - Direct Plan,quant Mutual Fund,Equity Scheme - Mid Cap Fund,2023-01-02,152.1024
120841,quant Mid Cap Fund - Growth Option - Direct Plan,quant Mutual Fund,Equity Scheme - Mid Cap Fund,2023-01-03,152.9569
120841,quant Mid Cap Fund - Growth Option - Direct Plan,quant Mutual Fund,Equity Scheme - Mid Cap Fund,2023-01-04,150.964
120841,quant Mid Cap Fund - Growth Option - Direct Plan,quant Mutual Fund,Equity Scheme - Mid Cap Fund,2023-01-05,151.8208
120841,quant Mid Cap Fund - Growth Option - Direct Plan,quant Mutual Fund,Equity Scheme - Mid Cap Fund,2023-01-06,150.5603
120841,quant Mid Cap Fund - Growth Option - Direct Plan,quant Mutual Fund,Equity Scheme - Mid Cap Fund,2023-01-09,152.2843
120841,quant Mid Cap Fund - Growth Option - Direct Plan,quant Mutual Fund,Equity Scheme - Mid Cap Fund,2023-01-10,150.9817
120841,quant Mid Cap Fund - Growth Option - Direct Plan,quant Mutual Fund,Equity Scheme - Mid Cap Fund,2023-01-11,151.3555
120841,quant Mid Cap Fund - Growth Option - Direct Plan,quant Mutual Fund,Equity Scheme - Mid Cap Fund,2023-01-12,150.5384
120841,quant Mid Cap Fund - Growth Option - Direct Plan,quant Mutual Fund,Equity Scheme - Mid Cap Fund,2023-01-13,151.2559
120841,quant Mid Cap Fund - Growth Option - Direct Plan,quant Mutual Fund,Equity Scheme - Mid Cap Fund,2023-01-16,151.418
120841,quant Mid Cap Fund - Growth Option - Direct Plan,quant Mutual Fund,Equity Scheme - Mid Cap Fund,2023-01-17,150.919
120841,quant Mid Cap Fund - Growth Option - Direct Plan,quant Mutual Fund,Equity Scheme - Mid Cap Fund,2023-01-18,150.7411
120841,quant Mid Cap Fund - Growth Option - Direct Plan,quant Mutual Fund,Equity Scheme - Mid Cap Fund,2023-01-19,150.8009
120841,quant Mid Cap Fund - Growth Option - Direct Plan,quant Mutual Fund,Equity Scheme - Mid Cap Fund,2023-01-20,150.0517
120841,quant Mid Cap Fund - Growth Option - Direct Plan,quant Mutual Fund,Equity Scheme - Mid Cap Fund,2023-01-23,150.2557
120841,quant Mid Cap Fund - Growth Option - Direct Plan,quant Mutual Fund,Equity Scheme - Mid Cap Fund,2023-01-24,149.1414
120841,quant Mid Cap Fund - Growth Option - Direct Plan,quant Mutual Fund,Equity Scheme - Mid Cap Fund,2023-01-25,146.0043
120841,quant Mid Cap Fund - Growth Option - Direct Plan,quant Mutual Fund,Equity Scheme - Mid Cap Fund,2023-01-27,141.3707
120841,quant Mid Cap Fund - Growth Option - Direct Plan,quant Mutual Fund,Equity Scheme - Mid Cap Fund,2023-01-30,141.1836
120841,quant Mid Cap Fund - Growth Option - Direct Plan,quant Mutual Fund,Equity Scheme - Mid Cap Fund,2023-01-31,144.6578
120841,quant Mid Cap Fund - Growth Option - Direct Plan,quant Mutual Fund,Equity Scheme - Mid Cap Fund,2023-02-01,141.189
120841,quant Mid Cap Fund - Growth Option - Direct Plan,quant Mutual Fund,Equity Scheme - Mid Cap Fund,2023-02-02,141.4343
120841,quant Mid Cap Fund - Growth Option - Direct Plan,quant Mutual Fund,Equity Scheme - Mid Cap Fund,2023-02-03,141.8329
120841,quant Mid Cap Fund - Growth Option - Direct Plan,quant Mutual Fund,Equity Scheme - Mid Cap Fund,2023-02-06,142.1399
120841,quant Mid Cap Fund - Growth Option - Direct Plan,quant Mutual Fund,Equity Scheme - Mid Cap Fund,2023-02-07,141.3997
120841,quant Mid Cap Fund - Growth Option - Direct Plan,quant Mutual Fund,Equity Scheme - Mid Cap Fund,2023-02-08,142.2113
120841,quant Mid Cap Fund - Growth Option - Direct Plan,quant Mutual Fund,Equity Scheme - Mid Cap Fund,2023-02-09,142.1272
120841,quant Mid Cap Fund - Growth Option - Direct Plan,quant Mutual Fund,Equity Scheme - Mid Cap Fund,2023-02-10,142.8888
120841,quant Mid Cap Fund - Growth Option - Direct Plan,quant Mutual Fund,Equity Scheme - Mid Cap Fund,2023-02-13,141.6187
120841,quant Mid Cap Fund - Growth Option - Direct Plan,quant Mutual Fund,Equity Scheme - Mid Cap Fund,2023-02-14,141.9587
120841,quant Mid Cap Fund - Growth Option - Direct Plan,quant Mutual Fund,Equity Scheme - Mid Cap Fund,2023-02-15,143.1622
120841,quant Mid Cap Fund - Growth Option - Direct Plan,quant Mutual Fund,Equity Scheme - Mid Cap Fund,2023-02-16,144.3178
120841,quant Mid Cap Fund - Growth Option - Direct Plan,quant Mutual Fund,Equity Scheme - Mid Cap Fund,2023-02-17,143.2164
120841,quant Mid Cap Fund - Growth Option - Direct Plan,quant Mutual Fund,Equity Scheme - Mid Cap Fund,2023-02-20,143.177
120841,quant Mid Cap Fund - Growth Option - Direct Plan,quant Mutual Fund,Equity Scheme - Mid Cap Fund,2023-02-21,142.6417
120841,quant Mid Cap Fund - Growth Option - Direct Plan,quant Mutual Fund,Equity Scheme - Mid Cap Fund,2023-02-22,141.1745
120841,quant Mid Cap Fund - Growth Option - Direct Plan,quant Mutual Fund,Equity Scheme - Mid Cap Fund,2023-02-23,141.2408
120841,quant Mid Cap Fund - Growth Option - Direct Plan,quant Mutual Fund,Equity Scheme - Mid Cap Fund,2023-02-24,139.7942
120841,quant Mid Cap Fund - Growth Option - Direct Plan,quant Mutual Fund,Equity Scheme - Mid Cap Fund,2023-02-27,139.1144
120841,quant Mid Cap Fund - Growth Option - Direct Plan,quant Mutual Fund,Equity Scheme - Mid Cap Fund,2023-02-28,139.4266
120841,quant Mid Cap Fund - Growth Option - Direct Plan,quant Mutual Fund,Equity Scheme - Mid Cap Fund,2023-03-01,141.0957
120841,quant Mid Cap Fund - Growth Option - Direct Plan,quant Mutual Fund,Equity Scheme - Mid Cap Fund,2023-03-02,141.2125
120841,quant Mid Cap Fund - Growth Option - Direct Plan,quant Mutual Fund,Equity Scheme - Mid Cap Fund,2023-03-03,143.2378
120841,quant Mid Cap Fund - Growth Option - Direct Plan,quant Mutual Fund,Equity Scheme - Mid Cap Fund,2023-03-06,143.9738
120841,quant Mid Cap Fund - Growth Option - Direct Plan,quant Mutual Fund,Equity Scheme - Mid Cap Fund,2023-03-08,144.8362
120841,quant Mid Cap Fund - Growth Option - Direct Plan,quant Mutual Fund,Equity Scheme - Mid Cap Fund,2023-03-09,144.0023
120841,quant Mid Cap Fund - Growth Option - Direct Plan,quant Mutual Fund,Equity Scheme - Mid Cap Fund,2023-03-10,142.5247
120841,quant Mid Cap Fund - Growth Option - Direct Plan,quant Mutual Fund,Equity Scheme - Mid Cap Fund,2023-03-13,139.6585
120841,quant Mid Cap Fund - Growth Option - Direct Plan,quant Mutual Fund,Equity Scheme - Mid Cap Fund,2023-03-14,137.9846
120841,quant Mid Cap Fund - Growth Option - Direct Plan,quant Mutual Fund,Equity Scheme - Mid Cap Fund,2023-03-15,137.8601
120841,quant Mid Cap Fund - Growth Option - Direct Plan,quant Mutual Fund,Equity Scheme - Mid Cap Fund,2023-03-16,137.7193
120841,quant Mid Cap Fund - Growth Option - Direct Plan,quant Mutual Fund,Equity Scheme - Mid Cap Fund,2023-03-17,137.9719
120841,quant Mid Cap Fund - Growth Option - Direct Plan,quant Mutual Fund,Equity Scheme - Mid Cap Fund,2023-03-20,136.2904
120841,quant Mid Cap Fund - Growth Option - Direct Plan,quant Mutual Fund,Equity Scheme - Mid Cap Fund,2023-03-21,137.424
120841,quant Mid Cap Fund - Growth Option - Direct Plan,quant Mutual Fund,Equity Scheme - Mid Cap Fund,2023-03-22,137.8024
120841,quant Mid Cap Fund - Growth Option - Direct Plan,quant Mutual Fund,Equity Scheme - Mid Cap Fund,2023-03-23,136.7699
120841,quant Mid Cap Fund - Growth Option - Direct Plan,quant Mutual Fund,Equity Scheme - Mid Cap Fund,2023-03-24,135.3902
120841,quant Mid Cap Fund - Growth Option - Direct Plan,quant Mutual Fund,Equity Scheme - Mid Cap Fund,2023-03-27,135.0155
120841,quant Mid Cap Fund - Growth Option - Direct Plan,quant Mutual Fund,Equity Scheme - Mid Cap Fund,2023-03-28,134.8072
120841,quant Mid Cap Fund - Growth Option - Direct Plan,quant Mutual Fund,Equity Scheme - Mid Cap Fund,2023-03-29,137.2099
120841,quant Mid Cap Fund - Growth Option - Direct Plan,quant Mutual Fund,Equity Scheme - Mid Cap Fund,2023-03-31,139.1977
120841,quant Mid Cap Fund - Growth Option - Direct Plan,quant Mutual Fund,Equity Scheme - Mid Cap Fund,2023-04-03,140.0803
120841,quant Mid Cap Fund - Growth Option - Direct Plan,quant Mutual Fund,Equity Scheme - Mid Cap Fund,2023-04-05,140.1858
120841,quant Mid Cap Fund - Growth Option - Direct Plan,quant Mutual Fund,Equity Scheme - Mid Cap Fund,2023-04-06,140.8973
120841,quant Mid Cap Fund - Growth Option - Direct Plan,quant Mutual Fund,Equity Scheme - Mid Cap Fund,2023-04-10,141.253
120841,quant Mid Cap Fund - Growth Option - Direct Plan,quant Mutual Fund,Equity Scheme - Mid Cap Fund,2023-04-11,141.9336
120841,quant Mid Cap Fund - Growth Option - Direct Plan,quant Mutual Fund,Equity Scheme - Mid Cap Fund,2023-04-12,142.1034
120841,quant Mid Cap Fund - Growth Option - Direct Plan,quant Mutual Fund,Equity Scheme - Mid Cap Fund,2023-04-13,142.5051
120841,quant Mid Cap Fund - Growth Option - Direct Plan,quant Mutual Fund,Equity Scheme - Mid Cap Fund,2023-04-17,142.8324
120841,quant Mid Cap Fund - Growth Option - Direct Plan,quant Mutual Fund,Equity Scheme - Mid Cap Fund,2023-04-18,142.8466
120841,quant Mid Cap Fund - Growth Option - Direct Plan,quant Mutual Fund,Equity Scheme - Mid Cap Fund,2023-04-19,142.7704
120841,quant Mid Cap Fund - Growth Option - Direct Plan,quant Mutual Fund,Equity Scheme - Mid Cap Fund,2023-04-20,142.8697
120841,quant Mid Cap Fund - Growth Option - Direct Plan,quant Mutual Fund,Equity Scheme - Mid Cap Fund,2023-04-21,142.112
120841,quant Mid Cap Fund - Growth Option - Direct Plan,quant Mutual Fund,Equity Scheme - Mid Cap Fund,2023-04-24,143.0605
120841,quant Mid Cap Fund - Growth Option - Direct Plan,quant Mutual Fund,Equity Scheme - Mid Cap Fund,2023-04-25,143.2685
120841,quant Mid Cap Fund - Growth Option - Direct Plan,quant Mutual Fund,Equity Scheme - Mid Cap Fund,2023-04-26,143.8899
120841,quant Mid Cap Fund - Growth Option - Direct Plan,quant Mutual Fund,Equity Scheme - Mid Cap Fund,2023-04-27,143.9685
120841,quant Mid Cap Fund - Growth Option - Direct Plan,quant Mutual Fund,Equity Scheme - Mid Cap Fund,2023-04-28,146.3658
120841,quant Mid Cap Fund - Growth Option - Direct Plan,quant Mutual Fund,Equity Scheme - Mid Cap Fund,2023-05-02,147.4707
120841,quant Mid Cap Fund - Growth Option - Direct Plan,quant Mutual Fund,Equity Scheme - Mid Cap Fund,2023-05-03,146.9304
120841,quant Mid Cap Fund - Growth Option - Direct Plan,quant Mutual Fund,Equity Scheme - Mid Cap Fund,2023-05-04,148.1713
120841,quant Mid Cap Fund - Growth Option - Direct Plan,quant Mutual Fund,Equity Scheme - Mid Cap Fund,2023-05-05,146.2396
120841,quant Mid Cap Fund - Growth Option - Direct Plan,quant Mutual Fund,Equity Scheme - Mid Cap Fund,2023-05-08,147.3298
120841,quant Mid Cap Fund - Growth Option - Direct Plan,quant Mutual Fund,Equity Scheme - Mid Cap Fund,2023-05-09,146.9646
120841,quant Mid Cap Fund - Growth Option - Direct Plan,quant Mutual Fund,Equity Scheme - Mid Cap Fund,2023-05-10,146.4076
120841,quant Mid Cap Fund - Growth Option - Direct Plan,quant Mutual Fund,Equity Scheme - Mid Cap Fund,2023-05-11,146.0869
120841,quant Mid Cap Fund - Growth Option - Direct Plan,quant Mutual Fund,Equity Scheme - Mid Cap Fund,2023-05-12,145.3671
120841,quant Mid Cap Fund - Growth Option - Direct Plan,quant Mutual Fund,Equity Scheme - Mid Cap Fund,2023-05-15,146.1892
120841,quant Mid Cap Fund - Growth Option - Direct Plan,quant Mutual Fund,Equity Scheme - Mid Cap Fund,2023-05-16,146.0016
120841,quant Mid Cap Fund - Growth Option - Direct Plan,quant Mutual Fund,Equity Scheme - Mid Cap Fund,2023-05-17,145.5436
120841,quant Mid Cap Fund - Growth Option - Direct Plan,quant Mutual Fund,Equity Scheme - Mid Cap Fund,2023-05-18,144.5564
120841,quant Mid Cap Fund - Growth Option - Direct Plan,quant Mutual Fund,Equity Scheme - Mid Cap Fund,2023-05-19,144.5852
120841,quant Mid Cap Fund - Growth Option - Direct Plan,quant Mutual Fund,Equity Scheme - Mid Cap Fund,2023-05-22,145.2982
120841,quant Mid Cap Fund - Growth Option - Direct Plan,quant Mutual Fund,Equity Scheme - Mid Cap Fund,2023-05-23,145.2943
120841,quant Mid Cap Fund - Growth Option - Direct Plan,quant Mutual Fund,Equity Scheme - Mid Cap Fund,2023-05-24,145.2001
120841,quant Mid Cap Fund - Growth Option - Direct Plan,quant Mutual Fund,Equity Scheme - Mid Cap Fund,2023-05-25,145.579
120841,quant Mid Cap Fund - Growth Option - Direct Plan,quant Mutual Fund,Equity Scheme - Mid Cap Fund,2023-05-26,146.9907
120841,quant Mid Cap Fund - Growth Option - Direct Plan,quant Mutual Fund,Equity Scheme - Mid Cap Fund,2023-05-29,147.2131
120841,quant Mid Cap Fund - Growth Option - Direct Plan,quant Mutual Fund,Equity Scheme - Mid Cap Fund,2023-05-30,148.2581
120841,quant Mid Cap Fund - Growth Option - Direct Plan,quant Mutual Fund,Equity Scheme - Mid Cap Fund,2023-05-31,148.2521
120841,quant Mid Cap Fund - Growth Option - Direct Plan,quant Mutual Fund,Equity Scheme - Mid Cap Fund,2023-06-01,148.8214
120841,quant Mid Cap Fund - Growth Option - Direct Plan,quant Mutual Fund,Equity Scheme - Mid Cap Fund,2023-06-02,149.2749
120841,quant Mid Cap Fund - Growth Option - Direct Plan,quant Mutual Fund,Equity Scheme - Mid Cap Fund,2023-06-05,149.8771
120841,quant Mid Cap Fund - Growth Option - Direct Plan,quant Mutual Fund,Equity Scheme - Mid Cap Fund,2023-06-06,149.9541
120841,quant Mid Cap Fund - Growth Option - Direct Plan,quant Mutual Fund,Equity Scheme - Mid Cap Fund,2023-06-07,151.5583
120841,quant Mid Cap Fund - Growth Option - Direct Plan,quant Mutual Fund,Equity Scheme - Mid Cap Fund,2023-06-08,150.4792
120841,quant Mid Cap Fund - Growth Option - Direct Plan,quant Mutual Fund,Equity Scheme - Mid Cap Fund,2023-06-09,150.4985
120841,quant Mid Cap Fund - Growth Option - Direct Plan,quant Mutual Fund,Equity Scheme - Mid Cap Fund,2023-06-12,151.3219
120841,quant Mid Cap Fund - Growth Option - Direct Plan,quant Mutual Fund,Equity Scheme - Mid Cap Fund,2023-06-13,153.7676
120841,quant Mid Cap Fund - Growth Option - Direct Plan,quant Mutual Fund,Equity Scheme - Mid Cap Fund,2023-06-14,154.3517
120841,quant Mid Cap Fund - Growth Option - Direct Plan,quant Mutual Fund,Equity Scheme - Mid Cap Fund,2023-06-15,153.6912
120841,quant Mid Cap Fund - Growth Option - Direct Plan,quant Mutual Fund,Equity Scheme - Mid Cap Fund,2023-06-16,154.8056
120841,quant Mid Cap Fund - Growth Option - Direct Plan,quant Mutual Fund,Equity Scheme - Mid Cap Fund,2023-06-19,154.5752
120841,quant Mid Cap Fund - Growth Option - Direct Plan,quant Mutual Fund,Equity Scheme - Mid Cap Fund,2023-06-20,154.9588
120841,quant Mid Cap Fund - Growth Option - Direct Plan,quant Mutual Fund,Equity Scheme - Mid Cap Fund,2023-06-21,156.3535
120841,quant Mid Cap Fund - Growth Option - Direct Plan,quant Mutual Fund,Equity Scheme - Mid Cap Fund,2023-06-22,154.5586
120841,quant Mid Cap Fund - Growth Option - Direct Plan,quant Mutual Fund,Equity Scheme - Mid Cap Fund,2023-06-23,153.1875
120841,quant Mid Cap Fund - Growth Option - Direct Plan,quant Mutual Fund,Equity Scheme - Mid Cap Fund,2023-06-26,153.8963
120841,quant Mid Cap Fund - Growth Option - Direct Plan,quant Mutual Fund,Equity Scheme - Mid Cap Fund,2023-06-27,154.6907
120841,quant Mid Cap Fund - Growth Option - Direct Plan,quant Mutual Fund,Equity Scheme - Mid Cap Fund,2023-06-28,155.6911
120841,quant Mid Cap Fund - Growth Option - Direct Plan,quant Mutual Fund,Equity Scheme - Mid Cap Fund,2023-06-30,156.8776
120841,quant Mid Cap Fund - Growth Option - Direct Plan,quant Mutual Fund,Equity Scheme - Mid Cap Fund,2023-07-03,158.3986
120841,quant Mid Cap Fund - Growth Option - Direct Plan,quant Mutual Fund,Equity Scheme - Mid Cap Fund,2023-07-04,158.4254
120841,quant Mid Cap Fund - Growth Option - Direct Plan,quant Mutual Fund,Equity Scheme - Mid Cap Fund,2023-07-05,159.31
120841,quant Mid Cap Fund - Growth Option - Direct Plan,quant Mutual Fund,Equity Scheme - Mid Cap Fund,2023-07-06,160.4979
120841,quant Mid Cap Fund - Growth Option - Direct Plan,quant Mutual Fund,Equity Scheme - Mid Cap Fund,2023-07-07,160.1835
120841,quant Mid Cap Fund - Growth Option - Direct Plan,quant Mutual Fund,Equity Scheme - Mid Cap Fund,2023-07-10,160.0343
120841,quant Mid Cap Fund - Growth Option - Direct Plan,quant Mutual Fund,Equity Scheme - Mid Cap Fund,2023-07-11,161.057
120841,quant Mid Cap Fund - Growth Option - Direct Plan,quant Mutual Fund,Equity Scheme - Mid Cap Fund,2023-07-12,161.5415
120841,quant Mid Cap Fund - Growth Option - Direct Plan,quant Mutual Fund,Equity Scheme - Mid Cap Fund,2023-07-13,159.8087
120841,quant Mid Cap Fund - Growth Option - Direct Plan,quant Mutual Fund,Equity Scheme - Mid Cap Fund,2023-07-14,161.9301
120841,quant Mid Cap Fund - Growth Option - Direct Plan,quant Mutual Fund,Equity Scheme - Mid Cap Fund,2023-07-17,163.2076
120841,quant Mid Cap Fund - Growth Option - Direct Plan,quant Mutual Fund,Equity Scheme - Mid Cap Fund,2023-07-18,162.7716
120841,quant Mid Cap Fund - Growth Option - Direct Plan,quant Mutual Fund,Equity Scheme - Mid Cap Fund,2023-07-19,164.0955
120841,quant Mid Cap Fund - Growth Option - Direct Plan,quant Mutual Fund,Equity Scheme - Mid Cap Fund,2023-07-20,164.8306
120841,quant Mid Cap Fund - Growth Option - Direct Plan,quant Mutual Fund,Equity Scheme - Mid Cap Fund,2023-07-21,164.2707
120841,quant Mid Cap Fund - Growth Option - Direct Plan,quant Mutual Fund,Equity Scheme - Mid Cap Fund,2023-07-24,164.4436
120841,quant Mid Cap Fund - Growth Option - Direct Plan,quant Mutual Fund,Equity Scheme - Mid Cap Fund,2023-07-25,165.269
120841,quant Mid Cap Fund - Growth Option - Direct Plan,quant Mutual Fund,Equity Scheme - Mid Cap Fund,2023-07-26,168.3166
120841,quant Mid Cap Fund - Growth Option - Direct Plan,quant Mutual Fund,Equity Scheme - Mid Cap Fund,2023-07-27,169.3005
120841,quant Mid Cap Fund - Growth Option - Direct Plan,quant Mutual Fund,Equity Scheme - Mid Cap Fund,2023-07-28,170.6053
120841,quant Mid Cap Fund - Growth Option - Direct Plan,quant Mutual Fund,Equity Scheme - Mid Cap Fund,2023-07-31,171.122
120841,quant Mid Cap Fund - Growth Option - Direct Plan,quant Mutual Fund,Equity Scheme - Mid Cap Fund,2023-08-01,170.487
120841,quant Mid Cap Fund - Growth Option - Direct Plan,quant Mutual Fund,Equity Scheme - Mid Cap Fund,2023-08-02,167.2217
120841,quant Mid Cap Fund - Growth Option - Direct Plan,quant Mutual Fund,Equity Scheme - Mid Cap Fund,2023-08-03,167.6171
120841,quant Mid Cap Fund - Growth Option - Direct Plan,quant Mutual Fund,Equity Scheme - Mid Cap Fund,2023-08-04,168.0284
120841,quant Mid Cap Fund - Growth Option - Direct Plan,quant Mutual Fund,Equity Scheme - Mid Cap Fund,2023-08-07,168.9046
120841,quant Mid Cap Fund - Growth Option - Direct Plan,quant Mutual Fund,Equity Scheme - Mid Cap Fund,2023-08-08,169.607
120841,quant Mid Cap Fund - Growth Option - Direct Plan,quant Mutual Fund,Equity Scheme - Mid Cap Fund,2023-08-09,170.3286
120841,quant Mid Cap Fund - Growth Option - Direct Plan,quant Mutual Fund,Equity Scheme - Mid Cap Fund,2023-08-10,170.7599
120841,quant Mid Cap Fund - Growth Option - Direct Plan,quant Mutual Fund,Equity Scheme - Mid Cap Fund,2023-08-11,170.0636
120841,quant Mid Cap Fund - Growth Option - Direct Plan,quant Mutual Fund,Equity Scheme - Mid Cap Fund,2023-08-14,169.3751
120841,quant Mid Cap Fund - Growth Option - Direct Plan,quant Mutual Fund,Equity Scheme - Mid Cap Fund,2023-08-16,169.9728
120841,quant Mid Cap Fund - Growth Option - Direct Plan,quant Mutual Fund,Equity Scheme - Mid Cap Fund,2023-08-17,170.2875
120841,quant Mid Cap Fund - Growth Option - Direct Plan,quant Mutual Fund,Equity Scheme - Mid Cap Fund,2023-08-18,170.2542
120841,quant Mid Cap Fund - Growth Option - Direct Plan,quant Mutual Fund,Equity Scheme - Mid Cap Fund,2023-08-21,171.144
120841,quant Mid Cap Fund - Growth Option - Direct Plan,quant Mutual Fund,Equity Scheme - Mid Cap Fund,2023-08-22,172.4517
120841,quant Mid Cap Fund - Growth Option - Direct Plan,quant Mutual Fund,Equity Scheme - Mid Cap Fund,2023-08-23,172.3817
120841,quant Mid Cap Fund - Growth Option - Direct Plan,quant Mutual Fund,Equity Scheme - Mid Cap Fund,2023-08-24,171.3185
120841,quant Mid Cap Fund - Growth Option - Direct Plan,quant Mutual Fund,Equity Scheme - Mid Cap Fund,2023-08-25,170.4103
120841,quant Mid Cap Fund - Growth Option - Direct Plan,quant Mutual Fund,Equity Scheme - Mid Cap Fund,2023-08-28,171.586
120841,quant Mid Cap Fund - Growth Option - Direct Plan,quant Mutual Fund,Equity Scheme - Mid Cap Fund,2023-08-29,171.7431
120841,quant Mid Cap Fund - Growth Option - Direct Plan,quant Mutual Fund,Equity Scheme - Mid Cap Fund,2023-08-30,172.8789
120841,quant Mid Cap Fund - Growth Option - Direct Plan,quant Mutual Fund,Equity Scheme - Mid Cap Fund,2023-08-31,172.7257
120841,quant Mid Cap Fund - Growth Option - Direct Plan,quant Mutual Fund,Equity Scheme - Mid Cap Fund,2023-09-01,175.3529
120841,quant Mid Cap Fund - Growth Option - Direct Plan,quant Mutual Fund,Equity Scheme - Mid Cap Fund,2023-09-04,177.596
120841,quant Mid Cap Fund - Growth Option - Direct Plan,quant Mutual Fund,Equity Scheme - Mid Cap Fund,2023-09-05,179.1531
120841,quant Mid Cap Fund - Growth Option - Direct Plan,quant Mutual Fund,Equity Scheme - Mid Cap Fund,2023-09-06,178.4506
120841,quant Mid Cap Fund - Growth Option - Direct Plan,quant Mutual Fund,Equity Scheme - Mid Cap Fund,2023-09-07,179.0615
120841,quant Mid Cap Fund - Growth Option - Direct Plan,quant Mutual Fund,Equity Scheme - Mid Cap Fund,2023-09-08,180.5312
120841,quant Mid Cap Fund - Growth Option - Direct Plan,quant Mutual Fund,Equity Scheme - Mid Cap Fund,2023-09-11,182.7023
120841,quant Mid Cap Fund - Growth Option - Direct Plan,quant Mutual Fund,Equity Scheme - Mid Cap Fund,2023-09-12,178.5377
120841,quant Mid Cap Fund - Growth Option - Direct Plan,quant Mutual Fund,Equity Scheme - Mid Cap Fund,2023-09-13,180.7573
120841,quant Mid Cap Fund - Growth Option - Direct Plan,quant Mutual Fund,Equity Scheme - Mid Cap Fund,2023-09-14,181.7795
120841,quant Mid Cap Fund - Growth Option - Direct Plan,quant Mutual Fund,Equity Scheme - Mid Cap Fund,2023-09-15,181.8206
120841,quant Mid Cap Fund - Growth Option - Direct Plan,quant Mutual Fund,Equity Scheme - Mid Cap Fund,2023-09-18,181.3955
120841,quant Mid Cap Fund - Growth Option - Direct Plan,quant Mutual Fund,Equity Scheme - Mid Cap Fund,2023-09-20,179.8008
120841,quant Mid Cap Fund - Growth Option - Direct Plan,quant Mutual Fund,Equity Scheme - Mid Cap Fund,2023-09-21,178.7128
120841,quant Mid Cap Fund - Growth Option - Direct Plan,quant Mutual Fund,Equity Scheme - Mid Cap Fund,2023-09-22,178.4228
120841,quant Mid Cap Fund - Growth Option - Direct Plan,quant Mutual Fund,Equity Scheme - Mid Cap Fund,2023-09-25,180.2127
120841,quant Mid Cap Fund - Growth Option - Direct Plan,quant Mutual Fund,Equity Scheme - Mid Cap Fund,2023-09-26,180.7082
120841,quant Mid Cap Fund - Growth Option - Direct Plan,quant Mutual Fund,Equity Scheme - Mid Cap Fund,2023-09-27,182.1994
120841,quant Mid Cap Fund - Growth Option - Direct Plan,quant Mutual Fund,Equity Scheme - Mid Cap Fund,2023-09-29,182.3211
120841,quant Mid Cap Fund - Growth Option - Direct Plan,quant Mutual Fund,Equity Scheme - Mid Cap Fund,2023-10-03,182.3246
120841,quant Mid Cap Fund - Growth Option - Direct Plan,quant Mutual Fund,Equity Scheme - Mid Cap Fund,2023-10-04,179.6064
120841,quant Mid Cap Fund - Growth Option - Direct Plan,quant Mutual Fund,Equity Scheme - Mid Cap Fund,2023-10-05,179.3514
120841,quant Mid Cap Fund - Growth Option - Direct Plan,quant Mutual Fund,Equity Scheme - Mid Cap Fund,2023-10-06,180.1273
120841,quant Mid Cap Fund - Growth Option - Direct Plan,quant Mutual Fund,Equity Scheme - Mid Cap Fund,2023-10-09,177.6778
120841,quant Mid Cap Fund - Growth Option - Direct Plan,quant Mutual Fund,Equity Scheme - Mid Cap Fund,2023-10-10,180.4485
120841,quant Mid Cap Fund - Growth Option - Direct Plan,quant Mutual Fund,Equity Scheme - Mid Cap Fund,2023-10-11,181.7082
120841,quant Mid Cap Fund - Growth Option - Direct Plan,quant Mutual Fund,Equity Scheme - Mid Cap Fund,2023-10-12,184.6935
120841,quant Mid Cap Fund - Growth Option - Direct Plan,quant Mutual Fund,Equity Scheme - Mid Cap Fund,2023-10-13,183.7232
120841,quant Mid Cap Fund - Growth Option - Direct Plan,quant Mutual Fund,Equity Scheme - Mid Cap Fund,2023-10-16,184.1322
120841,quant Mid Cap Fund - Growth Option - Direct Plan,quant Mutual Fund,Equity Scheme - Mid Cap Fund,2023-10-17,184.7153
120841,quant Mid Cap Fund - Growth Option - Direct Plan,quant Mutual Fund,Equity Scheme - Mid Cap Fund,2023-10-18,182.6142
120841,quant Mid Cap Fund - Growth Option - Direct Plan,quant Mutual Fund,Equity Scheme - Mid Cap Fund,2023-10-19,182.8728
120841,quant Mid Cap Fund - Growth Option - Direct Plan,quant Mutual Fund,Equity Scheme - Mid Cap Fund,2023-10-20,180.2728
120841,quant Mid Cap Fund - Growth Option - Direct Plan,quant Mutual Fund,Equity Scheme - Mid Cap Fund,2023-10-23,175.6322
120841,quant Mid Cap Fund - Growth Option - Direct Plan,quant Mutual Fund,Equity Scheme - Mid Cap Fund,2023-10-25,174.6533
120841,quant Mid Cap Fund - Growth Option - Direct Plan,quant Mutual Fund,Equity Scheme - Mid Cap Fund,2023-10-26,173.6302
120841,quant Mid Cap Fund - Growth Option - Direct Plan,quant Mutual Fund,Equity Scheme - Mid Cap Fund,2023-10-27,175.7887
120841,quant Mid Cap Fund - Growth Option - Direct Plan,quant Mutual Fund,Equity Scheme - Mid Cap Fund,2023-10-30,176.3726
120841,quant Mid Cap Fund - Growth Option - Direct Plan,quant Mutual Fund,Equity Scheme - Mid Cap Fund,2023-10-31,176.4723
120841,quant Mid Cap Fund - Growth Option - Direct Plan,quant Mutual Fund,Equity Scheme - Mid Cap Fund,2023-11-01,176.6655
120841,quant Mid Cap Fund - Growth Option - Direct Plan,quant Mutual Fund,Equity Scheme - Mid Cap Fund,2023-11-02,179.9886
120841,quant Mid Cap Fund - Growth Option - Direct Plan,quant Mutual Fund,Equity Scheme - Mid Cap Fund,2023-11-03,180.4761
120841,quant Mid Cap Fund - Growth Option - Direct Plan,quant Mutual Fund,Equity Scheme - Mid Cap Fund,2023-11-06,182.0635
120841,quant Mid Cap Fund - Growth Option - Direct Plan,quant Mutual Fund,Equity Scheme - Mid Cap Fund,2023-11-07,182.9201
120841,quant Mid Cap Fund - Growth Option - Direct Plan,quant Mutual Fund,Equity Scheme - Mid Cap Fund,2023-11-08,184.4927
120841,quant Mid Cap Fund - Growth Option - Direct Plan,quant Mutual Fund,Equity Scheme - Mid Cap Fund,2023-11-09,184.0495
120841,quant Mid Cap Fund - Growth Option - Direct Plan,quant Mutual Fund,Equity Scheme - Mid Cap Fund,2023-11-10,184.5793
120841,quant Mid Cap Fund - Growth Option - Direct Plan,quant Mutual Fund,Equity Scheme - Mid Cap Fund,2023-11-13,185.9812
120841,quant Mid Cap Fund - Growth Option - Direct Plan,quant Mutual Fund,Equity Scheme - Mid Cap Fund,2023-11-15,186.2844
120841,quant Mid Cap Fund - Growth Option - Direct Plan,quant Mutual Fund,Equity Scheme - Mid Cap Fund,2023-11-16,188.056
120841,quant Mid Cap Fund - Growth Option - Direct Plan,quant Mutual Fund,Equity Scheme - Mid Cap Fund,2023-11-17,187.8988
120841,quant Mid Cap Fund - Growth Option - Direct Plan,quant Mutual Fund,Equity Scheme - Mid Cap Fund,2023-11-20,187.4619
120841,quant Mid Cap Fund - Growth Option - Direct Plan,quant Mutual Fund,Equity Scheme - Mid Cap Fund,2023-11-21,187.9369
120841,quant Mid Cap Fund - Growth Option - Direct Plan,quant Mutual Fund,Equity Scheme - Mid Cap Fund,2023-11-22,187.7058
120841,quant Mid Cap Fund - Growth Option - Direct Plan,quant Mutual Fund,Equity Scheme - Mid Cap Fund,2023-11-23,187.2964
120841,quant Mid Cap Fund - Growth Option - Direct Plan,quant Mutual Fund,Equity Scheme - Mid Cap Fund,2023-11-24,188.3907
120841,quant Mid Cap Fund - Growth Option - Direct Plan,quant Mutual Fund,Equity Scheme - Mid Cap Fund,2023-11-28,190.1236
120841,quant Mid Cap Fund - Growth Option - Direct Plan,quant Mutual Fund,Equity Scheme - Mid Cap Fund,2023-11-29,191.4374
120841,quant Mid Cap Fund - Growth Option - Direct Plan,quant Mutual Fund,Equity Scheme - Mid Cap Fund,2023-11-30,193.1175
120841,quant Mid Cap Fund - Growth Option - Direct Plan,quant Mutual Fund,Equity Scheme - Mid Cap Fund,2023-12-01,195.4307
120841,quant Mid Cap Fund - Growth Option - Direct Plan,quant Mutual Fund,Equity Scheme - Mid Cap Fund,2023-12-04,197.1594
120841,quant Mid Cap Fund - Growth Option - Direct Plan,quant Mutual Fund,Equity Scheme - Mid Cap Fund,2023-12-05,198.5721
120841,quant Mid Cap Fund - Growth Option - Direct Plan,quant Mutual Fund,Equity Scheme - Mid Cap Fund,2023-12-06,198.8836
120841,quant Mid Cap Fund - Growth Option - Direct Plan,quant Mutual Fund,Equity Scheme - Mid Cap Fund,2023-12-07,200.4017
120841,quant Mid Cap Fund - Growth Option - Direct Plan,quant Mutual Fund,Equity Scheme - Mid Cap Fund,2023-12-08,197.9955
120841,quant Mid Cap Fund - Growth Option - Direct Plan,quant Mutual Fund,Equity Scheme - Mid Cap Fund,2023-12-11,199.035
120841,quant Mid Cap Fund - Growth Option - Direct Plan,quant Mutual Fund,Equity Scheme - Mid Cap Fund,2023-12-12,197.3596
120841,quant Mid Cap Fund - Growth Option - Direct Plan,quant Mutual Fund,Equity Scheme - Mid Cap Fund,2023-12-13,198.1083
120841,quant Mid Cap Fund - Growth Option - Direct Plan,quant Mutual Fund,Equity Scheme - Mid Cap Fund,2023-12-14,200.3266
120841,quant Mid Cap Fund - Growth Option - Direct Plan,quant Mutual Fund,Equity Scheme - Mid Cap Fund,2023-12-15,201.5599
120841,quant Mid Cap Fund - Growth Option - Direct Plan,quant Mutual Fund,Equity Scheme - Mid Cap Fund,2023-12-18,202.5117
120841,quant Mid Cap Fund - Growth Option - Direct Plan,quant Mutual Fund,Equity Scheme - Mid Cap Fund,2023-12-19,202.1036
120841,quant Mid Cap Fund - Growth Option - Direct Plan,quant Mutual Fund,Equity Scheme - Mid Cap Fund,2023-12-20,195.5966
120841,quant Mid Cap Fund - Growth Option - Direct Plan,quant Mutual Fund,Equity Scheme - Mid Cap Fund,2023-12-21,200.3601
120841,quant Mid Cap Fund - Growth Option - Direct Plan,quant Mutual Fund,Equity Scheme - Mid Cap Fund,2023-12-22,200.7116
120841,quant Mid Cap Fund - Growth Option - Direct Plan,quant Mutual Fund,Equity Scheme - Mid Cap Fund,2023-12-26,201.2701
120841,quant Mid Cap Fund - Growth Option - Direct Plan,quant Mutual Fund,Equity Scheme - Mid Cap Fund,2023-12-27,201.6236
120841,quant Mid Cap Fund - Growth Option - Direct Plan,quant Mutual Fund,Equity Scheme - Mid Cap Fund,2023-12-28,204.9905
120841,quant Mid Cap Fund - Growth Option - Direct Plan,quant Mutual Fund,Equity Scheme - Mid Cap Fund,2023-12-29,204.9528
120841,quant Mid Cap Fund - Growth Option - Direct Plan,quant Mutual Fund,Equity Scheme - Mid Cap Fund,2024-01-01,205.9027
120841,quant Mid Cap Fund - Growth Option - Direct Plan,quant Mutual Fund,Equity Scheme - Mid Cap Fund,2024-01-02,206.992
120841,quant Mid Cap Fund - Growth Option - Direct Plan,quant Mutual Fund,Equity Scheme - Mid Cap Fund,2024-01-03,207.2425
120841,quant Mid Cap Fund - Growth Option - Direct Plan,quant Mutual Fund,Equity Scheme - Mid Cap Fund,2024-01-04,210.044
120841,quant Mid Cap Fund - Growth Option - Direct Plan,quant Mutual Fund,Equity Scheme - Mid Cap Fund,2024-01-05,210.1649
120841,quant Mid Cap Fund - Growth Option - Direct Plan,quant Mutual Fund,Equity Scheme - Mid Cap Fund,2024-01-08,207.5449
120841,quant Mid Cap Fund - Growth Option - Direct Plan,quant Mutual Fund,Equity Scheme - Mid Cap Fund,2024-01-09,208.2746
120841,quant Mid Cap Fund - Growth Option - Direct Plan,quant Mutual Fund,Equity Scheme - Mid Cap Fund,2024-01-10,208.8334
120841,quant Mid Cap Fund - Growth Option - Direct Plan,quant Mutual Fund,Equity Scheme - Mid Cap Fund,2024-01-11,210.0325
120841,quant Mid Cap Fund - Growth Option - Direct Plan,quant Mutual Fund,Equity Scheme - Mid Cap Fund,2024-01-12,211.1379
120841,quant Mid Cap Fund - Growth Option - Direct Plan,quant Mutual Fund,Equity Scheme - Mid Cap Fund,2024-01-15,213.8548
120841,quant Mid Cap Fund - Growth Option - Direct Plan,quant Mutual Fund,Equity Scheme - Mid Cap Fund,2024-01-16,212.2606
120841,quant Mid Cap Fund - Growth Option - Direct Plan,quant Mutual Fund,Equity Scheme - Mid Cap Fund,2024-01-17,209.5256
120841,quant Mid Cap Fund - Growth Option - Direct Plan,quant Mutual Fund,Equity Scheme - Mid Cap Fund,2024-01-18,212.8968
120841,quant Mid Cap Fund - Growth Option - Direct Plan,quant Mutual Fund,Equity Scheme - Mid Cap Fund,2024-01-19,217.1791
120841,quant Mid Cap Fund - Growth Option - Direct Plan,quant Mutual Fund,Equity Scheme - Mid Cap Fund,2024-01-23,210.7529
120841,quant Mid Cap Fund - Growth Option - Direct Plan,quant Mutual Fund,Equity Scheme - Mid Cap Fund,2024-01-24,214.264
120841,quant Mid Cap Fund - Growth Option - Direct Plan,quant Mutual Fund,Equity Scheme - Mid Cap Fund,2024-01-25,216.4988
120841,quant Mid Cap Fund - Growth Option - Direct Plan,quant Mutual Fund,Equity Scheme - Mid Cap Fund,2024-01-29,221.2243
120841,quant Mid Cap Fund - Growth Option - Direct Plan,quant Mutual Fund,Equity Scheme - Mid Cap Fund,2024-01-30,220.0328
120841,quant Mid Cap Fund - Growth Option - Direct Plan,quant Mutual Fund,Equity Scheme - Mid Cap Fund,2024-01-31,222.4922
120841,quant Mid Cap Fund - Growth Option - Direct Plan,quant Mutual Fund,Equity Scheme - Mid Cap Fund,2024-02-01,221.5425
120841,quant Mid Cap Fund - Growth Option - Direct Plan,quant Mutual Fund,Equity Scheme - Mid Cap Fund,2024-02-02,224.8078
120841,quant Mid Cap Fund - Growth Option - Direct Plan,quant Mutual Fund,Equity Scheme - Mid Cap Fund,2024-02-05,227.471
120841,quant Mid Cap Fund - Growth Option - Direct Plan,quant Mutual Fund,Equity Scheme - Mid Cap Fund,2024-02-06,229.7084
120841,quant Mid Cap Fund - Growth Option - Direct Plan,quant Mutual Fund,Equity Scheme - Mid Cap Fund,2024-02-07,230.5055
120841,quant Mid Cap Fund - Growth Option - Direct Plan,quant Mutual Fund,Equity Scheme - Mid Cap Fund,2024-02-08,230.7531
120841,quant Mid Cap Fund - Growth Option - Direct Plan,quant Mutual Fund,Equity Scheme - Mid Cap Fund,2024-02-09,229.718
120841,quant Mid Cap Fund - Growth Option - Direct Plan,quant Mutual Fund,Equity Scheme - Mid Cap Fund,2024-02-12,223.6698
120841,quant Mid Cap Fund - Growth Option - Direct Plan,quant Mutual Fund,Equity Scheme - Mid Cap Fund,2024-02-13,224.633
120841,quant Mid Cap Fund - Growth Option - Direct Plan,quant Mutual Fund,Equity Scheme - Mid Cap Fund,2024-02-14,226.8667
120841,quant Mid Cap Fund - Growth Option - Direct Plan,quant Mutual Fund,Equity Scheme - Mid Cap Fund,2024-02-15,230.8369
120841,quant Mid Cap Fund - Growth Option - Direct Plan,quant Mutual Fund,Equity Scheme - Mid Cap Fund,2024-02-16,231.4292
120841,quant Mid Cap Fund - Growth Option - Direct Plan,quant Mutual Fund,Equity Scheme - Mid Cap Fund,2024-02-19,233.2058
120841,quant Mid Cap Fund - Growth Option - Direct Plan,quant Mutual Fund,Equity Scheme - Mid Cap Fund,2024-02-20,232.8586
120841,quant Mid Cap Fund - Growth Option - Direct Plan,quant Mutual Fund,Equity Scheme - Mid Cap Fund,2024-02-21,229.8352
120841,quant Mid Cap Fund - Growth Option - Direct Plan,quant Mutual Fund,Equity Scheme - Mid Cap Fund,2024-02-22,232.5025
120841,quant Mid Cap Fund - Growth Option - Direct Plan,quant Mutual Fund,Equity Scheme - Mid Cap Fund,2024-02-23,233.061
120841,quant Mid Cap Fund - Growth Option - Direct Plan,quant Mutual Fund,Equity Scheme - Mid Cap Fund,2024-02-26,231.8795
120841,quant Mid Cap Fund - Growth Option - Direct Plan,quant Mutual Fund,Equity Scheme - Mid Cap Fund,2024-02-27,230.4211
120841,quant Mid Cap Fund - Growth Option - Direct Plan,quant Mutual Fund,Equity Scheme - Mid Cap Fund,2024-02-28,227.1551
120841,quant Mid Cap Fund - Growth Option - Direct Plan,quant Mutual Fund,Equity Scheme - Mid Cap Fund,2024-02-29,228.3154
120841,quant Mid Cap Fund - Growth Option - Direct Plan,quant Mutual Fund,Equity Scheme - Mid Cap Fund,2024-03-01,231.8163
120841,quant Mid Cap Fund - Growth Option - Direct Plan,quant Mutual Fund,Equity Scheme - Mid Cap Fund,2024-03-04,237.4278
120841,quant Mid Cap Fund - Growth Option - Direct Plan,quant Mutual Fund,Equity Scheme - Mid Cap Fund,2024-03-05,237.785
120841,quant Mid Cap Fund - Growth Option - Direct Plan,quant Mutual Fund,Equity Scheme - Mid Cap Fund,2024-03-06,235.9664
120841,quant Mid Cap Fund - Growth Option - Direct Plan,quant Mutual Fund,Equity Scheme - Mid Cap Fund,2024-03-07,236.2258
120841,quant Mid Cap Fund - Growth Option - Direct Plan,quant Mutual Fund,Equity Scheme - Mid Cap Fund,2024-03-11,235.0175
120841,quant Mid Cap Fund - Growth Option - Direct Plan,quant Mutual Fund,Equity Scheme - Mid Cap Fund,2024-03-12,233.8408
120841,quant Mid Cap Fund - Growth Option - Direct Plan,quant Mutual Fund,Equity Scheme - Mid Cap Fund,2024-03-13,222.2214
120841,quant Mid Cap Fund - Growth Option - Direct Plan,quant Mutual Fund,Equity Scheme - Mid Cap Fund,2024-03-14,226.1193
120841,quant Mid Cap Fund - Growth Option - Direct Plan,quant Mutual Fund,Equity Scheme - Mid Cap Fund,2024-03-15,223.9447
120841,quant Mid Cap Fund - Growth Option - Direct Plan,quant Mutual Fund,Equity Scheme - Mid Cap Fund,2024-03-18,227.5049
120841,quant Mid Cap Fund - Growth Option - Direct Plan,quant Mutual Fund,Equity Scheme - Mid Cap Fund,2024-03-19,223.281
120841,quant Mid Cap Fund - Growth Option - Direct Plan,quant Mutual Fund,Equity Scheme - Mid Cap Fund,2024-03-20,224.0817
120841,quant Mid Cap Fund - Growth Option - Direct Plan,quant Mutual Fund,Equity Scheme - Mid Cap Fund,2024-03-21,228.5007
120841,quant Mid Cap Fund - Growth Option - Direct Plan,quant Mutual Fund,Equity Scheme - Mid Cap Fund,2024-03-22,228.6795
120841,quant Mid Cap Fund - Growth Option - Direct Plan,quant Mutual Fund,Equity Scheme - Mid Cap Fund,2024-03-26,230.4922
120841,quant Mid Cap Fund - Growth Option - Direct Plan,quant Mutual Fund,Equity Scheme - Mid Cap Fund,2024-03-27,231.2945
120841,quant Mid Cap Fund - Growth Option - Direct Plan,quant Mutual Fund,Equity Scheme - Mid Cap Fund,2024-03-28,233.2261
120841,quant Mid Cap Fund - Growth Option - Direct Plan,quant Mutual Fund,Equity Scheme - Mid Cap Fund,2024-03-31,233.2192
120841,quant Mid Cap Fund - Growth Option - Direct Plan,quant Mutual Fund,Equity Scheme - Mid Cap Fund,2024-04-01,237.4406
120841,quant Mid Cap Fund - Growth Option - Direct Plan,quant Mutual Fund,Equity Scheme - Mid Cap Fund,2024-04-02,240.2601
120841,quant Mid Cap Fund - Growth Option - Direct Plan,quant Mutual Fund,Equity Scheme - Mid Cap Fund,2024-04-03,243.228
120841,quant Mid Cap Fund - Growth Option - Direct Plan,quant Mutual Fund,Equity Scheme - Mid Cap Fund,2024-04-04,242.4742
120841,quant Mid Cap Fund - Growth Option - Direct Plan,quant Mutual Fund,Equity Scheme - Mid Cap Fund,2024-04-05,242.7884
120841,quant Mid Cap Fund - Growth Option - Direct Plan,quant Mutual Fund,Equity Scheme - Mid Cap Fund,2024-04-08,242.6806
120841,quant Mid Cap Fund - Growth Option - Direct Plan,quant Mutual Fund,Equity Scheme - Mid Cap Fund,2024-04-09,242.3212
120841,quant Mid Cap Fund - Growth Option - Direct Plan,quant Mutual Fund,Equity Scheme - Mid Cap Fund,2024-04-10,244.7396
120841,quant Mid Cap Fund - Growth Option - Direct Plan,quant Mutual Fund,Equity Scheme - Mid Cap Fund,2024-04-12,242.7975
120841,quant Mid Cap Fund - Growth Option - Direct Plan,quant Mutual Fund,Equity Scheme - Mid Cap Fund,2024-04-15,239.8675
120841,quant Mid Cap Fund - Growth Option - Direct Plan,quant Mutual Fund,Equity Scheme - Mid Cap Fund,2024-04-16,240.657
120841,quant Mid Cap Fund - Growth Option - Direct Plan,quant Mutual Fund,Equity Scheme - Mid Cap Fund,2024-04-18,241.6394
120841,quant Mid Cap Fund - Growth Option - Direct Plan,quant Mutual Fund,Equity Scheme - Mid Cap Fund,2024-04-19,240.6565
120841,quant Mid Cap Fund - Growth Option - Direct Plan,quant Mutual Fund,Equity Scheme - Mid Cap Fund,2024-04-22,242.4256
120841,quant Mid Cap Fund - Growth Option - Direct Plan,quant Mutual Fund,Equity Scheme - Mid Cap Fund,2024-04-23,244.5888
120841,quant Mid Cap Fund - Growth Option - Direct Plan,quant Mutual Fund,Equity Scheme - Mid Cap Fund,2024-04-24,247.1766
120841,quant Mid Cap Fund - Growth Option - Direct Plan,quant Mutual Fund,Equity Scheme - Mid Cap Fund,2024-04-25,249.7039
120841,quant Mid Cap Fund - Growth Option - Direct Plan,quant Mutual Fund,Equity Scheme - Mid Cap Fund,2024-04-26,254.0366
120841,quant Mid Cap Fund - Growth Option - Direct Plan,quant Mutual Fund,Equity Scheme - Mid Cap Fund,2024-04-29,252.8921
120841,quant Mid Cap Fund - Growth Option - Direct Plan,quant Mutual Fund,Equity Scheme - Mid Cap Fund,2024-04-30,252.92
120841,quant Mid Cap Fund - Growth Option - Direct Plan,quant Mutual Fund,Equity Scheme - Mid Cap Fund,2024-05-02,255.2092
120841,quant Mid Cap Fund - Growth Option - Direct Plan,quant Mutual Fund,Equity Scheme - Mid Cap Fund,2024-05-03,254.9479
120841,quant Mid Cap Fund - Growth Option - Direct Plan,quant Mutual Fund,Equity Scheme - Mid Cap Fund,2024-05-06,252.0095
120841,quant Mid Cap Fund - Growth Option - Direct Plan,quant Mutual Fund,Equity Scheme - Mid Cap Fund,2024-05-07,246.4945
120841,quant Mid Cap Fund - Growth Option - Direct Plan,quant Mutual Fund,Equity Scheme - Mid Cap Fund,2024-05-08,248.6217
120841,quant Mid Cap Fund - Growth Option - Direct Plan,quant Mutual Fund,Equity Scheme - Mid Cap Fund,2024-05-09,243.9372
120841,quant Mid Cap Fund - Growth Option - Direct Plan,quant Mutual Fund,Equity Scheme - Mid Cap Fund,2024-05-10,246.5479
120841,quant Mid Cap Fund - Growth Option - Direct Plan,quant Mutual Fund,Equity Scheme - Mid Cap Fund,2024-05-13,247.7744
120841,quant Mid Cap Fund - Growth Option - Direct Plan,quant Mutual Fund,Equity Scheme - Mid Cap Fund,2024-05-14,252.3782
120841,quant Mid Cap Fund - Growth Option - Direct Plan,quant Mutual Fund,Equity Scheme - Mid Cap Fund,2024-05-15,253.3955
120841,quant Mid Cap Fund - Growth Option - Direct Plan,quant Mutual Fund,Equity Scheme - Mid Cap Fund,2024-05-16,254.8362
120841,quant Mid Cap Fund - Growth Option - Direct Plan,quant Mutual Fund,Equity Scheme - Mid Cap Fund,2024-05-17,258.8589
120841,quant Mid Cap Fund - Growth Option - Direct Plan,quant Mutual Fund,Equity Scheme - Mid Cap Fund,2024-05-21,263.7411
120841,quant Mid Cap Fund - Growth Option - Direct Plan,quant Mutual Fund,Equity Scheme - Mid Cap Fund,2024-05-22,262.3579
120841,quant Mid Cap Fund - Growth Option - Direct Plan,quant Mutual Fund,Equity Scheme - Mid Cap Fund,2024-05-23,264.2809
120841,quant Mid Cap Fund - Growth Option - Direct Plan,quant Mutual Fund,Equity Scheme - Mid Cap Fund,2024-05-24,264.4223
120841,quant Mid Cap Fund - Growth Option - Direct Plan,quant Mutual Fund,Equity Scheme - Mid Cap Fund,2024-05-27,261.4705
120841,quant Mid Cap Fund - Growth Option - Direct Plan,quant Mutual Fund,Equity Scheme - Mid Cap Fund,2024-05-28,259.1987
120841,quant Mid Cap Fund - Growth Option - Direct Plan,quant Mutual Fund,Equity Scheme - Mid Cap Fund,2024-05-29,259.0983
120841,quant Mid Cap Fund - Growth Option - Direct Plan,quant Mutual Fund,Equity Scheme - Mid Cap Fund,2024-05-30,258.6151
120841,quant Mid Cap Fund - Growth Option - Direct Plan,quant Mutual Fund,Equity Scheme - Mid Cap Fund,2024-05-31,260.132
120841,quant Mid Cap Fund - Growth Option - Direct Plan,quant Mutual Fund,Equity Scheme - Mid Cap Fund,2024-06-03,269.8003
120841,quant Mid Cap Fund - Growth Option - Direct Plan,quant Mutual Fund,Equity Scheme - Mid Cap Fund,2024-06-04,246.1066
120841,quant Mid Cap Fund - Growth Option - Direct Plan,quant Mutual Fund,Equity Scheme - Mid Cap Fund,2024-06-05,256.1055
120841,quant Mid Cap Fund - Growth Option - Direct Plan,quant Mutual Fund,Equity Scheme - Mid Cap Fund,2024-06-06,260.5948
120841,quant Mid Cap Fund - Growth Option - Direct Plan,quant Mutual Fund,Equity Scheme - Mid Cap Fund,2024-06-07,264.4803
120841,quant Mid Cap Fund - Growth Option - Direct Plan,quant Mutual Fund,Equity Scheme - Mid Cap Fund,2024-06-10,264.3561
120841,quant Mid Cap Fund - Growth Option - Direct Plan,quant Mutual Fund,Equity Scheme - Mid Cap Fund,2024-06-11,266.9125
120841,quant Mid Cap Fund - Growth Option - Direct Plan,quant Mutual Fund,Equity Scheme - Mid Cap Fund,2024-06-12,270.1379
120841,quant Mid Cap Fund - Growth Option - Direct Plan,quant Mutual Fund,Equity Scheme - Mid Cap Fund,2024-06-13,271.1238
120841,quant Mid Cap Fund - Growth Option - Direct Plan,quant Mutual Fund,Equity Scheme - Mid Cap Fund,2024-06-14,272.7989
120841,quant Mid Cap Fund - Growth Option - Direct Plan,quant Mutual Fund,Equity Scheme - Mid Cap Fund,2024-06-18,273.3525
120841,quant Mid Cap Fund - Growth Option - Direct Plan,quant Mutual Fund,Equity Scheme - Mid Cap Fund,2024-06-19,271.0897
120841,quant Mid Cap Fund - Growth Option - Direct Plan,quant Mutual Fund,Equity Scheme - Mid Cap Fund,2024-06-20,273.0696
120841,quant Mid Cap Fund - Growth Option - Direct Plan,quant Mutual Fund,Equity Scheme - Mid Cap Fund,2024-06-21,272.385
120841,quant Mid Cap Fund - Growth Option - Direct Plan,quant Mutual Fund,Equity Scheme - Mid Cap Fund,2024-06-24,269.8448
120841,quant Mid Cap Fund - Growth Option - Direct Plan,quant Mutual Fund,Equity Scheme - Mid Cap Fund,2024-06-25,270.0778
120841,quant Mid Cap Fund - Growth Option - Direct Plan,quant Mutual Fund,Equity Scheme - Mid Cap Fund,2024-06-26,269.6398
120841,quant Mid Cap Fund - Growth Option - Direct Plan,quant Mutual Fund,Equity Scheme - Mid Cap Fund,2024-06-27,269.7836
120841,quant Mid Cap Fund - Growth Option - Direct Plan,quant Mutual Fund,Equity Scheme - Mid Cap Fund,2024-06-28,270.8515
120841,quant Mid Cap Fund - Growth Option - Direct Plan,quant Mutual Fund,Equity Scheme - Mid Cap Fund,2024-07-01,272.8824
120841,quant Mid Cap Fund - Growth Option - Direct Plan,quant Mutual Fund,Equity Scheme - Mid Cap Fund,2024-07-02,273.4437
120841,quant Mid Cap Fund - Growth Option - Direct Plan,quant Mutual Fund,Equity Scheme - Mid Cap Fund,2024-07-03,275.9579
120841,quant Mid Cap Fund - Growth Option - Direct Plan,quant Mutual Fund,Equity Scheme - Mid Cap Fund,2024-07-04,276.7635
120841,quant Mid Cap Fund - Growth Option - Direct Plan,quant Mutual Fund,Equity Scheme - Mid Cap Fund,2024-07-05,278.4743
120841,quant Mid Cap Fund - Growth Option - Direct Plan,quant Mutual Fund,Equity Scheme - Mid Cap Fund,2024-07-08,277.6996
120841,quant Mid Cap Fund - Growth Option - Direct Plan,quant Mutual Fund,Equity Scheme - Mid Cap Fund,2024-07-09,279.5706
120841,quant Mid Cap Fund - Growth Option - Direct Plan,quant Mutual Fund,Equity Scheme - Mid Cap Fund,2024-07-10,277.7518
120841,quant Mid Cap Fund - Growth Option - Direct Plan,quant Mutual Fund,Equity Scheme - Mid Cap Fund,2024-07-11,278.2463
120841,quant Mid Cap Fund - Growth Option - Direct Plan,quant Mutual Fund,Equity Scheme - Mid Cap Fund,2024-07-12,278.2819
120841,quant Mid Cap Fund - Growth Option - Direct Plan,quant Mutual Fund,Equity Scheme - Mid Cap Fund,2024-07-15,281.1083
120841,quant Mid Cap Fund - Growth Option - Direct Plan,quant Mutual Fund,Equity Scheme - Mid Cap Fund,2024-07-16,281.0543
120841,quant Mid Cap Fund - Growth Option - Direct Plan,quant Mutual Fund,Equity Scheme - Mid Cap Fund,2024-07-18,278.1595
120841,quant Mid Cap Fund - Growth Option - Direct Plan,quant Mutual Fund,Equity Scheme - Mid Cap Fund,2024-07-19,272.5587
120841,quant Mid Cap Fund - Growth Option - Direct Plan,quant Mutual Fund,Equity Scheme - Mid Cap Fund,2024-07-22,273.1838
120841,quant Mid Cap Fund - Growth Option - Direct Plan,quant Mutual Fund,Equity Scheme - Mid Cap Fund,2024-07-23,271.8225
120841,quant Mid Cap Fund - Growth Option - Direct Plan,quant Mutual Fund,Equity Scheme - Mid Cap Fund,2024-07-24,272.8352
120841,quant Mid Cap Fund - Growth Option - Direct Plan,quant Mutual Fund,Equity Scheme - Mid Cap Fund,2024-07-25,271.9495
120841,quant Mid Cap Fund - Growth Option - Direct Plan,quant Mutual Fund,Equity Scheme - Mid Cap Fund,2024-07-26,275.7654
120841,quant Mid Cap Fund - Growth Option - Direct Plan,quant Mutual Fund,Equity Scheme - Mid Cap Fund,2024-07-29,276.5895
120841,quant Mid Cap Fund - Growth Option - Direct Plan,quant Mutual Fund,Equity Scheme - Mid Cap Fund,2024-07-30,276.394
120841,quant Mid Cap Fund - Growth Option - Direct Plan,quant Mutual Fund,Equity Scheme - Mid Cap Fund,2024-07-31,278.0632
120841,quant Mid Cap Fund - Growth Option - Direct Plan,quant Mutual Fund,Equity Scheme - Mid Cap Fund,2024-08-01,277.2299
120841,quant Mid Cap Fund - Growth Option - Direct Plan,quant Mutual Fund,Equity Scheme - Mid Cap Fund,2024-08-02,274.6382
120841,quant Mid Cap Fund - Growth Option - Direct Plan,quant Mutual Fund,Equity Scheme - Mid Cap Fund,2024-08-05,265.4979
120841,quant Mid Cap Fund - Growth Option - Direct Plan,quant Mutual Fund,Equity Scheme - Mid Cap Fund,2024-08-06,263.3229
120841,quant Mid Cap Fund - Growth Option - Direct Plan,quant Mutual Fund,Equity Scheme - Mid Cap Fund,2024-08-07,269.1662
120841,quant Mid Cap Fund - Growth Option - Direct Plan,quant Mutual Fund,Equity Scheme - Mid Cap Fund,2024-08-08,269.6324
120841,quant Mid Cap Fund - Growth Option - Direct Plan,quant Mutual Fund,Equity Scheme - Mid Cap Fund,2024-08-09,267.936
120841,quant Mid Cap Fund - Growth Option - Direct Plan,quant Mutual Fund,Equity Scheme - Mid Cap Fund,2024-08-12,267.8991
120841,quant Mid Cap Fund - Growth Option - Direct Plan,quant Mutual Fund,Equity Scheme - Mid Cap Fund,2024-08-13,266.6449
120841,quant Mid Cap Fund - Growth Option - Direct Plan,quant Mutual Fund,Equity Scheme - Mid Cap Fund,2024-08-14,264.9184
120841,quant Mid Cap Fund - Growth Option - Direct Plan,quant Mutual Fund,Equity Scheme - Mid Cap Fund,2024-08-16,268.1138
120841,quant Mid Cap Fund - Growth Option - Direct Plan,quant Mutual Fund,Equity Scheme - Mid Cap Fund,2024-08-19,270.7532
120841,quant Mid Cap Fund - Growth Option - Direct Plan,quant Mutual Fund,Equity Scheme - Mid Cap Fund,2024-08-20,272.1785
120841,quant Mid Cap Fund - Growth Option - Direct Plan,quant Mutual Fund,Equity Scheme - Mid Cap Fund,2024-08-21,273.4851
120841,quant Mid Cap Fund - Growth Option - Direct Plan,quant Mutual Fund,Equity Scheme - Mid Cap Fund,2024-08-22,274.1903
120841,quant Mid Cap Fund - Growth Option - Direct Plan,quant Mutual Fund,Equity Scheme - Mid Cap Fund,2024-08-23,273.0467
120841,quant Mid Cap Fund - Growth Option - Direct Plan,quant Mutual Fund,Equity Scheme - Mid Cap Fund,2024-08-26,275.7407
120841,quant Mid Cap Fund - Growth Option - Direct Plan,quant Mutual Fund,Equity Scheme - Mid Cap Fund,2024-08-27,274.5194
120841,quant Mid Cap Fund - Growth Option - Direct Plan,quant Mutual Fund,Equity Scheme - Mid Cap Fund,2024-08-28,273.5284
120841,quant Mid Cap Fund - Growth Option - Direct Plan,quant Mutual Fund,Equity Scheme - Mid Cap Fund,2024-08-29,272.5436
120841,quant Mid Cap Fund - Growth Option - Direct Plan,quant Mutual Fund,Equity Scheme - Mid Cap Fund,2024-08-30,271.8752
120841,quant Mid Cap Fund - Growth Option - Direct Plan,quant Mutual Fund,Equity Scheme - Mid Cap Fund,2024-09-02,271.6547
120841,quant Mid Cap Fund - Growth Option - Direct Plan,quant Mutual Fund,Equity Scheme - Mid Cap Fund,2024-09-03,271.965
120841,quant Mid Cap Fund - Growth Option - Direct Plan,quant Mutual Fund,Equity Scheme - Mid Cap Fund,2024-09-04,271.3858
120841,quant Mid Cap Fund - Growth Option - Direct Plan,quant Mutual Fund,Equity Scheme - Mid Cap Fund,2024-09-05,270.8388
120841,quant Mid Cap Fund - Growth Option - Direct Plan,quant Mutual Fund,Equity Scheme - Mid Cap Fund,2024-09-06,269.5129
120841,quant Mid Cap Fund - Growth Option - Direct Plan,quant Mutual Fund,Equity Scheme - Mid Cap Fund,2024-09-09,268.7608
120841,quant Mid Cap Fund - Growth Option - Direct Plan,quant Mutual Fund,Equity Scheme - Mid Cap Fund,2024-09-10,270.5326
120841,quant Mid Cap Fund - Growth Option - Direct Plan,quant Mutual Fund,Equity Scheme - Mid Cap Fund,2024-09-11,268.7056
120841,quant Mid Cap Fund - Growth Option - Direct Plan,quant Mutual Fund,Equity Scheme - Mid Cap Fund,2024-09-12,271.53
120841,quant Mid Cap Fund - Growth Option - Direct Plan,quant Mutual Fund,Equity Scheme - Mid Cap Fund,2024-09-13,274.1736
120841,quant Mid Cap Fund - Growth Option - Direct Plan,quant Mutual Fund,Equity Scheme - Mid Cap Fund,2024-09-16,273.4417
120841,quant Mid Cap Fund - Growth Option - Direct Plan,quant Mutual Fund,Equity Scheme - Mid Cap Fund,2024-09-17,272.8506
120841,quant Mid Cap Fund - Growth Option - Direct Plan,quant Mutual Fund,Equity Scheme - Mid Cap Fund,2024-09-18,270.8616
120841,quant Mid Cap Fund - Growth Option - Direct Plan,quant Mutual Fund,Equity Scheme - Mid Cap Fund,2024-09-19,268.5655
120841,quant Mid Cap Fund - Growth Option - Direct Plan,quant Mutual Fund,Equity Scheme - Mid Cap Fund,2024-09-20,270.5107
120841,quant Mid Cap Fund - Growth Option - Direct Plan,quant Mutual Fund,Equity Scheme - Mid Cap Fund,2024-09-23,272.0416
120841,quant Mid Cap Fund - Growth Option - Direct Plan,quant Mutual Fund,Equity Scheme - Mid Cap Fund,2024-09-24,273.07
120841,quant Mid Cap Fund - Growth Option - Direct Plan,quant Mutual Fund,Equity Scheme - Mid Cap Fund,2024-09-25,273.8049
120841,quant Mid Cap Fund - Growth Option - Direct Plan,quant Mutual Fund,Equity Scheme - Mid Cap Fund,2024-09-26,275.1799
120841,quant Mid Cap Fund - Growth Option - Direct Plan,quant Mutual Fund,Equity Scheme - Mid Cap Fund,2024-09-27,276.8504
120841,quant Mid Cap Fund - Growth Option - Direct Plan,quant Mutual Fund,Equity Scheme - Mid Cap Fund,2024-09-30,274.5914
120841,quant Mid Cap Fund - Growth Option - Direct Plan,quant Mutual Fund,Equity Scheme - Mid Cap Fund,2024-10-01,274.7178
120841,quant Mid Cap Fund - Growth Option - Direct Plan,quant Mutual Fund,Equity Scheme - Mid Cap Fund,2024-10-03,270.3234
120841,quant Mid Cap Fund - Growth Option - Direct Plan,quant Mutual Fund,Equity Scheme - Mid Cap Fund,2024-10-04,268.0292
120841,quant Mid Cap Fund - Growth Option - Direct Plan,quant Mutual Fund,Equity Scheme - Mid Cap Fund,2024-10-07,262.0336
120841,quant Mid Cap Fund - Growth Option - Direct Plan,quant Mutual Fund,Equity Scheme - Mid Cap Fund,2024-10-08,266.6238
120841,quant Mid Cap Fund - Growth Option - Direct Plan,quant Mutual Fund,Equity Scheme - Mid Cap Fund,2024-10-09,267.5266
120841,quant Mid Cap Fund - Growth Option - Direct Plan,quant Mutual Fund,Equity Scheme - Mid Cap Fund,2024-10-10,265.5001
120841,quant Mid Cap Fund - Growth Option - Direct Plan,quant Mutual Fund,Equity Scheme - Mid Cap Fund,2024-10-11,266.9949
120841,quant Mid Cap Fund - Growth Option - Direct Plan,quant Mutual Fund,Equity Scheme - Mid Cap Fund,2024-10-14,266.9509
120841,quant Mid Cap Fund - Growth Option - Direct Plan,quant Mutual Fund,Equity Scheme - Mid Cap Fund,2024-10-15,265.9668
120841,quant Mid Cap Fund - Growth Option - Direct Plan,quant Mutual Fund,Equity Scheme - Mid Cap Fund,2024-10-16,265.5359
120841,quant Mid Cap Fund - Growth Option - Direct Plan,quant Mutual Fund,Equity Scheme - Mid Cap Fund,2024-10-17,262.7987
120841,quant Mid Cap Fund - Growth Option - Direct Plan,quant Mutual Fund,Equity Scheme - Mid Cap Fund,2024-10-18,263.2812
120841,quant Mid Cap Fund - Growth Option - Direct Plan,quant Mutual Fund,Equity Scheme - Mid Cap Fund,2024-10-21,260.1379
120841,quant Mid Cap Fund - Growth Option - Direct Plan,quant Mutual Fund,Equity Scheme - Mid Cap Fund,2024-10-22,254.9976
120841,quant Mid Cap Fund - Growth Option - Direct Plan,quant Mutual Fund,Equity Scheme - Mid Cap Fund,2024-10-23,254.7688
120841,quant Mid Cap Fund - Growth Option - Direct Plan,quant Mutual Fund,Equity Scheme - Mid Cap Fund,2024-10-24,254.332
120841,quant Mid Cap Fund - Growth Option - Direct Plan,quant Mutual Fund,Equity Scheme - Mid Cap Fund,2024-10-25,249.7438
120841,quant Mid Cap Fund - Growth Option - Direct Plan,quant Mutual Fund,Equity Scheme - Mid Cap Fund,2024-10-28,250.392
120841,quant Mid Cap Fund - Growth Option - Direct Plan,quant Mutual Fund,Equity Scheme - Mid Cap Fund,2024-10-29,251.7044
120841,quant Mid Cap Fund - Growth Option - Direct Plan,quant Mutual Fund,Equity Scheme - Mid Cap Fund,2024-10-30,255.0505
120841,quant Mid Cap Fund - Growth Option - Direct Plan,quant Mutual Fund,Equity Scheme - Mid Cap Fund,2024-10-31,253.5332
120841,quant Mid Cap Fund - Growth Option - Direct Plan,quant Mutual Fund,Equity Scheme - Mid Cap Fund,2024-11-04,251.6918
120841,quant Mid Cap Fund - Growth Option - Direct Plan,quant Mutual Fund,Equity Scheme - Mid Cap Fund,2024-11-05,252.3112
120841,quant Mid Cap Fund - Growth Option - Direct Plan,quant Mutual Fund,Equity Scheme - Mid Cap Fund,2024-11-06,256.9198
120841,quant Mid Cap Fund - Growth Option - Direct Plan,quant Mutual Fund,Equity Scheme - Mid Cap Fund,2024-11-07,253.7427
120841,quant Mid Cap Fund - Growth Option - Direct Plan,quant Mutual Fund,Equity Scheme - Mid Cap Fund,2024-11-08,250.1345
120841,quant Mid Cap Fund - Growth Option - Direct Plan,quant Mutual Fund,Equity Scheme - Mid Cap Fund,2024-11-11,248.0054
120841,quant Mid Cap Fund - Growth Option - Direct Plan,quant Mutual Fund,Equity Scheme - Mid Cap Fund,2024-11-12,244.9038
120841,quant Mid Cap Fund - Growth Option - Direct Plan,quant Mutual Fund,Equity Scheme - Mid Cap Fund,2024-11-13,240.373
120841,quant Mid Cap Fund - Growth Option - Direct Plan,quant Mutual Fund,Equity Scheme - Mid Cap Fund,2024-11-14,240.3952
120841,quant Mid Cap Fund - Growth Option - Direct Plan,quant Mutual Fund,Equity Scheme - Mid Cap Fund,2024-11-18,239.481
120841,quant Mid Cap Fund - Growth Option - Direct Plan,quant Mutual Fund,Equity Scheme - Mid Cap Fund,2024-11-19,240.0088
120841,quant Mid Cap Fund - Growth Option - Direct Plan,quant Mutual Fund,Equity Scheme - Mid Cap Fund,2024-11-21,236.6909
120841,quant Mid Cap Fund - Growth Option - Direct Plan,quant Mutual Fund,Equity Scheme - Mid Cap Fund,2024-11-22,240.6317
120841,quant Mid Cap Fund - Growth Option - Direct Plan,quant Mutual Fund,Equity Scheme - Mid Cap Fund,2024-11-25,244.5513
120841,quant Mid Cap Fund - Growth Option - Direct Plan,quant Mutual Fund,Equity Scheme - Mid Cap Fund,2024-11-26,245.178
120841,quant Mid Cap Fund - Growth Option - Direct Plan,quant Mutual Fund,Equity Scheme - Mid Cap Fund,2024-11-27,246.6074
120841,quant Mid Cap Fund - Growth Option - Direct Plan,quant Mutual Fund,Equity Scheme - Mid Cap Fund,2024-11-28,247.0727
120841,quant Mid Cap Fund - Growth Option - Direct Plan,quant Mutual Fund,Equity Scheme - Mid Cap Fund,2024-11-29,249.1551
120841,quant Mid Cap Fund - Growth Option - Direct Plan,quant Mutual Fund,Equity Scheme - Mid Cap Fund,2024-12-02,250.6584
120841,quant Mid Cap Fund - Growth Option - Direct Plan,quant Mutual Fund,Equity Scheme - Mid Cap Fund,2024-12-03,252.2592
120841,quant Mid Cap Fund - Growth Option - Direct Plan,quant Mutual Fund,Equity Scheme - Mid Cap Fund,2024-12-04,252.6181
120841,quant Mid Cap Fund - Growth Option - Direct Plan,quant Mutual Fund,Equity Scheme - Mid Cap Fund,2024-12-05,253.0051
120841,quant Mid Cap Fund - Growth Option - Direct Plan,quant Mutual Fund,Equity Scheme - Mid Cap Fund,2024-12-06,253.4045
120841,quant Mid Cap Fund - Growth Option - Direct Plan,quant Mutual Fund,Equity Scheme - Mid Cap Fund,2024-12-09,253.7464
120841,quant Mid Cap Fund - Growth Option - Direct Plan,quant Mutual Fund,Equity Scheme - Mid Cap Fund,2024-12-10,253.2317
120841,quant Mid Cap Fund - Growth Option - Direct Plan,quant Mutual Fund,Equity Scheme - Mid Cap Fund,2024-12-11,254.5099
120841,quant Mid Cap Fund - Growth Option - Direct Plan,quant Mutual Fund,Equity Scheme - Mid Cap Fund,2024-12-12,252.263
120841,quant Mid Cap Fund - Growth Option - Direct Plan,quant Mutual Fund,Equity Scheme - Mid Cap Fund,2024-12-13,252.2245
120841,quant Mid Cap Fund - Growth Option - Direct Plan,quant Mutual Fund,Equity Scheme - Mid Cap Fund,2024-12-16,253.2194
120841,quant Mid Cap Fund - Growth Option - Direct Plan,quant Mutual Fund,Equity Scheme - Mid Cap Fund,2024-12-17,250.2968
120841,quant Mid Cap Fund - Growth Option - Direct Plan,quant Mutual Fund,Equity Scheme - Mid Cap Fund,2024-12-18,249.1512
120841,quant Mid Cap Fund - Growth Option - Direct Plan,quant Mutual Fund,Equity Scheme - Mid Cap Fund,2024-12-19,247.0122
120841,quant Mid Cap Fund - Growth Option - Direct Plan,quant Mutual Fund,Equity Scheme - Mid Cap Fund,2024-12-20,242.1542
120841,quant Mid Cap Fund - Growth Option - Direct Plan,quant Mutual Fund,Equity Scheme - Mid Cap Fund,2024-12-23,244.1149
120841,quant Mid Cap Fund - Growth Option - Direct Plan,quant Mutual Fund,Equity Scheme - Mid Cap Fund,2024-12-24,244.3331
120841,quant Mid Cap Fund - Growth Option - Direct Plan,quant Mutual Fund,Equity Scheme - Mid Cap Fund,2024-12-26,244.0038
120841,quant Mid Cap Fund - Growth Option - Direct Plan,quant Mutual Fund,Equity Scheme - Mid Cap Fund,2024-12-27,244.066
120841,quant Mid Cap Fund - Growth Option - Direct Plan,quant Mutual Fund,Equity Scheme - Mid Cap Fund,2024-12-30,243.4722
120841,quant Mid Cap Fund - Growth Option - Direct Plan,quant Mutual Fund,Equity Scheme - Mid Cap Fund,2024-12-31,246.4922
120841,quant Mid Cap Fund - Growth Option - Direct Plan,quant Mutual Fund,Equity Scheme - Mid Cap Fund,2025-01-01,248.1978
120841,quant Mid Cap Fund - Growth Option - Direct Plan,quant Mutual Fund,Equity Scheme - Mid Cap Fund,2025-01-02,251.2933
120841,quant Mid Cap Fund - Growth Option - Direct Plan,quant Mutual Fund,Equity Scheme - Mid Cap Fund,2025-01-03,251.7558
120841,quant Mid Cap Fund - Growth Option - Direct Plan,quant Mutual Fund,Equity Scheme - Mid Cap Fund,2025-01-06,245.1046
120841,quant Mid Cap Fund - Growth Option - Direct Plan,quant Mutual Fund,Equity Scheme - Mid Cap Fund,2025-01-07,246.128
120841,quant Mid Cap Fund - Growth Option - Direct Plan,quant Mutual Fund,Equity Scheme - Mid Cap Fund,2025-01-08,245.6596
120841,quant Mid Cap Fund - Growth Option - Direct Plan,quant Mutual Fund,Equity Scheme - Mid Cap Fund,2025-01-09,243.7067
120841,quant Mid Cap Fund - Growth Option - Direct Plan,quant Mutual Fund,Equity Scheme - Mid Cap Fund,2025-01-10,240.3735
120841,quant Mid Cap Fund - Growth Option - Direct Plan,quant Mutual Fund,Equity Scheme - Mid Cap Fund,2025-01-13,232.2336
120841,quant Mid Cap Fund - Growth Option - Direct Plan,quant Mutual Fund,Equity Scheme - Mid Cap Fund,2025-01-14,237.2368
120841,quant Mid Cap Fund - Growth Option - Direct Plan,quant Mutual Fund,Equity Scheme - Mid Cap Fund,2025-01-15,236.8193
120841,quant Mid Cap Fund - Growth Option - Direct Plan,quant Mutual Fund,Equity Scheme - Mid Cap Fund,2025-01-16,239.087
120841,quant Mid Cap Fund - Growth Option - Direct Plan,quant Mutual Fund,Equity Scheme - Mid Cap Fund,2025-01-17,241.8513
120841,quant Mid Cap Fund - Growth Option - Direct Plan,quant Mutual Fund,Equity Scheme - Mid Cap Fund,2025-01-20,243.3888
120841,quant Mid Cap Fund - Growth Option - Direct Plan,quant Mutual Fund,Equity Scheme - Mid Cap Fund,2025-01-21,240.1773
120841,quant Mid Cap Fund - Growth Option - Direct Plan,quant Mutual Fund,Equity Scheme - Mid Cap Fund,2025-01-22,238.0652
120841,quant Mid Cap Fund - Growth Option - Direct Plan,quant Mutual Fund,Equity Scheme - Mid Cap Fund,2025-01-23,240.142
120841,quant Mid Cap Fund - Growth Option - Direct Plan,quant Mutual Fund,Equity Scheme - Mid Cap Fund,2025-01-24,236.8418
120841,quant Mid Cap Fund - Growth Option - Direct Plan,quant Mutual Fund,Equity Scheme - Mid Cap Fund,2025-01-27,230.121
120841,quant Mid Cap Fund - Growth Option - Direct Plan,quant Mutual Fund,Equity Scheme - Mid Cap Fund,2025-01-28,228.974
120841,quant Mid Cap Fund - Growth Option - Direct Plan,quant Mutual Fund,Equity Scheme - Mid Cap Fund,2025-01-29,232.2161
120841,quant Mid Cap Fund - Growth Option - Direct Plan,quant Mutual Fund,Equity Scheme - Mid Cap Fund,2025-01-30,234.0211
120841,quant Mid Cap Fund - Growth Option - Direct Plan,quant Mutual Fund,Equity Scheme - Mid Cap Fund,2025-01-31,238.7459
120841,quant Mid Cap Fund - Growth Option - Direct Plan,quant Mutual Fund,Equity Scheme - Mid Cap Fund,2025-02-03,229.5876
120841,quant Mid Cap Fund - Growth Option - Direct Plan,quant Mutual Fund,Equity Scheme - Mid Cap Fund,2025-02-04,233.8514
120841,quant Mid Cap Fund - Growth Option - Direct Plan,quant Mutual Fund,Equity Scheme - Mid Cap Fund,2025-02-05,234.77
120841,quant Mid Cap Fund - Growth Option - Direct Plan,quant Mutual Fund,Equity Scheme - Mid Cap Fund,2025-02-06,233.5121
120841,quant Mid Cap Fund - Growth Option - Direct Plan,quant Mutual Fund,Equity Scheme - Mid Cap Fund,2025-02-07,232.7949
120841,quant Mid Cap Fund - Growth Option - Direct Plan,quant Mutual Fund,Equity Scheme - Mid Cap Fund,2025-02-10,228.5437
120841,quant Mid Cap Fund - Growth Option - Direct Plan,quant Mutual Fund,Equity Scheme - Mid Cap Fund,2025-02-11,223.6698
120841,quant Mid Cap Fund - Growth Option - Direct Plan,quant Mutual Fund,Equity Scheme - Mid Cap Fund,2025-02-12,223.747
120841,quant Mid Cap Fund - Growth Option - Direct Plan,quant Mutual Fund,Equity Scheme - Mid Cap Fund,2025-02-13,224.7555
120841,quant Mid Cap Fund - Growth Option - Direct Plan,quant Mutual Fund,Equity Scheme - Mid Cap Fund,2025-02-14,220.1629
120841,quant Mid Cap Fund - Growth Option - Direct Plan,quant Mutual Fund,Equity Scheme - Mid Cap Fund,2025-02-17,221.5414
120841,quant Mid Cap Fund - Growth Option - Direct Plan,quant Mutual Fund,Equity Scheme - Mid Cap Fund,2025-02-18,219.7878
120841,quant Mid Cap Fund - Growth Option - Direct Plan,quant Mutual Fund,Equity Scheme - Mid Cap Fund,2025-02-19,221.7637
120841,quant Mid Cap Fund - Growth Option - Direct Plan,quant Mutual Fund,Equity Scheme - Mid Cap Fund,2025-02-20,223.4854
120841,quant Mid Cap Fund - Growth Option - Direct Plan,quant Mutual Fund,Equity Scheme - Mid Cap Fund,2025-02-21,222.1916
120841,quant Mid Cap Fund - Growth Option - Direct Plan,quant Mutual Fund,Equity Scheme - Mid Cap Fund,2025-02-24,219.5091
120841,quant Mid Cap Fund - Growth Option - Direct Plan,quant Mutual Fund,Equity Scheme - Mid Cap Fund,2025-02-25,217.6951
120841,quant Mid Cap Fund - Growth Option - Direct Plan,quant Mutual Fund,Equity Scheme - Mid Cap Fund,2025-02-27,215.2527
120841,quant Mid Cap Fund - Growth Option - Direct Plan,quant Mutual Fund,Equity Scheme - Mid Cap Fund,2025-02-28,209.9337
120841,quant Mid Cap Fund - Growth Option - Direct Plan,quant Mutual Fund,Equity Scheme - Mid Cap Fund,2025-03-03,208.6743
120841,quant Mid Cap Fund - Growth Option - Direct Plan,quant Mutual Fund,Equity Scheme - Mid Cap Fund,2025-03-04,208.1479
120841,quant Mid Cap Fund - Growth Option - Direct Plan,quant Mutual Fund,Equity Scheme - Mid Cap Fund,2025-03-05,214.3513
120841,quant Mid Cap Fund - Growth Option - Direct Plan,quant Mutual Fund,Equity Scheme - Mid Cap Fund,2025-03-06,217.3614
120841,quant Mid Cap Fund - Growth Option - Direct Plan,quant Mutual Fund,Equity Scheme - Mid Cap Fund,2025-03-07,217.7349
120841,quant Mid Cap Fund - Growth Option - Direct Plan,quant Mutual Fund,Equity Scheme - Mid Cap Fund,2025-03-10,215.3282
120841,quant Mid Cap Fund - Growth Option - Direct Plan,quant Mutual Fund,Equity Scheme - Mid Cap Fund,2025-03-11,215.8426
120841,quant Mid Cap Fund - Growth Option - Direct Plan,quant Mutual Fund,Equity Scheme - Mid Cap Fund,2025-03-12,216.5917
120841,quant Mid Cap Fund - Growth Option - Direct Plan,quant Mutual Fund,Equity Scheme - Mid Cap Fund,2025-03-13,215.2816
120841,quant Mid Cap Fund - Growth Option - Direct Plan,quant Mutual Fund,Equity Scheme - Mid Cap Fund,2025-03-17,216.0426
120841,quant Mid Cap Fund - Growth Option - Direct Plan,quant Mutual Fund,Equity Scheme - Mid Cap Fund,2025-03-18,219.8179
120841,quant Mid Cap Fund - Growth Option - Direct Plan,quant Mutual Fund,Equity Scheme - Mid Cap Fund,2025-03-19,224.1758
120841,quant Mid Cap Fund - Growth Option - Direct Plan,quant Mutual Fund,Equity Scheme - Mid Cap Fund,2025-03-20,226.422
120841,quant Mid Cap Fund - Growth Option - Direct Plan,quant Mutual Fund,Equity Scheme - Mid Cap Fund,2025-03-21,228.9535
120841,quant Mid Cap Fund - Growth Option - Direct Plan,quant Mutual Fund,Equity Scheme - Mid Cap Fund,2025-03-24,231.563
120841,quant Mid Cap Fund - Growth Option - Direct Plan,quant Mutual Fund,Equity Scheme - Mid Cap Fund,2025-03-25,228.5638
120841,quant Mid Cap Fund - Growth Option - Direct Plan,quant Mutual Fund,Equity Scheme - Mid Cap Fund,2025-03-26,226.7785
120841,quant Mid Cap Fund - Growth Option - Direct Plan,quant Mutual Fund,Equity Scheme - Mid Cap Fund,2025-03-27,228.4303
120841,quant Mid Cap Fund - Growth Option - Direct Plan,quant Mutual Fund,Equity Scheme - Mid Cap Fund,2025-03-28,227.7198
120841,quant Mid Cap Fund - Growth Option - Direct Plan,quant Mutual Fund,Equity Scheme - Mid Cap Fund,2025-03-31,227.7234
120841,quant Mid Cap Fund - Growth Option - Direct Plan,quant Mutual Fund,Equity Scheme - Mid Cap Fund,2025-04-01,226.6597
120841,quant Mid Cap Fund - Growth Option - Direct Plan,quant Mutual Fund,Equity Scheme - Mid Cap Fund,2025-04-02,229.4658
120841,quant Mid Cap Fund - Growth Option - Direct Plan,quant Mutual Fund,Equity Scheme - Mid Cap Fund,2025-04-03,230.6728
120841,quant Mid Cap Fund - Growth Option - Direct Plan,quant Mutual Fund,Equity Scheme - Mid Cap Fund,2025-04-04,223.1421
120841,quant Mid Cap Fund - Growth Option - Direct Plan,quant Mutual Fund,Equity Scheme - Mid Cap Fund,2025-04-07,216.2363
120841,quant Mid Cap Fund - Growth Option - Direct Plan,quant Mutual Fund,Equity Scheme - Mid Cap Fund,2025-04-08,221.4525
120841,quant Mid Cap Fund - Growth Option - Direct Plan,quant Mutual Fund,Equity Scheme - Mid Cap Fund,2025-04-09,220.3787
120841,quant Mid Cap Fund - Growth Option - Direct Plan,quant Mutual Fund,Equity Scheme - Mid Cap Fund,2025-04-11,223.7678
120841,quant Mid Cap Fund - Growth Option - Direct Plan,quant Mutual Fund,Equity Scheme - Mid Cap Fund,2025-04-15,229.1942
120841,quant Mid Cap Fund - Growth Option - Direct Plan,quant Mutual Fund,Equity Scheme - Mid Cap Fund,2025-04-16,231.0771
120841,quant Mid Cap Fund - Growth Option - Direct Plan,quant Mutual Fund,Equity Scheme - Mid Cap Fund,2025-04-17,233.07
120841,quant Mid Cap Fund - Growth Option - Direct Plan,quant Mutual Fund,Equity Scheme - Mid Cap Fund,2025-04-21,236.1813
120841,quant Mid Cap Fund - Growth Option - Direct Plan,quant Mutual Fund,Equity Scheme - Mid Cap Fund,2025-04-22,237.2151
120841,quant Mid Cap Fund - Growth Option - Direct Plan,quant Mutual Fund,Equity Scheme - Mid Cap Fund,2025-04-23,239.1752
120841,quant Mid Cap Fund - Growth Option - Direct Plan,quant Mutual Fund,Equity Scheme - Mid Cap Fund,2025-04-24,239.2636
120841,quant Mid Cap Fund - Growth Option - Direct Plan,quant Mutual Fund,Equity Scheme - Mid Cap Fund,2025-04-25,234.1117
120841,quant Mid Cap Fund - Growth Option - Direct Plan,quant Mutual Fund,Equity Scheme - Mid Cap Fund,2025-04-28,237.8403
120841,quant Mid Cap Fund - Growth Option - Direct Plan,quant Mutual Fund,Equity Scheme - Mid Cap Fund,2025-04-29,237.5659
120841,quant Mid Cap Fund - Growth Option - Direct Plan,quant Mutual Fund,Equity Scheme - Mid Cap Fund,2025-04-30,236.4184
120841,quant Mid Cap Fund - Growth Option - Direct Plan,quant Mutual Fund,Equity Scheme - Mid Cap Fund,2025-05-02,234.7715
120841,quant Mid Cap Fund - Growth Option - Direct Plan,quant Mutual Fund,Equity Scheme - Mid Cap Fund,2025-05-05,238.1259
120841,quant Mid Cap Fund - Growth Option - Direct Plan,quant Mutual Fund,Equity Scheme - Mid Cap Fund,2025-05-06,233.2886
120841,quant Mid Cap Fund - Growth Option - Direct Plan,quant Mutual Fund,Equity Scheme - Mid Cap Fund,2025-05-07,235.412
120841,quant Mid Cap Fund - Growth Option - Direct Plan,quant Mutual Fund,Equity Scheme - Mid Cap Fund,2025-05-08,231.2396
120841,quant Mid Cap Fund - Growth Option - Direct Plan,quant Mutual Fund,Equity Scheme - Mid Cap Fund,2025-05-09,231.1589
120841,quant Mid Cap Fund - Growth Option - Direct Plan,quant Mutual Fund,Equity Scheme - Mid Cap Fund,2025-05-12,239.4642
120841,quant Mid Cap Fund - Growth Option - Direct Plan,quant Mutual Fund,Equity Scheme - Mid Cap Fund,2025-05-13,239.3958
120841,quant Mid Cap Fund - Growth Option - Direct Plan,quant Mutual Fund,Equity Scheme - Mid Cap Fund,2025-05-14,242.8323
120841,quant Mid Cap Fund - Growth Option - Direct Plan,quant Mutual Fund,Equity Scheme - Mid Cap Fund,2025-05-15,244.8228
120841,quant Mid Cap Fund - Growth Option - Direct Plan,quant Mutual Fund,Equity Scheme - Mid Cap Fund,2025-05-16,245.9744
120841,quant Mid Cap Fund - Growth Option - Direct Plan,quant Mutual Fund,Equity Scheme - Mid Cap Fund,2025-05-19,244.8396
120841,quant Mid Cap Fund - Growth Option - Direct Plan,quant Mutual Fund,Equity Scheme - Mid Cap Fund,2025-05-20,241.4405
120841,quant Mid Cap Fund - Growth Option - Direct Plan,quant Mutual Fund,Equity Scheme - Mid Cap Fund,2025-05-21,243.7466
120841,quant Mid Cap Fund - Growth Option - Direct Plan,quant Mutual Fund,Equity Scheme - Mid Cap Fund,2025-05-22,242.5125
120841,quant Mid Cap Fund - Growth Option - Direct Plan,quant Mutual Fund,Equity Scheme - Mid Cap Fund,2025-05-23,243.1778
120841,quant Mid Cap Fund - Growth Option - Direct Plan,quant Mutual Fund,Equity Scheme - Mid Cap Fund,2025-05-26,244.6617
120841,quant Mid Cap Fund - Growth Option - Direct Plan,quant Mutual Fund,Equity Scheme - Mid Cap Fund,2025-05-27,244.8471
120841,quant Mid Cap Fund - Growth Option - Direct Plan,quant Mutual Fund,Equity Scheme - Mid Cap Fund,2025-05-28,244.1898
120841,quant Mid Cap Fund - Growth Option - Direct Plan,quant Mutual Fund,Equity Scheme - Mid Cap Fund,2025-05-29,245.5956
120841,quant Mid Cap Fund - Growth Option - Direct Plan,quant Mutual Fund,Equity Scheme - Mid Cap Fund,2025-05-30,243.2881
120841,quant Mid Cap Fund - Growth Option - Direct Plan,quant Mutual Fund,Equity Scheme - Mid Cap Fund,2025-06-02,242.9849
120841,quant Mid Cap Fund - Growth Option - Direct Plan,quant Mutual Fund,Equity Scheme - Mid Cap Fund,2025-06-03,242.9149
120841,quant Mid Cap Fund - Growth Option - Direct Plan,quant Mutual Fund,Equity Scheme - Mid Cap Fund,2025-06-04,244.5563
120841,quant Mid Cap Fund - Growth Option - Direct Plan,quant Mutual Fund,Equity Scheme - Mid Cap Fund,2025-06-05,246.359
120841,quant Mid Cap Fund - Growth Option - Direct Plan,quant Mutual Fund,Equity Scheme - Mid Cap Fund,2025-06-06,246.8539
120841,quant Mid Cap Fund - Growth Option - Direct Plan,quant Mutual Fund,Equity Scheme - Mid Cap Fund,2025-06-09,249.3853
120841,quant Mid Cap Fund - Growth Option - Direct Plan,quant Mutual Fund,Equity Scheme - Mid Cap Fund,2025-06-10,248.9619
120841,quant Mid Cap Fund - Growth Option - Direct Plan,quant Mutual Fund,Equity Scheme - Mid Cap Fund,2025-06-11,248.6657
120841,quant Mid Cap Fund - Growth Option - Direct Plan,quant Mutual Fund,Equity Scheme - Mid Cap Fund,2025-06-12,245.0736
120841,quant Mid Cap Fund - Growth Option - Direct Plan,quant Mutual Fund,Equity Scheme - Mid Cap Fund,2025-06-13,243.6935
120841,quant Mid Cap Fund - Growth Option - Direct Plan,quant Mutual Fund,Equity Scheme - Mid Cap Fund,2025-06-16,245.615
120841,quant Mid Cap Fund - Growth Option - Direct Plan,quant Mutual Fund,Equity Scheme - Mid Cap Fund,2025-06-17,243.2315
120841,quant Mid Cap Fund - Growth Option - Direct Plan,quant Mutual Fund,Equity Scheme - Mid Cap Fund,2025-06-18,241.9956
120841,quant Mid Cap Fund - Growth Option - Direct Plan,quant Mutual Fund,Equity Scheme - Mid Cap Fund,2025-06-19,238.563
120841,quant Mid Cap Fund - Growth Option - Direct Plan,quant Mutual Fund,Equity Scheme - Mid Cap Fund,2025-06-20,241.4383
120841,quant Mid Cap Fund - Growth Option - Direct Plan,quant Mutual Fund,Equity Scheme - Mid Cap Fund,2025-06-23,242.2674
120841,quant Mid Cap Fund - Growth Option - Direct Plan,quant Mutual Fund,Equity Scheme - Mid Cap Fund,2025-06-24,242.5875
120841,quant Mid Cap Fund - Growth Option - Direct Plan,quant Mutual Fund,Equity Scheme - Mid Cap Fund,2025-06-25,243.8775
120841,quant Mid Cap Fund - Growth Option - Direct Plan,quant Mutual Fund,Equity Scheme - Mid Cap Fund,2025-06-26,246.3223
120841,quant Mid Cap Fund - Growth Option - Direct Plan,quant Mutual Fund,Equity Scheme - Mid Cap Fund,2025-06-27,247.1461
120841,quant Mid Cap Fund - Growth Option - Direct Plan,quant Mutual Fund,Equity Scheme - Mid Cap Fund,2025-06-30,247.8273
120841,quant Mid Cap Fund - Growth Option - Direct Plan,quant Mutual Fund,Equity Scheme - Mid Cap Fund,2025-07-01,248.2882
120841,quant Mid Cap Fund - Growth Option - Direct Plan,quant Mutual Fund,Equity Scheme - Mid Cap Fund,2025-07-02,249.1057
120841,quant Mid Cap Fund - Growth Option - Direct Plan,quant Mutual Fund,Equity Scheme - Mid Cap Fund,2025-07-03,248.6183
120841,quant Mid Cap Fund - Growth Option - Direct Plan,quant Mutual Fund,Equity Scheme - Mid Cap Fund,2025-07-04,250.2343
120841,quant Mid Cap Fund - Growth Option - Direct Plan,quant Mutual Fund,Equity Scheme - Mid Cap Fund,2025-07-07,249.6877
120841,quant Mid Cap Fund - Growth Option - Direct Plan,quant Mutual Fund,Equity Scheme - Mid Cap Fund,2025-07-08,249.0142
120841,quant Mid Cap Fund - Growth Option - Direct Plan,quant Mutual Fund,Equity Scheme - Mid Cap Fund,2025-07-09,248.2505
120841,quant Mid Cap Fund - Growth Option - Direct Plan,quant Mutual Fund,Equity Scheme - Mid Cap Fund,2025-07-10,247.9259
120841,quant Mid Cap Fund - Growth Option - Direct Plan,quant Mutual Fund,Equity Scheme - Mid Cap Fund,2025-07-11,245.4267
120841,quant Mid Cap Fund - Growth Option - Direct Plan,quant Mutual Fund,Equity Scheme - Mid Cap Fund,2025-07-14,246.3603
120841,quant Mid Cap Fund - Growth Option - Direct Plan,quant Mutual Fund,Equity Scheme - Mid Cap Fund,2025-07-15,247.6496
120841,quant Mid Cap Fund - Growth Option - Direct Plan,quant Mutual Fund,Equity Scheme - Mid Cap Fund,2025-07-16,247.8651
120841,quant Mid Cap Fund - Growth Option - Direct Plan,quant Mutual Fund,Equity Scheme - Mid Cap Fund,2025-07-17,247.6199
120841,quant Mid Cap Fund - Growth Option - Direct Plan,quant Mutual Fund,Equity Scheme - Mid Cap Fund,2025-07-18,246.0588
120841,quant Mid Cap Fund - Growth Option - Direct Plan,quant Mutual Fund,Equity Scheme - Mid Cap Fund,2025-07-21,246.4861
120841,quant Mid Cap Fund - Growth Option - Direct Plan,quant Mutual Fund,Equity Scheme - Mid Cap Fund,2025-07-22,244.27
120841,quant Mid Cap Fund - Growth Option - Direct Plan,quant Mutual Fund,Equity Scheme - Mid Cap Fund,2025-07-23,245.9123
120841,quant Mid Cap Fund - Growth Option - Direct Plan,quant Mutual Fund,Equity Scheme - Mid Cap Fund,2025-07-24,244.7259
120841,quant Mid Cap Fund - Growth Option - Direct Plan,quant Mutual Fund,Equity Scheme - Mid Cap Fund,2025-07-25,242.2285
120841,quant Mid Cap Fund - Growth Option - Direct Plan,quant Mutual Fund,Equity Scheme - Mid Cap Fund,2025-07-28,240.377
120841,quant Mid Cap Fund - Growth Option - Direct Plan,quant Mutual Fund,Equity Scheme - Mid Cap Fund,2025-07-29,243.0613
120841,quant Mid Cap Fund - Growth Option - Direct Plan,quant Mutual Fund,Equity Scheme - Mid Cap Fund,2025-07-30,243.4561
120841,quant Mid Cap Fund - Growth Option - Direct Plan,quant Mutual Fund,Equity Scheme - Mid Cap Fund,2025-07-31,240.1581
120841,quant Mid Cap Fund - Growth Option - Direct Plan,quant Mutual Fund,Equity Scheme - Mid Cap Fund,2025-08-01,235.534
120841,quant Mid Cap Fund - Growth Option - Direct Plan,quant Mutual Fund,Equity Scheme - Mid Cap Fund,2025-08-04,237.9836
120841,quant Mid Cap Fund - Growth Option - Direct Plan,quant Mutual Fund,Equity Scheme - Mid Cap Fund,2025-08-05,236.2507
120841,quant Mid Cap Fund - Growth Option - Direct Plan,quant Mutual Fund,Equity Scheme - Mid Cap Fund,2025-08-06,235.1393
120841,quant Mid Cap Fund - Growth Option - Direct Plan,quant Mutual Fund,Equity Scheme - Mid Cap Fund,2025-08-07,235.6791
120841,quant Mid Cap Fund - Growth Option - Direct Plan,quant Mutual Fund,Equity Scheme - Mid Cap Fund,2025-08-08,232.4897
120841,quant Mid Cap Fund - Growth Option - Direct Plan,quant Mutual Fund,Equity Scheme - Mid Cap Fund,2025-08-11,234.2709
120841,quant Mid Cap Fund - Growth Option - Direct Plan,quant Mutual Fund,Equity Scheme - Mid Cap Fund,2025-08-12,233.816
120841,quant Mid Cap Fund - Growth Option - Direct Plan,quant Mutual Fund,Equity Scheme - Mid Cap Fund,2025-08-13,235.0528
120841,quant Mid Cap Fund - Growth Option - Direct Plan,quant Mutual Fund,Equity Scheme - Mid Cap Fund,2025-08-14,235.4145
120841,quant Mid Cap Fund - Growth Option - Direct Plan,quant Mutual Fund,Equity Scheme - Mid Cap Fund,2025-08-18,235.8966
120841,quant Mid Cap Fund - Growth Option - Direct Plan,quant Mutual Fund,Equity Scheme - Mid Cap Fund,2025-08-19,238.1606
120841,quant Mid Cap Fund - Growth Option - Direct Plan,quant Mutual Fund,Equity Scheme - Mid Cap Fund,2025-08-20,237.6875
120841,quant Mid Cap Fund - Growth Option - Direct Plan,quant Mutual Fund,Equity Scheme - Mid Cap Fund,2025-08-21,235.9925
120841,quant Mid Cap Fund - Growth Option - Direct Plan,quant Mutual Fund,Equity Scheme - Mid Cap Fund,2025-08-22,234.6473
120841,quant Mid Cap Fund - Growth Option - Direct Plan,quant Mutual Fund,Equity Scheme - Mid Cap Fund,2025-08-25,234.8266
120841,quant Mid Cap Fund - Growth Option - Direct Plan,quant Mutual Fund,Equity Scheme - Mid Cap Fund,2025-08-26,231.5244
120841,quant Mid Cap Fund - Growth Option - Direct Plan,quant Mutual Fund,Equity Scheme - Mid Cap Fund,2025-08-28,228.6161
120841,quant Mid Cap Fund - Growth Option - Direct Plan,quant Mutual Fund,Equity Scheme - Mid Cap Fund,2025-08-29,228.1841
120841,quant Mid Cap Fund - Growth Option - Direct Plan,quant Mutual Fund,Equity Scheme - Mid Cap Fund,2025-09-01,230.56
120841,quant Mid Cap Fund - Growth Option - Direct Plan,quant Mutual Fund,Equity Scheme - Mid Cap Fund,2025-09-02,230.2564
120841,quant Mid Cap Fund - Growth Option - Direct Plan,quant Mutual Fund,Equity Scheme - Mid Cap Fund,2025-09-03,231.8308
120841,quant Mid Cap Fund - Growth Option - Direct Plan,quant Mutual Fund,Equity Scheme - Mid Cap Fund,2025-09-04,230.3147
120841,quant Mid Cap Fund - Growth Option - Direct Plan,quant Mutual Fund,Equity Scheme - Mid Cap Fund,2025-09-05,230.0261
120841,quant Mid Cap Fund - Growth Option - Direct Plan,quant Mutual Fund,Equity Scheme - Mid Cap Fund,2025-09-08,230.3334
120841,quant Mid Cap Fund - Growth Option - Direct Plan,quant Mutual Fund,Equity Scheme - Mid Cap Fund,2025-09-09,231.7601
120841,quant Mid Cap Fund - Growth Option - Direct Plan,quant Mutual Fund,Equity Scheme - Mid Cap Fund,2025-09-10,232.9172
120841,quant Mid Cap Fund - Growth Option - Direct Plan,quant Mutual Fund,Equity Scheme - Mid Cap Fund,2025-09-11,234.5814
120841,quant Mid Cap Fund - Growth Option - Direct Plan,quant Mutual Fund,Equity Scheme - Mid Cap Fund,2025-09-12,235.5009
120841,quant Mid Cap Fund - Growth Option - Direct Plan,quant Mutual Fund,Equity Scheme - Mid Cap Fund,2025-09-15,236.803
120841,quant Mid Cap Fund - Growth Option - Direct Plan,quant Mutual Fund,Equity Scheme - Mid Cap Fund,2025-09-16,238.5553
120841,quant Mid Cap Fund - Growth Option - Direct Plan,quant Mutual Fund,Equity Scheme - Mid Cap Fund,2025-09-17,238.4804
120841,quant Mid Cap Fund - Growth Option - Direct Plan,quant Mutual Fund,Equity Scheme - Mid Cap Fund,2025-09-18,239.2009
120841,quant Mid Cap Fund - Growth Option - Direct Plan,quant Mutual Fund,Equity Scheme - Mid Cap Fund,2025-09-19,238.7551
120841,quant Mid Cap Fund - Growth Option - Direct Plan,quant Mutual Fund,Equity Scheme - Mid Cap Fund,2025-09-22,236.6308
120841,quant Mid Cap Fund - Growth Option - Direct Plan,quant Mutual Fund,Equity Scheme - Mid Cap Fund,2025-09-23,236.4453
120841,quant Mid Cap Fund - Growth Option - Direct Plan,quant Mutual Fund,Equity Scheme - Mid Cap Fund,2025-09-24,235.1127
120841,quant Mid Cap Fund - Growth Option - Direct Plan,quant Mutual Fund,Equity Scheme - Mid Cap Fund,2025-09-25,233.8771
120841,quant Mid Cap Fund - Growth Option - Direct Plan,quant Mutual Fund,Equity Scheme - Mid Cap Fund,2025-09-26,229.743
120841,quant Mid Cap Fund - Growth Option - Direct Plan,quant Mutual Fund,Equity Scheme - Mid Cap Fund,2025-09-30,229.5282
120841,quant Mid Cap Fund - Growth Option - Direct Plan,quant Mutual Fund,Equity Scheme - Mid Cap Fund,2025-10-01,231.3691
120841,quant Mid Cap Fund - Growth Option - Direct Plan,quant Mutual Fund,Equity Scheme - Mid Cap Fund,2025-10-03,233.3789
120841,quant Mid Cap Fund - Growth Option - Direct Plan,quant Mutual Fund,Equity Scheme - Mid Cap Fund,2025-10-06,233.8185
120841,quant Mid Cap Fund - Growth Option - Direct Plan,quant Mutual Fund,Equity Scheme - Mid Cap Fund,2025-10-07,233.9591
120841,quant Mid Cap Fund - Growth Option - Direct Plan,quant Mutual Fund,Equity Scheme - Mid Cap Fund,2025-10-08,232.7811
120841,quant Mid Cap Fund - Growth Option - Direct Plan,quant Mutual Fund,Equity Scheme - Mid Cap Fund,2025-10-09,235.938
120841,quant Mid Cap Fund - Growth Option - Direct Plan,quant Mutual Fund,Equity Scheme - Mid Cap Fund,2025-10-10,238.7569
120841,quant Mid Cap Fund - Growth Option - Direct Plan,quant Mutual Fund,Equity Scheme - Mid Cap Fund,2025-10-13,237.2262
120841,quant Mid Cap Fund - Growth Option - Direct Plan,quant Mutual Fund,Equity Scheme - Mid Cap Fund,2025-10-14,236.6668
120841,quant Mid Cap Fund - Growth Option - Direct Plan,quant Mutual Fund,Equity Scheme - Mid Cap Fund,2025-10-15,238.4586
120841,quant Mid Cap Fund - Growth Option - Direct Plan,quant Mutual Fund,Equity Scheme - Mid Cap Fund,2025-10-16,239.7386
120841,quant Mid Cap Fund - Growth Option - Direct Plan,quant Mutual Fund,Equity Scheme - Mid Cap Fund,2025-10-17,237.9585
120841,quant Mid Cap Fund - Growth Option - Direct Plan,quant Mutual Fund,Equity Scheme - Mid Cap Fund,2025-10-20,238.5658
120841,quant Mid Cap Fund - Growth Option - Direct Plan,quant Mutual Fund,Equity Scheme - Mid Cap Fund,2025-10-23,238.1741
120841,quant Mid Cap Fund - Growth Option - Direct Plan,quant Mutual Fund,Equity Scheme - Mid Cap Fund,2025-10-24,238.5586
120841,quant Mid Cap Fund - Growth Option - Direct Plan,quant Mutual Fund,Equity Scheme - Mid Cap Fund,2025-10-27,241.1116
120841,quant Mid Cap Fund - Growth Option - Direct Plan,quant Mutual Fund,Equity Scheme - Mid Cap Fund,2025-10-28,240.5906
120841,quant Mid Cap Fund - Growth Option - Direct Plan,quant Mutual Fund,Equity Scheme - Mid Cap Fund,2025-10-29,242.1269
120841,quant Mid Cap Fund - Growth Option - Direct Plan,quant Mutual Fund,Equity Scheme - Mid Cap Fund,2025-10-30,241.5912
120841,quant Mid Cap Fund - Growth Option - Direct Plan,quant Mutual Fund,Equity Scheme - Mid Cap Fund,2025-10-31,241.241
120841,quant Mid Cap Fund - Growth Option - Direct Plan,quant Mutual Fund,Equity Scheme - Mid Cap Fund,2025-11-03,242.436
120841,quant Mid Cap Fund - Growth Option - Direct Plan,quant Mutual Fund,Equity Scheme - Mid Cap Fund,2025-11-04,241.3991
120841,quant Mid Cap Fund - Growth Option - Direct Plan,quant Mutual Fund,Equity Scheme - Mid Cap Fund,2025-11-06,238.3367
120841,quant Mid Cap Fund - Growth Option - Direct Plan,quant Mutual Fund,Equity Scheme - Mid Cap Fund,2025-11-07,238.5395
120841,quant Mid Cap Fund - Growth Option - Direct Plan,quant Mutual Fund,Equity Scheme - Mid Cap Fund,2025-11-10,239.0148
120841,quant Mid Cap Fund - Growth Option - Direct Plan,quant Mutual Fund,Equity Scheme - Mid Cap Fund,2025-11-11,239.2695
120841,quant Mid Cap Fund - Growth Option - Direct Plan,quant Mutual Fund,Equity Scheme - Mid Cap Fund,2025-11-12,240.8333
120841,quant Mid Cap Fund - Growth Option - Direct Plan,quant Mutual Fund,Equity Scheme - Mid Cap Fund,2025-11-13,240.6851
120841,quant Mid Cap Fund - Growth Option - Direct Plan,quant Mutual Fund,Equity Scheme - Mid Cap Fund,2025-11-14,240.1422
120841,quant Mid Cap Fund - Growth Option - Direct Plan,quant Mutual Fund,Equity Scheme - Mid Cap Fund,2025-11-17,242.3625
120841,quant Mid Cap Fund - Growth Option - Direct Plan,quant Mutual Fund,Equity Scheme - Mid Cap Fund,2025-11-18,241.3464
120841,quant Mid Cap Fund - Growth Option - Direct Plan,quant Mutual Fund,Equity Scheme - Mid Cap Fund,2025-11-19,241.8587
120841,quant Mid Cap Fund - Growth Option - Direct Plan,quant Mutual Fund,Equity Scheme - Mid Cap Fund,2025-11-20,242.1044
120841,quant Mid Cap Fund - Growth Option - Direct Plan,quant Mutual Fund,Equity Scheme - Mid Cap Fund,2025-11-21,240.214
120841,quant Mid Cap Fund - Growth Option - Direct Plan,quant Mutual Fund,Equity Scheme - Mid Cap Fund,2025-11-24,238.0858
120841,quant Mid Cap Fund - Growth Option - Direct Plan,quant Mutual Fund,Equity Scheme - Mid Cap Fund,2025-11-25,237.4439
120841,quant Mid Cap Fund - Growth Option - Direct Plan,quant Mutual Fund,Equity Scheme - Mid Cap Fund,2025-11-26,240.6092
120841,quant Mid Cap Fund - Growth Option - Direct Plan,quant Mutual Fund,Equity Scheme - Mid Cap Fund,2025-11-27,240.9565
120841,quant Mid Cap Fund - Growth Option - Direct Plan,quant Mutual Fund,Equity Scheme - Mid Cap Fund,2025-11-28,240.0428
120841,quant Mid Cap Fund - Growth Option - Direct Plan,quant Mutual Fund,Equity Scheme - Mid Cap Fund,2025-12-01,240.1195
120841,quant Mid Cap Fund - Growth Option - Direct Plan,quant Mutual Fund,Equity Scheme - Mid Cap Fund,2025-12-02,239.2874
120841,quant Mid Cap Fund - Growth Option - Direct Plan,quant Mutual Fund,Equity Scheme - Mid Cap Fund,2025-12-03,238.6028
120841,quant Mid Cap Fund - Growth Option - Direct Plan,quant Mutual Fund,Equity Scheme - Mid Cap Fund,2025-12-04,238.0141
120841,quant Mid Cap Fund - Growth Option - Direct Plan,quant Mutual Fund,Equity Scheme - Mid Cap Fund,2025-12-05,238.011
120841,quant Mid Cap Fund - Growth Option - Direct Plan,quant Mutual Fund,Equity Scheme - Mid Cap Fund,2025-12-08,234.3084
120841,quant Mid Cap Fund - Growth Option - Direct Plan,quant Mutual Fund,Equity Scheme - Mid Cap Fund,2025-12-09,234.7247
120841,quant Mid Cap Fund - Growth Option - Direct Plan,quant Mutual Fund,Equity Scheme - Mid Cap Fund,2025-12-10,234.2746
120841,quant Mid Cap Fund - Growth Option - Direct Plan,quant Mutual Fund,Equity Scheme - Mid Cap Fund,2025-12-11,236.1615
120841,quant Mid Cap Fund - Growth Option - Direct Plan,quant Mutual Fund,Equity Scheme - Mid Cap Fund,2025-12-12,238.1125
120841,quant Mid Cap Fund - Growth Option - Direct Plan,quant Mutual Fund,Equity Scheme - Mid Cap Fund,2025-12-15,238.3773
120841,quant Mid Cap Fund - Growth Option - Direct Plan,quant Mutual Fund,Equity Scheme - Mid Cap Fund,2025-12-16,235.7084
120841,quant Mid Cap Fund - Growth Option - Direct Plan,quant Mutual Fund,Equity Scheme - Mid Cap Fund,2025-12-17,234.3133
120841,quant Mid Cap Fund - Growth Option - Direct Plan,quant Mutual Fund,Equity Scheme - Mid Cap Fund,2025-12-18,234.7045
120841,quant Mid Cap Fund - Growth Option - Direct Plan,quant Mutual Fund,Equity Scheme - Mid Cap Fund,2025-12-19,236.9631
120841,quant Mid Cap Fund - Growth Option - Direct Plan,quant Mutual Fund,Equity Scheme - Mid Cap Fund,2025-12-22,238.0447
120841,quant Mid Cap Fund - Growth Option - Direct Plan,quant Mutual Fund,Equity Scheme - Mid Cap Fund,2025-12-23,238.7629
120841,quant Mid Cap Fund - Growth Option - Direct Plan,quant Mutual Fund,Equity Scheme - Mid Cap Fund,2025-12-24,237.653
120841,quant Mid Cap Fund - Growth Option - Direct Plan,quant Mutual Fund,Equity Scheme - Mid Cap Fund,2025-12-26,236.9848
120841,quant Mid Cap Fund - Growth Option - Direct Plan,quant Mutual Fund,Equity Scheme - Mid Cap Fund,2025-12-29,235.9854
120841,quant Mid Cap Fund - Growth Option - Direct Plan,quant Mutual Fund,Equity Scheme - Mid Cap Fund,2025-12-30,234.3754
120841,quant Mid Cap Fund - Growth Option - Direct Plan,quant Mutual Fund,Equity Scheme - Mid Cap Fund,2025-12-31,235.5063
120841,quant Mid Cap Fund - Growth Option - Direct Plan,quant Mutual Fund,Equity Scheme - Mid Cap Fund,2026-01-01,235.259
120841,quant Mid Cap Fund - Growth Option - Direct Plan,quant Mutual Fund,Equity Scheme - Mid Cap Fund,2026-01-02,236.4132
120841,quant Mid Cap Fund - Growth Option - Direct Plan,quant Mutual Fund,Equity Scheme - Mid Cap Fund,2026-01-05,234.5069
120841,quant Mid Cap Fund - Growth Option - Direct Plan,quant Mutual Fund,Equity Scheme - Mid Cap Fund,2026-01-06,233.0409
120841,quant Mid Cap Fund - Growth Option - Direct Plan,quant Mutual Fund,Equity Scheme - Mid Cap Fund,2026-01-07,233.3132
120841,quant Mid Cap Fund - Growth Option - Direct Plan,quant Mutual Fund,Equity Scheme - Mid Cap Fund,2026-01-08,229.2263
120841,quant Mid Cap Fund - Growth Option - Direct Plan,quant Mutual Fund,Equity Scheme - Mid Cap Fund,2026-01-09,227.0265
120841,quant Mid Cap Fund - Growth Option - Direct Plan,quant Mutual Fund,Equity Scheme - Mid Cap Fund,2026-01-12,226.2587
120841,quant Mid Cap Fund - Growth Option - Direct Plan,quant Mutual Fund,Equity Scheme - Mid Cap Fund,2026-01-13,225.4815
120841,quant Mid Cap Fund - Growth Option - Direct Plan,quant Mutual Fund,Equity Scheme - Mid Cap Fund,2026-01-14,225.3953
120841,quant Mid Cap Fund - Growth Option - Direct Plan,quant Mutual Fund,Equity Scheme - Mid Cap Fund,2026-01-16,224.9528
120841,quant Mid Cap Fund - Growth Option - Direct Plan,quant Mutual Fund,Equity Scheme - Mid Cap Fund,2026-01-19,224.6687
120841,quant Mid Cap Fund - Growth Option - Direct Plan,quant Mutual Fund,Equity Scheme - Mid Cap Fund,2026-01-20,220.3003
120841,quant Mid Cap Fund - Growth Option - Direct Plan,quant Mutual Fund,Equity Scheme - Mid Cap Fund,2026-01-21,216.4631
120841,quant Mid Cap Fund - Growth Option - Direct Plan,quant Mutual Fund,Equity Scheme - Mid Cap Fund,2026-01-22,218.2378
120841,quant Mid Cap Fund - Growth Option - Direct Plan,quant Mutual Fund,Equity Scheme - Mid Cap Fund,2026-01-23,214.913
120841,quant Mid Cap Fund - Growth Option - Direct Plan,quant Mutual Fund,Equity Scheme - Mid Cap Fund,2026-01-27,214.5324
120841,quant Mid Cap Fund - Growth Option - Direct Plan,quant Mutual Fund,Equity Scheme - Mid Cap Fund,2026-01-28,216.5481
120841,quant Mid Cap Fund - Growth Option - Direct Plan,quant Mutual Fund,Equity Scheme - Mid Cap Fund,2026-01-29,215.8206
120841,quant Mid Cap Fund - Growth Option - Direct Plan,quant Mutual Fund,Equity Scheme - Mid Cap Fund,2026-01-30,217.3627
120841,quant Mid Cap Fund - Growth Option - Direct Plan,quant Mutual Fund,Equity Scheme - Mid Cap Fund,2026-02-02,215.3687
120841,quant Mid Cap Fund - Growth Option - Direct Plan,quant Mutual Fund,Equity Scheme - Mid Cap Fund,2026-02-03,220.1536
120841,quant Mid Cap Fund - Growth Option - Direct Plan,quant Mutual Fund,Equity Scheme - Mid Cap Fund,2026-02-04,220.8543
120841,quant Mid Cap Fund - Growth Option - Direct Plan,quant Mutual Fund,Equity Scheme - Mid Cap Fund,2026-02-05,220.8275
120841,quant Mid Cap Fund - Growth Option - Direct Plan,quant Mutual Fund,Equity Scheme - Mid Cap Fund,2026-02-06,221.7398
120841,quant Mid Cap Fund - Growth Option - Direct Plan,quant Mutual Fund,Equity Scheme - Mid Cap Fund,2026-02-09,224.5198
120841,quant Mid Cap Fund - Growth Option - Direct Plan,quant Mutual Fund,Equity Scheme - Mid Cap Fund,2026-02-10,225.1996
120841,quant Mid Cap Fund - Growth Option - Direct Plan,quant Mutual Fund,Equity Scheme - Mid Cap Fund,2026-02-11,225.6929
120841,quant Mid Cap Fund - Growth Option - Direct Plan,quant Mutual Fund,Equity Scheme - Mid Cap Fund,2026-02-12,225.4245
120841,quant Mid Cap Fund - Growth Option - Direct Plan,quant Mutual Fund,Equity Scheme - Mid Cap Fund,2026-02-13,222.5748
120841,quant Mid Cap Fund - Growth Option - Direct Plan,quant Mutual Fund,Equity Scheme - Mid Cap Fund,2026-02-16,222.4954
120841,quant Mid Cap Fund - Growth Option - Direct Plan,quant Mutual Fund,Equity Scheme - Mid Cap Fund,2026-02-17,222.9773
120841,quant Mid Cap Fund - Growth Option - Direct Plan,quant Mutual Fund,Equity Scheme - Mid Cap Fund,2026-02-18,223.2608
120841,quant Mid Cap Fund - Growth Option - Direct Plan,quant Mutual Fund,Equity Scheme - Mid Cap Fund,2026-02-19,220.4132
120841,quant Mid Cap Fund - Growth Option - Direct Plan,quant Mutual Fund,Equity Scheme - Mid Cap Fund,2026-02-20,221.3408
120841,quant Mid Cap Fund - Growth Option - Direct Plan,quant Mutual Fund,Equity Scheme - Mid Cap Fund,2026-02-23,221.7051
120841,quant Mid Cap Fund - Growth Option - Direct Plan,quant Mutual Fund,Equity Scheme - Mid Cap Fund,2026-02-24,220.5605
120841,quant Mid Cap Fund - Growth Option - Direct Plan,quant Mutual Fund,Equity Scheme - Mid Cap Fund,2026-02-25,222.6482
120841,quant Mid Cap Fund - Growth Option - Direct Plan,quant Mutual Fund,Equity Scheme - Mid Cap Fund,2026-02-26,223.828
120841,quant Mid Cap Fund - Growth Option - Direct Plan,quant Mutual Fund,Equity Scheme - Mid Cap Fund,2026-02-27,221.2108
120841,quant Mid Cap Fund - Growth Option - Direct Plan,quant Mutual Fund,Equity Scheme - Mid Cap Fund,2026-03-02,217.4449
120841,quant Mid Cap Fund - Growth Option - Direct Plan,quant Mutual Fund,Equity Scheme - Mid Cap Fund,2026-03-04,213.8632
120841,quant Mid Cap Fund - Growth Option - Direct Plan,quant Mutual Fund,Equity Scheme - Mid Cap Fund,2026-03-05,216.0433
120841,quant Mid Cap Fund - Growth Option - Direct Plan,quant Mutual Fund,Equity Scheme - Mid Cap Fund,2026-03-06,215.1244
120841,quant Mid Cap Fund - Growth Option - Direct Plan,quant Mutual Fund,Equity Scheme - Mid Cap Fund,2026-03-09,213.7211
120841,quant Mid Cap Fund - Growth Option - Direct Plan,quant Mutual Fund,Equity Scheme - Mid Cap Fund,2026-03-10,217.2151
120841,quant Mid Cap Fund - Growth Option - Direct Plan,quant Mutual Fund,Equity Scheme - Mid Cap Fund,2026-03-11,217.2638
120841,quant Mid Cap Fund - Growth Option - Direct Plan,quant Mutual Fund,Equity Scheme - Mid Cap Fund,2026-03-12,216.8313
120841,quant Mid Cap Fund - Growth Option - Direct Plan,quant Mutual Fund,Equity Scheme - Mid Cap Fund,2026-03-13,212.7884
120841,quant Mid Cap Fund - Growth Option - Direct Plan,quant Mutual Fund,Equity Scheme - Mid Cap Fund,2026-03-16,213.4091
120841,quant Mid Cap Fund - Growth Option - Direct Plan,quant Mutual Fund,Equity Scheme - Mid Cap Fund,2026-03-17,215.8723
120841,quant Mid Cap Fund - Growth Option - Direct Plan,quant Mutual Fund,Equity Scheme - Mid Cap Fund,2026-03-18,219.4077
120841,quant Mid Cap Fund - Growth Option - Direct Plan,quant Mutual Fund,Equity Scheme - Mid Cap Fund,2026-03-19,214.0899
120841,quant Mid Cap Fund - Growth Option - Direct Plan,quant Mutual Fund,Equity Scheme - Mid Cap Fund,2026-03-20,215.8819
120841,quant Mid Cap Fund - Growth Option - Direct Plan,quant Mutual Fund,Equity Scheme - Mid Cap Fund,2026-03-23,210.115
120841,quant Mid Cap Fund - Growth Option - Direct Plan,quant Mutual Fund,Equity Scheme - Mid Cap Fund,2026-03-24,214.9164
120841,quant Mid Cap Fund - Growth Option - Direct Plan,quant Mutual Fund,Equity Scheme - Mid Cap Fund,2026-03-25,218.6866
120841,quant Mid Cap Fund - Growth Option - Direct Plan,quant Mutual Fund,Equity Scheme - Mid Cap Fund,2026-03-27,215.979
120841,quant Mid Cap Fund - Growth Option - Direct Plan,quant Mutual Fund,Equity Scheme - Mid Cap Fund,2026-03-30,212.3561
120841,quant Mid Cap Fund - Growth Option - Direct Plan,quant Mutual Fund,Equity Scheme - Mid Cap Fund,2026-03-31,212.3571
120841,quant Mid Cap Fund - Growth Option - Direct Plan,quant Mutual Fund,Equity Scheme - Mid Cap Fund,2026-04-01,216.7627
120841,quant Mid Cap Fund - Growth Option - Direct Plan,quant Mutual Fund,Equity Scheme - Mid Cap Fund,2026-04-02,216.2795
120841,quant Mid Cap Fund - Growth Option - Direct Plan,quant Mutual Fund,Equity Scheme - Mid Cap Fund,2026-04-06,217.6413
120841,quant Mid Cap Fund - Growth Option - Direct Plan,quant Mutual Fund,Equity Scheme - Mid Cap Fund,2026-04-07,217.9604
120841,quant Mid Cap Fund - Growth Option - Direct Plan,quant Mutual Fund,Equity Scheme - Mid Cap Fund,2026-04-08,224.5909
120841,quant Mid Cap Fund - Growth Option - Direct Plan,quant Mutual Fund,Equity Scheme - Mid Cap Fund,2026-04-09,224.6235
120841,quant Mid Cap Fund - Growth Option - Direct Plan,quant Mutual Fund,Equity Scheme - Mid Cap Fund,2026-04-10,228.6993
120841,quant Mid Cap Fund - Growth Option - Direct Plan,quant Mutual Fund,Equity Scheme - Mid Cap Fund,2026-04-13,226.9809
120841,quant Mid Cap Fund - Growth Option - Direct Plan,quant Mutual Fund,Equity Scheme - Mid Cap Fund,2026-04-15,231.5434
120841,quant Mid Cap Fund - Growth Option - Direct Plan,quant Mutual Fund,Equity Scheme - Mid Cap Fund,2026-04-16,233.318
120841,quant Mid Cap Fund - Growth Option - Direct Plan,quant Mutual Fund,Equity Scheme - Mid Cap Fund,2026-04-17,236.2133
120841,quant Mid Cap Fund - Growth Option - Direct Plan,quant Mutual Fund,Equity Scheme - Mid Cap Fund,2026-04-20,235.1961
120841,quant Mid Cap Fund - Growth Option - Direct Plan,quant Mutual Fund,Equity Scheme - Mid Cap Fund,2026-04-21,236.4598
120841,quant Mid Cap Fund - Growth Option - Direct Plan,quant Mutual Fund,Equity Scheme - Mid Cap Fund,2026-04-22,238.5702
120841,quant Mid Cap Fund - Growth Option - Direct Plan,quant Mutual Fund,Equity Scheme - Mid Cap Fund,2026-04-23,239.7583
120841,quant Mid Cap Fund - Growth Option - Direct Plan,quant Mutual Fund,Equity Scheme - Mid Cap Fund,2026-04-24,238.1456
120841,quant Mid Cap Fund - Growth Option - Direct Plan,quant Mutual Fund,Equity Scheme - Mid Cap Fund,2026-04-27,241.2517
120841,quant Mid Cap Fund - Growth Option - Direct Plan,quant Mutual Fund,Equity Scheme - Mid Cap Fund,2026-04-28,242.6241
120841,quant Mid Cap Fund - Growth Option - Direct Plan,quant Mutual Fund,Equity Scheme - Mid Cap Fund,2026-04-29,242.345
120841,quant Mid Cap Fund - Growth Option - Direct Plan,quant Mutual Fund,Equity Scheme - Mid Cap Fund,2026-04-30,240.5353
120841,quant Mid Cap Fund - Growth Option - Direct Plan,quant Mutual Fund,Equity Scheme - Mid Cap Fund,2026-05-04,242.7655
120841,quant Mid Cap Fund - Growth Option - Direct Plan,quant Mutual Fund,Equity Scheme - Mid Cap Fund,2026-05-05,242.9594
120841,quant Mid Cap Fund - Growth Option - Direct Plan,quant Mutual Fund,Equity Scheme - Mid Cap Fund,2026-05-06,245.3878
120841,quant Mid Cap Fund - Growth Option - Direct Plan,quant Mutual Fund,Equity Scheme - Mid Cap Fund,2026-05-07,245.6055
120841,quant Mid Cap Fund - Growth Option - Direct Plan,quant Mutual Fund,Equity Scheme - Mid Cap Fund,2026-05-08,244.6201
120841,quant Mid Cap Fund - Growth Option - Direct Plan,quant Mutual Fund,Equity Scheme - Mid Cap Fund,2026-05-11,242.7219
120841,quant Mid Cap Fund - Growth Option - Direct Plan,quant Mutual Fund,Equity Scheme - Mid Cap Fund,2026-05-12,238.1528
120841,quant Mid Cap Fund - Growth Option - Direct Plan,quant Mutual Fund,Equity Scheme - Mid Cap Fund,2026-05-13,240.0746
120841,quant Mid Cap Fund - Growth Option - Direct Plan,quant Mutual Fund,Equity Scheme - Mid Cap Fund,2026-05-14,243.5314
120841,quant Mid Cap Fund - Growth Option - Direct Plan,quant Mutual Fund,Equity Scheme - Mid Cap Fund,2026-05-15,242.0952
120841,quant Mid Cap Fund - Growth Option - Direct Plan,quant Mutual Fund,Equity Scheme - Mid Cap Fund,2026-05-18,241.2615
120841,quant Mid Cap Fund - Growth Option - Direct Plan,quant Mutual Fund,Equity Scheme - Mid Cap Fund,2026-05-19,241.6771
120841,quant Mid Cap Fund - Growth Option - Direct Plan,quant Mutual Fund,Equity Scheme - Mid Cap Fund,2026-05-20,244.7199
120841,quant Mid Cap Fund - Growth Option - Direct Plan,quant Mutual Fund,Equity Scheme - Mid Cap Fund,2026-05-21,248.8853
120841,quant Mid Cap Fund - Growth Option - Direct Plan,quant Mutual Fund,Equity Scheme - Mid Cap Fund,2026-05-22,247.8039
120841,quant Mid Cap Fund - Growth Option - Direct Plan,quant Mutual Fund,Equity Scheme - Mid Cap Fund,2026-05-25,249.2266
120841,quant Mid Cap Fund - Growth Option - Direct Plan,quant Mutual Fund,Equity Scheme - Mid Cap Fund,2026-05-26,251.2702
120841,quant Mid Cap Fund - Growth Option - Direct Plan,quant Mutual Fund,Equity Scheme - Mid Cap Fund,2026-05-27,251.2273
