company_id,year,net_profit_margin_pct_computed,operating_profit_margin_pct,ebit_margin_pct,return_on_equity_pct_computed,return_on_capital_employed_pct,return_on_assets_pct,debt_to_equity,interest_coverage,interest_coverage_status,net_debt_cr,net_debt_to_ebitda,asset_turnover,fixed_asset_turnover,free_cash_flow_cr,cfo_to_pat,capex_intensity_pct,fcf_conversion_pct,book_value_per_share,earnings_per_share,dividend_payout_ratio_pct,revenue_cagr_3y,revenue_cagr_3y_flag,revenue_cagr_5y,revenue_cagr_5y_flag,revenue_cagr_10y,revenue_cagr_10y_flag,pat_cagr_3y,pat_cagr_3y_flag,pat_cagr_5y,pat_cagr_5y_flag,pat_cagr_10y,pat_cagr_10y_flag,eps_cagr_3y,eps_cagr_3y_flag,eps_cagr_5y,eps_cagr_5y_flag,eps_cagr_10y,eps_cagr_10y_flag,price_to_earnings,price_to_book,ev_to_ebitda,fcf_yield_pct,capital_allocation_label,net_profit_margin_pct_reference,return_on_equity_pct_reference,npm_abs_divergence,roe_abs_divergence
ABB,2012-12,8.771929824561402,12.220205686630369,13.006654567453117,22.411128284389488,33.23029366306028,15.986769570011026,0.0,,Debt Free,0.0,0.0,1.822491730981257,15.1651376146789,42.0,0.696551724137931,3.569267997580157,28.965517241379313,308.0952380952381,68.0,25.0,,INSUFFICIENT,,INSUFFICIENT,,INSUFFICIENT,,INSUFFICIENT,,INSUFFICIENT,,INSUFFICIENT,,INSUFFICIENT,,INSUFFICIENT,,INSUFFICIENT,,,,,SELF_FUNDED_REINVESTMENT,8.77,22.41,0.001929824561402782,0.0011282843894875327
ABB,2014-03,8.699472759226714,11.731107205623902,12.96133567662566,25.12690355329949,37.43654822335025,17.383669885864794,0.0,,Debt Free,0.0,0.0,1.9982440737489024,23.224489795918366,0.0,0.0,0.0,0.0,375.23809523809524,93.0,25.0,,INSUFFICIENT,,INSUFFICIENT,,INSUFFICIENT,,INSUFFICIENT,,INSUFFICIENT,,INSUFFICIENT,,INSUFFICIENT,,INSUFFICIENT,,INSUFFICIENT,,,,,CASH_ACCUMULATION,8.7,25.13,0.0005272407732856976,0.003096446700510569
ABB,2015-03,10.004368719965049,13.630406290956751,15.028396679772825,24.439701173959445,36.71291355389541,16.666666666666664,0.0,,Debt Free,0.0,0.0,1.665938864628821,23.84375,-1899.0,-0.15283842794759825,81.43294014853649,-829.2576419213974,446.19047619047615,108.0,29.0,,INSUFFICIENT,,INSUFFICIENT,,INSUFFICIENT,,INSUFFICIENT,,INSUFFICIENT,,INSUFFICIENT,,INSUFFICIENT,,INSUFFICIENT,,INSUFFICIENT,,,,,EXTERNALLY_FUNDED_INVESTMENT,10.0,24.44,0.0043687199650488395,0.00029882604055586626
ABB,2016-03,9.755164498852334,13.963274674827849,15.340474368783475,21.338912133891213,33.55648535564853,15.77970297029703,0.0,133.66666666666666,Levered,0.0,0.0,1.6175742574257426,24.203703703703702,728.0,6.0549019607843135,31.216526396327467,285.4901960784314,569.047619047619,120.0,29.0,16.504913891506945,OK,,INSUFFICIENT,,INSUFFICIENT,20.704666207019184,OK,,INSUFFICIENT,,INSUFFICIENT,20.843727005349997,OK,,INSUFFICIENT,,INSUFFICIENT,,,,,SELF_FUNDED_REINVESTMENT,9.76,21.34,0.004835501147665511,0.0010878661087865282
ABB,2017-03,9.541853255253187,13.709955218739237,15.087840165346195,19.971160778658977,31.57894736842105,13.407550822846078,0.0,219.0,Levered,0.0,0.0,1.40513068731849,26.39090909090909,459.0,7.902527075812275,59.59352394075095,165.70397111913357,660.4761904761905,130.0,31.0,8.448843745667588,OK,,INSUFFICIENT,,INSUFFICIENT,11.841983239045506,OK,,INSUFFICIENT,,INSUFFICIENT,11.811584313781998,OK,,INSUFFICIENT,,INSUFFICIENT,,,,,SELF_FUNDED_REINVESTMENT,9.54,19.97,0.0018532552531880242,0.0011607786589777902
ABB,2018-03,12.15888417222559,15.918738629472406,18.950879320800485,23.685764914353218,36.91671588895452,16.5976821192053,0.0,156.25,Levered,0.0,0.0,1.365066225165563,40.71604938271605,-994.0,5.4812967581047385,96.78593086719223,-247.88029925187033,806.1904761904761,189.0,29.0,12.945331962917738,OK,14.81418822373013,OK,,INSUFFICIENT,20.532166663372898,OK,22.561840494031294,OK,,INSUFFICIENT,20.507113208761506,OK,22.68474887752685,OK,,INSUFFICIENT,,,,,EXPANSION_WITH_EXTERNAL_CAPITAL,12.16,23.69,0.0011158277744094391,0.004235085646783432
ABB,2019-03,12.231584669747214,16.444686055993476,19.05409078553955,22.410358565737052,34.910358565737056,15.300918055083304,0.0,350.5,Levered,0.0,0.0,1.2509350561033663,35.03809523809524,-459.0,5.757777777777778,82.90296276162,-102.0,956.1904761904761,212.0,31.0,12.066222956973572,OK,10.080781986304022,OK,,INSUFFICIENT,20.843727005349997,OK,17.844539784792257,OK,,INSUFFICIENT,20.888467374859875,OK,17.91541463444244,OK,,INSUFFICIENT,1876.2510666666667,420.4745916334661,1134.27643454039,-0.05436372658868752,EXPANSION_WITH_EXTERNAL_CAPITAL,12.23,22.41,0.0015846697472134963,0.0003585657370521744
ABB,2020-03,14.488150500855118,18.49499144881505,19.838749083801613,24.39325380501851,31.158864159631623,16.718353538201296,0.07198683669271905,90.22222222222223,Levered,175.0,0.2006880733944954,1.153932901043135,15.15925925925926,-206.0,9.168634064080944,137.86953334962132,-34.73861720067454,1157.6190476190475,279.0,90.0,12.132516711850805,OK,12.3257146520954,OK,,INSUFFICIENT,28.881814392650472,OK,20.960574881373727,OK,,INSUFFICIENT,28.98927952402115,OK,20.902725032898985,OK,,INSUFFICIENT,1557.6295615514334,379.95653229123815,1285.1831651376147,-0.022302232865992932,EXPANSION_WITH_EXTERNAL_CAPITAL,14.49,24.39,0.001849499144881861,0.0032538050185095813
ABB,2021-03,16.03248259860789,21.392111368909514,21.902552204176335,26.5564950038432,34.26497277676951,17.994791666666668,0.058800922367409685,52.44444444444444,Levered,153.0,0.15269461077844312,1.1223958333333333,17.171314741035857,-225.0,5.476121562952243,93.01624129930394,-32.56150506512301,1239.047619047619,325.0,85.0,9.330719525085506,OK,10.518335991975135,OK,,INSUFFICIENT,19.888600782632835,OK,22.0639932086115,OK,,INSUFFICIENT,19.804698975219594,OK,22.05074170726322,OK,,INSUFFICIENT,1477.097091172214,392.26521521906227,1164.1225648702596,-0.022044255086361604,SELF_FUNDED_REINVESTMENT,16.03,26.56,0.002482598607887354,0.0035049961567992227
ABB,2022-03,16.26297577854671,22.023203745165887,22.369224506411562,28.333333333333332,36.97846567967699,18.915719696969695,0.05390070921985816,57.8421052631579,Levered,152.0,0.13047210300429185,1.1631155303030303,18.129151291512915,161.0,5.127659574468085,80.11398330958681,20.150187734668336,1342.857142857143,376.0,73.0,10.12155249022577,OK,11.09638963877595,OK,,INSUFFICIENT,21.090876237347132,OK,23.598557458021684,OK,,INSUFFICIENT,21.046060957074488,OK,23.665597033231876,OK,,INSUFFICIENT,1484.3489612015019,420.56553900709224,994.5385579399141,0.013575101449431288,SELF_FUNDED_REINVESTMENT,16.26,28.33,0.0029757785467090514,0.0033333333333338544
ABB,2023-03,17.74163395027108,22.546270330902974,24.11665731912507,29.767879548306148,39.07906694940927,20.82967515364355,0.03544542032622334,80.625,Levered,113.0,0.08308823529411764,1.1740561896400352,22.569620253164558,-922.0,3.9799789251844047,87.84819592447187,-97.15489989462593,1518.095238095238,447.0,73.0,9.331074852709765,OK,10.155044260938272,OK,12.460490775955124,OK,16.968927101051246,OK,18.8021685142332,OK,20.66736272823102,OK,17.01308782012354,OK,18.787062786952035,OK,20.72017630833807,OK,1223.933909378293,364.33917189460476,811.0910073529412,-0.07937920434280356,EXPANSION_WITH_EXTERNAL_CAPITAL,17.74,29.77,0.0016339502710813747,0.002120451693851777
ABB,2024-03,20.533424517011454,24.84185330825782,27.86801162591896,32.46823465801568,43.09888947646748,23.127286732139417,0.022438496891051634,135.83333333333334,Levered,83.0,0.04879482657260435,1.1263238975544,25.995555555555555,1095.0,5.027477102414655,84.51017267909045,91.17402164862615,1761.4285714285713,565.0,73.0,10.713721789385655,OK,9.716101277290168,OK,9.898290364739681,OK,20.232437941096727,OK,21.69314043381163,OK,19.75338045077737,OK,20.24167817921956,OK,21.65851677781967,OK,19.772344260550724,OK,1279.1309242298084,415.311230062179,951.9983303938859,0.07127809977975783,SELF_FUNDED_REINVESTMENT,20.53,32.47,0.0034245170114530765,0.0017653419843171037
ADANIENSOL,2014-03,,,,0.0,0.0,,0.0,,Debt Free,0.0,,,,0.0,,,,10.0,0.0,,,INSUFFICIENT,,INSUFFICIENT,,INSUFFICIENT,,INSUFFICIENT,,INSUFFICIENT,,INSUFFICIENT,,INSUFFICIENT,,INSUFFICIENT,,INSUFFICIENT,,,,,CASH_ACCUMULATION,,0.0,,0.0
ADANIENSOL,2015-03,-5.343511450381679,77.09923664122137,51.908396946564885,-0.6463527239150507,0.6305637982195845,-0.06091193873999304,8.95752539242844,0.9315068493150684,Levered,9701.0,92.39047619047619,0.011399234249912982,0.012390050127683723,-1899.0,5.0,1422.9007633587787,27128.571428571428,9.935779816513762,0.0,0.0,,INSUFFICIENT,,INSUFFICIENT,,INSUFFICIENT,,INSUFFICIENT,,INSUFFICIENT,,INSUFFICIENT,,INSUFFICIENT,,INSUFFICIENT,,INSUFFICIENT,,,,,EXTERNALLY_FUNDED_INVESTMENT,-5.34,-0.65,0.0035114503816791043,0.0036472760849493024
ADANIENSOL,2016-03,16.773017319963536,87.83044667274385,65.4968094804011,13.77245508982036,12.765390423736342,3.1329814404903797,3.2129491017964074,1.5015673981191222,Levered,8565.0,4.2889334001001505,0.18678699131619275,0.21809145129224652,728.0,4.195652173913044,37.192342752962624,197.82608695652172,24.29090909090909,3.0,0.0,,INSUFFICIENT,,INSUFFICIENT,,INSUFFICIENT,,INSUFFICIENT,,INSUFFICIENT,,INSUFFICIENT,,INSUFFICIENT,,INSUFFICIENT,,INSUFFICIENT,,,,,SELF_FUNDED_REINVESTMENT,16.77,13.77,0.00301731996353638,0.0024550898203603566
ADANIENSOL,2017-03,14.464534075104313,68.94993045897078,49.93045897079277,14.116050220563285,12.044958899513505,3.2472094293966123,3.045469969460468,1.5884955752212389,Levered,8870.0,4.423940149625935,0.22449457497463118,0.2918907946818228,459.0,5.262019230769231,60.15299026425591,110.33653846153845,26.79090909090909,4.0,0.0,,ZERO_BASE,,INSUFFICIENT,,INSUFFICIENT,,ZERO_BASE,,INSUFFICIENT,,INSUFFICIENT,,ZERO_BASE,,INSUFFICIENT,,INSUFFICIENT,,,,,SELF_FUNDED_REINVESTMENT,14.46,14.12,0.004534075104311697,0.0039497794367147065
ADANIENSOL,2018-03,28.98073022312373,71.65314401622717,59.7870182555781,18.87072808320951,14.303912647861692,6.620330147697655,1.7216443784051512,2.6613995485327315,Levered,10428.0,3.550561797752809,0.22843903851723138,0.42449682488429663,-994.0,1.9230096237970253,80.93306288032454,-86.96412948381452,55.06363636363636,10.0,0.0,211.09178071953335,OK,,INSUFFICIENT,,INSUFFICIENT,,TURNAROUND,,INSUFFICIENT,,INSUFFICIENT,,ZERO_BASE,,INSUFFICIENT,,INSUFFICIENT,,,,,EXPANSION_WITH_EXTERNAL_CAPITAL,28.98,18.87,0.0007302231237282797,0.0007280832095091228
ADANIENSOL,2019-03,7.652292950034223,38.02874743326489,30.54072553045859,6.950142981474575,7.916962384669979,1.716935929725413,2.50366778565212,1.603882099209202,Levered,19801.0,6.360745261805333,0.2243688187235088,0.2992380796329674,-459.0,4.635062611806798,41.752224503764545,-82.11091234347049,73.11818181818182,5.0,0.0,49.32339852079905,OK,,ZERO_BASE,,INSUFFICIENT,14.95326996489721,OK,,ZERO_BASE,,INSUFFICIENT,18.56311014966876,OK,,ZERO_BASE,,INSUFFICIENT,307.52359570661895,21.373329603381823,71.34301638291038,-0.26700686870806895,EXPANSION_WITH_EXTERNAL_CAPITAL,7.649999999999999,6.950000000000001,0.0022929500342243614,0.00014298147457392218
ADANIENSOL,2020-03,6.184302733006307,37.29852838121934,29.300981079187103,8.30685963054477,10.21530004580852,1.7778449296164793,2.8528062124955875,1.4946380697050938,Levered,23933.0,5.296083204248728,0.2874770214801944,0.4580324185523993,-206.0,7.701133144475921,49.43062368605466,-29.178470254957507,77.26363636363637,7.0,0.0,58.33430720140576,OK,144.37036240267406,OK,,INSUFFICIENT,19.280776269879674,OK,,TURNAROUND,,INSUFFICIENT,20.507113208761506,OK,,ZERO_BASE,,INSUFFICIENT,307.55701133144476,25.54832921520179,47.24875414914804,-0.09487174468447661,EXPANSION_WITH_EXTERNAL_CAPITAL,6.18,8.309999999999999,0.0043027330063072355,0.0031403694552292194
ADANIENSOL,2021-03,12.996171670360667,39.79447914567802,37.64859963731614,14.46350487722839,10.376520242128061,2.9837627792940737,3.0378966251821953,1.7652338214454417,Levered,26653.0,5.261152783260956,0.22958782439746495,0.367806721754919,-225.0,2.933333333333333,40.38887769494258,-17.441860465116278,81.08181818181818,11.0,0.0,36.02303315044746,OK,35.240737223764505,OK,,INSUFFICIENT,4.115285245860001,OK,28.513389561027825,OK,,INSUFFICIENT,3.228011545636722,OK,29.674411610965823,OK,,INSUFFICIENT,213.686503875969,30.90655791007961,59.28716146861429,-0.08162359413788778,SELF_FUNDED_REINVESTMENT,13.0,14.46,0.0038283296393331057,0.0035048772283889917
ADANIENSOL,2022-03,10.978859477704743,37.360099484810796,36.10765677740274,12.46847573892868,10.209719954790907,2.604078880836002,3.016443054574801,1.7188160676532769,Levered,29341.0,5.342498179169701,0.23719029158941513,0.3718948202959831,161.0,3.3147249190938513,34.96180493871025,13.025889967637541,90.11818181818182,11.0,0.0,15.508428339343316,OK,31.381577615305556,OK,,INSUFFICIENT,30.277341516191925,OK,24.332603568890065,OK,,INSUFFICIENT,30.059144685138705,OK,22.423992536427463,OK,,INSUFFICIENT,247.81838187702266,30.8991748209422,64.54500182083031,0.052562242836778364,SELF_FUNDED_REINVESTMENT,10.98,12.47,0.0011405222952571847,0.0015242610713208649
ADANIENSOL,2023-03,9.636650868878357,33.98781313473256,33.79974422628451,10.90305557919823,9.76335861274691,2.3752132314766743,2.916843986722274,1.6156058971592953,Levered,32900.0,5.39255859695132,0.24647704516798932,0.4071986521672538,-922.0,2.9484777517564402,35.34943203189649,-71.97501951600313,105.37219730941705,11.0,0.0,5.204992130714481,OK,27.507937149916796,OK,,INSUFFICIENT,21.968629219492808,OK,2.3058763473555732,OK,,INSUFFICIENT,16.260329205681458,OK,1.9244876491456564,OK,,INSUFFICIENT,205.52967213114755,22.409014384202912,47.412025897393875,-0.350192839650307,EXPANSION_WITH_EXTERNAL_CAPITAL,9.64,10.9,0.0033491311216433672,0.003055579198230518
ADANIENSOL,2024-03,7.201782380923707,34.38911302462817,27.38002047329439,9.461276797721698,9.146868902255035,2.043117291332126,2.93252116130053,1.6432959884351284,Levered,36304.0,5.741578364700301,0.2836960606785336,0.42669578622816035,1095.0,5.048494983277592,29.764557114469802,91.5551839464883,113.37219730941705,10.0,0.0,18.715011322879892,OK,17.85124994851739,OK,,ZERO_BASE,-2.4904490462308027,OK,16.42972571572392,OK,,ZERO_BASE,-3.1270693848535758,OK,14.869835499703509,OK,,ZERO_BASE,291.402474916388,27.570394747251008,69.4727486952396,0.3141880794689826,SELF_FUNDED_REINVESTMENT,7.199999999999999,9.46,0.0017823809237080823,0.0012767977216974202
ADANIENT,2013-03,2.6264150943396225,12.983288409703503,11.853369272237197,5.692652832305104,6.058769067983423,1.0887540113166057,3.240418769863526,1.5741695303550973,Levered,69009.0,8.852982681205901,0.41453996120531683,0.95089194176748,-7124.0,6.293924466338259,31.892183288409704,-584.8932676518883,194.5090909090909,15.0,10.0,,INSUFFICIENT,,INSUFFICIENT,,INSUFFICIENT,,INSUFFICIENT,,INSUFFICIENT,,INSUFFICIENT,,INSUFFICIENT,,INSUFFICIENT,,INSUFFICIENT,,,,,EXPANSION_WITH_EXTERNAL_CAPITAL,2.63,5.69,0.003584905660377391,0.002652832305103381
ADANIENT,2014-03,4.815549529546654,17.07645549347553,13.316468597011665,11.1377699204445,7.642813123452792,2.240436233086654,3.0298438355011155,1.283008942661757,Levered,71692.0,6.801897533206831,0.4652503767929417,0.7785176893976962,221.0,3.109599395313681,14.572224143265327,8.35222978080121,215.97272727272727,20.0,7.0,,INSUFFICIENT,,INSUFFICIENT,,INSUFFICIENT,,INSUFFICIENT,,INSUFFICIENT,,INSUFFICIENT,,INSUFFICIENT,,INSUFFICIENT,,INSUFFICIENT,,,,,SELF_FUNDED_REINVESTMENT,4.82,11.14,0.0044504704533459005,0.002230079555500808
ADANIENT,2015-03,3.564725044597844,19.312805398278137,15.07639804545102,8.931902985074627,8.892121611359665,1.757982833274683,3.248250932835821,1.377409297052154,Levered,82827.0,6.25534325202024,0.4931608500742055,0.7689600877925424,-2933.0,3.7127937336814623,17.784844489257736,-127.63272410791993,233.8909090909091,18.0,8.0,,INSUFFICIENT,,INSUFFICIENT,,INSUFFICIENT,,INSUFFICIENT,,INSUFFICIENT,,INSUFFICIENT,,INSUFFICIENT,,INSUFFICIENT,,INSUFFICIENT,,,,,EXPANSION_WITH_EXTERNAL_CAPITAL,3.56,8.93,0.0047250445978437305,0.0019029850746274946
ADANIENT,2016-03,2.9404845918607387,4.951776052693484,7.095389320159963,7.4749588877261175,7.413893753648569,2.399289810216176,1.4328748691882194,1.7781871775976419,Levered,18364.0,6.7341400806747345,0.8159504786583172,3.2472071039816672,3287.0,5.112,5.366384380145848,328.7,121.61818181818182,9.0,4.0,-9.822320328171163,OK,,INSUFFICIENT,,INSUFFICIENT,-6.3622641625924015,OK,,INSUFFICIENT,,INSUFFICIENT,-15.65673346982508,OK,,INSUFFICIENT,,INSUFFICIENT,,,,,SELF_FUNDED_REINVESTMENT,2.94,7.470000000000001,0.00048459186073879223,0.004958887726116856
ADANIENT,2017-03,2.5319574083705145,5.206251881860236,6.394218925355158,6.543576683644596,6.6777199702704255,1.9428283379891202,1.4746745897000566,1.858392999204455,Levered,19804.0,7.4703885326291966,0.7673226775325029,2.6728855721393034,-686.0,0.8367567567567568,3.996386828346974,-74.16216216216216,128.5090909090909,9.0,4.0,-12.720191700604078,OK,,INSUFFICIENT,,INSUFFICIENT,-29.554925791176643,OK,,INSUFFICIENT,,INSUFFICIENT,-23.36905676064469,OK,,INSUFFICIENT,,INSUFFICIENT,,,,,EXPANSION_WITH_EXTERNAL_CAPITAL,2.53,6.54,0.001957408370514724,0.003576683644595846
ADANIENT,2018-03,1.653490702594366,5.673087629439929,4.835207660616858,3.936642587315263,5.307706410804864,1.0530981295984398,1.1688647359003248,1.3896,Levered,16176.0,6.737192836318201,0.6368938923854268,3.4035054476551396,-4707.0,4.952861952861953,21.2921723638793,-792.4242424242424,137.1727272727273,7.0,6.0,-17.708767504438207,OK,-4.9788782627487205,OK,,INSUFFICIENT,-36.29911390169962,OK,-13.378074899332725,OK,,INSUFFICIENT,-27.008014335201846,OK,-14.137929651551106,OK,,INSUFFICIENT,,,,,EXPANSION_WITH_EXTERNAL_CAPITAL,1.65,3.94,0.003490702594366013,0.0033574126847368824
ADANIENT,2019-03,1.2531266252259838,4.876297085118502,5.16109859085168,3.429113580916238,8.015692911265818,1.1895805905585857,0.7619273515857956,1.2824615384615385,Levered,9732.0,3.933710590137429,0.9492900131653188,4.476607538802661,3236.0,6.395256916996048,0.0,639.5256916996047,134.14545454545456,7.0,6.0,5.890782050790433,OK,-5.975222430379501,OK,,INSUFFICIENT,-20.313728713037616,OK,-28.168963139116254,OK,,INSUFFICIENT,-8.035860787295979,OK,-18.93869169010509,OK,,INSUFFICIENT,343.3178458498023,11.772758877744645,72.2925869037995,1.8627802178957802,ASSET_MONETISATION_AND_DELEVERAGING,1.25,3.43,0.0031266252259838367,0.000886419083762302
ADANIENT,2020-03,2.3961477317236133,5.285348939013432,6.206944220445592,6.136779370980115,9.17387454879793,2.2186666666666666,0.7328140673865581,1.713740458015267,Levered,10467.0,3.3060644346178143,0.9259306666666667,4.143088965253914,1372.0,2.3596153846153847,2.4929152362739906,131.92307692307693,154.06363636363636,10.0,10.0,5.911910945095755,OK,-7.606982238213844,OK,,INSUFFICIENT,3.9833653228128707,OK,-14.663139176416905,OK,,INSUFFICIENT,3.5744168651286268,OK,-11.09104638678,OK,,INSUFFICIENT,208.95138461538463,12.82288546645424,67.57201831964625,0.6313577541776372,SELF_FUNDED_REINVESTMENT,2.4,6.140000000000001,0.003852268276386628,0.0032206290198857346
ADANIENT,2021-03,2.645623087234742,6.338366593317652,6.229607709234388,6.0959263360335685,7.377343796801054,2.026464149408141,0.9456844804475786,1.7886710239651415,Levered,10724.0,3.574666666666667,0.7659685762442606,3.6479977855692933,-4568.0,3.8652007648183555,21.77959885676708,-436.7112810707457,155.9909090909091,8.0,12.0,3.2459461046949967,OK,3.058667787307945,OK,,INSUFFICIENT,20.757768726443793,OK,0.9035246758499982,OK,,INSUFFICIENT,4.551591714942038,OK,-2.3281316138826114,OK,,INSUFFICIENT,196.23198852772467,11.96215746838394,63.21417666666667,-2.2254846640818955,EXPANSION_WITH_EXTERNAL_CAPITAL,2.65,6.1,0.004376912765257757,0.0040736639664311625
ADANIENT,2022-03,1.135119562085854,5.3500432152117545,5.0100835494093925,3.5404591813811384,5.446203473168287,0.7756974386234324,1.8692546165251382,1.376880443388757,Levered,37312.0,7.895048666948794,0.6833618805740949,2.3045513395080173,-15656.0,1.7576142131979695,24.54768078363584,-1986.802030456853,202.33636363636364,7.0,14.0,19.796192956691726,OK,13.699840248771,OK,,INSUFFICIENT,15.911155042442072,OK,-3.155068356762114,OK,,INSUFFICIENT,0.0,OK,-4.902060720441037,OK,,INSUFFICIENT,237.01906091370557,8.391563103742643,43.01878332628015,-8.382456764438082,EXPANSION_WITH_EXTERNAL_CAPITAL,1.14,3.54,0.00488043791414583,0.0004591813811383183
ADANIENT,2023-03,1.899012074643249,6.913909361768857,5.657832836757096,7.328068742246831,8.366279811248566,1.7143504296493437,1.6096335965628876,1.81809019904258,Levered,46890.0,4.858060505594695,0.9027590990812441,2.2422249960443734,2167.0,7.277456647398844,12.120903246040458,89.47151114781173,289.92105263157896,22.0,6.0,43.2327140592222,OK,28.84048322057997,OK,10.646135227530706,OK,32.55016311333752,OK,32.45780037178554,OK,7.115590194910215,OK,30.059144685138705,OK,25.73753098024454,OK,3.904209397242564,OK,81.15770024772915,5.9472920637802185,22.114411520928304,1.10244019821539,SELF_FUNDED_REINVESTMENT,1.9,7.33,0.0009879253567508517,0.0019312577531689357
ADANIENT,2024-03,3.458790097592848,11.799296833677312,9.8329202144761,8.534650424813185,9.082635602475428,2.076768834144944,1.671358378544375,2.081448957189901,Levered,56609.0,4.520402459474567,0.6004321671876751,1.4614113795507593,-8455.0,3.0920539730134933,19.463602327293845,-253.5232383808096,342.7719298245614,28.0,5.0,34.60338228109774,OK,19.015414753081238,OK,5.78467705445147,OK,47.182006037517255,OK,45.81058899665285,OK,2.3412223540726584,OK,51.82944859378311,OK,31.95079107728942,OK,3.4219694129380196,OK,56.350215892053974,4.809293940014331,15.270921504431845,-4.499064189327432,EXPANSION_WITH_EXTERNAL_CAPITAL,3.46,8.53,0.0012099024071519082,0.004650424813185339
ADANIGREEN,2017-03,-9.362549800796813,80.2788844621514,29.880478087649404,-3.906899418121363,2.7027027027027026,-0.762987012987013,3.6134663341645887,0.4491017964071856,Levered,4321.0,8.946169772256729,0.08149350649350649,0.11564155724487445,-1483.0,-0.5957446808510638,300.996015936255,3155.31914893617,9.442700156985872,0.0,0.0,,INSUFFICIENT,,INSUFFICIENT,,INSUFFICIENT,,INSUFFICIENT,,INSUFFICIENT,,INSUFFICIENT,,INSUFFICIENT,,INSUFFICIENT,,INSUFFICIENT,,,,,EXPANSION_WITH_EXTERNAL_CAPITAL,-9.36,-3.91,0.0025498007968138836,0.003100581878637154
ADANIGREEN,2018-03,-9.324324324324325,56.95945945945946,23.10810810810811,-10.290827740492169,3.0522088353413657,-0.8784773060029283,7.355704697986577,0.6195652173913043,Levered,9777.0,11.047457627118645,0.09421350818002419,0.16228070175438597,-3779.0,-4.702898550724638,299.18918918918916,2738.405797101449,8.574168797953964,-1.0,0.0,,INSUFFICIENT,,INSUFFICIENT,,INSUFFICIENT,,INSUFFICIENT,,INSUFFICIENT,,INSUFFICIENT,,INSUFFICIENT,,INSUFFICIENT,,INSUFFICIENT,,,,,EXPANSION_WITH_EXTERNAL_CAPITAL,-9.32,-10.29,0.00432432432432428,0.0008277404921699372
ADANIGREEN,2019-03,-23.080660835762874,74.14965986394559,26.044703595724005,-24.573202276254527,4.09942638623327,-3.240551234820576,5.764097258147957,0.47814451382694023,Levered,11065.0,6.924280350438048,0.14040114613180515,0.19811320754716982,-1041.0,-3.4210526315789473,129.54324586977648,219.15789473684208,12.35933503836317,-3.0,0.0,,INSUFFICIENT,,INSUFFICIENT,,INSUFFICIENT,,INSUFFICIENT,,INSUFFICIENT,,INSUFFICIENT,,INSUFFICIENT,,INSUFFICIENT,,INSUFFICIENT,,251.0983548887739,339.0977158948686,-0.2144741760730384,EXPANSION_WITH_EXTERNAL_CAPITAL,-23.08,-24.57,0.0006608357628756778,0.003202276254526737
ADANIGREEN,2020-03,-2.6677128285602194,56.88505296194586,37.07336210278541,-2.8850233347475602,5.486848981013761,-0.36908380373425964,6.307170131523122,0.949748743718593,Levered,14390.0,10.746825989544437,0.13835214937038645,0.20304285486697468,-1778.0,-28.897058823529413,146.8418987838368,2614.7058823529414,15.070332480818413,0.0,0.0,71.87869176489616,OK,,INSUFFICIENT,,INSUFFICIENT,,BOTH_NEGATIVE,,INSUFFICIENT,,INSUFFICIENT,,ZERO_BASE,,INSUFFICIENT,,INSUFFICIENT,,219.57731014000848,496.00465272591487,-0.3435458554110173,EXPANSION_WITH_EXTERNAL_CAPITAL,-2.67,-2.89,0.002287171439780522,0.0049766652524398935
ADANIGREEN,2021-03,5.8258642765685025,71.73495518565942,68.69398207426376,8.272727272727273,8.12601764549964,0.6343231562804963,11.004090909090909,1.0988223246287763,Levered,23707.0,9.007218844984802,0.10888052418792694,0.1901515612636192,-7536.0,8.796703296703297,292.4775928297055,-4140.659340659341,14.066496163682864,1.0,0.0,28.277288090725804,OK,,INSUFFICIENT,,INSUFFICIENT,,TURNAROUND,,INSUFFICIENT,,INSUFFICIENT,,TURNAROUND,,INSUFFICIENT,,INSUFFICIENT,2852.1153846153848,235.94772727272726,230.80908434650456,-1.4517853530731961,EXPANSION_WITH_EXTERNAL_CAPITAL,5.83,8.27,0.0041357234314975955,0.0027272727272737995
ADANIGREEN,2022-03,9.526592635885448,68.42002727449834,61.75725696473797,18.706962509563887,5.717274465245464,0.8294602571496421,20.211170619739864,1.211310661062285,Levered,52258.0,13.002736999253546,0.08706788343454218,0.18040911008013497,-15603.0,6.394683026584867,364.89382427430354,-3190.79754601227,16.713554987212277,3.0,0.0,35.615281969114456,OK,59.19649782184464,OK,,INSUFFICIENT,,TURNAROUND,,TURNAROUND,,INSUFFICIENT,,TURNAROUND,,ZERO_BASE,,INSUFFICIENT,1013.1821063394683,189.53559678653403,115.44783030604628,-3.149283357895375,EXPANSION_WITH_EXTERNAL_CAPITAL,9.53,18.71,0.0034073641145511147,0.003037490436113899
ADANIGREEN,2023-03,12.512860082304528,63.91460905349794,55.77417695473251,13.321467688937568,7.0489378646772956,1.4542139323558863,7.423740416210296,1.4898660254208176,Levered,53074.0,9.415291821891076,0.11621754920862665,0.1608738828202582,3408.0,7.466598150051388,49.60133744855967,350.256937307297,46.11111111111111,6.0,0.0,45.03143324246328,OK,39.347412006991476,OK,,INSUFFICIENT,,TURNAROUND,,TURNAROUND,,INSUFFICIENT,,ZERO_BASE,,TURNAROUND,,INSUFFICIENT,461.4748304213772,61.4752204271632,96.89629412808232,0.7589946714698914,SELF_FUNDED_REINVESTMENT,12.51,13.32,0.0028600823045277224,0.0014676889375682123
ADANIGREEN,2024-03,13.665943600867678,79.3709327548807,72.41865509761388,12.812690665039659,8.939377711133723,1.430420271098699,6.595281675818589,1.3337994406711946,Levered,63343.0,7.382634032634033,0.10467043571055559,0.14803159719992293,-13347.0,6.121428571428571,228.4164859002169,-1059.2857142857144,62.08333333333333,7.0,0.0,43.44099813858789,OK,34.976172926382844,OK,,INSUFFICIENT,90.58982840512462,OK,,TURNAROUND,,INSUFFICIENT,91.29311827723889,OK,,TURNAROUND,,INSUFFICIENT,405.16887301587303,51.91303437055115,57.32854312354313,-2.61443014217979,EXPANSION_WITH_EXTERNAL_CAPITAL,13.67,12.81,0.0040563991323221416,0.002690665039658313
ADANIPORTS,2013-03,45.820519988817445,66.59211629857423,64.41151803187029,25.633406318423525,12.790052181636504,7.791775612075114,1.817328745699093,4.250922509225092,Levered,11398.0,4.181217901687454,0.17004991680532447,0.31426814268142683,-3757.0,0.8413666870042709,143.58400894604418,-229.22513727882853,31.890274314214462,8.0,12.0,,INSUFFICIENT,,INSUFFICIENT,,INSUFFICIENT,,INSUFFICIENT,,INSUFFICIENT,,INSUFFICIENT,,INSUFFICIENT,,INSUFFICIENT,,INSUFFICIENT,,,,,EXPANSION_WITH_EXTERNAL_CAPITAL,45.82,25.63,0.0005199888174445277,0.0034063184235257893
ADANIPORTS,2014-03,36.04554865424431,60.43478260869565,61.18012422360248,19.86309184255562,13.589955849889623,7.055152571220165,1.4807758128921849,3.024564994882293,Levered,12916.0,3.583795782463929,0.19572881630668235,0.3669376282002583,-1378.0,0.6502010338885698,51.96687370600414,-79.14991384261918,42.34299516908212,8.0,12.0,,INSUFFICIENT,,INSUFFICIENT,,INSUFFICIENT,,INSUFFICIENT,,INSUFFICIENT,,INSUFFICIENT,,INSUFFICIENT,,INSUFFICIENT,,INSUFFICIENT,,,,,EXPANSION_WITH_EXTERNAL_CAPITAL,36.05,19.86,0.004451345755690284,0.0030918425556194506
ADANIPORTS,2015-03,37.77633289986996,63.42652795838751,59.75292587776333,21.58848118903855,12.879716898496898,7.243937410385887,1.651277287505806,3.1285106382978722,Levered,17516.0,3.817785527462947,0.19175861853999127,0.29970283041847323,572.0,1.3154044750430292,40.39336801040312,24.612736660929432,52.00483091787439,11.0,10.0,,INSUFFICIENT,,INSUFFICIENT,,INSUFFICIENT,,INSUFFICIENT,,INSUFFICIENT,,INSUFFICIENT,,INSUFFICIENT,,INSUFFICIENT,,INSUFFICIENT,,,,,SELF_FUNDED_REINVESTMENT,37.78,21.59,0.0036671001300376815,0.0015188109614499012
ADANIPORTS,2016-03,40.17442678295119,64.38317625545083,59.6849064566043,21.147723065531284,11.83641587859514,7.44040640875342,1.6543502406516104,3.7749110320284696,Levered,21797.0,4.107990953637391,0.18520255308063047,0.34042043767657904,-1772.0,0.8336834733893558,58.418905612603744,-62.04481792717087,65.2415458937198,14.0,8.0,25.72737783680763,OK,,INSUFFICIENT,,INSUFFICIENT,20.335310574077937,OK,,INSUFFICIENT,,INSUFFICIENT,20.507113208761506,OK,,INSUFFICIENT,,INSUFFICIENT,,,,,EXPANSION_WITH_EXTERNAL_CAPITAL,40.17,21.15,0.00442678295118526,0.0022769344687141313
ADANIPORTS,2017-03,46.23770588932338,64.20191965872733,62.744400995378605,22.264064817984707,13.324106693507801,8.997209988701607,1.2674883030925481,4.744623655913978,Levered,21053.0,3.2615027110766848,0.19458599460444095,0.40082644628099173,1434.0,1.0412608918503332,31.152980210925463,36.75038441824705,84.66666666666667,19.0,7.0,20.44292261784719,OK,,INSUFFICIENT,,INSUFFICIENT,30.86680450669683,OK,,INSUFFICIENT,,INSUFFICIENT,33.420082436097246,OK,,INSUFFICIENT,,INSUFFICIENT,,,,,SELF_FUNDED_REINVESTMENT,46.23999999999999,22.26,0.0022941106766083408,0.004064817984705371
ADANIPORTS,2018-03,32.588536606906295,63.20763048662016,60.16956636933675,17.652968473424867,15.744228502761537,7.812334596574429,1.0701813136870306,4.314756174794174,Levered,21291.0,2.661042369703787,0.23972646243092752,0.49947066607851787,1762.0,1.5197831978319782,33.966263357767374,47.75067750677507,100.98067632850241,18.0,11.0,22.550492291302437,OK,25.918201916791972,OK,,INSUFFICIENT,16.66217818116089,OK,17.622249929148204,OK,,INSUFFICIENT,17.840146380897437,OK,17.607902252467355,OK,,INSUFFICIENT,,,,,SELF_FUNDED_REINVESTMENT,32.59,17.65,0.0014633930937080208,0.0029684734248682787
ADANIPORTS,2019-03,37.02517162471396,60.37528604118994,59.59725400457666,16.596914492040046,12.500959987712157,7.183321198344907,1.1370425077958313,4.701083032490975,Levered,26930.0,3.415778792491121,0.19401182717408677,0.38849969773478893,1661.0,1.4904820766378244,39.98169336384439,41.06304079110012,117.73913043478261,19.0,1.0,15.399601862092748,OK,17.732092499981555,OK,,INSUFFICIENT,12.301814736402505,OK,18.36517675362346,OK,,INSUFFICIENT,10.715524489384997,OK,18.88654957871243,OK,,INSUFFICIENT,172.36617552533994,28.607466765140327,105.91122526636225,0.23823143181049086,EXPANSION_WITH_EXTERNAL_CAPITAL,37.03,16.6,0.004828375286038522,0.003085507959955436
ADANIPORTS,2020-03,31.8790533142424,50.08843594710688,52.17720879305988,14.868209136976077,11.122282267186126,6.113022271750893,1.1879640177554307,3.175294720656074,Levered,29064.0,3.6906666666666665,0.1917567065587803,0.36292220693871313,6653.0,1.9556142668428005,6.308430893624189,175.77278731836194,125.4039408866995,19.0,17.0,12.052915344789161,OK,14.053555422033593,OK,,INSUFFICIENT,-1.009647005728731,OK,10.246789703569824,OK,,INSUFFICIENT,0.0,OK,11.550670014054099,OK,,INSUFFICIENT,185.68989960369882,27.608762619318853,81.95356190476191,0.9465931517734564,SELF_FUNDED_REINVESTMENT,31.88,14.87,0.0009466857575972654,0.0017908630239222845
ADANIPORTS,2021-03,40.23107569721115,69.22709163346613,68.10358565737052,16.586183108307875,12.892180523711838,6.769729961652946,1.1778522387569397,3.790243902439024,Levered,33619.0,3.1555284400225267,0.16827116462417205,0.2598827938953428,-6508.0,1.4965339671222024,112.06374501992032,-128.89681124975243,149.95566502463055,25.0,20.0,3.4889719758043336,OK,12.038437201046982,OK,,INSUFFICIENT,11.017898337374831,OK,12.070015891980223,OK,,INSUFFICIENT,11.57215834702825,OK,12.295510705682112,OK,,INSUFFICIENT,121.04419489007725,20.076611806445253,73.40937112821474,-1.064873960843858,EXPANSION_WITH_EXTERNAL_CAPITAL,40.23,16.59,0.0010756972111565233,0.0038168916921250684
ADANIPORTS,2022-03,28.93276476429698,55.65745662713943,48.2563233833752,11.843332297171278,9.203841525914703,5.037222357822797,1.1461944955883407,3.247248427672956,Levered,44774.0,3.94137323943662,0.1741009681881051,0.2736719262065768,4927.0,2.103775489602261,32.087154623517726,99.47506561679789,198.2037914691943,23.0,22.0,16.149937942078484,OK,15.196021711535357,OK,,INSUFFICIENT,6.983450437029126,OK,4.885683476768143,OK,,INSUFFICIENT,6.575671665233052,OK,3.8950477489882784,OK,,INSUFFICIENT,148.1542822531799,17.546403959733148,80.58280193661972,0.6714288922597972,SELF_FUNDED_REINVESTMENT,28.93,11.84,0.00276476429698036,0.0033322971712781424
ADANIPORTS,2023-03,25.85363514291195,52.498561289084975,37.64626894302705,11.8773271056864,7.943494935389535,4.789317981930119,1.1772455881380952,3.322048243757935,Levered,46002.0,4.08,0.18524737258246493,0.28871289322108995,-4816.0,2.2073826748284175,80.1649721849223,-89.33407531070301,210.13425925925927,25.0,20.0,20.650487988948683,OK,12.98928015223748,OK,19.278694630023587,OK,12.512597053128683,OK,7.876933597730829,OK,12.644252606257812,OK,9.579370842217516,OK,6.790716584560208,OK,12.068872384564933,OK,117.71542385457244,13.981445945052766,68.68203192904656,-0.7588986420425908,SELF_FUNDED_REINVESTMENT,25.85,11.88,0.0036351429119498846,0.002672894313601404
ADANIPORTS,2024-03,30.339560480700833,58.36172363445772,46.31799633109955,15.3548827162833,12.099992175886081,6.926554927819896,0.9373223691689719,4.526893523600439,Levered,45181.0,2.778659286592866,0.22830109659056916,0.35544525469739713,8250.0,1.8531589338598222,25.337875781513237,101.80157946692991,244.34259259259258,38.0,16.0,28.631936311849437,OK,19.57867595245697,OK,18.65179197239284,OK,17.084126579285687,OK,14.909565182041629,OK,16.624572854327614,OK,14.977941578896626,OK,14.869835499703509,OK,16.860936130231472,OK,83.36599333662389,12.80075050210315,37.587068880688804,1.2211403642233938,SELF_FUNDED_REINVESTMENT,30.34,15.35,0.00043951929916730137,0.004882716283299615
ADANIPOWER,2013-03,-34.294680215182304,14.34548714883443,-1.7184698147041242,-53.459119496855344,-0.24952265231730603,-4.1965330602691635,9.735616119263918,-0.06752789195537287,Levered,41773.0,35.551489361702124,0.12236688121708601,0.23005259720169136,-1063.0,-1.3076252723311548,60.72922893006575,46.31808278867102,17.939824488090263,-10.0,0.0,,INSUFFICIENT,,INSUFFICIENT,,INSUFFICIENT,,INSUFFICIENT,,INSUFFICIENT,,INSUFFICIENT,,INSUFFICIENT,,INSUFFICIENT,,INSUFFICIENT,,,,,EXPANSION_WITH_EXTERNAL_CAPITAL,-34.29,-53.45999999999999,0.004680215182304437,0.0008805031446428302
ADANIPOWER,2014-03,-1.8984864300626305,29.964770354906058,18.215031315240083,-4.447501146263182,5.507663780009074,-0.49541190691023,6.747669264863212,0.6708313310908217,Levered,44035.0,9.311693804186932,0.2609509865676978,0.3305941982098566,-1462.0,-11.127147766323024,30.66283924843424,502.40549828178695,22.782033426183844,-1.0,0.0,,INSUFFICIENT,,INSUFFICIENT,,INSUFFICIENT,,INSUFFICIENT,,INSUFFICIENT,,INSUFFICIENT,,INSUFFICIENT,,INSUFFICIENT,,INSUFFICIENT,,,,,EXPANSION_WITH_EXTERNAL_CAPITAL,-1.9,-4.45,0.0015135699373693967,0.0024988537368182406
ADANIPOWER,2015-03,-4.367606915377617,25.03880533104962,21.666755874324252,-14.253275109170305,8.021083083995482,-1.3954920135444813,7.815196506550218,0.8322368421052632,Levered,44385.0,7.566484827821343,0.3195095256011219,0.4144409937888199,1087.0,-7.137254901960785,25.354600438901677,-133.21078431372547,19.933844011142064,-3.0,0.0,,INSUFFICIENT,,INSUFFICIENT,,INSUFFICIENT,,INSUFFICIENT,,INSUFFICIENT,,INSUFFICIENT,,INSUFFICIENT,,INSUFFICIENT,,INSUFFICIENT,,,,,SELF_FUNDED_REINVESTMENT,-4.37,-14.25,0.0023930846223834124,0.003275109170305157
ADANIPOWER,2016-03,2.171257437837412,34.6849509398274,23.38731922607085,7.378146759507231,9.859295313719953,0.7269704725967755,7.06065881092662,1.0674460431654675,Levered,52729.0,6.1305662132310195,0.33481542074570547,0.44567183575982156,2565.0,9.540834845735027,10.60803089411672,465.51724137931035,22.399520095980805,2.0,0.0,55.9414072705229,OK,,INSUFFICIENT,,INSUFFICIENT,,TURNAROUND,,INSUFFICIENT,,INSUFFICIENT,,TURNAROUND,,INSUFFICIENT,,INSUFFICIENT,,,,,SELF_FUNDED_REINVESTMENT,2.17,7.380000000000001,0.0012574378374119455,0.001853240492769359
ADANIPOWER,2017-03,-27.299257163070394,26.44145737530951,-1.582950123806155,-205.79999999999998,-0.6452310576021916,-8.633636783152241,17.494666666666667,-0.06065740426973907,Levered,52320.0,22.61019878997407,0.31625903707121983,0.41580408523468954,3513.0,-0.7653061224489796,5.359037849310223,-56.899902818270164,7.7780658542909,-16.0,0.0,13.84398810447287,OK,,INSUFFICIENT,,INSUFFICIENT,,BOTH_NEGATIVE,,INSUFFICIENT,,INSUFFICIENT,,BOTH_NEGATIVE,,INSUFFICIENT,,INSUFFICIENT,,,,,SELF_FUNDED_REINVESTMENT,-27.3,-205.8,0.0007428369296071935,2.842170943040401e-14
ADANIPOWER,2018-03,-10.35756501182033,26.773049645390074,17.193656422379828,-236.55793025871765,6.498026952572407,-3.0246807041767347,59.43194600674916,0.6267504488330341,Levered,52835.0,8.535541195476576,0.29202623403520883,0.3894355256343863,4581.0,-2.425582501188778,2.56107171000788,-217.83166904422254,2.3049001814882035,-5.0,0.0,2.812281577801401,OK,24.854768715819798,OK,,INSUFFICIENT,,BOTH_NEGATIVE,,BOTH_NEGATIVE,,INSUFFICIENT,,BOTH_NEGATIVE,,BOTH_NEGATIVE,,INSUFFICIENT,,,,,SELF_FUNDED_REINVESTMENT,-10.36,-236.56,0.0024349881796688067,0.002069741282355153
ADANIPOWER,2019-03,-4.119912912409982,20.86333947412494,19.598894657511305,-12.759336099585061,8.55883858699627,-1.4473780981098772,6.091804979253112,0.827470390666431,Levered,46977.0,6.3209095801937565,0.3513127895859381,0.47371030762212657,4626.0,-5.701219512195122,4.119912912409982,-470.1219512195122,19.99481462276381,-3.0,0.0,-2.0008608070737233,OK,9.27588040271312,OK,,INSUFFICIENT,,DECLINE_TO_LOSS,,BOTH_NEGATIVE,,INSUFFICIENT,,DECLINE_TO_LOSS,,BOTH_NEGATIVE,,INSUFFICIENT,,154.0789483921162,183.33406485468245,0.38930976917995463,SELF_FUNDED_REINVESTMENT,-4.12,-12.76,8.708759001851973e-05,0.0006639004149384675
ADANIPOWER,2020-03,-8.595284872298626,21.66389602538915,11.523348949675079,-35.102607622280516,4.944876783398184,-3.032322559146951,8.517049837987965,0.5738476011288806,Levered,55196.0,9.114266842800529,0.3527890703098967,0.47394620921820724,3294.0,-2.4606593406593404,8.704851141000454,-144.7912087912088,16.80321493388644,-6.0,0.0,5.382486975545575,OK,7.214840153417179,OK,,INSUFFICIENT,,BOTH_NEGATIVE,,BOTH_NEGATIVE,,INSUFFICIENT,,BOTH_NEGATIVE,,BOTH_NEGATIVE,,INSUFFICIENT,,172.4835796944916,211.18150924702775,0.2946685706752995,SELF_FUNDED_REINVESTMENT,-8.6,-35.09999999999999,0.0047151277013739445,0.0026076222805286875
ADANIPOWER,2021-03,4.84344609282636,33.13374775942947,28.202585713740895,9.685045374818882,11.267369575816675,1.6115524198665077,4.005109433386716,1.4482961222091657,Levered,52499.0,4.954137963574596,0.3327284724513362,0.49613063139770297,4826.0,5.522834645669291,8.344456733152816,380.0,33.99792584910552,3.0,0.0,8.898663210215553,OK,0.6564928179288998,OK,,INSUFFICIENT,,TURNAROUND,18.176309784358757,OK,,INSUFFICIENT,,TURNAROUND,8.447177119769854,OK,,INSUFFICIENT,776.5824881889764,75.21236635399985,106.90918844956119,0.48932342124553474,SELF_FUNDED_REINVESTMENT,4.84,9.69,0.003446092826360214,0.004954625181117223
ADANIPOWER,2022-03,17.725812854101257,35.6573201977554,38.5117823247086,26.613209080565635,15.78651519185823,5.991632207462705,2.662675407704394,2.606105006105006,Levered,48962.0,3.5505438723712834,0.33801734548248985,0.5201599279198108,10233.0,2.0832654723127035,0.0,208.32654723127035,47.85325382421571,13.0,0.0,5.078785671226016,OK,4.14712377692581,OK,,INSUFFICIENT,,TURNAROUND,,TURNAROUND,,INSUFFICIENT,,TURNAROUND,,TURNAROUND,,INSUFFICIENT,212.2857430781759,56.49604865362735,68.35064031907179,0.9813496856195024,ASSET_MONETISATION_AND_DELEVERAGING,17.73,26.61,0.004187145898743694,0.0032090805656359578
ADANIPOWER,2023-03,27.666159440848016,26.038738297268715,28.393469682511025,35.90507430713616,15.242433472710658,12.499271740017011,1.4175257731958764,3.3020395920815835,Levered,41696.0,2.9131558722839377,0.4517891891262045,0.7535907951254591,8431.0,0.7859606600167801,0.0,78.59606600167801,77.45916515426498,28.0,0.0,13.571516896859581,OK,13.812394373753722,OK,19.205789190494826,OK,,TURNAROUND,,TURNAROUND,,TURNAROUND,,TURNAROUND,,TURNAROUND,,TURNAROUND,100.1805313694416,35.96989422948186,82.36990009082652,0.7845443114274838,ASSET_MONETISATION_AND_DELEVERAGING,27.67,35.91,0.0038405591519854454,0.004925692863835707
ADANIPOWER,2024-03,41.36759945184802,36.20186292228556,48.02287938670533,48.27674122146251,31.095279124496855,22.638002804073516,0.8023177656738903,7.136953955135773,Levered,34242.0,1.2180996762833054,0.5472399439185297,0.7990192966865558,14170.0,0.6803015027125642,0.0,68.03015027125642,111.86155042779363,54.0,0.0,24.294797156226156,OK,16.086096410440966,OK,12.629527157691523,OK,154.07088459944453,OK,,TURNAROUND,,TURNAROUND,162.07413942088965,OK,,TURNAROUND,,TURNAROUND,65.87851313073119,31.8039993046703,48.30669986837892,1.0326606815830142,ASSET_MONETISATION_AND_DELEVERAGING,41.37,48.28,0.0024005481519751015,0.0032587785374929013
AMBUJACEM,2012-12,13.252641296543235,25.36670427736178,20.248230587752587,14.686825053995682,22.287456249294344,10.46577561765897,0.006820506991019666,25.307692307692307,Levered,-1521.0,-0.5981124655918206,0.7897124341838802,1.638212065199126,1472.0,1.4396284829721362,3.979895373884501,113.93188854489165,57.12337662337662,8.0,43.0,,INSUFFICIENT,,INSUFFICIENT,,INSUFFICIENT,,INSUFFICIENT,,INSUFFICIENT,,INSUFFICIENT,,INSUFFICIENT,,INSUFFICIENT,,INSUFFICIENT,,,,,SELF_FUNDED_REINVESTMENT,13.25,14.69,0.002641296543234972,0.0031749460043180022
AMBUJACEM,2013-12,13.950442091474729,18.218535094422005,17.083287850671326,13.506658211794548,16.456361724500525,9.864155603581352,0.0050729232720355105,23.35820895522388,Levered,-1666.0,-0.8091306459446334,0.7070855202222909,1.4903204815357085,771.0,0.9913928012519562,5.414256085580177,60.328638497652584,61.24271844660194,8.0,44.0,,INSUFFICIENT,,INSUFFICIENT,,INSUFFICIENT,,INSUFFICIENT,,INSUFFICIENT,,INSUFFICIENT,,INSUFFICIENT,,INSUFFICIENT,,INSUFFICIENT,,,,,SELF_FUNDED_REINVESTMENT,13.95,13.51,0.0004420914747296223,0.0033417882054518344
AMBUJACEM,2014-12,14.937217478653944,19.427423405323957,18.483174284279258,14.766633565044687,18.210609659540776,10.714800403516357,0.0033763654419066533,27.87878787878788,Levered,-2063.0,-0.8767530811729707,0.7173223807465052,1.5776545166402536,1219.0,1.1264290517821116,4.580612757408337,81.97713517148621,64.96774193548387,10.0,46.0,,INSUFFICIENT,,INSUFFICIENT,,INSUFFICIENT,,INSUFFICIENT,,INSUFFICIENT,,INSUFFICIENT,,INSUFFICIENT,,INSUFFICIENT,,INSUFFICIENT,,,,,SELF_FUNDED_REINVESTMENT,14.94,14.77,0.002782521346055944,0.003366434955312414
AMBUJACEM,2015-12,8.562043022146868,16.33993853979019,13.404683691851224,7.866809463538117,12.274403260236754,5.717115969716267,0.0034076526141563626,13.75,Levered,-2114.0,-1.1155672823218998,0.6677280124531239,1.5294975688816856,1474.0,1.926980198019802,0.8795167955918195,182.42574257425744,66.26451612903226,5.0,54.0,-1.0783629462939648,OK,,INSUFFICIENT,,INSUFFICIENT,-14.483559496590082,OK,,INSUFFICIENT,,INSUFFICIENT,-14.501202666165147,OK,,INSUFFICIENT,,INSUFFICIENT,,,,,SELF_FUNDED_REINVESTMENT,8.559999999999999,7.870000000000001,0.0020430221468696885,0.0031905364618838306
AMBUJACEM,2016-12,7.136458644371454,15.830596197870012,10.754454065890314,7.234751021643711,10.886649874055415,4.368754569826956,0.00146309469754301,14.124183006535947,Levered,-146.0,-0.04030922142462728,0.6121740190104802,0.9385333956095283,-1355.0,1.9595536959553697,20.727580372250422,-94.49093444909344,99.85390428211586,6.0,50.0,29.929521264588832,OK,,INSUFFICIENT,,INSUFFICIENT,3.913689722316227,OK,,INSUFFICIENT,,INSUFFICIENT,-9.143970358393016,OK,,INSUFFICIENT,,INSUFFICIENT,,,,,SELF_FUNDED_REINVESTMENT,7.140000000000001,7.23,0.0035413556285464054,0.004751021643710551
AMBUJACEM,2017-12,8.238383667245541,16.34122580371892,12.596891016137912,9.408862229102168,14.369926555856205,5.477484581373736,0.0011609907120743034,14.436893203883495,Levered,-129.0,-0.030765561650369665,0.6648736939930722,1.12972533256771,2678.0,1.7562982005141388,3.125926553433013,137.68637532133675,104.14105793450882,8.0,47.0,33.355861476067375,OK,19.350297077682033,OK,,INSUFFICIENT,9.362781071446658,OK,8.52540579140837,OK,,INSUFFICIENT,-7.168223327744416,OK,0.0,OK,,INSUFFICIENT,,,,,SELF_FUNDED_REINVESTMENT,8.24,9.41,0.0016163327544589379,0.001137770897832624
AMBUJACEM,2018-12,11.416612265273992,15.402634307438271,11.862063668829922,13.29012069736254,13.784024988844266,7.951111229975128,0.001788109074653554,18.17058823529412,Levered,-93.0,-0.0219184539241103,0.6964510176245621,1.2619209149059896,938.0,0.5728220652539522,2.9376752044852346,31.5506222670703,112.69521410579345,11.0,14.0,40.26238980107533,OK,23.237521356132795,OK,,INSUFFICIENT,54.38123689114178,OK,18.394849848210313,OK,,INSUFFICIENT,30.059144685138705,OK,6.576275663547415,OK,,INSUFFICIENT,,,,,SELF_FUNDED_REINVESTMENT,11.42,13.29,0.0033877347260080626,0.00012069736254005647
AMBUJACEM,2019-12,10.267857142857142,16.960596221959857,14.923996458087368,11.558268959215882,16.771010406733282,6.926676290507243,0.0017027992358169283,23.794117647058822,Levered,-109.0,-0.020969603693728356,0.6745980387276619,1.3093087290469059,3548.0,1.7028386633129715,4.394185360094451,127.48832195472512,121.29974811083123,11.0,14.0,10.48983632828422,OK,22.179522882798295,OK,,INSUFFICIENT,24.73491008967228,OK,13.354938999207233,OK,,INSUFFICIENT,22.39034103416604,OK,1.9244876491456564,OK,,INSUFFICIENT,299.6605533596838,34.635572721986875,168.13272412466333,0.42544245655750484,SELF_FUNDED_REINVESTMENT,10.27,11.56,0.002142857142857224,0.001731040784118676
AMBUJACEM,2020-12,12.673356175558819,20.41931799641051,16.854299233153856,13.65294195192688,17.788875495092128,7.822649680245733,0.02069692841762974,29.514285714285716,Levered,304.0,0.05742349829996222,0.6172516239488394,1.1967197110221615,3515.0,1.5551979401351785,5.3720019579050415,113.13163823624075,114.64483627204031,12.0,151.0,1.2645273918070687,OK,21.038388124060383,OK,,INSUFFICIENT,16.89803632525486,OK,30.913965581917104,OK,,INSUFFICIENT,14.471424255333186,OK,19.13578981670916,OK,,INSUFFICIENT,330.04012874155137,45.06018719514875,183.11187948621082,0.3427814631742316,SELF_FUNDED_REINVESTMENT,12.67,13.65,0.0033561755588191744,0.002941951926880293
AMBUJACEM,2021-12,12.812014500258934,21.439668565510097,18.33247022268255,14.636743709079436,20.556695443459407,8.209268886185155,0.01881359943204228,36.36986301369863,Levered,279.0,0.04317548746518106,0.6407477048999004,1.3015637638177406,3302.0,1.4306116949609269,6.929052304505437,88.97871193748315,127.727959697733,14.0,45.0,3.610863166801348,OK,7.587403635446233,OK,,INSUFFICIENT,7.670983912476048,OK,20.945123020866106,OK,,INSUFFICIENT,8.37067626618271,OK,18.466445254224407,OK,,INSUFFICIENT,314.02684721099433,45.9633048039757,225.90848189415044,0.2833474676695348,SELF_FUNDED_REINVESTMENT,12.81,14.64,0.0020145002589337935,0.003256290920564453
AMBUJACEM,2024-03,14.288299155609169,19.300361881785282,18.62786489746683,11.428984947896565,14.65306606570988,7.2600787606687,0.01686125048243921,22.380434782608695,Levered,-150.0,-0.019230769230769232,0.5081135747230352,1.023835988637767,-3295.0,1.1916420430561419,26.963208685162847,-69.54411143942592,188.43636363636364,16.0,12.0,10.591471422496257,OK,4.952158000173124,OK,13.727937697465343,OK,15.102458796546347,OK,9.769081298428105,OK,14.00041183392009,OK,10.064241629820891,OK,7.781806771272581,OK,7.177346253629313,OK,270.4539974672858,30.91014666152065,153.62701025641024,-0.25713841204302407,EXPANSION_WITH_EXTERNAL_CAPITAL,14.29,11.43,0.0017008443908306248,0.00101505210343511
APOLLOHOSP,2013-03,8.039267710267975,16.23772884054126,13.319182807110638,11.030214779759739,12.676767676767678,6.294142085583713,0.4415726246814707,4.87378640776699,Levered,686.0,1.065217391304348,0.7829248026589115,1.6099957283212303,-290.0,1.462046204620462,19.44812947731494,-95.7095709570957,196.21428571428572,22.0,25.0,,INSUFFICIENT,,INSUFFICIENT,,INSUFFICIENT,,INSUFFICIENT,,INSUFFICIENT,,INSUFFICIENT,,INSUFFICIENT,,INSUFFICIENT,,INSUFFICIENT,,,,,EXPANSION_WITH_EXTERNAL_CAPITAL,8.04,11.03,0.0007322897320243271,0.00021477975973915875
APOLLOHOSP,2014-03,7.229745237548772,15.515262795501492,12.072526968097314,10.581121934833725,12.173108076834065,5.887850467289719,0.4514612025529056,4.420168067226891,Levered,1022.0,1.4726224783861672,0.814392523364486,1.6251398731816487,17.0,1.1841269841269841,8.170759697039246,5.396825396825397,212.64285714285714,23.0,25.0,,INSUFFICIENT,,INSUFFICIENT,,INSUFFICIENT,,INSUFFICIENT,,INSUFFICIENT,,INSUFFICIENT,,INSUFFICIENT,,INSUFFICIENT,,INSUFFICIENT,,,,,SELF_FUNDED_REINVESTMENT,7.23,10.58,0.00025476245122835195,0.0011219348337245805
APOLLOHOSP,2015-03,6.531487619418989,14.369272762721778,11.171768375901735,10.561160151324085,11.096049573973664,5.1865613872116425,0.6279949558638083,4.8559322033898304,Levered,1681.0,2.1414012738853505,0.7940857717912989,1.5810727496917385,-289.0,1.4029850746268657,14.798206278026907,-86.26865671641791,226.57142857142858,24.0,24.0,,INSUFFICIENT,,INSUFFICIENT,,INSUFFICIENT,,INSUFFICIENT,,INSUFFICIENT,,INSUFFICIENT,,INSUFFICIENT,,INSUFFICIENT,,INSUFFICIENT,,,,,EXPANSION_WITH_EXTERNAL_CAPITAL,6.529999999999999,10.56,0.001487619418989894,0.0011601513240844241
APOLLOHOSP,2016-03,3.8211382113821135,11.121951219512196,8.32520325203252,7.052821128451381,8.303600389231267,3.192934782608696,0.8505402160864346,2.8444444444444446,Levered,2482.0,3.198453608247423,0.8355978260869565,1.5386539904928695,-291.0,2.5404255319148934,14.439024390243901,-123.82978723404254,238.0,17.0,35.0,17.728874672474994,OK,,INSUFFICIENT,,INSUFFICIENT,-8.122660403959724,OK,,INSUFFICIENT,,INSUFFICIENT,-8.23534978515731,OK,,INSUFFICIENT,,INSUFFICIENT,,,,,EXPANSION_WITH_EXTERNAL_CAPITAL,3.82,7.049999999999999,0.0011382113821136741,0.002821128451381938
APOLLOHOSP,2017-03,1.8054024255788312,10.115766262403527,6.601433296582139,3.952926976463488,7.439043329709582,1.6166851783290141,0.9429692214846107,1.8638132295719845,Levered,2719.0,3.42875157629256,0.8954708132790324,1.5804835547810934,-529.0,4.755725190839694,15.87651598676957,-403.8167938931298,236.71428571428572,16.0,38.0,18.53226174654161,OK,,INSUFFICIENT,,INSUFFICIENT,-25.357373304445886,OK,,INSUFFICIENT,,INSUFFICIENT,-11.3938128033939,OK,,INSUFFICIENT,,INSUFFICIENT,,,,,EXPANSION_WITH_EXTERNAL_CAPITAL,1.81,3.95,0.004597574421168815,0.0029269764634878292
APOLLOHOSP,2018-03,0.7278903311901006,9.717335921387845,5.653281572243116,1.8450184501845017,6.977092379098668,0.6979990693345742,1.0538130381303814,1.5796610169491525,Levered,3075.0,3.727272727272727,0.9589343880874825,1.7270060758432852,132.0,8.95,4.91325973553318,220.00000000000003,232.28571428571428,8.0,59.0,17.134330674561184,OK,16.942354195434504,OK,,INSUFFICIENT,-43.631629406150786,OK,-27.66612615683105,OK,,INSUFFICIENT,-30.663872564936533,OK,-18.316664954179764,OK,,INSUFFICIENT,,,,,SELF_FUNDED_REINVESTMENT,0.73,1.85,0.0021096688098993788,0.004981549815498365
APOLLOHOSP,2019-03,2.0796506186960593,11.126130810023916,7.278777165436207,5.9988002399520095,9.990009990009991,2.181976871045167,1.1016796640671866,2.140672782874618,Levered,3211.0,2.9297445255474455,1.0492035784420686,1.930349257326375,194.0,4.525,7.393157949464491,97.0,238.14285714285714,17.0,35.0,16.070405074738446,OK,17.157585093393312,OK,,INSUFFICIENT,-5.233673848257103,OK,-8.68462890526146,OK,,INSUFFICIENT,0.0,OK,-5.866497728949172,OK,,INSUFFICIENT,5418.934399999999,325.07104979004197,1136.118567518248,0.017900198238236655,SELF_FUNDED_REINVESTMENT,2.08,6.0,0.0003493813039407989,0.0011997600479904946
APOLLOHOSP,2020-03,3.841024273139504,14.145994487418868,10.60727305059127,12.934131736526947,17.20011534025375,3.826733988838692,1.0766467065868264,2.2382739212007503,Levered,3162.0,1.7440706012134584,0.996279564177518,1.5133207750269106,1004.0,2.9930555555555554,2.569574108651196,232.4074074074074,238.57142857142858,33.0,18.0,15.73013872152047,OK,17.004024260020856,OK,,INSUFFICIENT,48.84610815040138,OK,5.217453808791128,OK,,INSUFFICIENT,27.29108424148723,OK,6.576275663547415,OK,,INSUFFICIENT,2952.1841203703702,381.83938323353294,841.3673745173745,0.07872388642827954,SELF_FUNDED_REINVESTMENT,3.84,12.93,0.0010242731395040394,0.004131736526947094
APOLLOHOSP,2021-03,1.2973484848484849,10.795454545454545,6.34469696969697,2.976319791440365,7.645783407508844,1.2025983146067416,0.9037584184227677,1.4922048997772828,Levered,2817.0,2.266291230893001,0.9269662921348315,1.557981705517852,385.0,9.233576642335766,8.333333333333332,281.021897810219,319.65277777777777,10.0,29.0,8.607430608703194,OK,11.418616248778267,OK,,INSUFFICIENT,31.680996855786447,OK,-10.230141427470674,OK,,INSUFFICIENT,7.721734501594191,OK,-10.068835772242512,OK,,INSUFFICIENT,8424.365401459854,250.73605474690422,860.7550683829445,0.033358227524357006,SELF_FUNDED_REINVESTMENT,1.3,2.98,0.0026515151515151825,0.003680208559635023
APOLLOHOSP,2022-03,7.556434563186251,14.928732183045762,13.346518447793768,19.704783923172684,20.193994427819625,8.355327652514893,0.723457229237062,5.163588390501319,Levered,3252.0,1.2713057075840501,1.1057235502601614,1.7674783027965284,949.0,1.5306859205776173,5.094455432039828,85.64981949458483,390.4861111111111,73.0,16.0,15.096223210672456,OK,15.107895036926532,OK,,INSUFFICIENT,76.94430456361536,OK,53.268777339201364,OK,,INSUFFICIENT,62.53914824285509,OK,35.469202920865925,OK,,INSUFFICIENT,1353.546750902527,266.71346256446736,588.686493354183,0.06327806515547,SELF_FUNDED_REINVESTMENT,7.56,19.7,0.003565436813748768,0.004783923172684723
APOLLOHOSP,2023-03,5.080664579821816,12.430772935227546,9.180110763303635,13.617295901903839,14.482431149097815,5.854605993340733,0.6989351403678606,4.002624671916011,Levered,3758.0,1.7560747663551401,1.152330743618202,1.9497652582159624,520.0,1.6315165876777251,5.158921261738502,61.61137440758294,430.41666666666663,57.0,26.0,13.883745577885165,OK,15.04488770509953,OK,15.989740953171093,OK,25.01234445988669,OK,69.6829630130583,OK,10.78730089645501,OK,19.983162620797668,OK,48.10065311433625,OK,9.987977837776096,OK,1713.5115639810426,233.33393998063892,782.4971962616822,0.035956205783893136,SELF_FUNDED_REINVESTMENT,5.08,13.62,0.0006645798218158916,0.0027040980961601235
APOLLOHOSP,2024-03,4.905818773282963,12.56099480560365,9.502072511674275,13.480392156862745,14.76077919960877,5.5847568988173455,0.7688869665513264,4.033407572383074,Levered,4347.0,1.7401921537229783,1.1383944570541153,1.9721647350993377,383.0,2.053475935828877,8.064431502177449,40.962566844919785,481.66666666666663,63.0,26.0,21.752736351876713,OK,14.660042602193135,OK,15.90208668517812,OK,89.6838465061924,OK,36.13077689773863,OK,11.493642912195057,OK,84.69147504478333,OK,29.95061094416296,OK,10.60156477390728,OK,2038.0988556149732,274.74371828143023,974.1324819855885,0.0200984200212211,SELF_FUNDED_REINVESTMENT,4.91,13.48,0.004181226717037134,0.0003921568627447414
ASIANPAINT,2013-03,11.043412033511043,16.536557501904035,16.155750190403655,34.2789598108747,46.68500687757909,17.099056603773587,0.0741725768321513,40.404761904761905,Levered,-45.0,-0.02429805615550756,1.5483490566037736,4.303154444899631,724.0,1.0232758620689655,4.407844630616908,62.41379310344828,35.25,12.0,40.0,,INSUFFICIENT,,INSUFFICIENT,,INSUFFICIENT,,INSUFFICIENT,,INSUFFICIENT,,INSUFFICIENT,,INSUFFICIENT,,INSUFFICIENT,,INSUFFICIENT,,,,,SELF_FUNDED_REINVESTMENT,11.04,34.28,0.0034120335110436883,0.001040189125298241
ASIANPAINT,2014-03,10.335515548281506,16.399345335515548,15.400981996726678,31.27011636543699,43.88992537313433,15.640866873065015,0.06164892300074276,39.208333333333336,Levered,-1175.0,-0.5521616541353384,1.513312693498452,4.7697111631537865,816.0,1.110055423594616,4.795417348608838,64.60807600950119,42.072916666666664,13.0,42.0,,INSUFFICIENT,,INSUFFICIENT,,INSUFFICIENT,,INSUFFICIENT,,INSUFFICIENT,,INSUFFICIENT,,INSUFFICIENT,,INSUFFICIENT,,INSUFFICIENT,,,,,SELF_FUNDED_REINVESTMENT,10.34,31.27,0.004484451718493432,0.00011636543699111712
ASIANPAINT,2015-03,10.481087036356959,16.47447668013221,15.56371648916636,30.09278785322649,41.065891472868216,16.008525914292125,0.08814846056516237,50.45238095238095,Levered,-1170.0,-0.49056603773584906,1.5273726722010321,5.118421052631579,723.0,0.8325157673440785,3.4153507161219245,50.665732305536096,49.395833333333336,15.0,42.0,,INSUFFICIENT,,INSUFFICIENT,,INSUFFICIENT,,INSUFFICIENT,,INSUFFICIENT,,INSUFFICIENT,,INSUFFICIENT,,INSUFFICIENT,,INSUFFICIENT,,,,,SELF_FUNDED_REINVESTMENT,10.48,30.09,0.001087036356958393,0.0027878532264900002
ASIANPAINT,2016-03,12.634013033424427,19.09466750753276,18.660220026627428,27.632183908045977,38.887266355140184,17.075480632635667,0.04950191570881226,54.3469387755102,Levered,-2389.0,-0.812861517522967,1.351548442087319,4.177693208430913,1377.0,1.2440377149195785,6.068250297806741,76.37271214642263,67.96875,18.0,41.0,10.755821922659337,OK,,INSUFFICIENT,,INSUFFICIENT,15.836629535764501,OK,,INSUFFICIENT,,INSUFFICIENT,14.471424255333186,OK,,INSUFFICIENT,,INSUFFICIENT,,,,,SELF_FUNDED_REINVESTMENT,12.63,27.63,0.004013033424426382,0.0021839080459784554
ASIANPAINT,2017-03,13.384676669764971,19.87783826849024,19.897755942105963,26.512361914781696,36.709946104850566,16.251511487303507,0.07364544976328248,81.0,Levered,-2092.0,-0.6278511404561825,1.2141878274889157,4.558716707021792,846.0,0.7574404761904762,4.521311910768822,41.964285714285715,79.20833333333333,20.0,51.0,7.218685658898583,OK,,INSUFFICIENT,,INSUFFICIENT,16.868030639048182,OK,,INSUFFICIENT,,INSUFFICIENT,15.441567326431937,OK,,INSUFFICIENT,,INSUFFICIENT,,,,,SELF_FUNDED_REINVESTMENT,13.38,26.51,0.004676669764970498,0.002361914781694452
ASIANPAINT,2018-03,12.469539375928678,19.043090638930163,18.894502228826152,24.94649227110583,35.54735547355474,15.243769526992661,0.0633769322235434,77.53658536585365,Levered,-1608.0,-0.45436564001130264,1.2224805638305603,4.508306538049303,557.0,1.0071496663489037,9.248142644873699,26.549094375595807,87.60416666666667,21.0,41.0,7.31138722508986,OK,9.880359579270825,OK,,INSUFFICIENT,13.708737315596341,OK,12.582139819769456,OK,,INSUFFICIENT,11.868894208139679,OK,11.842691472014465,OK,,INSUFFICIENT,,,,,SELF_FUNDED_REINVESTMENT,12.47,24.95,0.0004606240713229681,0.003507728894170725
ASIANPAINT,2019-03,11.476091476091476,19.56860706860707,17.754677754677754,23.3132720937599,31.656009637661015,13.588528524832297,0.13937282229965156,31.054545454545455,Levered,-1249.0,-0.3093115403665181,1.1840728660225244,2.9613667846698477,1552.0,1.118659420289855,4.771309771309771,70.28985507246377,98.65625,22.0,47.0,10.47149225471069,OK,9.503190332299205,OK,,INSUFFICIENT,6.987846873108139,OK,11.81991137137912,OK,,INSUFFICIENT,6.917810999860885,OK,11.09534595426207,OK,,INSUFFICIENT,482.70705163043476,112.53480836236933,262.74594105993066,0.14561596901277168,SELF_FUNDED_REINVESTMENT,11.48,23.31,0.003908523908524586,0.0032720937599002298
ASIANPAINT,2020-03,13.725199148978279,20.568007520657066,18.46024442135471,27.38400789733465,33.170341394025606,17.189242781013757,0.11036525172754195,36.57843137254902,Levered,-901.0,-0.19973398359565506,1.2523856735654977,3.2224170918367347,2520.0,1.0951694304253785,2.5629607639404286,90.84354722422493,105.52083333333333,28.0,43.0,10.298190144554443,OK,8.221620138866225,OK,,INSUFFICIENT,11.225741486584017,OK,14.218511658101551,OK,,INSUFFICIENT,11.868894208139679,OK,13.29568106011707,OK,,INSUFFICIENT,414.11821196827685,113.40216386969396,272.7473420527599,0.21936622104217895,SELF_FUNDED_REINVESTMENT,13.73,27.38,0.004800851021721897,0.004007897334652455
ASIANPAINT,2021-03,14.769953484087875,22.36448210749321,20.245935614608758,25.042948617835393,31.628174688826533,15.755342667649227,0.0853506168983289,47.78260869565217,Levered,-3644.0,-0.7025255446308077,1.0667157946450503,3.705922512374125,3142.0,1.1484253196133458,2.491594897066274,97.97318366074212,133.39583333333334,33.0,55.0,8.873350063669472,OK,8.755964741976374,OK,,INSUFFICIENT,15.194344737182552,OK,12.207179705461101,OK,,INSUFFICIENT,16.260329205681458,OK,12.888132073019754,OK,,INSUFFICIENT,395.7919987527284,99.11798688114946,314.13160208212844,0.24753704968642132,SELF_FUNDED_REINVESTMENT,14.77,25.04,4.651591212478934e-05,0.0029486178353934633
ASIANPAINT,2022-03,10.60101027456101,16.50802377925157,14.717707295281949,22.335650159281784,27.813494382752125,13.437581670877256,0.11490008688097307,45.084210526315786,Levered,-1661.0,-0.32575014708766425,1.2675755727850857,5.2728755209277045,669.0,0.3196110210696921,1.089309645716642,21.68557536466775,143.875,32.0,61.0,14.789178655337022,OK,14.07882883288587,OK,,INSUFFICIENT,11.794052574983072,OK,8.881207385128832,OK,,INSUFFICIENT,13.30326698854094,OK,9.856054330611785,OK,,INSUFFICIENT,554.8560777957861,123.93071242397914,338.95283977250443,0.03908324380407903,SELF_FUNDED_REINVESTMENT,10.6,22.34,0.0010102745610112152,0.0043498407182163135
ASIANPAINT,2023-03,12.163298442981821,18.150714720635566,16.91263881237496,26.231865932966482,32.541143654114364,16.272935334962565,0.12087293646823412,40.50694444444444,Levered,-2329.0,-0.34807950978926916,1.3378719112455875,5.977296360485268,2911.0,0.999523241954708,3.7171271999768045,69.39213349225268,166.58333333333334,43.0,60.0,19.498998826027325,OK,15.437019717035461,OK,12.624425571308606,OK,14.782365179141244,OK,14.86435977103433,OK,13.71752464792262,OK,15.37281116524374,OK,15.41169840334604,OK,13.61318135140226,OK,498.5900619785459,130.78947661330665,351.4856703033926,0.1391767281058213,SELF_FUNDED_REINVESTMENT,12.16,26.23,0.003298442981821026,0.0018659329664814095
ASIANPAINT,2024-03,15.658543456824905,21.3692069305536,21.2790533878011,29.677488252883382,35.623997736062634,18.588007090063876,0.1321016659547202,36.84390243902439,Levered,-2114.0,-0.2514870330716155,1.187084044011906,4.966419476703512,3556.0,1.0982367758186398,7.17847584166784,63.97984886649874,195.08333333333334,57.0,58.0,17.801037676951047,OK,13.029660349453076,OK,11.25245350301849,OK,20.117567163333238,OK,20.277362101955056,OK,15.971565352132288,OK,19.983162620797668,OK,20.973552688431262,OK,15.929283130870008,OK,382.6421698452681,113.55858500640753,294.44214013799666,0.16720543083991699,SELF_FUNDED_REINVESTMENT,15.66,29.68,0.0014565431750952484,0.002511747116617613
AXISBANK,2013-03,19.05234889452967,30.58161350844278,51.88536953242836,15.6191567645817,4.281568370308307,1.52073949224508,8.93461608058387,2.152953747519463,Levered,182876.0,12.650525733259546,0.07981900293048468,12.108240534521158,-8366.0,0.4968140567677158,40.2420630541147,-161.53697625024134,141.7008547008547,22.0,16.0,,INSUFFICIENT,,INSUFFICIENT,,INSUFFICIENT,,INSUFFICIENT,,INSUFFICIENT,,INSUFFICIENT,,INSUFFICIENT,,INSUFFICIENT,,INSUFFICIENT,,,,,EXPANSION_WITH_EXTERNAL_CAPITAL,19.05,15.62,0.002348894529667689,0.0008432354182996704
AXISBANK,2014-03,20.293071374955126,31.474168597630626,54.67837211579256,16.194395249505156,4.507689492999279,1.6094215089944353,8.680070840712574,2.262525320729237,Levered,220187.0,12.862892861315574,0.0793089167852983,13.060954816709293,298.0,2.326149887423609,46.23217257922392,4.792537793502734,163.3872340425532,26.0,15.0,,INSUFFICIENT,,INSUFFICIENT,,INSUFFICIENT,,INSUFFICIENT,,INSUFFICIENT,,INSUFFICIENT,,INSUFFICIENT,,INSUFFICIENT,,INSUFFICIENT,,,,,EXPANSION_WITH_EXTERNAL_CAPITAL,20.29,16.19,0.003071374955126771,0.004395249505154908
AXISBANK,2015-03,20.739028721215366,31.36221426759492,54.742241889568476,16.369663396293575,4.300832397743956,1.5747694454491559,9.046652873256358,2.321817095038852,Levered,288111.0,14.5305124066976,0.07593265174652161,14.4989783408255,-23134.0,-2.060614297363414,22.469629921925645,-314.4060886110356,189.65822784810126,31.0,15.0,,INSUFFICIENT,,INSUFFICIENT,,INSUFFICIENT,,INSUFFICIENT,,INSUFFICIENT,,INSUFFICIENT,,INSUFFICIENT,,INSUFFICIENT,,INSUFFICIENT,,,,,EXTERNALLY_FUNDED_INVESTMENT,20.74,16.37,0.0009712787846325455,0.0003366037064260752
AXISBANK,2016-03,20.064409095344978,32.611983995315704,53.10090758270714,15.355029033402415,4.140123147977303,1.5051602618656739,8.815511865419444,2.3225909721481166,Levered,340751.0,15.342924039803684,0.07501642608627218,12.206075044669445,-34495.0,-4.19443093385214,0.0,-419.443093385214,224.56603773584905,35.0,14.0,14.670871756878734,OK,,INSUFFICIENT,,INSUFFICIENT,16.66638206993023,OK,,INSUFFICIENT,,INSUFFICIENT,16.73877216503947,OK,,INSUFFICIENT,,INSUFFICIENT,,,,,RESTRUCTURING_WITH_EXTERNAL_SUPPORT,20.06,15.36,0.004409095344978908,0.0049709665975843365
AXISBANK,2017-03,8.259620133806294,53.450675766692115,38.52319159445018,6.525363604114934,2.9391059184641763,0.6016727122862908,9.355037247250799,1.4677102044307586,Levered,398419.0,22.550316957210775,0.07284508276883928,12.66117111995452,19751.0,8.754824680619734,27.96910780836065,536.8578418048382,235.4070981210856,15.0,33.0,13.2806136390887,OK,,INSUFFICIENT,,INSUFFICIENT,-16.048906631446414,OK,,INSUFFICIENT,,INSUFFICIENT,-16.752224563919892,OK,,INSUFFICIENT,,INSUFFICIENT,,,,,SELF_FUNDED_REINVESTMENT,8.260000000000002,6.529999999999999,0.0003798661937075565,0.004636395885065703
AXISBANK,2018-03,0.6028833551769331,63.11708169506335,24.222367846221058,0.42985967262136526,1.641278092215881,0.0392210918526708,9.522715591757908,1.0111242819367192,Levered,458388.0,39.32298189928798,0.06505585452953874,12.383013253989722,-48397.0,-139.09420289855072,21.858890345128877,-17535.144927536232,250.3196881091618,1.0,0.0,8.868307834335031,OK,10.987911870151823,OK,,INSUFFICIENT,-66.52532009439784,OK,-44.36698022375808,OK,,INSUFFICIENT,-68.16686321542267,OK,-46.10909661436371,OK,,INSUFFICIENT,,,,,EXTERNALLY_FUNDED_INVESTMENT,0.6,0.43,0.0028833551769331667,0.00014032737863473033
AXISBANK,2019-03,8.505801476739535,49.385298075873855,36.56203397228385,6.898026606884752,2.5781035601527575,0.574537556845682,10.501106162060116,1.5311500380807312,Levered,537940.0,25.845104256750265,0.06754655142338394,14.31181676210307,18451.0,7.937780628608082,33.96137198559634,394.50502458841135,263.82101167315176,18.0,6.0,10.288898702805383,OK,12.406089291127099,OK,,INSUFFICIENT,-17.14957204060279,OK,-5.536652756116112,OK,,INSUFFICIENT,-19.88112909708025,OK,-7.090562353743978,OK,,INSUFFICIENT,140.8717340175326,9.717369694109317,29.01365907562218,2.80045551607473,EXPANSION_WITH_EXTERNAL_CAPITAL,8.51,6.9,0.0041985232604648814,0.0019733931152483564
AXISBANK,2020-03,2.5975892073122058,55.984673106090845,32.63510816636066,1.8844104702339586,2.3131755154881253,0.17534746171885776,9.234850590687978,1.3156336487095321,Levered,642055.0,30.265626473083813,0.06750392295489033,16.0109918200409,20931.0,18.694529809465273,15.14329049253612,1286.4781807006761,306.17021276595744,6.0,0.0,12.033814435110845,OK,12.038978942135437,OK,,INSUFFICIENT,-23.812114278115104,OK,-26.05214961079477,OK,,INSUFFICIENT,-26.319370027192267,OK,-27.995786442428194,OK,,INSUFFICIENT,374.3159373079287,7.05364871438499,26.119858112567176,3.4368779217711016,EXPANSION_WITH_EXTERNAL_CAPITAL,2.6,1.88,0.0024107926877943164,0.004410470233958685
AXISBANK,2021-03,10.400025258106274,50.119976004799035,33.2617686988918,6.359441666505782,2.208259750876439,0.6581385707364099,8.210427244821128,1.7180365296803652,Levered,625215.0,28.39563084748842,0.06328240118680725,14.073761386358587,-41655.0,1.9175774134790529,85.70075458592493,-632.2859744990892,337.99021207177816,22.0,0.0,11.4331659108585,OK,9.096920986218016,OK,,INSUFFICIENT,187.92641034453732,OK,-4.3391803379436595,OK,,INSUFFICIENT,180.20393306553868,OK,-8.867994584474538,OK,,INSUFFICIENT,116.41494990892531,7.4033408305500314,43.032870832954856,-5.431312516079287,EXPANSION_WITH_EXTERNAL_CAPITAL,10.4,6.36,2.525810627318492e-05,0.0005583334942187435
AXISBANK,2022-03,19.33152262641554,44.4691808777476,48.39040028496371,11.01377461716035,2.8619983778146847,1.0892480968473273,8.632964375406939,2.1420406018001446,Levered,746335.0,22.204421040104723,0.056345695985629454,14.175678518830212,1025.0,2.1602303262955855,40.239250782908115,7.869481765834934,385.214983713355,42.0,2.0,7.008887096847105,OK,8.629652750055783,OK,,INSUFFICIENT,40.69223237842095,OK,28.76848580321414,OK,,INSUFFICIENT,32.63524026321307,OK,22.865967908314722,OK,,INSUFFICIENT,56.3682472168906,6.208271704112091,24.439382660954422,0.13960841705003135,EXPANSION_WITH_EXTERNAL_CAPITAL,19.33,11.01,0.0015226264155430158,0.003774617160349436
AXISBANK,2023-03,11.248884505189986,34.15645108261707,38.80630313277911,7.381666037401469,2.578289134425375,0.712575999428749,8.876784737365254,2.047265068450722,Levered,863943.0,18.723164943761784,0.06334636995339248,17.0328,-10276.0,2.3042797494780793,37.986707998684885,-107.2651356993737,422.0520325203252,31.0,3.0,10.784666971087532,OK,13.218149586033778,OK,12.097484397984527,OK,80.57570483973764,OK,103.27842418477906,OK,6.343747313864712,OK,72.87683958802533,OK,98.73407546644582,OK,3.488931100847603,OK,98.07796033402923,7.2397874881531195,23.249421797455735,-1.0936721699151901,EXPANSION_WITH_EXTERNAL_CAPITAL,11.25,7.380000000000001,0.0011154948100138284,0.001666037401467868
AXISBANK,2024-03,22.73130411725443,34.69264599658038,50.74746957547386,15.832712405189048,3.8215964057631733,1.6374892227113123,8.249122739980766,2.4731307370109614,Levered,962948.0,16.942571609543247,0.0720367478374617,18.663651877133105,-14556.0,-0.2234423394071035,8.229937185125584,-58.54953541691806,508.98865478119933,81.0,1.0,19.966046890428714,OK,14.743587120514379,OK,13.568824505023214,OK,55.68795030685318,OK,39.67228711897934,OK,14.864754204532193,OK,54.414274760026785,OK,35.09600385206135,OK,12.034341816031823,OK,38.16695346124452,6.042863975341192,16.34756650714336,-1.5340374357196316,EXTERNALLY_FUNDED_INVESTMENT,22.73,15.83,0.0013041172544312474,0.002712405189047473
BAJAJ-AUTO,2013-03,15.645443196004994,18.257178526841447,21.363295880149813,38.84686918784873,52.29189585625229,24.782471127986078,0.014383137011779294,4278.0,Levered,-5943.0,-1.336707152496626,1.5840056953013764,8.503184713375797,824.0,0.7079476540057453,6.961298377028714,26.300670284072776,279.06574394463667,108.0,42.0,,INSUFFICIENT,,INSUFFICIENT,,INSUFFICIENT,,INSUFFICIENT,,INSUFFICIENT,,INSUFFICIENT,,INSUFFICIENT,,INSUFFICIENT,,INSUFFICIENT,,,,,SELF_FUNDED_REINVESTMENT,15.65,38.85,0.004556803995006575,0.0031308121512694242
BAJAJ-AUTO,2014-03,16.785022595222724,20.673387297015445,23.12161692407012,33.24481164551982,45.53099941326032,22.07995819179514,0.0058030884233303826,4656.0,Levered,-8389.0,-1.7343394666115362,1.3154559707342566,7.570300751879699,1430.0,1.036094674556213,10.28951680985251,42.30769230769231,351.7993079584775,117.0,43.0,,INSUFFICIENT,,INSUFFICIENT,,INSUFFICIENT,,INSUFFICIENT,,INSUFFICIENT,,INSUFFICIENT,,INSUFFICIENT,,INSUFFICIENT,,INSUFFICIENT,,,,,SELF_FUNDED_REINVESTMENT,16.79,33.23999999999999,0.004977404777275041,0.00481164551982971
BAJAJ-AUTO,2015-03,14.012502894188469,19.115536003704563,18.934938643204447,27.273546642631818,36.486124743463904,18.95277464612301,0.010094637223974764,681.5,Levered,-8873.0,-2.0369605142332414,1.3525616935988976,8.821486928104575,1734.0,0.6986120290812955,1.7596665894883075,57.30337078651685,383.91003460207617,105.0,48.0,,INSUFFICIENT,,INSUFFICIENT,,INSUFFICIENT,,INSUFFICIENT,,INSUFFICIENT,,INSUFFICIENT,,INSUFFICIENT,,INSUFFICIENT,,INSUFFICIENT,,,,,SELF_FUNDED_REINVESTMENT,14.01,27.27,0.0025028941884688294,0.003546642631818031
BAJAJ-AUTO,2016-03,17.989722689820148,21.23239124656685,25.161690440329583,28.96576319543509,40.17541377846937,23.55568445475638,0.008416547788873038,5680.0,Levered,-10949.0,-1.8287957240688157,1.3093967517401393,11.142152023692004,3622.0,0.9086431913321842,0.30123150527155135,89.18985471558729,485.121107266436,140.0,39.0,4.074739372248004,OK,,INSUFFICIENT,,INSUFFICIENT,9.032892006170634,OK,,INSUFFICIENT,,INSUFFICIENT,9.035543672952983,OK,,INSUFFICIENT,,INSUFFICIENT,,,,,SELF_FUNDED_REINVESTMENT,17.99,28.97,0.0002773101798503319,0.004236804564907715
BAJAJ-AUTO,2017-03,18.7497127097219,20.358538267065043,25.69064582854516,22.843862007168457,31.091455273698266,18.8510952953138,0.006720430107526882,5589.0,Levered,-15357.0,-2.604647218453189,1.0054071540807838,10.866633366633367,-343.0,0.8009316008825692,16.593886462882097,-8.408923755822507,617.8546712802769,141.0,39.0,2.6096262820050065,OK,,INSUFFICIENT,,INSUFFICIENT,6.466342563688388,OK,,INSUFFICIENT,,INSUFFICIENT,6.417017658182589,OK,,INSUFFICIENT,,INSUFFICIENT,,,,,SELF_FUNDED_REINVESTMENT,18.75,22.84,0.0002872902780985953,0.0038620071684576374
BAJAJ-AUTO,2018-03,16.735422451408173,19.22253074176914,23.538278460928204,20.656058751529986,28.881534118563224,16.781353168131737,0.005924112607099143,5934.0,Levered,-18774.0,-3.0043206913106095,1.0027445209021122,13.423855165069222,2374.0,1.0258355060440862,7.7508925029750095,56.26925811803745,706.7474048442907,146.0,41.0,5.294708293109052,OK,4.712870280520165,OK,,INSUFFICIENT,11.71552579704409,OK,6.132849888653125,OK,,INSUFFICIENT,11.614645844793415,OK,6.214991835579098,OK,,INSUFFICIENT,,,,,SELF_FUNDED_REINVESTMENT,16.74,20.66,0.004577548591825575,0.003941248470013647
BAJAJ-AUTO,2019-03,16.2329534224916,17.12234007510376,22.926411489557943,21.211208195239532,29.797071667094787,17.09093431365749,0.005380278052769767,1740.0,Levered,-20478.0,-2.8339330196512593,1.0528542692654506,17.209750566893423,2214.0,0.5046672077922078,0.8992687265300744,44.92694805194805,803.9100346020762,170.0,35.0,10.379446504610112,OK,8.556461167034568,OK,,INSUFFICIENT,6.662699242295234,OK,7.832779509495569,OK,,INSUFFICIENT,6.685884434218181,OK,7.758766622357927,OK,,INSUFFICIENT,65.55204748376623,13.904381268023931,42.83714503182951,0.6853630020187254,SELF_FUNDED_REINVESTMENT,16.23,21.21,0.002953422491600577,0.0012081952395313067
BAJAJ-AUTO,2020-03,17.42036832781844,17.076105484808984,22.377084795614827,24.06056689133044,30.727923627684966,19.660505469634103,0.005816637429600221,2231.6666666666665,Levered,-19788.0,-2.8508860394755797,1.1285929837797057,17.60977045320777,3850.0,0.7386799693016116,0.0,73.86799693016115,749.5501730103806,180.0,67.0,11.20628395722074,OK,6.737929244588159,OK,,INSUFFICIENT,8.51344897264421,OK,11.487736105696179,OK,,INSUFFICIENT,8.480363260354373,OK,11.382417860287909,OK,,INSUFFICIENT,67.40003453568687,16.21683039423876,62.73037746722374,1.0959637845741703,ASSET_MONETISATION_AND_DELEVERAGING,17.42,24.06,0.0003683278184389849,0.0005668913304397449
BAJAJ-AUTO,2021-03,17.508381096571863,17.800367686817346,22.522619948812228,17.808821911780882,22.807914141782874,14.454496756145469,0.0044366223004436624,892.5714285714286,Levered,-24566.0,-3.7753188873520824,0.8255758585798464,16.631294964028775,251.0,0.6423718344657195,10.342092931040698,5.167799052913321,943.7024221453288,168.0,83.0,3.240418311323001,OK,4.208397713725631,OK,,INSUFFICIENT,4.806011239261476,OK,3.6446818588965924,OK,,INSUFFICIENT,4.789751061124381,OK,3.713728933664817,OK,,INSUFFICIENT,93.31414247477866,16.618149451838814,89.26763024435223,0.05538066273619881,SELF_FUNDED_REINVESTMENT,17.51,17.81,0.0016189034281381964,0.0011780882191168018
BAJAJ-AUTO,2022-03,18.60310755770101,15.866646553024587,23.113591793634033,20.650390167118793,25.5519978653859,17.561447979265758,0.004119360996684417,851.2222222222222,Levered,-26511.0,-3.342705837851469,0.9440061519182023,18.052832244008716,4197.0,0.6806681803438209,0.0,68.0668180343821,1033.1833910034602,213.0,66.0,2.971005968509166,OK,8.785694118186104,OK,,INSUFFICIENT,7.756697741472696,OK,8.615039134524306,OK,,INSUFFICIENT,7.806155958170735,OK,8.600568365506822,OK,,INSUFFICIENT,93.80045085955237,19.370159081014098,83.04300214348758,0.7256555529386388,ASSET_MONETISATION_AND_DELEVERAGING,18.6,20.65,0.0031075577010071243,0.0003901671187946931
BAJAJ-AUTO,2023-03,16.62323412426279,17.734192840488273,21.621176793306816,20.638921054424088,26.73133012277013,17.247267759562842,0.004223145562291397,197.05,Levered,-26059.0,-3.19037708129285,1.037539845173042,12.827234342012668,5277.0,0.8707920792079208,0.0,87.07920792079207,1037.5265017667843,214.0,65.0,6.80789179897392,OK,7.655655927728322,OK,6.174068086913431,OK,5.153259431920643,OK,7.5109302750201445,OK,6.819667778308336,OK,5.9368583516280715,OK,7.947399266462085,OK,7.077692036013117,OK,91.19997854785478,18.82269157414345,73.53143731635652,0.9548161009171681,ASSET_MONETISATION_AND_DELEVERAGING,16.62,20.64,0.0032341242627893507,0.0010789455759123712
BAJAJ-AUTO,2024-03,17.178515712057056,19.534209939826162,22.509471807443727,26.61418410330778,32.713610157414,19.59129727531517,0.06601754022512257,168.33333333333334,Levered,-26175.0,-2.501194457716197,1.1404534363562424,13.947777432390426,6486.0,0.8508043591074209,0.16046356139959886,84.14634146341463,1038.0645161290322,276.0,29.0,17.384652616671946,OK,8.127604751021389,OK,8.341820762984753,OK,16.642781522818396,OK,9.358917170384974,OK,8.59316738465321,OK,17.995813862247644,OK,10.177276348465591,OK,8.961311524418347,OK,84.8232096523093,22.575005179200332,64.95976779741997,0.992020247858232,SELF_FUNDED_REINVESTMENT,17.18,26.61,0.0014842879429437517,0.004184103307782294
BAJAJFINSV,2013-03,27.48603351955307,48.80198634388579,48.56610800744879,28.377339143809277,18.81402395036791,3.386874713171179,1.6650858754165598,3.249169435215947,Levered,-30260.0,-7.691916624300966,0.12322166131252868,6.668046357615894,-6922.0,-3.1264679313459802,0.0,-312.646793134598,97.525,10.0,2.0,,INSUFFICIENT,,INSUFFICIENT,,INSUFFICIENT,,INSUFFICIENT,,INSUFFICIENT,,INSUFFICIENT,,INSUFFICIENT,,INSUFFICIENT,,INSUFFICIENT,,,,,RESTRUCTURING_WITH_EXTERNAL_SUPPORT,27.49,28.38,0.003966480446926823,0.002660856190722427
BAJAJFINSV,2014-03,36.37722065415906,74.5641706790636,74.11588909181471,23.528780068728523,15.48978104722579,2.9455655190029977,2.0948238831615122,2.8578745198463507,Levered,-25807.0,-5.741268075639599,0.08097280292539961,4.772583201267829,-9807.0,-4.476038338658147,0.0,-447.6038338658147,116.4,10.0,2.0,,INSUFFICIENT,,INSUFFICIENT,,INSUFFICIENT,,INSUFFICIENT,,INSUFFICIENT,,INSUFFICIENT,,INSUFFICIENT,,INSUFFICIENT,,INSUFFICIENT,,,,,RESTRUCTURING_WITH_EXTERNAL_SUPPORT,36.38,23.53,0.0027793458409419713,0.0012199312714784583
BAJAJFINSV,2015-03,21.25275694750772,48.619320688134096,48.354653727393035,21.724231220128054,14.654688377316113,2.730425715192456,2.372801875732708,2.457847533632287,Levered,-25055.0,-4.539771697771336,0.12847395384685134,8.988897700237906,-10731.0,-4.454545454545454,0.0,-445.45454545454544,138.6125,11.0,2.0,,INSUFFICIENT,,INSUFFICIENT,,INSUFFICIENT,,INSUFFICIENT,,INSUFFICIENT,,INSUFFICIENT,,INSUFFICIENT,,INSUFFICIENT,,INSUFFICIENT,,,,,RESTRUCTURING_WITH_EXTERNAL_SUPPORT,21.25,21.72,0.0027569475077200423,0.004231220128055213
BAJAJFINSV,2016-03,13.514829786197827,32.82033799249987,32.53786587444601,20.405912199426428,13.45321278266648,2.6695269886773576,2.651812633281859,2.3222106360792494,Levered,-17636.0,-2.617005490428847,0.19752575732797184,16.11695447409733,-10681.0,-3.5297297297297296,4.315005113719379,-384.9009009009009,169.9875,12.0,1.0,36.60364489627841,OK,,INSUFFICIENT,,INSUFFICIENT,7.818956336406568,OK,,INSUFFICIENT,,INSUFFICIENT,6.265856918261115,OK,,INSUFFICIENT,,INSUFFICIENT,,,,,EXTERNALLY_FUNDED_INVESTMENT,13.51,20.41,0.004829786197827701,0.0040878005735720535
BAJAJFINSV,2017-03,14.077610478638755,35.553107275472314,35.25931366548333,21.360906445421335,13.410829854267222,2.6824451459405663,2.989412420283574,2.3253498385360603,Levered,-14376.0,-1.6497590084920817,0.19054690780163902,14.897872340425533,-10922.0,-3.165797101449275,0.0,-316.5797101449275,201.8875,14.0,1.0,59.64638755773664,OK,,INSUFFICIENT,,INSUFFICIENT,16.339065907810024,OK,,INSUFFICIENT,,INSUFFICIENT,11.868894208139679,OK,,INSUFFICIENT,,INSUFFICIENT,,,,,RESTRUCTURING_WITH_EXTERNAL_SUPPORT,14.08,21.36,0.0023895213612448174,0.0009064454213358886
BAJAJFINSV,2018-03,12.707686689793682,32.82819061530034,32.34739212464245,20.387638529512277,12.334934670101418,2.585534380920539,3.2072938534394377,2.3460604723019203,Levered,-3733.0,-0.3459684893419833,0.20346223856755452,18.338169642857142,-20502.0,-4.688697318007663,2.805672204978394,-490.94827586206895,256.0375,17.0,1.0,42.590575644232565,OK,32.47248687895197,OK,,INSUFFICIENT,20.127165594600594,OK,13.531551973703415,OK,,INSUFFICIENT,15.616214441920405,OK,11.196158593857874,OK,,INSUFFICIENT,,,,,EXTERNALLY_FUNDED_INVESTMENT,12.71,20.39,0.0023133102063184197,0.002361470487723949
BAJAJFINSV,2019-03,12.61354301138364,35.29397957986152,34.765872550170165,22.636899747262003,11.994104976760005,2.5783483984877273,4.201937657961246,2.2250262881177707,Levered,18075.0,1.2019550472137253,0.20441111558907632,20.3171196948021,-33979.0,-5.038332713062895,16.20232367093064,-632.2850762932638,296.75,20.0,1.0,27.546747240431422,OK,47.886844128078664,OK,,INSUFFICIENT,24.645965188450305,OK,19.65505670127323,OK,,INSUFFICIENT,18.56311014966876,OK,14.869835499703509,OK,,INSUFFICIENT,213.7716077409751,48.39126453243471,90.22796315999469,-2.9577598399287774,EXTERNALLY_FUNDED_INVESTMENT,12.61,22.64,0.0035430113836412147,0.003100252737997522
BAJAJFINSV,2020-03,11.028315946348734,33.59275818292212,32.75376717999669,19.148936170212767,11.230553768121428,2.385159010600707,4.0640214682767875,1.8738947368421053,Levered,35391.0,1.9382770140752505,0.21627590488014517,16.90018656716418,-33317.0,-3.898732065398732,18.303251090136335,-555.8391725058391,391.275,21.0,2.0,30.408468934381293,OK,36.82239962434755,OK,,INSUFFICIENT,20.216998664314545,OK,19.998547079802954,OK,,INSUFFICIENT,14.471424255333186,OK,13.80604263098537,OK,,INSUFFICIENT,197.36333667000335,37.792979362341065,65.75897475217701,-2.816324358334176,EXTERNALLY_FUNDED_INVESTMENT,11.03,19.15,0.0016840536512656712,0.0010638297872311853
BAJAJFINSV,2021-03,12.158370742012146,32.415170319514125,31.581726960654873,20.56098241696902,11.647625250318033,2.63252872125641,3.585291655037678,2.0634030623247788,Levered,14807.0,0.7541509626158704,0.21651985920777572,19.042111879321183,863.0,0.6172118908646668,6.0800105624504885,11.714402063255056,447.875,28.0,1.0,22.62351626435901,OK,24.16310828398638,OK,,INSUFFICIENT,20.830542848802104,OK,21.56415523979378,OK,,INSUFFICIENT,18.096321418390836,OK,18.466445254224407,OK,,INSUFFICIENT,202.1260716709651,41.55910605637734,75.10022155444636,0.05795591813768872,EXPANSION_WITH_EXTERNAL_CAPITAL,12.16,20.56,0.0016292579878545155,0.0009824169690197948
BAJAJFINSV,2022-03,12.153904628248984,31.364207818027655,30.552875478759173,20.657440306109773,10.37601898463952,2.4936040286371557,4.004745695331329,2.170526534427251,Levered,41957.0,1.9548525369240088,0.20516896461745643,19.07585052983826,-33670.0,-4.049795525619437,0.0,-404.9795525619437,503.0875,29.0,1.0,17.09666929216691,OK,22.789380725671737,OK,,INSUFFICIENT,15.656697198945091,OK,19.233470493317984,OK,,INSUFFICIENT,13.18511959629507,OK,15.678857972406735,OK,,INSUFFICIENT,225.86429155641088,46.65778120108331,105.6427288822625,-1.7930215961596472,RESTRUCTURING_WITH_EXTERNAL_SUPPORT,12.15,20.66,0.0039046282489838546,0.0025596938902268107
BAJAJFINSV,2023-03,14.877181011794521,36.39243590993274,35.567550443513014,26.310685887904846,11.284947733036432,3.011832728582317,4.573986683043507,2.3579159935379645,Levered,76089.0,2.5474237503766446,0.2024464665849369,18.928044280442805,-53425.0,-3.2334152334152333,16.99117847743445,-437.5511875511876,291.8679245283019,40.0,2.0,14.726169254286315,OK,20.088164014065256,OK,26.128417621369906,OK,26.765082025379726,OK,23.934162063099084,OK,18.618876076213574,OK,23.95961884821869,OK,18.664882623542333,OK,14.869835499703509,OK,151.16710073710075,39.77310104079126,75.04049047507449,-2.8944868653143385,EXTERNALLY_FUNDED_INVESTMENT,14.88,26.31,0.0028189882054796556,0.0006858879048472488
BAJAJFINSV,2024-03,14.128209309488865,37.04045949520755,36.22148538711022,25.850351412279537,11.447599359791102,2.9018542467180857,4.789368120938867,2.1487612188961145,Levered,120548.0,2.948681571351695,0.2053943414307379,20.23501374885426,-79634.0,-4.403590894517474,9.929155115870342,-510.63802500801535,379.42138364779873,51.0,2.0,22.131490415528443,OK,20.97274568418761,OK,33.754542295740954,OK,28.399964328592418,OK,23.74781614270227,OK,21.684230519873758,OK,22.124851391248356,OK,20.589095060661244,OK,17.69473018226546,OK,122.16172940044886,31.57923634133404,44.2198571498459,-4.180016339930263,EXTERNALLY_FUNDED_INVESTMENT,14.13,25.85,0.001790690511136006,0.0003514122795351682
BAJAJHLDNG,2013-03,550.7418397626113,95.54896142433235,95.54896142433235,17.941034316094733,3.112614789753504,17.22505800464037,0.0,,Debt Free,-9577.0,-29.558641975308642,0.03127610208816705,0.6334586466165414,104.0,0.2548491379310345,109.49554896142433,5.603448275862069,931.981981981982,167.0,15.0,,INSUFFICIENT,,INSUFFICIENT,,INSUFFICIENT,,INSUFFICIENT,,INSUFFICIENT,,INSUFFICIENT,,INSUFFICIENT,,INSUFFICIENT,,INSUFFICIENT,,,,,SELF_FUNDED_REINVESTMENT,550.74,17.94,0.0018397626113255683,0.00103431609473148
BAJAJHLDNG,2014-03,469.97635933806146,94.56264775413712,94.56264775413712,16.56804733727811,3.3336111342611883,15.97043701799486,0.0,,Debt Free,-11325.0,-27.962962962962962,0.03398136246786632,0.7951127819548872,353.0,0.4386317907444668,122.69503546099291,17.756539235412475,1080.9909909909911,179.0,17.0,,INSUFFICIENT,,INSUFFICIENT,,INSUFFICIENT,,INSUFFICIENT,,INSUFFICIENT,,INSUFFICIENT,,INSUFFICIENT,,INSUFFICIENT,,INSUFFICIENT,,,,,SELF_FUNDED_REINVESTMENT,469.98,16.57,0.003640661938561607,0.0019526627218908743
BAJAJHLDNG,2015-03,387.2137404580153,92.36641221374046,97.90076335877863,15.149705069812589,3.8303591428358095,14.604477074785862,0.0,,Debt Free,-13078.0,-25.198458574181117,0.037716835816598286,0.9632352941176471,332.0,0.39231148348940365,88.54961832061069,16.362740266140957,1206.5765765765766,182.0,19.0,,INSUFFICIENT,,INSUFFICIENT,,INSUFFICIENT,,INSUFFICIENT,,INSUFFICIENT,,INSUFFICIENT,,INSUFFICIENT,,INSUFFICIENT,,INSUFFICIENT,,,,,SELF_FUNDED_REINVESTMENT,387.21,15.15,0.0037404580153292954,0.00029493018741177934
BAJAJHLDNG,2016-03,481.9148936170213,91.27659574468086,91.48936170212765,14.810697704832275,2.8117439351337215,14.639348500517062,0.0,,Debt Free,-13276.0,-30.519540229885056,0.030377456049638055,0.8639705882352942,1147.0,0.506401766004415,0.0,50.6401766004415,1377.7477477477478,204.0,16.0,11.726446395904455,OK,,INSUFFICIENT,,INSUFFICIENT,6.863668315512261,OK,,INSUFFICIENT,,INSUFFICIENT,6.8984066780191755,OK,,INSUFFICIENT,,INSUFFICIENT,,,,,ASSET_MONETISATION_AND_DELEVERAGING,481.91,14.81,0.004893617021252794,0.0006977048322749368
BAJAJHLDNG,2017-03,293.70546318289786,74.58432304038006,74.82185273159145,13.879223257380177,3.5357503647996404,13.824137738274917,0.0,,Debt Free,-17364.0,-27.34488188976378,0.047068030633350105,3.7927927927927927,-1295.0,-0.3732308936514355,44.180522565320665,-52.365547917509105,1605.2252252252254,222.0,15.0,25.793222093748636,OK,,INSUFFICIENT,,INSUFFICIENT,7.548059497443393,OK,,INSUFFICIENT,,INSUFFICIENT,7.440160348978164,OK,,INSUFFICIENT,,INSUFFICIENT,,,,,CASH_BURN_AND_CONTRACTION,293.71,13.88,0.004536817102120949,0.0007767426198235228
BAJAJHLDNG,2018-03,632.1428571428571,84.52380952380952,652.1428571428571,10.535296218404032,10.868616324749018,10.506945268906566,0.0,,Debt Free,-24575.0,-8.955903790087463,0.016621156357592308,1.9534883720930232,508.0,0.6143126177024482,267.38095238095235,19.133709981167605,2270.3603603603606,239.0,17.0,-7.109207560626629,OK,4.501825711228924,OK,,INSUFFICIENT,9.377374111537629,OK,7.423008401181019,OK,,INSUFFICIENT,9.507073017726885,OK,7.432649386737111,OK,,INSUFFICIENT,,,,,SELF_FUNDED_REINVESTMENT,632.14,10.54,0.0028571428571240176,0.004703781595967627
BAJAJHLDNG,2019-03,707.1925754060325,80.51044083526682,735.4988399071925,11.308993766696348,11.76165034134758,11.285545023696683,0.0,,Debt Free,-26257.0,-8.272526780088217,0.0159582345971564,2.233160621761658,465.0,0.20603674540682415,37.81902552204176,15.255905511811024,2428.1081081081084,274.0,12.0,-2.846197283724139,OK,0.37542116762430133,OK,,INSUFFICIENT,10.403350150778756,OK,8.923030643192643,OK,,INSUFFICIENT,10.333348426245447,OK,8.887870975177092,OK,,INSUFFICIENT,332.8338418635171,37.64015842980113,372.33698487712667,0.045836401209666984,SELF_FUNDED_REINVESTMENT,707.19,11.31,0.0025754060324061356,0.0010062333036522375
BAJAJHLDNG,2020-03,708.0459770114943,69.19540229885057,764.8275862068965,11.093901955840508,11.911496187032329,9.410614439793456,0.006051219248640277,255.92307692307693,Levered,-31900.0,-9.494047619047619,0.013290965199058938,1.1631016042780749,1120.0,0.6233766233766234,183.90804597701148,36.36363636363637,2501.1711711711714,269.0,15.0,-19.759728685377564,OK,-3.654464709185068,OK,,INSUFFICIENT,7.590898258064227,OK,8.706054659623618,OK,,INSUFFICIENT,6.610448040364947,OK,8.127504121935925,OK,,INSUFFICIENT,443.46359090909095,49.19741598530418,428.85043154761905,0.08199914741386476,SELF_FUNDED_REINVESTMENT,708.05,11.09,0.004022988505653302,0.003901955840508009
BAJAJHLDNG,2021-03,799.562363238512,77.02407002188184,824.945295404814,9.831301961417386,10.106425756641556,8.032534622994064,0.0036591600075335648,942.5,Levered,-44778.0,-11.771293375394322,0.010046163992086172,1.3362573099415205,-36.0,0.07443897099069513,67.39606126914661,-0.9852216748768473,3348.3783783783783,328.0,12.0,2.8542645677026357,OK,-0.5594154876097823,OK,,INSUFFICIENT,11.23326177170767,OK,10.037335934785352,OK,,INSUFFICIENT,11.128464669058546,OK,9.963545783237194,OK,,INSUFFICIENT,373.8651395730706,36.75581079990314,367.0883517350158,-0.002635232790096198,SELF_FUNDED_REINVESTMENT,799.56,9.83,0.002363238512089083,0.0013019614173863658
BAJAJHLDNG,2022-03,852.4793388429752,75.82644628099173,873.7603305785124,9.630736193455022,9.844957631064345,7.69948495931925,0.0026609401988702676,1409.6666666666667,Levered,-52850.0,-12.397372742200329,0.009031872807344929,1.5612903225806452,1459.0,0.39020843431895297,31.198347107438018,35.361124575860394,3859.63963963964,364.0,32.0,3.9415918822640172,OK,-10.482766082359095,OK,,INSUFFICIENT,10.621129107396609,OK,10.779913437105648,OK,,INSUFFICIENT,9.930180301493907,OK,10.395070672547725,OK,,INSUFFICIENT,337.97610033931164,32.54958662060594,405.55245601688955,0.10462610977628162,SELF_FUNDED_REINVESTMENT,852.4800000000001,9.629999999999999,0.0006611570249788201,0.0007361934550225158
BAJAJHLDNG,2023-03,947.5095785440614,72.79693486590038,961.4942528735633,11.194604137431535,11.33596837944664,9.299090020305332,0.0021049296093431716,717.0,Levered,-52462.0,-10.382347120522462,0.009814243814394224,1.8776978417266188,1591.0,0.3493732308936514,26.245210727969347,32.16740800646987,3980.3603603603606,436.0,28.0,6.265856918261115,OK,4.444179509050206,OK,4.472998634130687,OK,17.10293995992722,OK,13.24992350033174,OK,10.297994014439116,OK,17.4657898020145,OK,12.776267708321697,OK,10.072036539045314,OK,346.6122219975738,38.80186614458377,325.0124282604394,0.0928051752505572,SELF_FUNDED_REINVESTMENT,947.51,11.19,0.00042145593863551767,0.004604137431535094
BAJAJHLDNG,2024-03,432.7262044653349,91.7743830787309,440.36427732079903,13.576787656460265,13.80040508193703,11.302773131167417,0.0011613545449517945,3747.5,Levered,-64652.0,-8.587063355027228,0.026119918356071883,6.975409836065574,1469.0,0.26354378818737273,27.73207990599295,19.945689069925322,4887.117117117117,653.0,20.0,55.00574158769729,OK,31.612293448969165,OK,14.937545587928923,OK,26.318822706492305,OK,19.297559063731295,OK,13.992331678744474,OK,25.799750331593962,OK,18.96864732798973,OK,13.81670668377948,OK,297.5652586558045,40.39980330709532,362.12498472572713,0.06702962960133939,SELF_FUNDED_REINVESTMENT,432.73,13.58,0.0037955346651301625,0.0032123435397348743
BAJFINANCE,2015-03,16.654302670623146,32.49258160237389,25.649109792284868,18.708333333333332,4.396757272293753,2.7394752898108603,5.553125,53.19230769230769,Levered,26329.0,18.55461592670895,0.16449054301403296,21.396825396825395,-7424.0,-7.866369710467706,6.6765578635014835,-826.7260579064589,192.0,18.0,10.0,,INSUFFICIENT,,INSUFFICIENT,,INSUFFICIENT,,INSUFFICIENT,,INSUFFICIENT,,INSUFFICIENT,,INSUFFICIENT,,INSUFFICIENT,,INSUFFICIENT,,,,,EXTERNALLY_FUNDED_INVESTMENT,16.65,18.71,0.0043026706231472645,0.0016666666666687036
BAJFINANCE,2016-03,17.522948349088914,32.25099328675161,27.40101383751199,17.220950585700823,4.499235130027896,2.7228407808741193,4.985189174633096,57.142857142857146,Levered,35996.0,17.507782101167315,0.1553871372916356,25.16896551724138,-10557.0,-7.716966379984362,9.412248253185368,-825.4104769351055,275.0740740740741,24.0,10.0,,INSUFFICIENT,,INSUFFICIENT,,INSUFFICIENT,,INSUFFICIENT,,INSUFFICIENT,,INSUFFICIENT,,INSUFFICIENT,,INSUFFICIENT,,INSUFFICIENT,,,,,EXTERNALLY_FUNDED_INVESTMENT,17.52,17.22,0.0029483490889141706,0.0009505857008242913
BAJFINANCE,2017-03,18.415245737211634,32.59779338014042,28.47542627883651,19.125,4.824129141886151,2.8808586088402817,5.130208333333333,129.04545454545453,Levered,45180.0,15.525773195876289,0.15643878175456213,27.240437158469945,-13486.0,-5.685729847494553,30.561685055165494,-734.5315904139434,176.14678899082568,33.0,11.0,,INSUFFICIENT,,INSUFFICIENT,,INSUFFICIENT,,INSUFFICIENT,,INSUFFICIENT,,INSUFFICIENT,,INSUFFICIENT,,INSUFFICIENT,,INSUFFICIENT,,,,,EXTERNALLY_FUNDED_INVESTMENT,18.42,19.13,0.004754262788367214,0.004999999999999005
BAJFINANCE,2018-03,19.58261415345991,32.28463831790366,30.229091479679898,15.749621403331652,4.675687154905648,2.9434656477747114,4.1997097425542655,385.3,Levered,63418.0,16.03489254108723,0.15031014882426472,27.119148936170212,-20566.0,-8.239583333333334,0.0,-823.9583333333334,275.61739130434785,43.0,9.0,33.21138495410443,OK,,INSUFFICIENT,,INSUFFICIENT,40.60132544346444,OK,,INSUFFICIENT,,INSUFFICIENT,33.67965523528002,OK,,INSUFFICIENT,,INSUFFICIENT,,,,,RESTRUCTURING_WITH_EXTERNAL_SUPPORT,19.58,15.75,0.0026141534599126715,0.0003785966683480524
BAJFINANCE,2019-03,21.609779845296696,29.501812084167252,33.49380645859252,20.2822764888054,5.105330420084924,3.215731729894634,5.1575366807127985,476.3076923076923,Levered,92989.0,14.676294191919192,0.1488090925921454,26.6,-34441.0,-7.27459324155194,29.09612159896143,-862.1026282853567,342.55652173913046,69.0,9.0,36.312084519203715,OK,,INSUFFICIENT,,INSUFFICIENT,46.17802158544861,OK,,INSUFFICIENT,,INSUFFICIENT,42.19334899257827,OK,,INSUFFICIENT,,INSUFFICIENT,216.72681852315395,43.957132558257605,157.49374526515152,-3.9778308663413253,EXTERNALLY_FUNDED_INVESTMENT,21.61,20.28,0.0002201547033031659,0.002276488805399879
BAJFINANCE,2020-03,19.959050580116784,34.72738302874043,27.79631455221051,16.283098243009157,4.521568579076566,3.2021217706565444,4.015280871071517,814.5555555555555,Levered,112262.0,14.720954628901127,0.1604345736688748,19.965177895533685,-33170.0,-4.637537993920972,33.20694623492834,-630.129179331307,538.8,87.0,11.0,38.30151828250958,OK,37.36788880500222,OK,,INSUFFICIENT,42.06302823437693,OK,42.432110255975644,OK,,INSUFFICIENT,38.144978847331615,OK,37.0406309505932,OK,,INSUFFICIENT,184.94533814589667,30.11483110616184,133.28733149750852,-3.4071103691957942,EXTERNALLY_FUNDED_INVESTMENT,19.96,16.28,0.0009494198832165068,0.00309824300915551
BAJFINANCE,2021-03,16.5710643722116,40.63659880778315,22.47591197090691,11.972479549271359,3.5567658645403197,2.577710386656558,3.5655777669429547,1998.3333333333333,Levered,113237.0,17.917246835443038,0.15555490756400536,20.268237082066868,-1236.0,-0.18257918552036198,1.6083680125970081,-27.963800904977376,615.3,73.0,14.0,27.90847378892014,OK,29.58707889397152,OK,,INSUFFICIENT,20.983430860396002,OK,28.147561056594416,OK,,INSUFFICIENT,19.293871959268415,OK,24.91722377545407,OK,,INSUFFICIENT,250.23933936651582,29.959853729887858,197.80401265822786,-0.11174822062657336,EXTERNALLY_FUNDED_INVESTMENT,16.57,11.97,0.0010643722115979415,0.0024795492713582945
BAJFINANCE,2022-03,22.211687367655887,37.546221674409786,29.98324958123953,16.07759705350811,4.540429299576443,3.3072007378615194,3.779928167821929,,Invalid Interest,152986.0,15.496961102106969,0.14889461944603918,18.43881118881119,-37090.0,-5.277461582242458,0.0,-527.7461582242458,722.5289256198347,116.0,17.0,19.617462835163792,OK,25.982728075047355,OK,,INSUFFICIENT,20.717895695390954,OK,30.795202682788812,OK,,INSUFFICIENT,18.905780003571437,OK,28.584556081898803,OK,,INSUFFICIENT,202.34216135458166,32.53175737194885,181.29218699351702,-2.6081868192533073,RESTRUCTURING_WITH_EXTERNAL_SUPPORT,22.21,16.08,0.001687367655886618,0.0024029464918875476
BAJFINANCE,2023-03,27.7897177078554,30.65127623095313,37.4852092439207,21.16530567203708,5.726734105112484,4.181291011750343,3.985323328183624,,Invalid Interest,193938.0,12.115067466266867,0.15046180230065473,17.942374350086656,-52506.0,-3.659367396593674,25.09961121441163,-456.25651720542237,898.7107438016529,190.0,16.0,16.22866210873941,OK,26.57512378511282,OK,,INSUFFICIENT,29.786042786224588,OK,35.75350595334395,OK,,INSUFFICIENT,29.741261429898348,OK,34.60370963665493,OK,,INSUFFICIENT,164.76267205422315,34.87252317369234,119.99347263868066,-2.769174058158446,EXTERNALLY_FUNDED_INVESTMENT,27.79,21.17,0.0002822921446004045,0.004694327962923239
BAJFINANCE,2024-03,26.287928399912687,29.285818234737686,35.13788837953867,18.841921351830603,5.219948005902033,3.845990067652804,3.824788776468134,3219.3333333333335,Levered,262465.0,13.123906195309765,0.14630251608816688,16.914461538461538,-79931.0,-5.034945678499758,13.044822818889617,-553.1174313196319,1237.032258064516,233.0,15.0,27.259405758095312,OK,24.352642739542006,OK,,INSUFFICIENT,48.41981202939976,OK,29.323134825979015,OK,,INSUFFICIENT,47.23498631055778,OK,27.5561392815338,OK,,INSUFFICIENT,171.14881876686735,32.24772582664024,131.63530226511327,-3.2317922805711454,EXTERNALLY_FUNDED_INVESTMENT,26.29,18.84,0.00207160008731222,0.0019213518306031574
BANKBARODA,2013-03,13.251193677624718,30.047747104988748,26.63410350694254,14.509344390361157,1.789210174128161,0.8632663969666795,15.299320954269575,2.151629350476613,Levered,383575.0,38.25039888312725,0.06514631194503984,14.290980392156863,22682.0,4.803478981155519,1.410460457713627,469.70387243735763,157.36170212765958,23.0,19.0,,INSUFFICIENT,,INSUFFICIENT,,INSUFFICIENT,,INSUFFICIENT,,INSUFFICIENT,,INSUFFICIENT,,INSUFFICIENT,,INSUFFICIENT,,INSUFFICIENT,,,,,SELF_FUNDED_REINVESTMENT,13.25,14.51,0.0011936776247178926,0.0006556096388425914
BANKBARODA,2014-03,12.4459382645874,29.777821713664338,28.547067691471224,13.306206568552328,1.763996212699673,0.744855820997953,16.301767643406347,2.079387938793879,Levered,494860.0,41.518583773806526,0.059847301598570636,14.202527202527202,41503.0,8.386219221604447,1.8041173417690237,824.1262907069104,175.62412993039442,23.0,19.0,,INSUFFICIENT,,INSUFFICIENT,,INSUFFICIENT,,INSUFFICIENT,,INSUFFICIENT,,INSUFFICIENT,,INSUFFICIENT,,INSUFFICIENT,,INSUFFICIENT,,,,,EXPANSION_WITH_EXTERNAL_CAPITAL,12.45,13.31,0.004061735412598466,0.003793431447672191
BANKBARODA,2015-03,8.794389402204164,29.981075364577535,25.45252142936658,9.400733019182256,1.615828104836601,0.5381720679159525,15.838045599504975,2.097999632960176,Levered,540744.0,45.82576271186441,0.06119493273530382,15.08226997985225,17282.0,4.5159493670886075,1.2378937993988643,437.5189873417722,189.27027027027026,18.0,18.0,,INSUFFICIENT,,INSUFFICIENT,,INSUFFICIENT,,INSUFFICIENT,,INSUFFICIENT,,INSUFFICIENT,,INSUFFICIENT,,INSUFFICIENT,,INSUFFICIENT,,,,,SELF_FUNDED_REINVESTMENT,8.790000000000001,9.4,0.004389402204163062,0.0007330191822561005
BANKBARODA,2016-03,-10.98932291098059,55.440075110810284,-0.5262123627153431,-11.841517069383338,-0.036347786480131636,-0.7281823798093965,14.599816483542337,-0.04022029372496662,Levered,491642.0,1731.1338028169014,0.06626271570214692,7.202233055511873,-14016.0,1.9890721239817206,8.744732417738378,278.48201867673356,183.995670995671,-22.0,0.0,7.915691324568752,OK,,INSUFFICIENT,,INSUFFICIENT,,DECLINE_TO_LOSS,,INSUFFICIENT,,INSUFFICIENT,,DECLINE_TO_LOSS,,INSUFFICIENT,,INSUFFICIENT,,,,,CASH_BURN_AND_CONTRACTION,-10.99,-11.84,0.0006770890194101042,0.0015170693833379545
BANKBARODA,2017-03,4.171070087468801,43.28468958694039,24.64641467856902,4.307242204007709,1.5849535691459673,0.25791973482236213,15.057909768500243,1.3810003779765654,Levered,507783.0,44.1512042431093,0.06183538742185936,7.4996627318718385,17314.0,9.630727762803234,1.238953972072943,933.3692722371968,186.43722943722943,8.0,15.0,3.1999410378006132,OK,,INSUFFICIENT,,INSUFFICIENT,-28.316467717502725,OK,,INSUFFICIENT,,INSUFFICIENT,-29.67322261660813,OK,,INSUFFICIENT,,INSUFFICIENT,,,,,SELF_FUNDED_REINVESTMENT,4.17,4.31,0.0010700874688014395,0.002757795992290646
BANKBARODA,2018-03,-3.986451276706618,56.654941809970474,12.78009379885357,-3.9427908774642444,0.8187770647829878,-0.24552150586523597,14.437808701627796,0.7364864864864865,Levered,497174.0,73.25386768822749,0.061588989510508216,8.325379609544468,-60106.0,32.5119825708061,0.8989056800416885,3273.747276688453,175.72075471698113,-7.0,0.0,0.8397137390901088,OK,4.794092847280318,OK,,INSUFFICIENT,,DECLINE_TO_LOSS,,DECLINE_TO_LOSS,,INSUFFICIENT,,DECLINE_TO_LOSS,,DECLINE_TO_LOSS,,INSUFFICIENT,,,,,EXTERNALLY_FUNDED_INVESTMENT,-3.99,-3.94,0.0035487232933824053,0.0027908774642444456
BANKBARODA,2019-03,2.203908819415567,48.79408762711223,17.790042717272144,2.1201541930322207,1.192219412959876,0.14225236985616163,13.354716706669576,1.193356155699252,Levered,538740.0,52.0019305019305,0.06454548781826833,7.180510314875136,-3986.0,-1.2427101200686106,4.795297319774694,-341.852487135506,207.5320754716981,4.0,0.0,4.9259662751175215,OK,5.50896667929075,OK,,INSUFFICIENT,,TURNAROUND,-25.36843206737871,OK,,INSUFFICIENT,,TURNAROUND,-29.51991307003312,OK,,INSUFFICIENT,366.64529159519725,7.7734455233107855,52.75580694980695,-0.9323793185729377,EXTERNALLY_FUNDED_INVESTMENT,2.2,2.12,0.0039088194155669775,0.00015419303222063974
BANKBARODA,2020-03,1.2434248051207302,51.439254705621394,13.888079092464666,1.2890255439924314,0.9568721972604654,0.08175442836486976,14.046318196152633,0.8987777868919695,Levered,779254.0,61.58163426584479,0.06574939475888278,8.512624082865775,18392.0,18.889908256880734,0.1761835350782686,1874.8216106014272,164.54918918918918,2.0,0.0,21.055451361047428,OK,11.92616288690813,OK,,INSUFFICIENT,-19.13231120017117,OK,-24.314204084211188,OK,,INSUFFICIENT,-37.00394750525634,OK,-35.56059850227457,OK,,INSUFFICIENT,480.13696228338426,6.189088089982129,34.481700648016435,3.904764177465842,EXPANSION_WITH_EXTERNAL_CAPITAL,1.24,1.29,0.003424805120730179,0.0009744560075686248
BANKBARODA,2021-03,2.1799391770056786,51.22857065963344,28.33920930107382,1.9662580410243962,1.8320005080191344,0.13470062785459316,12.95270057045758,1.4339211547627153,Levered,785314.0,35.032073872507475,0.061791002829544674,8.803933183272123,-1358.0,-0.5475308641975308,0.6337971310923918,-83.82716049382715,159.05405405405406,3.0,0.0,17.290131688095723,OK,10.16481983224744,OK,,INSUFFICIENT,,TURNAROUND,,TURNAROUND,,INSUFFICIENT,,TURNAROUND,,TURNAROUND,,INSUFFICIENT,263.42323456790126,5.179580531617915,22.482758174599635,-0.31822234903208385,CASH_BURN_AND_CONTRACTION,2.18,1.97,6.082299432152993e-05,0.0037419589756038096
BANKBARODA,2022-03,10.810111058118144,51.12488928255093,33.25338965728692,8.635121749447583,1.910663952395866,0.5919614721357251,12.902404510770772,1.6952414032650225,Levered,837744.0,32.419178824348904,0.05475998062861488,6.612452694179131,2565.0,0.7828060002521114,4.9669550998160386,32.33329131476113,177.35328185328186,15.0,19.0,11.52377382660912,OK,10.535600363888875,OK,,INSUFFICIENT,89.48709364432959,OK,33.726878745525866,OK,,INSUFFICIENT,55.36162529769293,OK,13.396657763302722,OK,,INSUFFICIENT,59.74863103491744,5.159367033493344,23.608662203475095,0.5411553495822418,SELF_FUNDED_REINVESTMENT,10.81,8.64,0.00011105811814360322,0.00487825055241764
BANKBARODA,2023-03,15.877802821074463,40.45480037670762,38.98288943208152,14.282994621864736,2.5448192826013525,0.9833727752870327,12.77989624482414,2.263594470046083,Levered,945105.0,24.308256172839506,0.06193380698630487,9.579624936644704,-22450.0,-1.423125624791736,1.159751542279081,-149.61679440186603,202.8088803088803,29.0,19.0,6.201839296583267,OK,15.460085773662335,OK,9.99788611023451,OK,148.23079839806036,OK,,TURNAROUND,12.005120969095318,OK,143.84994805366566,OK,,TURNAROUND,2.3450909293078803,OK,30.971392202599134,4.423642282613869,14.727290895061728,-4.830806229928215,CASH_BURN_AND_CONTRACTION,15.88,14.28,0.002197178925538168,0.0029946218647367573
BANKBARODA,2024-03,15.93948250956673,37.4889127294537,41.55973610184239,15.761863790899902,3.1267119761750117,1.1402758683204666,12.143718727289434,2.102568485832728,Levered,1046625.0,20.56237721021611,0.07153782236255685,13.074773580737796,-7559.0,-0.3325030473263024,1.0854965830088108,-40.06041655625629,231.1061776061776,36.0,21.0,16.788839489625307,OK,17.477297665890944,OK,11.33242243391459,OK,126.679000994827,OK,74.50588066551305,OK,14.121196486586761,OK,128.94284851066638,OK,55.18455739153598,OK,4.582126078713333,OK,31.319678838306217,4.936565118241127,12.901754813359528,-1.279081332956056,EXTERNALLY_FUNDED_INVESTMENT,15.94,15.76,0.0005174904332694297,0.0018637908999021846
BEL,2013-03,14.522556990275785,10.664753706360592,18.396301610074925,15183.333333333334,3846.666666666667,2024.4444444444443,4.0,164.85714285714286,Levered,24.0,0.018604651162790697,139.4,522.75,-1539.0,-1.6893523600439078,0.0,-168.9352360043908,3.0,1.0,20.0,,INSUFFICIENT,,INSUFFICIENT,,INSUFFICIENT,,INSUFFICIENT,,INSUFFICIENT,,INSUFFICIENT,,INSUFFICIENT,,INSUFFICIENT,,INSUFFICIENT,,,,,ASSET_SALES_FUNDING_OPERATIONS,14.52,15183.33,0.0025569902757851537,0.0033333333340124227
BEL,2014-03,14.605707272169377,14.191469776004908,18.610003068425897,13600.0,4332.142857142857,2069.5652173913045,3.0,173.28571428571428,Levered,21.0,0.015407190022010272,141.69565217391303,931.1428571428571,-569.0,-0.5976890756302521,0.0,-59.76890756302521,3.5,1.0,20.0,,INSUFFICIENT,,INSUFFICIENT,,INSUFFICIENT,,INSUFFICIENT,,INSUFFICIENT,,INSUFFICIENT,,INSUFFICIENT,,INSUFFICIENT,,INSUFFICIENT,,,,,ASSET_SALES_FUNDING_OPERATIONS,14.61,13600.0,0.004292727830621956,0.0
BEL,2015-03,16.875793035387,16.622021711546594,21.42957845763429,17100.0,4606.060606060606,2442.8571428571427,3.7142857142857144,217.14285714285714,Levered,26.0,0.01542111506524318,144.75510204081633,1182.1666666666667,595.0,1.1979949874686717,11.828563372338925,49.707602339181285,3.5,2.0,20.0,,INSUFFICIENT,,INSUFFICIENT,,INSUFFICIENT,,INSUFFICIENT,,INSUFFICIENT,,INSUFFICIENT,,INSUFFICIENT,,INSUFFICIENT,,INSUFFICIENT,,,,,SELF_FUNDED_REINVESTMENT,16.88,17100.0,0.00420696461299741,0.0
BEL,2016-03,18.18058199619255,18.94207234158281,24.122926298613002,11141.666666666668,4794.594594594594,2571.153846153846,2.0833333333333335,177.4,Levered,25.0,0.01271617497456765,141.42307692307693,1225.6666666666667,790.0,1.6903515332834704,19.989121566494426,59.087509349289455,1.3333333333333333,2.0,31.0,5.442601569598193,OK,,INSUFFICIENT,,INSUFFICIENT,13.641688204753134,OK,,INSUFFICIENT,,INSUFFICIENT,25.99210498948732,OK,,INSUFFICIENT,,INSUFFICIENT,,,,,SELF_FUNDED_REINVESTMENT,18.18,11141.67,0.0005819961925510597,0.0033333333321934333
BEL,2017-03,17.594731977818853,20.70240295748614,23.116913123844732,10153.333333333334,4547.727272727273,1977.922077922078,1.9333333333333333,111.16666666666667,Levered,29.0,0.013104383190239493,112.41558441558442,1442.6666666666667,-61.0,-0.04005252790544977,0.0,-4.005252790544977,1.6666666666666667,2.0,33.0,9.917699553493264,OK,,INSUFFICIENT,,INSUFFICIENT,16.95559022577564,OK,,INSUFFICIENT,,INSUFFICIENT,25.99210498948732,OK,,INSUFFICIENT,,INSUFFICIENT,,,,,ASSET_SALES_FUNDING_OPERATIONS,17.59,10153.33,0.004731977818853039,0.0033333333340124227
BEL,2018-03,13.758292471877704,19.603884241899816,18.873185270647053,4616.129032258064,2484.8101265822784,1182.6446280991736,1.5483870967741935,327.1666666666667,Levered,48.0,0.021476510067114093,85.95867768595042,945.5454545454545,-693.0,-0.480083857442348,0.05768676088837611,-48.42767295597484,3.1,2.0,34.0,13.609603856628038,OK,10.641985771580508,OK,,INSUFFICIENT,6.132524460899758,OK,9.452138507365305,OK,,INSUFFICIENT,0.0,OK,14.869835499703509,OK,,INSUFFICIENT,,,,,CASH_BURN_AND_CONTRACTION,13.76,4616.13,0.0017075281222957983,0.0009677419357103645
BEL,2019-03,15.512989148306477,23.914830647813222,21.73627096349885,3851.020408163265,2754.166666666667,1497.6190476190477,0.9591836734693877,165.25,Levered,47.0,0.015761234071093227,96.53968253968254,1105.8181818181818,618.0,0.8023317435082141,7.365998026964814,32.75039745627981,4.454545454545454,3.0,44.0,18.263554701554696,OK,13.290217628332757,OK,,INSUFFICIENT,12.170889633500014,OK,14.663974255941326,OK,,INSUFFICIENT,14.471424255333186,OK,24.57309396155174,OK,,INSUFFICIENT,408.4538685744568,15729.641836734692,310.54406103286385,0.08018138638417563,SELF_FUNDED_REINVESTMENT,15.51,3851.02,0.0029891483064776736,0.0004081632650922984
BEL,2020-03,14.073103022825418,21.275447254781,19.170265268352868,3318.181818181818,2511.111111111111,1495.9016393442623,0.8,310.75,Levered,44.0,0.015395381385584325,106.29508196721312,926.2857142857143,1921.0,1.4082191780821918,5.004626773596545,105.26027397260273,5.0,3.0,37.0,14.42438442087881,OK,12.825848528166572,OK,,INSUFFICIENT,6.215440643406667,OK,8.801214612767193,OK,,INSUFFICIENT,14.471424255333186,OK,8.447177119769854,OK,,INSUFFICIENT,494.6800657534246,16414.384,369.49689293212043,0.21278454754849607,SELF_FUNDED_REINVESTMENT,14.07,3318.18,0.003103022825417412,0.0018181818181801646
BEL,2021-03,14.88411652136934,22.779785952229073,20.922815224324896,3559.322033898305,2733.333333333333,1381.578947368421,0.8305084745762712,295.2,Levered,49.0,0.014675052410901468,92.82236842105263,940.6,2498.0,2.4252380952380954,18.392515415692113,118.95238095238095,5.363636363636363,3.0,46.0,10.69815409586161,OK,13.918569182308293,OK,,INSUFFICIENT,13.638777662966838,OK,9.450456554239306,OK,,INSUFFICIENT,14.471424255333186,OK,8.447177119769854,OK,,INSUFFICIENT,429.0757095238095,15272.18627118644,339.7168343815514,0.2772293520982461,SELF_FUNDED_REINVESTMENT,14.88,3559.32,0.004116521369338599,0.0020338983049441595
BEL,2022-03,15.616866215512754,21.759500260281104,20.659812597605416,3478.260869565217,2500.0,1472.3926380368098,0.8405797101449275,352.77777777777777,Levered,58.0,0.01621923937360179,94.28220858895706,904.0,-665.0,1.7529166666666667,31.70223841749089,-27.708333333333336,6.2727272727272725,3.0,46.0,8.10529845964616,OK,12.165687034629169,OK,,INSUFFICIENT,8.34605775641557,OK,9.522227407124007,OK,,INSUFFICIENT,0.0,OK,8.447177119769854,OK,,INSUFFICIENT,476.441625,16571.88260869565,349.47390659955255,-0.05815682736228879,SELF_FUNDED_REINVESTMENT,15.62,3478.26,0.003133784487244995,0.0008695652168171364
BEL,2023-03,16.837712867937295,23.063042742754032,22.228487650840194,3981.333333333333,3457.8947368421054,2073.611111111111,0.52,207.47368421052633,Levered,39.0,0.008922443376801648,123.15277777777777,1043.1764705882354,1199.0,0.4015405224380442,0.0,40.15405224380442,6.818181818181818,4.0,44.0,10.996998251001887,OK,11.261861446362742,OK,10.951490711337563,OK,17.835363227993795,OK,15.848398363764948,OK,12.604861989024418,OK,10.064241629820891,OK,14.869835499703509,OK,14.869835499703509,OK,353.63887809778964,14079.542533333333,288.6189430336307,0.11354535581549055,ASSET_MONETISATION_AND_DELEVERAGING,16.84,3981.33,0.0022871320627047,0.003333333333102928
BEL,2024-03,19.661535425300965,24.921057825143084,26.041049930925595,4744.047619047619,4155.905511811024,2475.1552795031057,0.5119047619047619,439.8333333333333,Levered,42.0,0.007341373885684321,125.88819875776397,1126.0,-1265.0,1.1691342534504392,29.228340240773633,-31.74404015056462,7.636363636363637,5.0,40.0,12.8335418079377,OK,10.7508063318833,OK,12.01331595775741,OK,23.80447523322802,OK,16.12648618019128,OK,15.392913221732885,OK,18.56311014966876,OK,10.756634324829006,OK,17.461894308801895,OK,339.9701530740276,16128.345952380952,220.21972382450622,-0.09337302073000636,SELF_FUNDED_REINVESTMENT,19.66,4744.05,0.0015354253009647323,0.0023809523809177335
BHARTIARTL,2013-03,2.9461837368578374,29.838720158030853,12.091439562296125,4.50498787806526,7.948196620478737,1.43508261062227,1.326179404634156,2.058862580216862,Levered,59026.0,2.447282225631245,0.48709881623092993,0.6122746152744403,3932.0,9.972651080723423,24.27125164073973,173.44508160564624,132.49605055292258,4.0,17.0,,INSUFFICIENT,,INSUFFICIENT,,INSUFFICIENT,,INSUFFICIENT,,INSUFFICIENT,,INSUFFICIENT,,INSUFFICIENT,,INSUFFICIENT,,INSUFFICIENT,,,,,SELF_FUNDED_REINVESTMENT,2.95,4.5,0.003816263142162768,0.004987878065260354
BHARTIARTL,2014-03,3.516025342401938,30.87673530233858,16.005543650423924,5.05221233014258,10.131070680859846,1.6634342009565162,1.2700984001606532,2.337642456200034,Levered,60365.0,2.053720273534515,0.47310074273246205,0.6106362097657416,1052.0,8.689301093077178,29.326609522034847,34.84597548857237,149.46473236618309,5.0,26.0,,INSUFFICIENT,,INSUFFICIENT,,INSUFFICIENT,,INSUFFICIENT,,INSUFFICIENT,,INSUFFICIENT,,INSUFFICIENT,,INSUFFICIENT,,INSUFFICIENT,,,,,EXPANSION_WITH_EXTERNAL_CAPITAL,3.52,5.050000000000001,0.003974657598062148,0.0022123301425791553
BHARTIARTL,2015-03,5.252806942695706,34.96529692719118,15.594010468153297,12.690750936470824,12.164750957854405,2.7745563073337767,2.097066143751414,3.3706702654071075,Levered,72663.0,2.0853805533233842,0.5282045081043647,0.7732682110412862,5758.0,5.558438985736926,23.20579390432982,114.06497622820919,99.49224612306153,8.0,33.0,,INSUFFICIENT,,INSUFFICIENT,,INSUFFICIENT,,INSUFFICIENT,,INSUFFICIENT,,INSUFFICIENT,,INSUFFICIENT,,INSUFFICIENT,,INSUFFICIENT,,,,,SELF_FUNDED_REINVESTMENT,5.25,12.69,0.0028069426957060273,0.0007509364708244703
BHARTIARTL,2016-03,7.140637301620188,35.2049061451125,22.160527079103304,10.323498577205331,12.777751230467816,3.0707616094657686,1.5073536019170286,2.503159372805991,Levered,88669.0,2.2828124195458526,0.4300402722834028,0.5602781308584794,13851.0,4.053677643986653,14.597232005966934,200.94298563760336,167.00850425212604,11.0,9.0,7.851586337125016,OK,,INSUFFICIENT,,INSUFFICIENT,44.872377079381856,OK,,INSUFFICIENT,,INSUFFICIENT,40.10196653276936,OK,,INSUFFICIENT,,INSUFFICIENT,,,,,SELF_FUNDED_REINVESTMENT,7.140000000000001,10.32,0.0006373016201877135,0.003498577205331088
BHARTIARTL,2017-03,4.442326224494071,37.00716470440357,18.08983114760967,6.286967994426079,9.882972331111048,1.8254835960434226,1.5904650369865247,1.8089452183932124,Levered,92949.0,2.509219015738466,0.41092965797470754,0.5356299267820573,-2400.0,6.668238622966282,32.13642267566095,-56.59042678613535,168.72686343171586,7.0,11.0,3.5974111412192533,OK,,INSUFFICIENT,,INSUFFICIENT,11.99579574252343,OK,,INSUFFICIENT,,INSUFFICIENT,11.868894208139679,OK,,INSUFFICIENT,,INSUFFICIENT,,,,,SELF_FUNDED_REINVESTMENT,4.44,6.29,0.0023262244940704946,0.003032005573921026
BHARTIARTL,2018-03,2.6428199760403683,36.398068708479045,15.238567746463536,3.1408643129359315,6.962497719343834,0.8752770307909956,1.60112173725462,1.3503109586103368,Levered,95175.0,2.9895401432340747,0.33119056111509654,0.4414476495726496,1914.0,13.66941391941392,33.80970244073622,87.63736263736264,173.92446223111554,2.0,194.0,-4.906160644047541,OK,1.4375315360475094,OK,,INSUFFICIENT,-24.367040262771646,OK,-0.7432107013407907,OK,,INSUFFICIENT,-37.00394750525634,OK,-12.944943670387588,OK,,INSUFFICIENT,,,,,EXPANSION_WITH_EXTERNAL_CAPITAL,2.64,3.14,0.0028199760403682106,0.0008643129359313662
BHARTIARTL,2019-03,2.0896261450854174,31.894033176528847,11.0051993067591,2.3633843439788302,4.516106090393242,0.6159999416113799,1.7561289780602887,0.8369421954434193,Levered,109717.0,3.6284476486540114,0.29478954551757863,0.4022267367750159,-8216.0,11.889810426540285,35.01609309234959,-486.7298578199052,178.64682341170584,1.0,244.0,-5.765300888720882,OK,-1.2132844043885815,OK,,INSUFFICIENT,-37.436449378944836,OK,-10.97707373184763,OK,,INSUFFICIENT,-55.03556869773908,OK,-27.522033632230446,OK,,INSUFFICIENT,133.04436018957347,3.1443495792671827,6.829674250942523,-3.6584027848032727,EXPANSION_WITH_EXTERNAL_CAPITAL,2.09,2.36,0.0003738549145824166,0.003384343978830362
BHARTIARTL,2020-03,-35.02895852134477,41.821359622568224,-32.96130867384823,-39.748525503921186,-12.802775842714079,-8.53933961029377,1.9214207012768163,-2.0621783876500857,Levered,122752.0,,0.2437794319545742,0.38183951565062635,-11469.0,-0.5912144534307331,33.81121557248769,37.40216540568745,141.3947947214076,-55.0,-3.0,-2.8488560183098643,OK,-1.8489986111363321,OK,,INSUFFICIENT,,DECLINE_TO_LOSS,,DECLINE_TO_LOSS,,INSUFFICIENT,,DECLINE_TO_LOSS,,DECLINE_TO_LOSS,,INSUFFICIENT,,2.5438021906798887,,-5.8443259895632735,EXPANSION_WITH_EXTERNAL_CAPITAL,-35.03,-39.75,0.0010414786552317423,0.0014744960788135586
BHARTIARTL,2021-03,-12.28830404707005,45.00178897988392,11.587620259203307,-20.972639221074417,5.258007197683753,-3.58983441583894,2.7612674503417978,0.7725796832549201,Levered,135235.0,3.2933541144095657,0.2921342442446221,0.4502237336674423,20919.0,-3.8988191523778712,27.118947284726087,-169.1928178582983,107.343408594319,-26.0,0.0,6.781003574142641,OK,0.832178134357231,OK,,INSUFFICIENT,,DECLINE_TO_LOSS,,DECLINE_TO_LOSS,,INSUFFICIENT,,DECLINE_TO_LOSS,,DECLINE_TO_LOSS,,INSUFFICIENT,,3.951821959866334,6.573741324306553,8.979199882423519,SELF_FUNDED_REINVESTMENT,-12.29,-20.97,0.00169595292994984,0.002639221074417719
BHARTIARTL,2022-03,7.125880546045801,49.36549203325697,24.96760963388161,12.478588815097515,12.317975549459852,2.299235618357341,2.5494786188658836,1.751263842079923,Levered,140329.0,2.2564560218684675,0.32265985985875134,0.4774892147343322,13539.0,6.624563515954245,35.58907565188293,163.02227573750753,119.05903398926655,7.0,39.0,12.996697315028772,OK,4.070742937881411,OK,,INSUFFICIENT,70.08097292131974,OK,14.386368628705505,OK,,INSUFFICIENT,91.29311827723889,OK,0.0,OK,,INSUFFICIENT,33.30280915111379,4.155720617844157,5.454694002251165,4.895150886454735,SELF_FUNDED_REINVESTMENT,7.13,12.48,0.004119453954198882,0.001411184902485374
BHARTIARTL,2023-03,8.830356822020196,51.22282511049624,25.772395702324914,15.84131609143535,11.812585026170767,2.7638750486439307,2.914018281912768,1.8580829015544043,Levered,193066.0,2.67060434620226,0.3129969835139251,0.5016150313272818,26093.0,5.31659477496541,28.19504833087786,212.36265972165702,136.6989777934438,15.0,27.0,16.704788167661476,OK,10.983012843154238,OK,6.1029823579102915,OK,,TURNAROUND,41.26632421161504,OK,18.41301354694236,OK,,TURNAROUND,49.62778697388448,OK,14.130869721941398,OK,23.510371123952144,3.7243522040148007,3.8731765177818045,9.032722563248011,SELF_FUNDED_REINVESTMENT,8.83,15.84,0.0003568220201959349,0.0013160914353509412
BHARTIARTL,2024-03,5.706018055499993,52.20093077836007,23.554159832513236,10.35839213740181,11.846310162938323,1.9361158683224027,2.6094723973904306,1.559828682444366,Levered,183990.0,2.4576237227008617,0.3393112060793767,0.4944956034064945,27809.0,9.219210095816779,34.063420943846594,324.94741762093946,143.5853319429962,13.0,62.0,14.232767250604962,OK,13.17410230151459,OK,5.735981845577776,OK,,TURNAROUND,38.35662769365473,OK,10.981583453663312,OK,,TURNAROUND,67.02776523348103,OK,10.026509310601806,OK,44.23998948352419,4.582551592248756,5.743304481399853,7.345106122639473,SELF_FUNDED_REINVESTMENT,5.71,10.36,0.003981944500006662,0.001607862598190124
BHEL,2013-03,13.686276915526655,19.39144837740016,19.75134449829254,21.90906412648532,29.052245315366797,9.319390682001726,0.08831712985695113,75.4609375,Levered,2692.0,0.25357950263752826,0.6809295719735999,10.478465823869724,646.0,0.26281189302256086,2.2759339917796453,9.651875093381145,124.68979591836735,18.0,20.0,,INSUFFICIENT,,INSUFFICIENT,,INSUFFICIENT,,INSUFFICIENT,,INSUFFICIENT,,INSUFFICIENT,,INSUFFICIENT,,INSUFFICIENT,,INSUFFICIENT,,,,,EXPANSION_WITH_EXTERNAL_CAPITAL,13.69,21.91,0.0037230844733446844,0.0009358735146811625
BHEL,2014-03,8.852152372285838,11.574530471929426,13.17206339576856,10.557414609146544,13.762412845975069,4.648816556265016,0.14147900274336017,39.18045112781955,Levered,4687.0,0.7564557779212395,0.5251622837875509,8.365616409388878,3644.0,1.2884066247858366,2.19408002831071,104.05482581382068,135.39183673469387,10.0,20.0,,INSUFFICIENT,,INSUFFICIENT,,INSUFFICIENT,,INSUFFICIENT,,INSUFFICIENT,,INSUFFICIENT,,INSUFFICIENT,,INSUFFICIENT,,INSUFFICIENT,,,,,EXPANSION_WITH_EXTERNAL_CAPITAL,8.85,10.56,0.002152372285838311,0.0025853908534561043
BHEL,2015-03,4.629186220987772,6.835232895955048,7.2758037225042305,4.238898471073172,6.313718971631206,2.042742628516687,0.055222615254187736,24.77173913043478,Levered,1883.0,0.5602499256173757,0.44127467140019444,7.404964539007092,821.0,0.5662068965517242,0.0,56.62068965517242,139.6204081632653,4.0,20.0,,INSUFFICIENT,,INSUFFICIENT,,INSUFFICIENT,,INSUFFICIENT,,INSUFFICIENT,,INSUFFICIENT,,INSUFFICIENT,,INSUFFICIENT,,INSUFFICIENT,,,,,ASSET_MONETISATION_AND_DELEVERAGING,4.63,4.24,0.0008137790122280109,0.0011015289268279105
BHEL,2016-03,-2.768084689276612,-5.320525387178984,-3.140560674377573,-2.1847439269689,-2.462645268400664,-1.0765969775988533,0.006529475475785239,-2.225,Levered,-585.0,-4.301470588235294,0.3889320950943166,6.426051902242379,374.0,-0.5297450424929179,0.0,-52.97450424929179,131.89795918367346,-2.0,-14.0,-19.506043397221706,OK,,INSUFFICIENT,,INSUFFICIENT,,DECLINE_TO_LOSS,,INSUFFICIENT,,INSUFFICIENT,,DECLINE_TO_LOSS,,INSUFFICIENT,,INSUFFICIENT,,,,,ASSET_MONETISATION_AND_DELEVERAGING,-2.77,-2.18,0.0019153107233877975,0.004743926968899803
BHEL,2017-03,1.5984542420516425,3.846829439662744,3.509573160021078,1.4047979252215257,3.069595944077431,0.7374631268436578,0.0048164500293309456,2.4188861985472156,Levered,-601.0,-0.32504056246619795,0.4613601737495543,7.9047486809219665,-5.0,1.2307692307692308,1.9848937291410504,-1.098901098901099,132.2,1.0,85.0,-10.391754152786836,OK,,INSUFFICIENT,,INSUFFICIENT,-49.35167527194153,OK,,INSUFFICIENT,,INSUFFICIENT,-53.5841116638722,OK,,INSUFFICIENT,,INSUFFICIENT,,,,,SELF_FUNDED_REINVESTMENT,1.6,1.4,0.00154575794835754,0.004797925221525778
BHEL,2018-03,1.5194088875013008,5.734207513789156,5.3595587470080135,1.3545693520952529,4.761904761904762,0.6850172036284017,0.0034018865006958405,4.681818181818182,Levered,-319.0,-0.13679245283018868,0.450844541757898,9.380735437683047,989.0,2.2579908675799087,0.0,225.79908675799086,88.10626702997276,1.0,151.0,-2.730048527751461,OK,-10.031021577165578,OK,,INSUFFICIENT,-32.90316478648266,OK,-42.034357088019405,OK,,INSUFFICIENT,-37.00394750525634,OK,-43.90224272769003,OK,,INSUFFICIENT,,,,,ASSET_MONETISATION_AND_DELEVERAGING,1.52,1.35,0.0005911124986992533,0.004569352095252777
BHEL,2019-03,3.2916132847146935,6.675207778982293,7.286225813869453,3.2422987315557856,6.6205002686406775,1.553729260350442,0.08406678747087756,5.867724867724868,Levered,2446.0,0.9079435783221975,0.47202667080167465,10.249494949494949,-3860.0,-3.852295409181637,0.0,-385.2295409181637,88.80459770114942,3.0,69.0,6.074549439943477,OK,-5.106092359144476,OK,,INSUFFICIENT,,TURNAROUND,-22.140732070101976,OK,,INSUFFICIENT,,TURNAROUND,-21.39969144033772,OK,,INSUFFICIENT,349.75666666666666,11.340155966865131,166.01649591685228,-1.1014215814370858,ASSET_SALES_FUNDING_OPERATIONS,3.29,3.24,0.0016132847146934637,0.002298731555785416
BHEL,2020-03,-6.839677584680613,-0.6196710618273308,-0.21432232213576852,-5.12212142358688,-0.13633669235328985,-2.4348576072714003,0.17725052337752967,-0.07504078303425775,Levered,4918.0,10.761487964989058,0.35599011461080426,7.619098331558395,-2892.0,1.9700272479564032,0.0,197.00272479564032,82.35632183908046,-4.0,0.0,-8.982183537683975,OK,-7.281709644490064,OK,,INSUFFICIENT,,DECLINE_TO_LOSS,,DECLINE_TO_LOSS,,INSUFFICIENT,,DECLINE_TO_LOSS,,DECLINE_TO_LOSS,,INSUFFICIENT,,14.459223307745988,1019.9608971553611,-0.6978741912369298,RESTRUCTURING_WITH_EXTERNAL_SUPPORT,-6.84,-5.12,0.00032241531938659307,0.0021214235868800557
BHEL,2021-03,-15.59882142238142,-17.615113524755905,-18.0773008261598,-10.391409767925182,-10.115083726643823,-4.824874910650465,0.1905476657814725,-6.700214132762313,Levered,4766.0,,0.30931022158684773,6.948615014050582,518.0,-0.2074074074074074,0.2426483332370443,-19.185185185185187,74.66379310344827,-8.0,0.0,-15.635932607895409,OK,-7.460035190816505,OK,,INSUFFICIENT,,DECLINE_TO_LOSS,,BOTH_NEGATIVE,,INSUFFICIENT,,DECLINE_TO_LOSS,,BOTH_NEGATIVE,,INSUFFICIENT,,14.153479967671169,,0.14085660995610957,SELF_FUNDED_REINVESTMENT,-15.6,-10.39,0.001178577618579979,0.0014097679251818818
BHEL,2022-03,2.0979680354533023,3.9036349064164817,4.327943048418273,1.678865162604693,2.9295379116670923,0.7808250425505782,0.18222289292990265,2.049107142857143,Levered,4625.0,3.7540584415584415,0.3721815725289958,8.845287739783153,-458.0,1.4831460674157304,5.270850030644477,-102.92134831460673,76.16666666666667,1.0,31.0,-11.345508538118265,OK,-5.713396543974669,OK,,INSUFFICIENT,-23.70476240543862,OK,-0.4434764618247544,OK,,INSUFFICIENT,-30.663872564936533,OK,0.0,OK,,INSUFFICIENT,1016.8383146067415,17.071344223949293,408.6185064935065,-0.10121702421727803,SELF_FUNDED_REINVESTMENT,2.1,1.68,0.00203196454669774,0.0011348373953068425
BHEL,2023-03,2.7990584207147444,4.468221699122619,5.683714958270918,2.682746738862909,4.45159560203808,1.1341564927857937,0.22372631060792517,2.1699346405228757,Levered,5219.0,3.286523929471033,0.4051921476137625,9.436591276252019,-741.0,-1.1330275229357798,0.0,-113.30275229357798,70.05172413793103,2.0,21.0,2.870721679757926,OK,-4.114427094959572,OK,-7.1198242908924065,OK,,TURNAROUND,8.347957212397228,OK,-20.75065301205081,OK,,TURNAROUND,14.869835499703509,OK,-19.72584382397693,OK,763.5923241590214,20.485248174583642,289.52110201511334,-0.14838120906776192,RESTRUCTURING_WITH_EXTERNAL_SUPPORT,2.8,2.68,0.0009415792852554006,0.002746738862908771
BHEL,2024-03,1.180262001423011,2.9757669610346125,4.482484409659733,1.1539405843358703,3.216795819066499,0.4716665551615709,0.36238644733611586,1.2934782608695652,Levered,8600.0,6.515151515151516,0.399628688031043,9.282439782439782,-3713.0,-13.166666666666666,0.0,-1316.6666666666665,70.22413793103448,1.0,31.0,11.343850250620191,OK,-4.728642461606237,OK,-4.917554706101179,OK,,TURNAROUND,-22.397399063784775,OK,-22.269171506089446,OK,,TURNAROUND,-19.72584382397693,OK,-20.567176527571853,OK,1915.084574468085,22.098938129143136,517.0152803030303,-0.6875240311683734,RESTRUCTURING_WITH_EXTERNAL_SUPPORT,1.18,1.15,0.0002620014230110268,0.003940584335870412
BOSCHLTD,2012-12,11.063633213996997,15.59071486314817,15.61381221850098,17.19002332675399,23.29829398586938,12.123513034674765,0.041270410909743406,225.33333333333334,Levered,-1299.0,-0.7556719022687609,1.0957985320172108,10.033603707995365,47.0,0.9091858037578288,9.516110405358587,4.906054279749479,1797.741935483871,305.0,20.0,,INSUFFICIENT,,INSUFFICIENT,,INSUFFICIENT,,INSUFFICIENT,,INSUFFICIENT,,INSUFFICIENT,,INSUFFICIENT,,INSUFFICIENT,,INSUFFICIENT,,,,,SELF_FUNDED_REINVESTMENT,11.06,17.19,0.003633213996996787,2.3326753989749704e-05
BOSCHLTD,2013-12,10.106200753682767,14.71965284914925,14.354230900993493,14.061010486177311,19.407132931912923,9.95388595208638,0.029075309818875118,,Debt Free,-2019.0,-1.230347349177331,0.9849285794623777,9.335820895522389,211.0,1.1943502824858756,9.660842754367934,23.84180790960452,2030.3225806451612,282.0,20.0,,INSUFFICIENT,,INSUFFICIENT,,INSUFFICIENT,,INSUFFICIENT,,INSUFFICIENT,,INSUFFICIENT,,INSUFFICIENT,,INSUFFICIENT,,INSUFFICIENT,,,,,SELF_FUNDED_REINVESTMENT,10.11,14.06,0.0037992463172322744,0.0010104861773108098
BOSCHLTD,2015-03,11.070660268078768,16.390865464173423,16.299851067350655,18.211514904042467,26.414588361491013,12.82714984181766,0.015108207431604737,140.71428571428572,Levered,-2779.0,-1.1036536934074663,1.1586616815262198,12.485537190082646,213.0,1.0433482810164425,9.78818467648519,15.919282511210762,2370.0,426.0,20.0,,INSUFFICIENT,,INSUFFICIENT,,INSUFFICIENT,,INSUFFICIENT,,INSUFFICIENT,,INSUFFICIENT,,INSUFFICIENT,,INSUFFICIENT,,INSUFFICIENT,,,,,SELF_FUNDED_REINVESTMENT,11.07,18.21,0.000660268078767956,0.0015149040424660143
BOSCHLTD,2016-03,15.781878156891041,19.3588289867024,21.801876095247913,16.056633455689564,22.065727699530516,12.314003056382209,0.005243838489774515,162.69230769230768,Levered,-4578.0,-1.8304678128748502,0.7802622054210568,8.442993907745866,323.0,0.8608752449379491,10.256674569631997,21.097322011757022,3075.806451612903,488.0,17.0,3.860303729640324,OK,,INSUFFICIENT,,INSUFFICIENT,16.91490843669068,OK,,INSUFFICIENT,,INSUFFICIENT,16.96070952851465,OK,,INSUFFICIENT,,INSUFFICIENT,,,,,SELF_FUNDED_REINVESTMENT,15.78,16.06,0.0018781568910419821,0.003366544310434705
BOSCHLTD,2017-03,16.684235745088642,18.811691423095354,23.172017249640632,19.786339356745085,27.48039549948858,14.754237288135593,0.0,89.55555555555556,Levered,-3927.0,-1.3663883089770354,0.8843220338983051,6.892338177014531,1457.0,0.8368753589890867,0.0,83.68753589890868,2933.0,570.0,29.0,6.0178602296297345,OK,,INSUFFICIENT,,INSUFFICIENT,25.300219985997696,OK,,INSUFFICIENT,,INSUFFICIENT,26.437310473316167,OK,,INSUFFICIENT,,INSUFFICIENT,,,,,ASSET_MONETISATION_AND_DELEVERAGING,16.68,19.79,0.004235745088642773,0.00366064325491422
BOSCHLTD,2018-03,11.72797262617622,17.904191616766468,17.485029940119762,13.736098587315901,20.478909928864844,9.844187549364545,0.0,681.3333333333334,Levered,-5240.0,-2.0868180007964954,0.8393767501974582,8.869499241274658,559.0,1.261123267687819,10.008554319931566,40.77315827862874,3327.0,449.0,22.0,-1.1043231666079123,OK,6.18651173448419,OK,,INSUFFICIENT,0.8154548301936515,OK,7.432180166570301,OK,,INSUFFICIENT,1.768236131730827,OK,8.041175404955059,OK,,INSUFFICIENT,,,,,SELF_FUNDED_REINVESTMENT,11.73,13.74,0.0020273738237808203,0.0039014126840992702
BOSCHLTD,2019-03,13.223003723624327,17.823748448489862,19.4621431526686,17.508491289580366,25.76969431357511,12.572777340676634,0.0,180.92307692307693,Levered,-4054.0,-1.4720406681190994,0.9508261211644374,10.276360544217686,593.0,0.3710888610763454,0.0,37.10888610763454,3042.3333333333335,542.0,19.0,7.599449661750524,OK,6.654273315819759,OK,,INSUFFICIENT,1.4379650178992343,OK,12.545128367318693,OK,,INSUFFICIENT,3.560265421194453,OK,13.959368943539596,OK,,INSUFFICIENT,974.4620775969962,170.61360797633395,557.3424981844589,0.03808140610165591,ASSET_MONETISATION_AND_DELEVERAGING,13.22,17.51,0.0030037236243263266,0.0015087104196354062
BOSCHLTD,2020-03,6.604348709611868,15.068075594391384,10.10973379394432,7.011866235167206,10.648544520547945,4.87987987987988,0.007982740021574973,99.5,Levered,-3968.0,-2.8795355587808418,0.7388888888888889,7.333830104321907,463.0,2.0553846153846154,8.870148343832554,71.23076923076923,3090.0,220.0,48.0,-1.9313261698648332,OK,-4.024550643795177,OK,,INSUFFICIENT,-27.993528732300355,OK,-13.445141915487591,OK,,INSUFFICIENT,-27.191412056938557,OK,-12.380127608015801,OK,,INSUFFICIENT,2049.8022153846155,143.7293894282632,971.3087518142235,0.034750069395062984,SELF_FUNDED_REINVESTMENT,6.600000000000001,7.01,0.004348709611866397,0.0018662351672062982
BOSCHLTD,2021-03,4.959868285655484,11.967483021197777,5.978596419016259,4.9068512674335745,5.88235294117647,3.262488154866658,0.005497302249821846,41.5,Levered,-5103.0,-5.53470715835141,0.6577771761202111,7.830781627719581,372.0,1.7323651452282158,4.764354805515538,77.17842323651453,3274.3333333333335,164.0,70.0,-5.972664847754272,OK,0.03502339184950909,OK,,INSUFFICIENT,-29.421916510094114,OK,-20.63767736148925,OK,,INSUFFICIENT,-28.51759281870414,OK,-19.59467620227703,OK,,INSUFFICIENT,3662.412510373444,179.70913468390512,1862.8960629067244,0.021073110420498455,SELF_FUNDED_REINVESTMENT,4.96,4.91,0.00013171434451564323,0.0031487325664256716
BOSCHLTD,2022-03,10.329315905618742,12.408759124087592,12.977423187913766,11.386601796407184,14.208716662020256,7.897469175859831,0.0068300898203592815,52.724137931034484,Levered,-5455.0,-2.943874797625472,0.764568462037638,9.72914946325351,238.0,0.22267871815940837,0.28008827024274313,19.556285949055052,3562.6666666666665,413.0,51.0,-0.8428304683377297,OK,2.457867623757859,OK,,INSUFFICIENT,-8.67887189756631,OK,-6.911000758334218,OK,,INSUFFICIENT,-8.662261361177437,OK,-6.240552564879998,OK,,INSUFFICIENT,1489.3422925225966,169.58547623502994,1147.1379816513763,0.013130820260217878,SELF_FUNDED_REINVESTMENT,10.33,11.39,0.0006840943812580491,0.0033982035928161736
BOSCHLTD,2023-03,9.538482148837831,12.124053854913257,12.686717127737959,12.930173431399256,17.115488884872583,8.758226213174241,0.004812494324888767,157.83333333333334,Levered,-4970.0,-2.1798245614035086,0.9181991512393136,8.624494511842865,1214.0,0.8525280898876404,0.0,85.25280898876404,3671.0,483.0,99.0,14.898877471848504,OK,5.013042518514266,OK,5.598147103375362,OK,29.876988781938806,OK,0.761472818233444,OK,4.043378941946285,OK,29.96951051154666,OK,1.470583543386672,OK,4.704350984351113,OK,1639.621411516854,212.0058921274857,1199.707052631579,0.05199542308360963,ASSET_MONETISATION_AND_DELEVERAGING,9.54,12.93,0.0015178511621680713,0.00017343139925607431
BOSCHLTD,2024-03,14.886112273569676,12.524660728164047,19.322054163926587,20.639920424403183,26.70412294472445,14.34745030250648,0.003232758620689655,63.372549019607845,Levered,-5086.0,-1.3888585472419444,0.9638144626908672,9.450282485875706,1253.0,0.5032128514056224,0.0,50.321285140562246,4021.3333333333335,844.0,44.0,19.843289373663996,OK,6.717165240230294,OK,6.6857146436251735,OK,72.86912600423906,OK,9.275930793686072,OK,10.898483572290708,OK,72.64984767834024,OK,9.261870727688626,OK,11.585903400555031,OK,1043.9984136546184,215.48044181034481,717.7418104860732,0.04820053793415996,ASSET_MONETISATION_AND_DELEVERAGING,14.89,20.64,0.003887726430324534,7.957559681770476e-05
BPCL,2013-03,0.7994021000821699,2.770242091658718,2.369302298693952,11.540983606557377,11.491628614916285,2.4313055709047067,1.9765722801788375,2.278792692613185,Levered,25687.0,3.1321790025606635,3.0414050334053346,9.796569718053476,2322.0,3.0609504132231407,1.4881431656488329,119.93801652892562,232.01936376210236,4.0,42.0,,INSUFFICIENT,,INSUFFICIENT,,INSUFFICIENT,,INSUFFICIENT,,INSUFFICIENT,,INSUFFICIENT,,INSUFFICIENT,,INSUFFICIENT,,INSUFFICIENT,,,,,SELF_FUNDED_REINVESTMENT,0.8,11.54,0.0005978999178301025,0.0009836065573782804
BPCL,2014-03,1.5327829484042492,3.5602316003645704,3.0814496579318584,20.848765432098766,15.492850623669,4.581731856206195,1.705349794238683,4.110998990918264,Levered,26167.0,2.432103355330421,2.9891589418946416,9.587418419144308,2707.0,2.3656550703182826,2.602289530710496,66.79003207500617,268.87966804979254,9.0,31.0,,INSUFFICIENT,,INSUFFICIENT,,INSUFFICIENT,,INSUFFICIENT,,INSUFFICIENT,,INSUFFICIENT,,INSUFFICIENT,,INSUFFICIENT,,INSUFFICIENT,,,,,SELF_FUNDED_REINVESTMENT,1.53,20.85,0.002782948404249197,0.0012345679012355504
BPCL,2015-03,2.0948235352311233,4.031360522345609,3.656254379673369,22.524598883077743,18.45840096558039,5.887259331340794,1.1298643737257335,7.516949152542373,Levered,17780.0,1.4944944103555518,2.81038437478279,8.334123466968979,10206.0,4.0814639905549,4.342987163950238,200.82644628099175,312.060857538036,11.0,34.0,,INSUFFICIENT,,INSUFFICIENT,,INSUFFICIENT,,INSUFFICIENT,,INSUFFICIENT,,INSUFFICIENT,,INSUFFICIENT,,INSUFFICIENT,,INSUFFICIENT,,,,,SELF_FUNDED_REINVESTMENT,2.09,22.52,0.004823535231123444,0.0045988830777439205
BPCL,2016-03,4.306897745121529,6.906264142906584,6.82160636796848,29.103403612290425,25.032237896135364,9.359885214412996,0.8414765776786357,18.841176470588234,Levered,13987.0,0.9397339424885783,2.173231353127676,7.406538370533954,1886.0,1.3745827667202373,4.916007773607007,23.315613796513784,423.68902439024396,19.0,25.0,-8.125130441690553,OK,,INSUFFICIENT,,INSUFFICIENT,61.063263325742035,OK,,INSUFFICIENT,,INSUFFICIENT,68.09877033994816,OK,,INSUFFICIENT,,INSUFFICIENT,,,,,SELF_FUNDED_REINVESTMENT,4.31,29.1,0.0031022548784704895,0.003403612290423297
BPCL,2017-03,4.723951682227666,6.84866162155716,7.153256381334751,30.847853596807163,21.63380620341428,8.715142181398162,1.1591875141957884,20.683908045977013,Levered,14398.0,0.8723945710130877,1.844883853106723,5.974676404227527,-6233.0,0.9509834858525297,7.589527505453389,-65.56221731355843,235.0800915331808,20.0,49.0,-8.697913757319132,OK,,INSUFFICIENT,,INSUFFICIENT,32.86858095089975,OK,,INSUFFICIENT,,INSUFFICIENT,30.49558803896213,OK,,INSUFFICIENT,,INSUFFICIENT,,,,,EXPANSION_WITH_EXTERNAL_CAPITAL,4.72,30.85,0.003951682227666176,0.002146403192838875
BPCL,2018-03,4.150999385319739,6.493143135717163,6.5113715848152784,26.740216827330077,20.679070518861575,8.13586360463957,1.0284005570878505,12.951096121416526,Levered,13934.0,0.7637160865990682,1.9599770680315065,5.180065438415424,4002.0,1.1303104575163399,2.9954004959833824,40.870098039215684,186.16675139806813,21.0,46.0,-0.9296174792989831,OK,-0.5245909845212227,OK,,INSUFFICIENT,24.435867944989887,OK,38.29077496476137,OK,,INSUFFICIENT,24.053456597035684,OK,39.32590113656098,OK,,INSUFFICIENT,,,,,SELF_FUNDED_REINVESTMENT,4.15,26.74,0.0009993853197389768,0.00021682733007821753
BPCL,2019-03,2.859576294488073,5.067297955241997,4.918752892101963,21.999226106023475,17.545811205205492,6.228181645560376,1.1566877337804722,8.315759637188208,Levered,19932.0,1.1020069663294079,2.1780085593678336,6.047368954679103,-294.0,1.1910178236397748,3.5043892886602777,-3.4474671669793624,197.0767666497204,18.0,48.0,16.66441552978377,OK,2.4353632952422766,OK,,INSUFFICIENT,1.777267171421748,OK,16.041709361898416,OK,,INSUFFICIENT,-1.7860974765877446,OK,14.869835499703509,OK,,INSUFFICIENT,48.9487617260788,10.768348768218754,24.30055675346934,-0.07043012009724914,EXPANSION_WITH_EXTERNAL_CAPITAL,2.86,22.0,0.0004237055119267197,0.000773893976525386
BPCL,2020-03,1.2882504251999494,3.1538591287969298,2.2099855221174254,10.035037775101282,6.16520272919771,2.4300676123558262,1.792291689477718,2.384907091391733,Levered,38447.0,3.7078792554730446,1.8863316982632905,4.729073535521396,-3254.0,2.1497545008183305,3.912893749209339,-88.76159301691217,185.7244534824606,7.0,106.0,12.24096012267224,OK,3.2430889943381613,OK,,INSUFFICIENT,-27.213697914317912,OK,-6.3233050093329135,OK,,INSUFFICIENT,-29.527012679351085,OK,-8.643159600651407,OK,,INSUFFICIENT,140.45919803600654,14.095133581517572,58.22124795062204,-0.6319386288547528,EXPANSION_WITH_EXTERNAL_CAPITAL,1.29,10.04,0.0017495748000506683,0.004962224898717338
BPCL,2021-03,7.524840227483046,9.124086005621908,10.494371575915299,32.340584445896745,22.347738395921805,10.759234181068221,1.0182429278312015,14.01915264074289,Levered,27764.0,0.9745515813120854,1.4298289207220862,3.59092327373709,20981.0,1.3542147806004619,1.0748530440411694,121.13741339491916,255.87673196368848,37.0,102.0,-0.8154662147614067,OK,4.151149125733,OK,,INSUFFICIENT,20.9368987670137,OK,16.447618328103108,OK,,INSUFFICIENT,20.779754665705475,OK,14.258791065592158,OK,,INSUFFICIENT,30.191407621247112,9.764077677154328,20.1580599529643,4.012314195965778,SELF_FUNDED_REINVESTMENT,7.52,32.34,0.004840227483046355,0.0005844458967416699
BPCL,2022-03,3.3685995311297003,5.518309298684223,5.375860388533728,22.50650226375108,16.010958527641083,6.229436513819196,1.243309893073885,7.153875671527245,Levered,40918.0,1.6994642189641567,1.849265980195063,4.1333357170951475,12198.0,1.7407978085944187,2.3466583619528762,104.417051874679,243.79990605918272,27.0,29.0,5.157625621144435,OK,11.497711669326293,OK,,INSUFFICIENT,11.059744514853453,OK,4.206483725471477,OK,,INSUFFICIENT,14.471424255333186,OK,6.185875879493463,OK,,INSUFFICIENT,46.85101609313473,10.544524997591752,21.53052581301657,2.2287041046689198,SELF_FUNDED_REINVESTMENT,3.37,22.51,0.0014004688702997647,0.003497736248920802
BPCL,2023-03,0.45035049568141133,2.3033177158290488,1.3876120857081873,3.9815403011845594,5.3426418656121335,1.1328538241126156,1.2962146407084938,1.753271028037383,Levered,42598.0,3.293235407808272,2.5154936765386027,5.459325064897606,4660.0,5.849835757860159,1.6496649316232272,218.67667761614265,251.39502113668388,5.0,40.0,18.471406963773383,OK,14.93778243741344,OK,6.927465691906365,OK,-16.542828239744654,OK,-26.28728474954628,OK,0.9642932760985046,OK,-10.609646490343238,OK,-24.950095849989562,OK,2.256518256357287,OK,227.58351008916003,9.061329173050336,44.29437417858523,0.9608634541688544,SELF_FUNDED_REINVESTMENT,0.45,3.98,0.0003504956814113225,0.0015403011845593895
BPCL,2024-03,5.994201967046283,9.837909494446341,9.003465875741771,35.511337343822305,30.9773177511249,13.26907686075349,0.7218747934157467,9.7235478428537,Levered,27968.0,0.593623975888271,2.213651947949293,5.162365492292449,25415.0,1.3379500353698945,2.3480024906099985,94.62377601548829,354.09644194756555,62.0,33.0,24.863629368132333,OK,8.483226324685255,OK,5.4159319078910695,OK,15.748130122124548,OK,25.790698729746552,OK,20.817911347727637,OK,18.776353612992548,OK,28.063048802615654,OK,21.28718543006496,OK,17.448979113146432,6.196365835922522,12.872756929999575,5.422883218663305,SELF_FUNDED_REINVESTMENT,5.99,35.51000000000001,0.004201967046283173,0.0013373438222927803
BRITANNIA,2013-03,4.203718674211803,6.806790622473727,6.451091350040421,46.59498207885305,42.53731343283582,13.807753584705257,0.6810035842293907,9.731707317073171,Levered,272.0,0.576271186440678,3.2846521508231548,8.392130257801899,320.0,1.2307692307692308,0.0,123.07692307692308,23.25,11.0,39.0,,INSUFFICIENT,,INSUFFICIENT,,INSUFFICIENT,,INSUFFICIENT,,INSUFFICIENT,,INSUFFICIENT,,INSUFFICIENT,,INSUFFICIENT,,INSUFFICIENT,,,,,ASSET_MONETISATION_AND_DELEVERAGING,4.2,46.59,0.0037186742118029414,0.004982078853046801
BRITANNIA,2014-03,5.713872414291914,9.069868363951974,8.346593374801099,49.49874686716792,60.86497890295358,18.74703369719981,0.18796992481203006,72.125,Levered,-48.0,-0.07272727272727272,3.280968201233982,8.152122641509434,425.0,1.6987341772151898,3.558512946622306,107.59493670886076,33.25,16.0,36.0,,INSUFFICIENT,,INSUFFICIENT,,INSUFFICIENT,,INSUFFICIENT,,INSUFFICIENT,,INSUFFICIENT,,INSUFFICIENT,,INSUFFICIENT,,INSUFFICIENT,,,,,SELF_FUNDED_REINVESTMENT,5.71,49.5,0.0038724142919139837,0.0012531328320832813
BRITANNIA,2015-03,8.768134385339781,11.071519470603207,12.14049376431662,55.34136546184739,68.63309352517986,24.668814894378805,0.11646586345381527,238.5,Levered,-373.0,-0.33970856102003644,2.8134622269960614,9.310426540284361,134.0,0.8476052249637155,5.726648002036142,19.448476052249635,51.875,29.0,28.0,,INSUFFICIENT,,INSUFFICIENT,,INSUFFICIENT,,INSUFFICIENT,,INSUFFICIENT,,INSUFFICIENT,,INSUFFICIENT,,INSUFFICIENT,,INSUFFICIENT,,,,,SELF_FUNDED_REINVESTMENT,8.77,55.34,0.0018656146602182844,0.0013654618473850633
BRITANNIA,2016-03,9.824937477670597,14.576634512325832,14.588543527450279,39.4359464627151,55.10571300044984,23.611906124785346,0.06261950286806883,245.0,Levered,-657.0,-0.4910313901345291,2.403262736119061,8.838947368421053,254.0,1.1624242424242424,8.395855662736691,30.787878787878785,87.16666666666667,34.0,29.0,10.72902684227348,OK,,INSUFFICIENT,,INSUFFICIENT,46.94682271518167,OK,,INSUFFICIENT,,INSUFFICIENT,45.66730228453515,OK,,INSUFFICIENT,,INSUFFICIENT,,,,,SELF_FUNDED_REINVESTMENT,9.82,39.44,0.00493747767059638,0.004053537284896436
BRITANNIA,2017-03,9.774685222001326,14.115308151093439,14.457698254914956,32.826409495548965,46.40198511166253,21.538087125821367,0.046364985163204746,261.8,Levered,-362.0,-0.2535014005602241,2.2034558286687758,7.805172413793104,291.0,0.49830508474576274,1.656726308813784,32.88135593220339,112.33333333333333,37.0,30.0,9.410241779912521,OK,,INSUFFICIENT,,INSUFFICIENT,30.852510213081352,OK,,INSUFFICIENT,,INSUFFICIENT,32.2393118173552,OK,,INSUFFICIENT,,INSUFFICIENT,,,,,SELF_FUNDED_REINVESTMENT,9.77,32.83,0.004685222001326039,0.0035905044510329276
BRITANNIA,2018-03,10.127092999798265,15.14020576961872,15.392374420012104,29.47739283617146,42.30662600499029,19.35235158057055,0.05901350557839107,190.75,Levered,-878.0,-0.526378896882494,1.9109483423284503,7.365527488855869,292.0,1.2440239043824701,9.653015937058704,29.08366533864542,141.91666666666666,42.0,30.0,8.05518967852381,OK,9.89598908908318,OK,,INSUFFICIENT,13.371744744234814,OK,31.02436782517264,OK,,INSUFFICIENT,13.140240479934251,OK,30.72881395893534,OK,,INSUFFICIENT,,,,,SELF_FUNDED_REINVESTMENT,10.13,29.48,0.002907000201735954,0.002607163828539427
BRITANNIA,2019-03,10.44776119402985,15.66711895070104,16.07417458163727,27.157300728897248,40.30392379224314,18.515549855722988,0.03667999059487421,197.44444444444446,Levered,-1320.0,-0.6807632800412584,1.7722026290477717,6.549170616113744,304.0,1.000865800865801,7.706919945725915,26.32034632034632,177.20833333333334,48.0,31.0,9.600246583125415,OK,9.844530773501937,OK,,INSUFFICIENT,11.868894208139679,OK,23.93585800247959,OK,,INSUFFICIENT,12.181378776036711,OK,24.57309396155174,OK,,INSUFFICIENT,167.70832034632033,45.545052903832584,95.16748839608046,0.15694120760373956,SELF_FUNDED_REINVESTMENT,10.45,27.16,0.002238805970149471,0.0026992711027524763
BRITANNIA,2020-03,12.017241379310345,15.887931034482758,16.560344827586206,31.66023166023166,32.33462380070695,17.803320561941252,0.3493072904837611,24.948051948051948,Levered,-1355.0,-0.6433998100664767,1.4814814814814814,6.17678381256656,-41.0,1.0652797704447632,13.155172413793103,-2.941176470588235,183.45833333333334,58.0,60.0,8.610671725493635,OK,8.100870936901284,OK,,INSUFFICIENT,16.351816432833054,OK,15.135356589751225,OK,,INSUFFICIENT,16.165033811172403,OK,14.869835499703509,OK,,INSUFFICIENT,172.70304160688667,54.678183057006585,138.2846391263058,-0.017030252873502107,EXPANSION_WITH_EXTERNAL_CAPITAL,12.02,31.66,0.0027586206896543786,0.0002316602316589922
BRITANNIA,2021-03,14.091047503045068,19.10018270401949,19.983252131546895,52.17023675310034,46.2962962962963,23.1375,0.5980834272829764,23.64864864864865,Levered,-659.0,-0.2334396032589444,1.642,7.326268823201339,1876.0,1.0135062128579146,0.0,101.35062128579146,147.83333333333334,77.0,204.0,9.834322396201545,OK,9.362340796469915,OK,,INSUFFICIENT,22.618943154319982,OK,17.54130118103776,OK,,INSUFFICIENT,22.39034103416604,OK,17.761237717688783,OK,,INSUFFICIENT,136.94929227444626,71.44677001127395,116.2142012043925,0.7400594745877541,ASSET_MONETISATION_AND_DELEVERAGING,14.09,52.17,0.0010475030450685097,0.00023675310033866026
BRITANNIA,2022-03,10.724391624221845,15.570175438596493,15.718732314657613,59.26505082095387,44.0960508037309,20.14082635844294,0.9698983580922595,15.430555555555555,Levered,719.0,0.2967395790342551,1.8780390593862097,8.063890473474045,1300.0,0.8575197889182058,0.0,85.75197889182058,106.58333333333333,63.0,89.0,8.539861530779703,OK,9.319392415225236,OK,,INSUFFICIENT,9.489483155671108,OK,11.365632023060845,OK,,INSUFFICIENT,9.487978497197226,OK,11.23149262024683,OK,,INSUFFICIENT,208.76241424802112,123.72315089913995,135.35328518365662,0.4107634949552871,ASSET_MONETISATION_AND_DELEVERAGING,10.72,59.27,0.004391624221844026,0.00494917904613601
BRITANNIA,2023-03,14.207717317955954,17.36703269738053,19.642966689160176,65.53480475382003,49.02771397948247,24.767404555662495,0.8480475382003395,18.94674556213018,Levered,-327.0,-0.09539089848308051,1.743236017538231,6.139736346516008,1019.0,1.0906735751295338,9.24483160542298,43.998272884283246,147.25,96.0,75.0,12.008784937237893,OK,10.456954960245657,OK,10.176115002864883,OK,18.438235084879718,OK,18.195507150242562,OK,24.444733131363193,OK,18.28992229188444,OK,17.978912471277987,OK,24.190351072598283,OK,123.08456822107081,80.66323146576117,100.57906067677946,0.3574637626811059,SELF_FUNDED_REINVESTMENT,14.21,65.53,0.002282682044047135,0.004804753820025098
BRITANNIA,2024-03,12.725863199952292,18.886039716142882,18.34933508259288,54.14869322506978,51.232101232101236,23.522927689594354,0.5239786856127886,18.76219512195122,Levered,-702.0,-0.2078768137400059,1.8484347442680775,6.051605918440996,2573.0,1.2057169634489222,0.0,120.57169634489222,164.20833333333334,89.0,83.0,8.479583308976203,OK,8.690023727476138,OK,9.265752439203956,OK,4.856654873228505,OK,13.063515827454196,OK,18.37492911445593,OK,4.946129761743845,OK,13.14353769849137,OK,18.720851381956226,OK,152.17701030927836,82.40186247145394,111.50979567663607,0.7923121639717275,ASSET_MONETISATION_AND_DELEVERAGING,12.73,54.15,0.004136800047708888,0.0013067749302209108
CANBK,2013-03,8.790724977986498,21.182858820076316,20.77781039037276,11.896250397203687,1.7643862657521134,0.7142448321584265,14.936447410231967,2.139963724304716,Levered,248506.0,34.18239339752407,0.08124982114069311,11.817551161984044,7575.0,2.674457429048414,1.2767830936307603,252.92153589315527,113.66139954853273,12.0,19.0,,INSUFFICIENT,,INSUFFICIENT,,INSUFFICIENT,,INSUFFICIENT,,INSUFFICIENT,,INSUFFICIENT,,INSUFFICIENT,,INSUFFICIENT,,INSUFFICIENT,,,,,SELF_FUNDED_REINVESTMENT,8.790000000000001,11.9,0.0007249779864970662,0.0037496027963133116
CANBK,2014-03,6.7525903462218855,24.351781652767247,18.66565579984837,8.854718981972429,1.5449006356557042,0.5332375421580954,14.843352332979851,1.7823359073359073,Levered,312468.0,41.02783613445378,0.07896785008681076,5.94054946704699,13864.0,5.330838323353293,0.960323477381855,518.8622754491017,130.91540130151844,10.0,19.0,,INSUFFICIENT,,INSUFFICIENT,,INSUFFICIENT,,INSUFFICIENT,,INSUFFICIENT,,INSUFFICIENT,,INSUFFICIENT,,INSUFFICIENT,,INSUFFICIENT,,,,,SELF_FUNDED_REINVESTMENT,6.75,8.85,0.0025903462218854756,0.004718981972429148
CANBK,2015-03,6.689795266245178,23.513569032022456,19.208910597311302,9.020682014034225,1.5820143614421596,0.52474407313117,15.37264557429521,1.7781533910838792,Levered,347366.0,39.27258338044093,0.07843948166528812,6.286841727651026,5240.0,2.1644489935175706,2.5198000593431176,178.77857386557488,136.8084210526316,11.0,17.0,,INSUFFICIENT,,INSUFFICIENT,,INSUFFICIENT,,INSUFFICIENT,,INSUFFICIENT,,INSUFFICIENT,,INSUFFICIENT,,INSUFFICIENT,,INSUFFICIENT,,,,,SELF_FUNDED_REINVESTMENT,6.69,9.02,0.00020473375482232825,0.0006820140342256309
CANBK,2016-03,-5.756261495492632,40.38465905220373,5.340720724812098,-7.821659981487196,0.4362648899506976,-0.44968734755421524,15.634433816723234,0.44663881503987846,Levered,354242.0,140.34944532488115,0.07812142445341257,6.111434915348321,8903.0,-3.686785009861933,1.0059265650900338,-351.20315581854044,119.37384898710866,-9.0,0.0,8.93190661755634,OK,,INSUFFICIENT,,INSUFFICIENT,,DECLINE_TO_LOSS,,INSUFFICIENT,,INSUFFICIENT,,DECLINE_TO_LOSS,,INSUFFICIENT,,INSUFFICIENT,,,,,SELF_FUNDED_REINVESTMENT,-5.76,-7.82,0.0037385045073676793,0.0016599814871955942
CANBK,2017-03,3.403526545577345,37.84885544057698,23.151699351134912,4.06804093988756,1.6852107742523392,0.23668182481519193,15.420441112873,1.2223637289862455,Levered,372785.0,37.54506999697855,0.06954017300753658,5.769937369519833,2099.0,1.824946846208363,1.1481776298333213,148.75974486180016,116.19765494137353,5.0,4.0,1.5649690307792952,OK,,INSUFFICIENT,,INSUFFICIENT,-19.17168599050957,OK,,INSUFFICIENT,,INSUFFICIENT,-20.62994740159002,OK,,INSUFFICIENT,,INSUFFICIENT,,,,,EXPANSION_WITH_EXTERNAL_CAPITAL,3.4,4.07,0.003526545577344997,0.001959060112440625
CANBK,2018-03,-9.367517233039061,61.874470915467406,2.3944854275003022,-10.496788356776973,0.16482062022498847,-0.6133647960597687,15.279182589370409,0.13381995133819952,Levered,406312.0,280.99031811894884,0.06547784015773594,4.960407918416316,-11607.0,2.871159308029951,1.1778933365582296,299.6901626646011,100.67394270122783,-11.0,0.0,-1.9140803802695672,OK,3.9465722412666437,OK,,INSUFFICIENT,,DECLINE_TO_LOSS,,DECLINE_TO_LOSS,,INSUFFICIENT,,DECLINE_TO_LOSS,,DECLINE_TO_LOSS,,INSUFFICIENT,,,,,EXTERNALLY_FUNDED_INVESTMENT,-9.370000000000001,-10.5,0.002482766960939742,0.0032116432230271386
CANBK,2019-03,1.4514817209234425,56.72874392609122,16.258263644136722,1.8466926689484995,1.1500984723871626,0.09778261071141064,16.98548648146674,0.7869183405672756,Levered,471488.0,57.32376899696049,0.06736744204343177,5.686114075655164,17492.0,26.20258620689655,1.5536693708160414,2513.2183908045977,100.10358565737052,2.0,0.0,2.8774221235335684,OK,3.9169337588697672,OK,,INSUFFICIENT,,TURNAROUND,-23.589233339154912,OK,,INSUFFICIENT,,TURNAROUND,-27.522033632230446,OK,,INSUFFICIENT,394.12527298850574,7.278282522751996,33.2992924012158,6.376699397498148,SELF_FUNDED_REINVESTMENT,1.45,1.85,0.0014817209234425643,0.003307331051500606
CANBK,2020-03,-3.8606081311923472,53.87769046805603,20.66962760505637,-4.661942435567636,1.4498657975460123,-0.2590904186447993,16.215356986846576,0.8716840410204255,Levered,475525.0,44.313204733948375,0.0671112969356927,5.978493331731347,-5734.0,2.7532535137948986,0.8943105769810487,298.4903695991671,80.01165048543689,-4.0,0.0,6.273403814844825,OK,2.5778826660805887,OK,,INSUFFICIENT,,DECLINE_TO_LOSS,,DECLINE_TO_LOSS,,INSUFFICIENT,,DECLINE_TO_LOSS,,DECLINE_TO_LOSS,,INSUFFICIENT,,7.589031451730331,33.7855661168577,-1.8336265035841257,EXTERNALLY_FUNDED_INVESTMENT,-3.86,-4.66,0.000608131192347372,0.0019424355676358473
CANBK,2021-03,4.2090729221527905,61.82938806883692,38.38697279831466,4.73802275276398,2.400552604218592,0.25069094731844616,17.000448646050312,1.1681538594819372,Levered,774807.0,27.864741422714523,0.05955965885006019,6.234182269944094,58002.0,19.99256002705445,1.5885442614550267,1961.5150490361852,75.78627808136005,4.0,0.0,19.329354886811934,OK,9.79068258124791,OK,,INSUFFICIENT,,TURNAROUND,,TURNAROUND,,INSUFFICIENT,,TURNAROUND,,TURNAROUND,,INSUFFICIENT,104.45570848833277,4.949135234738023,12.34173559663382,18.778438032951332,EXPANSION_WITH_EXTERNAL_CAPITAL,4.21,4.74,0.0009270778472094676,0.0019772472360202187
CANBK,2022-03,8.720650295975302,58.39493584841533,46.43271872433228,8.802046854676176,2.726455549577702,0.4892003346073091,16.18939123225797,1.3867952459501756,Levered,821279.0,24.421749085610635,0.056096772374083344,6.1687778457237705,-510.0,0.14923676518350112,2.0236780241878383,-8.281909710945111,77.13450937155457,7.0,19.0,13.770861896859676,OK,11.239387352854724,OK,,INSUFFICIENT,106.82838857172712,OK,34.27109608133916,OK,,INSUFFICIENT,51.82944859378311,OK,6.9610375725068785,OK,,INSUFFICIENT,47.03815524520949,4.140320464258659,8.699103452377413,-0.1760679105668917,EXPANSION_WITH_EXTERNAL_CAPITAL,8.72,8.799999999999999,0.0006502959753014181,0.0020468546761769346
CANBK,2023-03,13.209524363975083,49.80147872154625,46.285148745415384,14.534809234632434,3.022473909188923,0.821488309450193,15.850052527737208,1.5696742349457058,Levered,884267.0,21.687562847963115,0.06218909075110606,8.310915424811302,-41134.0,-3.523843102688409,1.3459859113931418,-362.57382106654916,86.05733186328555,12.0,19.0,19.954135564657104,OK,15.744100651185388,OK,9.686838407526732,OK,,TURNAROUND,,TURNAROUND,14.245937899779392,OK,,TURNAROUND,,TURNAROUND,0.0,OK,33.852604671661524,4.92041150998027,11.965441100728423,-10.710367033295508,EXTERNALLY_FUNDED_INVESTMENT,13.21,14.53,0.00047563602491784707,0.004809234632434212
CANBK,2024-03,13.935160470145405,41.753906568101414,44.015961056469926,16.716051794688113,3.3275577958469484,1.0033107103630055,14.867419925542423,1.698177756056692,Levered,970573.0,19.588540405263583,0.0719985042520674,8.96269564512205,13296.0,0.9769495487306019,1.583438141857961,86.33205635997663,101.57993384785006,17.0,19.0,16.302939300232524,OK,18.17561078322378,OK,10.817178802179583,OK,73.3401622666352,OK,85.7752850068174,OK,19.14374492187123,OK,61.980590063874175,OK,53.4206382524911,OK,5.449589185476622,OK,32.23270436984611,5.388035557292175,9.767966618228789,2.6783994097851984,SELF_FUNDED_REINVESTMENT,13.94,16.72,0.00483952985459446,0.0039482053118859994
CHOLAFIN,2013-03,11.98443579766537,26.770428015564203,17.626459143968873,15.778688524590164,2.6305092619476222,1.6897081413210446,7.822233606557377,453.0,Levered,15097.0,31.783157894736842,0.14099188062321702,35.205479452054796,-3754.0,-12.188311688311689,0.0,-1218.831168831169,27.3006993006993,4.0,16.0,,INSUFFICIENT,,INSUFFICIENT,,INSUFFICIENT,,INSUFFICIENT,,INSUFFICIENT,,INSUFFICIENT,,INSUFFICIENT,,INSUFFICIENT,,INSUFFICIENT,,,,,RESTRUCTURING_WITH_EXTERNAL_SUPPORT,11.98,15.78,0.004435797665369279,0.0013114754098353387
CHOLAFIN,2014-03,11.222933821286977,28.42329978652028,16.925892040256176,16.09094884127678,2.7256654552597976,1.708132194578537,7.903366856143419,555.0,Levered,18036.0,31.09655172413793,0.1522001485332343,44.310810810810814,-2530.0,-6.649456521739131,2.531259530344617,-687.5,31.986013986013987,5.0,14.0,,INSUFFICIENT,,INSUFFICIENT,,INSUFFICIENT,,INSUFFICIENT,,INSUFFICIENT,,INSUFFICIENT,,INSUFFICIENT,,INSUFFICIENT,,INSUFFICIENT,,,,,EXTERNALLY_FUNDED_INVESTMENT,11.22,16.09,0.0029338212869767233,0.0009488412767808541
CHOLAFIN,2015-03,11.951547779273216,28.559892328398384,17.927321668909826,16.598130841121495,2.943646408839779,1.860231271995978,7.457943925233645,,Debt Free,19925.0,28.62787356321839,0.15564772917714095,53.84057971014493,-2304.0,-5.099099099099099,1.0767160161507403,-518.918918918919,37.15277777777778,6.0,11.0,,INSUFFICIENT,,INSUFFICIENT,,INSUFFICIENT,,INSUFFICIENT,,INSUFFICIENT,,INSUFFICIENT,,INSUFFICIENT,,INSUFFICIENT,,INSUFFICIENT,,,,,EXTERNALLY_FUNDED_INVESTMENT,11.95,16.6,0.0015477792732170315,0.0018691588785060276
CHOLAFIN,2016-03,13.64499288087328,30.042714760322735,20.906502135738016,15.66757493188011,3.360543179737565,2.0617447739252035,6.143324250681199,440.5,Levered,22530.0,24.95016611295681,0.15109899960557927,35.11666666666667,-2946.0,-4.885217391304348,3.251067869008068,-512.3478260869565,47.05128205128205,7.0,12.0,17.919909166890392,OK,,INSUFFICIENT,,INSUFFICIENT,23.13240895422275,OK,,INSUFFICIENT,,INSUFFICIENT,20.507113208761506,OK,,INSUFFICIENT,,INSUFFICIENT,,,,,EXTERNALLY_FUNDED_INVESTMENT,13.64,15.67,0.004992880873279759,0.0024250681198907387
CHOLAFIN,2017-03,15.296122709842352,28.163613123135917,23.647209203238177,16.70544439274081,3.9127216327681626,2.3465585986012156,5.600511865984179,370.0,Levered,23889.0,20.7911227154047,0.15340871952415192,31.293333333333333,-1690.0,-2.0445682451253484,4.729441840647635,-235.37604456824513,55.1025641025641,9.0,12.0,12.702588162430374,OK,,INSUFFICIENT,,INSUFFICIENT,24.956506607484098,OK,,INSUFFICIENT,,INSUFFICIENT,21.644039911467992,OK,,INSUFFICIENT,,INSUFFICIENT,,,,,EXTERNALLY_FUNDED_INVESTMENT,15.3,16.71,0.003877290157648261,0.004555607259192129
CHOLAFIN,2018-03,16.51376146788991,26.101816873538407,25.20237452779277,17.912195121951218,3.2240248532965134,2.078474879434872,7.479024390243903,,Debt Free,38307.0,26.382231404958677,0.12586320103244503,32.7,-7986.0,-8.633986928104575,1.0793308148947653,-869.9346405228757,65.7051282051282,12.0,11.0,14.378909594135635,OK,16.68437656235511,OK,,INSUFFICIENT,27.39525047802285,OK,24.410888861750912,OK,,INSUFFICIENT,25.99210498948732,OK,24.57309396155174,OK,,INSUFFICIENT,,,,,EXTERNALLY_FUNDED_INVESTMENT,16.51,17.91,0.0037614678899089427,0.0021951219512175157
CHOLAFIN,2019-03,16.840180078784467,22.960045019696118,25.787844682048394,19.281572164948454,3.2285336856010565,2.0821012349973906,8.145457474226804,1833.0,Levered,50525.0,26.732804232804234,0.12363889372064707,42.56287425149701,-9328.0,-7.783625730994152,0.15475520540236354,-779.281537176274,79.58974358974359,15.0,8.0,19.037636667595194,OK,16.735030332037514,OK,,INSUFFICIENT,27.685653013303746,OK,26.604536128351008,OK,,INSUFFICIENT,28.923198938929808,OK,24.57309396155174,OK,,INSUFFICIENT,1351.35776106934,260.56302190721647,810.4036878306878,-0.5766656022751684,EXTERNALLY_FUNDED_INVESTMENT,16.84,19.28,0.00018007878446724135,0.0015721649484525813
CHOLAFIN,2020-03,12.098255280073463,27.789256198347108,18.2277318640955,12.853658536585366,2.5124594573214143,1.6453838708670268,6.707926829268293,,Debt Free,54972.0,32.35550323719835,0.13600174841549845,30.784452296819786,-2129.0,-1.9686907020872866,0.6198347107438017,-201.99240986717268,100.0,13.0,13.0,22.892372097966685,OK,18.58556025181821,OK,,INSUFFICIENT,13.650684444854754,OK,18.875273229313038,OK,,INSUFFICIENT,13.040381433805548,OK,16.723531932969316,OK,,INSUFFICIENT,1353.8562144212524,174.02005487804877,863.9156562683931,-0.14919783040145115,EXTERNALLY_FUNDED_INVESTMENT,12.1,12.85,0.0017447199265365754,0.003658536585366079
CHOLAFIN,2021-03,15.871856412396953,30.397579046227698,21.955546279870607,15.84375,2.8692213282421926,2.0376721504742514,6.638541666666667,37.57142857142857,Levered,62147.0,28.171804170444243,0.12838272332672418,42.030701754385966,-10594.0,-5.817225509533202,18.21976416571011,-696.5154503616043,117.07317073170732,19.0,11.0,19.90434970135473,OK,17.858630778154506,OK,,INSUFFICIENT,18.330176130931108,OK,21.476500952977506,OK,,INSUFFICIENT,16.553177619681136,OK,22.104343283362393,OK,,INSUFFICIENT,807.7048257725181,127.97073333333334,704.0752402538532,-0.862339097324857,EXTERNALLY_FUNDED_INVESTMENT,15.87,15.84,0.0018564123969539992,0.003750000000000142
CHOLAFIN,2022-03,21.225857311785575,28.83326763894363,29.483642096964918,18.302319653326535,3.696428350814771,2.6116055190475036,5.87764465969921,35.61904761904762,Levered,67119.0,21.700290979631426,0.12303887097165304,39.181467181467184,-5571.0,-2.586350974930362,0.0,-258.6350974930362,143.52439024390245,26.0,8.0,12.601544217953542,OK,16.672223519677342,OK,,INSUFFICIENT,21.632747297226416,OK,24.57309396155174,OK,,INSUFFICIENT,20.123329994304417,OK,23.636347834823447,OK,,INSUFFICIENT,487.52280872794796,89.22798283626476,382.42140963465886,-0.5305087123367026,RESTRUCTURING_WITH_EXTERNAL_SUPPORT,21.23,18.3,0.00414268821442576,0.0023196533265341657
CHOLAFIN,2023-03,20.684570009313877,28.104625892579943,29.765600745110216,18.576606719643106,3.433180548592709,2.3453932604046575,6.786421302105117,17.431818181818183,Levered,93796.0,23.709807886754298,0.113388543215961,31.970223325062033,-29253.0,-10.170731707317072,16.671841043154302,-1097.6735459662289,174.9512195121951,32.0,6.0,13.931622742085592,OK,18.30709988146173,OK,17.49293677735968,OK,36.23400813306012,OK,23.757322966390348,OK,24.08367561206188,OK,35.02127623583273,OK,21.67286837864115,OK,23.11444133449163,OK,354.8963189493433,65.92769343370973,235.88039180990899,-3.092941479967582,EXTERNALLY_FUNDED_INVESTMENT,20.68,18.58,0.004570009313876966,0.0033932803568923475
CHOLAFIN,2024-03,17.846892448990243,28.10102802275218,25.361373480144028,17.455213596692694,3.154451281252434,2.1827093677801463,6.863420609401317,19.058823529411764,Levered,130439.0,25.788651640964808,0.12230192869816066,12.26039667306462,-38538.0,-10.433625730994152,14.898502322183374,-1126.842105263158,233.25,41.0,5.0,25.985530916686983,OK,21.939164804975263,OK,19.308726010179612,OK,31.008346108097527,OK,23.363417251672082,OK,24.97347005007167,OK,29.2240709727595,OK,22.275238764557947,OK,23.418818693862285,OK,284.1906315789474,49.60608176389527,202.64521352313167,-3.9650923712808046,EXTERNALLY_FUNDED_INVESTMENT,17.85,17.46,0.00310755100975868,0.004786403307306841
CIPLA,2013-03,18.661674115231307,73.25763981157145,28.2642831259814,17.130502272979268,23.43280592829962,13.252702007205352,0.10721809513249805,9.551020408163266,Levered,-1565.0,-0.5861423220973783,0.7101561159718648,2.2933518005540168,-665.0,0.9048543689320389,24.918468414059667,-43.042071197411005,112.03726708074534,19.0,10.0,,INSUFFICIENT,,INSUFFICIENT,,INSUFFICIENT,,INSUFFICIENT,,INSUFFICIENT,,INSUFFICIENT,,INSUFFICIENT,,INSUFFICIENT,,INSUFFICIENT,,,,,EXPANSION_WITH_EXTERNAL_CAPITAL,18.66,17.13,0.001674115231306672,0.0005022729792685254
CIPLA,2014-03,13.80123857269242,78.89511451882434,20.947606409122184,13.968759327430105,18.86007611293035,10.477611940298507,0.1241667495771565,8.49003984063745,Levered,539.0,0.2152555910543131,0.7591791044776119,1.5660406403940887,298.0,1.1132478632478633,12.434876634227859,21.225071225071225,124.85714285714286,17.0,12.0,,INSUFFICIENT,,INSUFFICIENT,,INSUFFICIENT,,INSUFFICIENT,,INSUFFICIENT,,INSUFFICIENT,,INSUFFICIENT,,INSUFFICIENT,,INSUFFICIENT,,,,,SELF_FUNDED_REINVESTMENT,13.8,13.97,0.0012385726924186713,0.0012406725698959065
CIPLA,2015-03,10.832966064345527,80.94314676068753,16.024680475980606,11.377522680985003,14.538184726109558,7.84301212507977,0.15765598963154973,11.085365853658537,Levered,1063.0,0.4575979337064141,0.7239948947032546,1.6610541727672035,223.0,0.9544344995931652,8.373732921992067,18.144833197721724,134.1863354037267,15.0,14.0,,INSUFFICIENT,,INSUFFICIENT,,INSUFFICIENT,,INSUFFICIENT,,INSUFFICIENT,,INSUFFICIENT,,INSUFFICIENT,,INSUFFICIENT,,INSUFFICIENT,,,,,EXPANSION_WITH_EXTERNAL_CAPITAL,10.83,11.38,0.002966064345526931,0.0024773190149982582
CIPLA,2016-03,10.029006526468455,82.01595358955765,14.031907179115302,12.00833550403751,11.573658711645434,6.570383391134971,0.45168012503256055,9.302884615384615,Levered,4443.0,1.652287095574563,0.6551380113069505,1.4720324508966696,-2792.0,1.2588575560375994,32.871646120377086,-201.87997107736803,143.06832298136646,17.0,12.0,18.539237100104767,OK,,INSUFFICIENT,,INSUFFICIENT,-3.6249613007168002,OK,,INSUFFICIENT,,INSUFFICIENT,-3.63963416490265,OK,,INSUFFICIENT,,INSUFFICIENT,,,,,EXPANSION_WITH_EXTERNAL_CAPITAL,10.03,12.01,0.000993473531543998,0.0016644959624905198
CIPLA,2017-03,7.190496040016674,82.65944143393081,9.934695011810476,8.250956632653061,8.584979287987032,4.959509320044084,0.3278858418367347,6.875,Levered,3140.0,1.1405739193606974,0.6897311802194642,1.5164348925410873,1078.0,2.301449275362319,9.059330276504099,104.15458937198068,155.82608695652175,13.0,16.0,12.264940697368477,OK,,INSUFFICIENT,,INSUFFICIENT,-9.664646717181679,OK,,INSUFFICIENT,,INSUFFICIENT,-8.55397960832336,OK,,INSUFFICIENT,,INSUFFICIENT,,,,,SELF_FUNDED_REINVESTMENT,7.19,8.25,0.0004960400166735823,0.000956632653061007
CIPLA,2018-03,9.349432567959884,81.3473211929269,12.859593560306148,9.958535385480358,10.634582855895673,6.249724341728047,0.2880033733923677,6.960714285714285,Levered,2839.0,0.8676650366748166,0.668460283156177,1.52321608040201,629.0,1.0324629498941424,5.5027711797308,44.38955539872971,176.75776397515529,18.0,17.0,10.135340493175015,OK,12.855139726348241,OK,,INSUFFICIENT,4.859066982791882,OK,-1.7147666072381607,OK,,INSUFFICIENT,6.265856918261115,OK,-1.075518913431428,OK,,INSUFFICIENT,,,,,SELF_FUNDED_REINVESTMENT,9.35,9.959999999999999,0.0005674320401158894,0.001464614519640861
CIPLA,2019-03,9.118689646742451,81.07199608849774,15.62156215621562,9.938715694111377,13.22433774834437,6.278932749768538,0.2875033306687983,5.3584905660377355,Levered,1762.0,0.4538897475528078,0.6885784024913728,1.7029558701082432,3.0,1.133378016085791,10.316587214276982,0.20107238605898123,186.48447204968943,19.0,16.0,5.866212045685026,OK,9.970821360334714,OK,,INSUFFICIENT,2.5609923598450823,OK,1.2232653529579363,OK,,INSUFFICIENT,3.777107043295369,OK,2.2494394759551506,OK,,INSUFFICIENT,236.92928284182304,23.547727817745802,113.15856774858321,0.0008486599193111121,SELF_FUNDED_REINVESTMENT,9.120000000000001,9.94,0.001310353257549579,0.0012843058886229386
CIPLA,2020-03,8.755545178613122,81.28648143824422,14.720989960308195,9.515955084692001,13.574465794714463,6.403961917773129,0.17864619678995114,7.3313953488372094,Levered,1345.0,0.36380849337300514,0.731417837168595,1.769286378188578,3068.0,2.0453333333333332,0.0,204.53333333333333,195.8136645962733,19.0,21.0,5.97632515203157,OK,8.59272043765662,OK,,INSUFFICIENT,13.16626169531354,OK,4.065763588348226,OK,,INSUFFICIENT,13.48455252486973,OK,4.841317128472156,OK,,INSUFFICIENT,210.98775333333333,20.077499841400748,92.99460102786043,0.969408556193293,ASSET_MONETISATION_AND_DELEVERAGING,8.76,9.520000000000001,0.004454821386877583,0.004044915308000441
CIPLA,2021-03,12.468684759916492,77.80271398747391,18.559498956158663,13.036123540325221,17.482792527040314,9.611748139207403,0.10989850485648806,13.368421052631579,Levered,-696.0,-0.15051903114186851,0.7708710521021928,2.0134510298444726,1381.0,1.571787358727501,12.390396659707724,57.806613645876936,227.65217391304347,30.0,17.0,8.127701053705326,OK,6.798769202186472,OK,,INSUFFICIENT,19.018763267593442,OK,11.552368035502859,OK,,INSUFFICIENT,18.56311014966876,OK,12.030033714161736,OK,,INSUFFICIENT,120.77067392214316,15.743814252973918,62.87855320069204,0.47864776910281165,SELF_FUNDED_REINVESTMENT,12.47,13.04,0.0013152400835085842,0.003876459674778232
CIPLA,2022-03,11.703349722005237,79.08376602490466,16.505077424987363,12.221102634230602,16.40407361739051,9.483561082771716,0.05066935367784655,36.282828282828284,Levered,-1495.0,-0.3219207579672696,0.8103287783445656,2.247547247753795,1468.0,1.3058500196309384,8.537425906354823,57.63643502159403,258.8944099378882,31.0,16.0,9.975038978825479,OK,8.6194133222254,OK,,INSUFFICIENT,19.5143463606968,OK,19.734062761097903,OK,,INSUFFICIENT,17.7251803114417,OK,18.98265847516061,OK,,INSUFFICIENT,110.86586179819395,13.54903075668154,70.24468776916451,0.5198754069716072,SELF_FUNDED_REINVESTMENT,11.7,12.22,0.003349722005237865,0.0011026342306017511
CIPLA,2023-03,12.45110534874522,77.90621017008746,19.034852546916888,12.103216986371597,17.88930194134655,9.668941979522184,0.03430597684453369,14.781569965870307,Levered,-2859.0,-0.5195347992004361,0.7765529010238907,2.483951965065502,862.0,1.1429579950582422,10.442579000571353,30.42710907165549,290.7701863354037,35.0,24.0,9.920037285750482,OK,8.465298065352634,OK,10.638448871201112,OK,23.60947783147771,OK,14.861727803723523,OK,6.250702233372785,OK,22.585230441425352,OK,14.224458489960767,OK,6.299554484078906,OK,119.61880338863396,14.47772333062759,75.75849718335454,0.2543672751247956,SELF_FUNDED_REINVESTMENT,12.45,12.1,0.0011053487452201693,0.003216986371597841
CIPLA,2024-03,16.11701714906495,75.59168153953597,24.26476293939629,15.554557028383135,22.937832385842654,12.768573448498447,0.020931625851868495,11.329710144927537,Levered,-4890.0,-0.6694045174537988,0.7922417237881536,2.6828354324971375,1152.0,0.9951853635050554,11.569799022270505,27.73230621088108,331.75155279503105,51.0,25.0,10.389755935227928,OK,9.513860126378049,OK,9.74210289783317,OK,20.249546582874324,OK,22.726834848000887,OK,11.457664472874352,OK,19.348319192733697,OK,21.832544608565986,OK,11.612317403390438,OK,105.87461482908041,16.4683273421703,77.06116084873375,0.26193536813003726,SELF_FUNDED_REINVESTMENT,16.12,15.55,0.002982850935051573,0.0045570283831342095
COALINDIA,2013-03,25.41030408620412,73.51946473800565,49.38436086262683,35.80623865324311,67.76422845892681,15.638431111071066,0.026922759531275788,3.8540904936014626,Levered,-1090.0,-0.03066621652036912,0.6154365983979528,5.0722560522798155,7276.0,0.5248329108089421,2.683630294423378,41.92210186678958,76.74477517416086,27.0,51.0,,INSUFFICIENT,,INSUFFICIENT,,INSUFFICIENT,,INSUFFICIENT,,INSUFFICIENT,,INSUFFICIENT,,INSUFFICIENT,,INSUFFICIENT,,INSUFFICIENT,,,,,SELF_FUNDED_REINVESTMENT,25.41,35.81,0.0003040862041210346,0.0037613467568888836
COALINDIA,2014-03,21.402673917969636,74.83854520734195,42.55750056650805,35.63814734459013,70.56737588652481,14.400884331700622,0.0041977171964908975,4.191519040312456,Levered,-3597.0,-0.11224840068653456,0.6728544473879815,4.775974025974026,14525.0,0.9611566966649021,0.0,96.1156696664902,67.13742875237492,24.0,121.0,,INSUFFICIENT,,INSUFFICIENT,,INSUFFICIENT,,INSUFFICIENT,,INSUFFICIENT,,INSUFFICIENT,,INSUFFICIENT,,INSUFFICIENT,,INSUFFICIENT,,,,,ASSET_MONETISATION_AND_DELEVERAGING,21.4,35.64,0.0026739179696377846,0.0018526554098698966
COALINDIA,2015-03,18.519967620075555,76.60145709660011,37.98434970318403,34.01729735087849,69.07092563970461,12.336991201344514,0.010110772433276337,4.285235920852359,Levered,-2405.0,-0.07891973485594277,0.6661453980065968,4.599441514117282,14382.0,1.0477161797916514,0.0,104.77161797916514,63.89012032932235,22.0,95.0,,INSUFFICIENT,,INSUFFICIENT,,INSUFFICIENT,,INSUFFICIENT,,INSUFFICIENT,,INSUFFICIENT,,INSUFFICIENT,,INSUFFICIENT,,INSUFFICIENT,,,,,ASSET_MONETISATION_AND_DELEVERAGING,18.52,34.02,3.237992444482529e-05,0.002702649121509637
COALINDIA,2016-03,18.323679377351947,75.96486045645446,35.16394600634464,40.95828668216921,75.98523534635879,12.563402606551602,0.034421382022794475,4.610035359488129,Levered,-1707.0,-0.05651382221486509,0.6856375484325467,3.5259940222805906,13154.0,0.9219878040232705,0.0,92.19878040232705,55.150411652944896,23.0,121.0,4.4624160180822825,OK,,INSUFFICIENT,,INSUFFICIENT,-6.324143365636392,OK,,INSUFFICIENT,,INSUFFICIENT,-5.204434004947823,OK,,INSUFFICIENT,,INSUFFICIENT,,,,,ASSET_MONETISATION_AND_DELEVERAGING,18.32,40.96,0.0036793773519470108,0.0017133178307915387
COALINDIA,2017-03,11.872473261347935,84.0745100046057,25.282738856762705,37.84974304592544,71.7782943483946,7.8254783407962085,0.12293009217717596,3.717456734386757,Levered,1531.0,0.0675371652918082,0.6591278976616324,3.282684473562639,16461.0,1.7738146551724139,0.0,177.3814655172414,39.5005638794909,15.0,133.0,3.4469336619301405,OK,,INSUFFICIENT,,INSUFFICIENT,-15.002005832053067,OK,,INSUFFICIENT,,INSUFFICIENT,-14.501202666165147,OK,,INSUFFICIENT,,INSUFFICIENT,,,,,ASSET_MONETISATION_AND_DELEVERAGING,11.87,37.85,0.0024732613479354626,0.0002569540745582799
COALINDIA,2018-03,8.25629956360565,89.10421847871991,18.470508188259586,34.87957181088314,72.50414440965187,5.60926429214719,0.07622162751511548,3.164824120603015,Levered,-166.0,-0.008826031475967673,0.6793920507527635,3.091462972365272,13368.0,3.000142085819835,9.088029656046173,189.94032395566921,32.508458192363456,11.0,146.0,4.771413528224211,OK,4.530928548191615,OK,,INSUFFICIENT,-19.962924836338193,OK,-16.516639196869278,OK,,INSUFFICIENT,-20.62994740159002,OK,-16.43858526219666,OK,,INSUFFICIENT,,,,,SELF_FUNDED_REINVESTMENT,8.260000000000002,34.88,0.0037004363943520246,0.00042818911686026695
COALINDIA,2019-03,17.536601530335588,74.88904062820076,33.09802582692346,66.01398601398601,114.9869178440607,13.128754106494464,0.08353808353808354,5.649811450119986,Levered,-960.0,-0.02636565872950482,0.7486487096022433,3.0530995156048806,8460.0,0.9365551992670637,7.928825336894745,48.442510306917086,42.92552328411488,28.0,46.0,8.549069216250338,OK,7.119583581673816,OK,,INSUFFICIENT,6.972058661920855,OK,2.935304969734065,OK,,INSUFFICIENT,6.776758314981257,OK,3.131030647754507,OK,,INSUFFICIENT,10.72280119102153,7.078548478548479,5.22789074730164,4.517710385927813,SELF_FUNDED_REINVESTMENT,17.54,66.01,0.0033984696644111523,0.0039860139860081745
COALINDIA,2020-03,17.38134887593672,77.53955037468776,31.75999167360533,51.93270516528283,79.07284081780726,11.131849086788428,0.20008085331343098,4.735412787088765,Levered,4461.0,0.13133721957251368,0.64044794027463,2.612005219660722,4977.0,0.2980239520958084,0.0,29.80239520958084,52.17751095245822,27.0,44.0,7.121194326442315,OK,5.326952047804134,OK,,INSUFFICIENT,21.634329363018388,OK,3.9987615210192784,OK,,INSUFFICIENT,21.644039911467992,OK,4.180926810264429,OK,,INSUFFICIENT,13.834859281437126,7.184816680660509,7.4158741094035205,2.154152391673987,ASSET_MONETISATION_AND_DELEVERAGING,17.38,51.93,0.0013488759367206171,0.002705165282833377
COALINDIA,2021-03,14.109257325661476,79.3081998533757,24.16079799169129,34.78284681526918,51.29710862695156,7.886942645497388,0.16112602004490936,5.812667022982362,Levered,-66.0,-0.002591385606030861,0.5589906302972351,2.1230043626930786,10592.0,0.8338844276491891,0.0,83.3884427649189,59.25361025474607,21.0,78.0,1.8360106747155491,OK,2.9460281504197328,OK,,INSUFFICIENT,21.751489196568773,OK,-2.297002167365203,OK,,INSUFFICIENT,24.053456597035684,OK,-1.8029837629920942,OK,,INSUFFICIENT,21.20560384191466,7.375912700586013,9.900813930660803,3.9323776576498446,ASSET_MONETISATION_AND_DELEVERAGING,14.11,34.78,0.0007426743385234857,0.0028468152691800697
COALINDIA,2022-03,15.839219796746114,77.46889668687052,25.048534840267966,40.27999907285075,58.90220117024241,9.684790120154261,0.08145006142363767,7.108639420589757,Levered,-5407.0,-0.16944000501394504,0.6114436344992086,2.350515243053324,15392.0,2.365462078490045,23.43799845053092,88.57175739440673,70.00324517280546,28.0,60.0,3.2815086004676752,OK,7.016771822811507,OK,,INSUFFICIENT,-0.16441738063914801,OK,13.367968233078154,OK,,INSUFFICIENT,0.0,OK,13.29568106011707,OK,,INSUFFICIENT,20.701423063643688,8.33853301810259,10.802568706715553,4.2785347230528545,SELF_FUNDED_REINVESTMENT,15.84,40.28,0.000780203253885503,9.271492515949831e-07
COALINDIA,2023-03,22.94578016954547,68.00624945751237,36.04649480658508,52.13911214108443,76.46454107466167,14.328623823375308,0.07118320924346268,7.596798780487805,Levered,-2808.0,-0.049551775252347004,0.6244557263907207,2.141881109888918,12269.0,1.1264382309365444,16.972629690709716,38.6754090092362,98.7230245010547,52.0,47.0,12.896239497965745,OK,10.154316600646451,OK,7.305792005171141,OK,23.84712426047706,OK,35.14033704685049,OK,6.21661601057959,OK,24.417038560574934,OK,36.43384909521037,OK,6.773617755135319,OK,12.543358446552975,6.539995726706442,7.239506246911838,3.083337622378522,SELF_FUNDED_REINVESTMENT,22.95,52.14,0.004219830454530893,0.000887858915568529
COALINDIA,2024-03,26.25628846856468,66.29380849329698,40.196312638767886,45.16982956605826,64.09756534794349,15.802850255846407,0.0788468512027076,6.813839923773226,Levered,-587.0,-0.009179907418991618,0.6018691588785047,1.880900777078818,13617.0,0.48443897348069254,3.151963126387679,36.439294602477986,134.23657309751746,61.0,42.0,16.493956528516662,OK,7.402890725901301,OK,7.261143616999366,OK,43.28908935217686,OK,16.43231987118112,OK,9.476008121750844,OK,42.6823258428825,OK,16.851518569430034,OK,9.777126683205474,OK,12.149772271133829,5.488031427535356,8.988886994870512,2.9991751112119767,SELF_FUNDED_REINVESTMENT,26.26,45.17,0.0037115314353215467,0.00017043394174010018
DABUR,2013-03,12.47557003257329,16.156351791530945,16.400651465798045,36.563245823389025,31.022797288971045,16.266723295816522,0.5494033412887828,17.06779661016949,Levered,222.0,0.2032967032967033,1.3038861754087916,3.8811630847029077,248.0,1.1357702349869452,10.13029315960912,32.375979112271544,12.040229885057471,4.0,34.0,,INSUFFICIENT,,INSUFFICIENT,,INSUFFICIENT,,INSUFFICIENT,,INSUFFICIENT,,INSUFFICIENT,,INSUFFICIENT,,INSUFFICIENT,,INSUFFICIENT,,,,,SELF_FUNDED_REINVESTMENT,12.48,36.56,0.004429967426711201,0.003245823389022462
DABUR,2014-03,12.978180787758573,16.463587418532164,16.86030036837631,34.48795180722892,35.37455410225922,17.24397590361446,0.26656626506024095,22.037037037037038,Levered,-368.0,-0.28593628593628595,1.3286897590361446,3.994340690435767,994.0,1.1986899563318778,1.4735052422782657,108.51528384279476,15.264367816091953,5.0,33.0,,INSUFFICIENT,,INSUFFICIENT,,INSUFFICIENT,,INSUFFICIENT,,INSUFFICIENT,,INSUFFICIENT,,INSUFFICIENT,,INSUFFICIENT,,INSUFFICIENT,,,,,SELF_FUNDED_REINVESTMENT,12.98,34.48999999999999,0.001819212241427337,0.0020481927710704895
DABUR,2015-03,13.701090442591404,16.93393200769724,17.43425272610648,31.84257602862254,33.243639921722114,17.490992466426466,0.21884317233154443,33.975,Levered,-1079.0,-0.73202170963365,1.2766131673763512,4.152903569525839,171.0,0.9803370786516854,11.237973059653624,16.01123595505618,19.056818181818183,6.0,33.0,,INSUFFICIENT,,INSUFFICIENT,,INSUFFICIENT,,INSUFFICIENT,,INSUFFICIENT,,INSUFFICIENT,,INSUFFICIENT,,INSUFFICIENT,,INSUFFICIENT,,,,,SELF_FUNDED_REINVESTMENT,13.7,31.84,0.0010904425914048943,0.002576028622538473
DABUR,2016-03,16.118251928020566,19.511568123393317,20.591259640102827,30.064732678014867,32.19453376205787,18.09001731102135,0.19299928074802206,33.375,Levered,-1886.0,-1.0870317002881844,1.122331217541835,4.6670665866826635,457.0,0.9465709728867624,9.383033419023135,36.443381180223284,23.698863636363637,7.0,32.0,8.210750375643494,OK,,INSUFFICIENT,,INSUFFICIENT,17.857237047762297,OK,,INSUFFICIENT,,INSUFFICIENT,20.507113208761506,OK,,INSUFFICIENT,,INSUFFICIENT,,,,,SELF_FUNDED_REINVESTMENT,16.12,30.06,0.0017480719794349397,0.004732678014867986
DABUR,2017-03,16.811137378513266,19.858156028368796,21.86761229314421,26.408087476789767,28.598419787014773,16.554578375581997,0.20115535382710956,30.833333333333332,Levered,-2265.0,-1.2527654867256637,0.9847387480600104,3.888661899897855,420.0,0.95859375,10.598896769109535,32.8125,27.539772727272727,7.0,31.0,2.5597781682390686,OK,,INSUFFICIENT,,INSUFFICIENT,11.799063419577216,OK,,INSUFFICIENT,,INSUFFICIENT,11.868894208139679,OK,,INSUFFICIENT,,INSUFFICIENT,,,,,SELF_FUNDED_REINVESTMENT,16.81,26.41,0.0011373785132668957,0.0019125232102332745
DABUR,2018-03,17.586117586117584,20.94017094017094,22.61072261072261,23.79950928846828,26.27934978928356,15.605607906228453,0.16438836312653346,32.943396226415096,Levered,-2867.0,-1.5026205450733752,0.8873822109859802,3.8076923076923075,551.0,0.8041237113402062,7.005957005957006,40.57437407952872,32.42045454545455,8.0,81.0,-0.3131454957696178,OK,4.691708009656703,OK,,INSUFFICIENT,8.336842147135126,OK,12.133195884079996,OK,,INSUFFICIENT,10.064241629820891,OK,14.869835499703509,OK,,INSUFFICIENT,,,,,SELF_FUNDED_REINVESTMENT,17.59,23.8,0.003882413882415392,0.0004907115317216437
DABUR,2019-03,16.981796829125074,20.434527304756312,20.963006459189664,25.67471590909091,28.194598009793083,17.13879340997985,0.12411221590909091,29.75,Levered,-2660.0,-1.3557594291539246,1.0092449922958397,4.324530218384967,1499.0,1.0366528354080222,0.0,103.66528354080222,31.819209039548024,8.0,34.0,3.0548301312460113,OK,3.8246796218349033,OK,,INSUFFICIENT,4.863315657703393,OK,9.560640840459556,OK,,INSUFFICIENT,4.551591714942038,OK,9.856054330611785,OK,,INSUFFICIENT,38.16227524204703,9.79805575284091,34.500372069317024,2.716433516694106,ASSET_MONETISATION_AND_DELEVERAGING,16.98,25.67,0.0017968291250731738,0.0047159090909083545
DABUR,2020-03,16.672423719055843,20.63327576280944,20.472078295912493,21.91946715107478,24.94388327721661,15.50819320981043,0.07901907356948229,35.56,Levered,-2278.0,-1.14014014014014,0.9301702902431188,3.8548601864181093,1097.0,1.1146408839779005,5.952792170408751,75.75966850828729,37.32203389830509,8.0,37.0,4.48460777800721,OK,2.185845018699095,OK,,INSUFFICIENT,4.196435936023768,OK,6.277042883206563,OK,,INSUFFICIENT,4.551591714942038,OK,5.922384104881218,OK,,INSUFFICIENT,33.60908839779005,7.366933091129276,28.67781281281281,2.254142320422735,SELF_FUNDED_REINVESTMENT,16.67,21.92,0.002423719055840934,0.0005328489252214297
DABUR,2021-03,17.72641706755909,20.937042459736457,21.825977828906087,22.116388308977037,25.535299155756757,15.646635281085572,0.06641440501043841,67.3225806451613,Levered,-3651.0,-1.568972926514826,0.8826733130250162,4.263040570664289,711.0,1.247787610619469,14.683120686048944,41.94690265486726,43.29943502824859,10.0,50.0,7.3840173521868335,OK,4.21106361296264,OK,,INSUFFICIENT,7.6688259790842705,OK,6.2122070007714525,OK,,INSUFFICIENT,7.721734501594191,OK,7.394092378577932,OK,,INSUFFICIENT,28.354129793510324,6.270909446764092,23.82041254834551,1.4793930535109576,SELF_FUNDED_REINVESTMENT,17.73,22.12,0.003582932440910014,0.003611691022964436
DABUR,2022-03,15.997795940857745,20.681421618146754,21.195702084672604,20.782629444046766,24.52188695282618,14.181048518397915,0.12288236697685516,59.17948717948718,Levered,-5190.0,-2.0265521280749708,0.8864376424617388,4.71793760831889,529.0,1.034443168771527,11.690697033703739,30.36739380022962,47.355932203389834,10.0,53.0,8.542823643602704,OK,7.417496175488059,OK,,INSUFFICIENT,6.404489534023128,OK,6.357381418513053,OK,,INSUFFICIENT,7.721734501594191,OK,7.394092378577932,OK,,INSUFFICIENT,34.986033295063145,7.2710176568837985,25.865435376805937,0.8679861916359275,SELF_FUNDED_REINVESTMENT,16.0,20.78,0.002204059142254522,0.002629444046764462
DABUR,2023-03,14.752818733738074,18.751084128360798,19.921942758022553,18.956870611835505,22.63723267960974,12.459712862584237,0.13083695531037556,29.44871794871795,Levered,-5091.0,-1.9520705521472392,0.8445648989159098,3.221570271025426,905.0,0.8747795414462081,5.056374674761492,53.20399764844209,50.69491525423729,10.0,54.0,9.905601684338405,OK,8.347751250887736,OK,6.504042822142919,OK,5.514444595179802,OK,4.6070388976750865,OK,8.304762515627996,OK,7.721734501594191,OK,4.563955259127317,OK,9.595822638521723,OK,36.41342739564962,6.9028463167279615,29.013980061349695,1.4611093064751846,SELF_FUNDED_REINVESTMENT,14.75,18.96,0.002818733738074286,0.0031293881644955945
DABUR,2024-03,14.600128990648178,19.348597226701063,20.017736214124476,18.355969997972835,22.10844982637343,11.980682720296375,0.13835394283397526,20.024193548387096,Levered,-5568.0,-1.9319916724496877,0.8205874569992061,3.251376146788991,1042.0,1.1115405853119824,7.828119961302805,57.53727222528989,55.740112994350284,10.0,53.0,9.061384362071356,OK,7.814065037783324,OK,5.800570703921659,OK,2.231072252692079,OK,4.604418961155621,OK,7.053851757552976,OK,0.0,OK,4.563955259127317,OK,7.177346253629313,OK,31.210292655991164,5.728951956213257,23.509826509368498,1.8435351715372323,SELF_FUNDED_REINVESTMENT,14.6,18.36,0.0001289906481787284,0.004030002027164414
DIVISLAB,2013-03,28.065268065268068,38.04195804195804,36.55011655011655,24.070371851259495,30.939226519337016,19.17808219178082,0.013194722111155539,261.3333333333333,Levered,-375.0,-0.4355400696864111,0.6833386428798981,2.3597359735973598,225.0,0.7973421926910299,11.888111888111888,37.37541528239203,185.25925925925927,23.0,33.0,,INSUFFICIENT,,INSUFFICIENT,,INSUFFICIENT,,INSUFFICIENT,,INSUFFICIENT,,INSUFFICIENT,,INSUFFICIENT,,INSUFFICIENT,,INSUFFICIENT,,,,,SELF_FUNDED_REINVESTMENT,28.07,24.07,0.004731934731932341,0.00037185125949434905
DIVISLAB,2014-03,30.529225908372826,40.20537124802528,39.25750394944708,26.07962213225371,33.33333333333333,20.835579514824797,0.006072874493927126,331.3333333333333,Levered,-484.0,-0.44567219152854515,0.6824797843665769,2.072013093289689,252.0,0.720569210866753,12.045813586097946,32.60025873221216,219.55555555555554,29.0,34.0,,INSUFFICIENT,,INSUFFICIENT,,INSUFFICIENT,,INSUFFICIENT,,INSUFFICIENT,,INSUFFICIENT,,INSUFFICIENT,,INSUFFICIENT,,INSUFFICIENT,,,,,SELF_FUNDED_REINVESTMENT,30.53,26.08,0.0007740916271750109,0.0003778677462875635
DIVISLAB,2015-03,27.351524879614768,37.65650080256822,34.51043338683788,24.37070938215103,30.513766676128302,19.3416572077185,0.007723112128146453,358.3333333333333,Levered,-706.0,-0.5829892650701899,0.7071509648127128,2.379679144385027,305.0,0.9694835680751174,16.725521669341894,35.798122065727696,258.962962962963,32.0,31.0,,INSUFFICIENT,,INSUFFICIENT,,INSUFFICIENT,,INSUFFICIENT,,INSUFFICIENT,,INSUFFICIENT,,INSUFFICIENT,,INSUFFICIENT,,INSUFFICIENT,,,,,SELF_FUNDED_REINVESTMENT,27.35,24.37,0.001524879614766661,0.0007093821510295584
DIVISLAB,2016-03,29.81991525423729,37.6853813559322,37.02330508474576,26.22874446773818,32.24913494809689,22.988975091874234,0.009783368273934312,279.6,Levered,-761.0,-0.5019788918205804,0.7709269089424254,2.6240444753300904,632.0,0.9218472468916519,10.752118644067798,56.12788632326821,162.0,42.0,24.0,20.744742509307112,OK,,INSUFFICIENT,,INSUFFICIENT,23.21038077884925,OK,,INSUFFICIENT,,INSUFFICIENT,22.228876016833944,OK,,INSUFFICIENT,,INSUFFICIENT,,,,,SELF_FUNDED_REINVESTMENT,29.82,26.23,8.474576270955936e-05,0.00125553226181907
DIVISLAB,2017-03,26.08267716535433,35.67913385826771,34.3996062992126,19.787194325182007,25.922492119414052,17.221770917952885,0.006720179204778794,466.0,Levered,-1595.0,-1.0486522024983564,0.6602761982128351,2.6067992302758176,10.0,1.0849056603773586,28.051181102362204,0.9433962264150944,202.1509433962264,40.0,25.0,17.083761391523545,OK,,INSUFFICIENT,,INSUFFICIENT,11.09865223726969,OK,,INSUFFICIENT,,INSUFFICIENT,11.315078730200367,OK,,INSUFFICIENT,,INSUFFICIENT,,,,,EXPANSION_WITH_EXTERNAL_CAPITAL,26.08,19.79,0.002677165354331379,0.0028056748179920987
DIVISLAB,2018-03,22.539193009509123,32.61372397841172,31.688511950655357,14.801687763713081,20.59118236472946,12.92557111274871,0.010632911392405063,616.5,Levered,-1826.0,-1.328,0.5734708916728076,1.9493987975951903,298.0,0.8848346636259977,12.284759701876125,33.97947548460662,223.58490566037736,33.0,30.0,7.696368677144871,OK,12.648856319282388,OK,,INSUFFICIENT,0.9686771151561135,OK,7.815355794198564,OK,,INSUFFICIENT,1.0310005155547586,OK,7.487316557532875,OK,,INSUFFICIENT,,,,,SELF_FUNDED_REINVESTMENT,22.54,14.8,0.0008069904908758474,0.0016877637130807699
DIVISLAB,2019-03,27.355438738374442,37.88920339668419,37.60614638091387,19.448037947391118,26.334418802208692,16.83673469387755,0.015236452493891045,372.0,Levered,-1840.0,-0.9068506653523903,0.6154803384768541,2.3687739463601534,269.0,0.70509977827051,13.849575414476345,19.881744271988175,262.52830188679246,51.0,31.0,9.414288894577583,OK,14.32944154477973,OK,,INSUFFICIENT,6.313023305687548,OK,11.846825067452894,OK,,INSUFFICIENT,6.685884434218181,OK,11.952664832522043,OK,,INSUFFICIENT,747.2422468588322,145.3239557280437,581.4735436175456,0.02660682577245154,SELF_FUNDED_REINVESTMENT,27.36,19.45,0.004561261625557478,0.0019620526088814927
DIVISLAB,2020-03,25.528364849833146,33.852428624397476,33.852428624397476,18.83720930232558,24.84691794802014,16.14113234087446,0.00533515731874145,260.85714285714283,Levered,-932.0,-0.46322067594433397,0.6322822646817489,1.9388928828181164,1133.0,0.8830791575889615,1.538746755654431,82.2803195352215,275.8490566037736,52.0,31.0,9.896977358448078,OK,11.60677996581516,OK,,INSUFFICIENT,9.112881508973846,OK,10.077578947240639,OK,,INSUFFICIENT,9.139288306110593,OK,10.197228772148016,OK,,INSUFFICIENT,944.301924473493,177.88012995896034,751.6889562624254,0.08713348707946124,SELF_FUNDED_REINVESTMENT,25.53,18.84,0.001635150166855226,0.002790697674420528
DIVISLAB,2021-03,28.46893384990673,41.13933132443679,38.28382838283829,21.34480903711673,28.688172043010752,18.419831027759727,0.0005379236148466917,1334.0,Levered,5.0,0.001709986320109439,0.6470151332281125,1.8814794816414686,1947.0,0.9813508064516129,0.0,98.13508064516128,350.75471698113205,75.0,27.0,21.44223311901159,OK,13.038840944248363,OK,,INSUFFICIENT,31.274596324094418,OK,11.995521268019417,OK,,INSUFFICIENT,31.476794716464763,OK,12.295510705682112,OK,,INSUFFICIENT,804.2035433467743,171.6557105970952,542.5802359781122,0.12202766508185507,ASSET_MONETISATION_AND_DELEVERAGING,28.47,21.34,0.001066150093269158,0.004809037116729087
DIVISLAB,2022-03,33.035714285714285,43.359375,41.13839285714286,25.2387448840382,31.418342993521993,22.15568862275449,0.00034106412005457026,1843.0,Levered,-68.0,-0.017008504252126064,0.6706586826347305,2.0716763005780345,-283.0,0.6459459459459459,24.497767857142858,-9.56081081081081,442.5660377358491,112.0,27.0,21.904002708703963,OK,17.130733265194962,OK,,INSUFFICIENT,29.816921151635988,OK,22.799661357049537,OK,,INSUFFICIENT,29.98182056186762,OK,22.865967908314722,OK,,INSUFFICIENT,470.0504391891892,118.63483117326058,339.5373211605803,-0.020339967828351947,SELF_FUNDED_REINVESTMENT,33.04000000000001,25.24,0.004285714285728659,0.0012551159617970598
DIVISLAB,2023-03,23.483970645036695,30.513711857860176,30.526586841766445,14.286833241951907,18.565499960848797,12.64471403812825,0.0003133077465340331,1185.5,Levered,-73.0,-0.026897568165070006,0.5384402079722703,1.644853875476493,-248.0,1.3481359649122806,34.852581434273205,-13.596491228070176,481.77358490566036,69.0,44.0,12.922578841015287,OK,14.82551842034332,OK,13.731980226848982,OK,9.823925927162346,OK,15.772403111787137,OK,11.72306311879705,OK,9.88757320151712,OK,15.895621875417865,OK,11.612317403390438,OK,723.0169407894737,103.29622464165426,513.728209285188,-0.018805218053706944,SELF_FUNDED_REINVESTMENT,23.48,14.29,0.003970645036694975,0.0031667580480920776
DIVISLAB,2024-03,20.395156150414277,28.170809432759718,27.62268961121734,11.78984599513669,15.964343598055105,10.34928848641656,0.0002210596124088129,541.75,Levered,-79.0,-0.031041257367387033,0.5074385510996119,1.6554125342899346,992.0,0.788125,3.4289356277884,62.0,512.1132075471698,60.0,50.0,4.025743333608478,OK,9.664930361854074,OK,11.972899602171317,OK,-6.919343378939391,OK,3.4104521925080844,OK,7.545947187802726,OK,-7.168223327744416,OK,3.303780411393231,OK,7.541310687238512,OK,1009.3929187499999,119.0058706064402,590.1123889980354,0.061423058204904804,SELF_FUNDED_REINVESTMENT,20.4,11.79,0.004843849585721927,0.00015400486330996443
DLF,2013-03,8.580985462498392,33.87366525151164,40.0874823105622,2.5924054568774535,5.954633186187391,1.031757080761675,1.0338528508686695,1.3465859982713915,Levered,25266.0,6.458588957055214,0.1202375980323913,0.3916066300569298,2009.0,3.0119940029985006,0.0,301.1994002998501,151.3470588235294,4.0,48.0,,INSUFFICIENT,,INSUFFICIENT,,INSUFFICIENT,,INSUFFICIENT,,INSUFFICIENT,,INSUFFICIENT,,INSUFFICIENT,,INSUFFICIENT,,INSUFFICIENT,,,,,ASSET_MONETISATION_AND_DELEVERAGING,8.58,2.59,0.0009854624983915983,0.002405456877453638
DLF,2014-03,7.1101470233791275,30.04338394793926,35.70739937334297,2.1536776784084686,5.750271696941469,0.9143742735373886,0.8809271764920606,1.2030044660982542,Levered,23242.0,6.409817981246553,0.12860131731886865,0.4405627820546854,1468.0,2.488135593220339,0.0,248.81355932203388,153.90449438202248,4.0,55.0,,INSUFFICIENT,,INSUFFICIENT,,INSUFFICIENT,,INSUFFICIENT,,INSUFFICIENT,,INSUFFICIENT,,INSUFFICIENT,,INSUFFICIENT,,INSUFFICIENT,,,,,ASSET_MONETISATION_AND_DELEVERAGING,7.109999999999999,2.15,0.00014702337912808616,0.0036776784084686653
DLF,2015-03,6.628317427114655,39.40384363969146,38.85475225519676,1.8524608133289489,5.730371741477711,0.7651444266698862,0.8949906828894004,1.2899305555555556,Levered,23872.0,6.787603070798976,0.11543569466662643,0.3898771598960192,2037.0,4.017751479289941,0.0,401.77514792899404,153.75842696629215,3.0,66.0,,INSUFFICIENT,,INSUFFICIENT,,INSUFFICIENT,,INSUFFICIENT,,INSUFFICIENT,,INSUFFICIENT,,INSUFFICIENT,,INSUFFICIENT,,INSUFFICIENT,,,,,ASSET_MONETISATION_AND_DELEVERAGING,6.63,1.85,0.0016825728853451238,0.0024608133289487633
DLF,2016-03,3.07273826314729,39.955671972597216,37.336288535160186,1.2671901616186798,7.51221292035757,0.4940951578674529,1.049648926004404,1.3828358208955225,Levered,3954.0,0.8841681574239714,0.1607996241636832,2.517372558965255,2139.0,9.695081967213115,8.240983276244208,701.311475409836,134.8403361344538,2.0,117.0,8.491371914570411,OK,,INSUFFICIENT,,INSUFFICIENT,-22.958510900340766,OK,,INSUFFICIENT,,INSUFFICIENT,-20.62994740159002,OK,,INSUFFICIENT,,INSUFFICIENT,,,,,SELF_FUNDED_REINVESTMENT,3.07,1.27,0.0027382631472900876,0.0028098383813202066
DLF,2017-03,8.612090986497993,41.9170417224182,48.777520982848806,2.881211085337566,7.456996745699675,1.1070456890890328,1.1883774874862654,1.3456375838926173,Levered,27993.0,6.109340899170668,0.12854551709040873,0.33364448051948054,-898.0,-1.268361581920904,0.0,-126.8361581920904,137.6638655462185,4.0,50.0,-0.3102731794761948,OK,,INSUFFICIENT,,INSUFFICIENT,6.265856918261115,OK,,INSUFFICIENT,,INSUFFICIENT,0.0,OK,,INSUFFICIENT,,INSUFFICIENT,,,,,RESTRUCTURING_WITH_EXTERNAL_SUPPORT,8.61,2.88,0.002090986497993441,0.0012110853375659758
DLF,2018-03,66.75115550916952,35.455494259728646,172.44669748024452,12.678768655659708,21.90447331540472,7.3896178922175455,0.49534139503270935,3.9193493730938664,Levered,-3341.0,-0.27611570247933886,0.11070396962944623,0.829868844345459,-1832.0,0.060308242126423946,31.34039063664828,-40.92025910207728,197.82072829131653,25.0,8.0,-4.286202275682516,OK,-2.906998321107812,OK,,INSUFFICIENT,106.69329011366662,OK,46.343100538026775,OK,,INSUFFICIENT,102.74006651911334,OK,44.26999059072136,OK,,INSUFFICIENT,,,,,SELF_FUNDED_REINVESTMENT,66.75,12.68,0.0011555091695214514,0.0012313443402920399
DLF,2019-03,15.706430791298112,25.67535261773847,32.36911307673918,3.913509649749821,5.330918540100004,1.9764451062677677,0.5129258994519895,1.3132880698351115,Levered,-3783.0,-1.2898056597340606,0.12583668005354753,1.323315406516925,2043.0,1.5547945205479452,0.0,155.4794520547945,152.2721088435374,6.0,33.0,-5.54001698972777,OK,0.16336031000119267,OK,,INSUFFICIENT,62.71659286874707,OK,17.367720732531254,OK,,INSUFFICIENT,44.22495703074083,OK,8.447177119769854,OK,,INSUFFICIENT,884.9515601217656,34.63266470097689,376.54628025912035,0.17569261308879008,CASH_ACCUMULATION,15.71,3.91,0.003569208701888371,0.00350964974982082
DLF,2020-03,-9.699161597895776,18.839388459641622,34.193654446819004,-1.7127761488663744,4.888366627497062,-1.0556450169976739,0.23523093447905477,1.45760336370007,Levered,-10463.0,-4.5890350877192985,0.10883879048130256,1.1727395411605939,356.0,-0.6033898305084746,0.0,-60.33898305084746,139.17979797979797,-2.0,-85.0,-9.552259364271675,OK,-4.478170646145219,OK,,INSUFFICIENT,,DECLINE_TO_LOSS,,DECLINE_TO_LOSS,,INSUFFICIENT,,DECLINE_TO_LOSS,,DECLINE_TO_LOSS,,INSUFFICIENT,,33.29472842337504,635.3374561403508,0.03104010031323385,ASSET_MONETISATION_AND_DELEVERAGING,-9.700000000000001,-1.71,0.0008384021042253664,0.0027761488663744505
DLF,2021-03,20.003694126339123,27.133357960842257,31.270779460657554,3.0641693073789047,4.008998342410608,2.024753215674544,0.19482797645993663,1.9847596717467761,Levered,-12860.0,-6.943844492440605,0.10121896500149566,1.1149093904448106,1460.0,1.348107109879963,0.0,134.81071098799632,142.8040404040404,4.0,45.0,-6.889931026027241,OK,-11.417323931344514,OK,,INSUFFICIENT,-37.69152518358227,OK,28.844452220918914,OK,,INSUFFICIENT,-45.71164766810186,OK,14.869835499703509,OK,,INSUFFICIENT,1403.588513388735,43.008328429153465,845.2786393088553,0.09604717458289672,ASSET_MONETISATION_AND_DELEVERAGING,20.0,3.06,0.0036941263391234713,0.004169307378904641
DLF,2022-03,26.237537169844323,30.488018191359107,31.31012768934756,4.125185633353501,4.414956590370956,2.931576992983759,0.1150101754578956,2.864,Levered,-15597.0,-8.043837029396597,0.111732171125921,1.1758535582064993,2832.0,1.888,0.0,188.79999999999998,146.91717171717173,6.0,49.0,-11.918755127707092,OK,-7.007331825655971,OK,,INSUFFICIENT,4.5117928562375065,OK,16.20146415822752,OK,,INSUFFICIENT,0.0,OK,8.447177119769854,OK,,INSUFFICIENT,898.8230866666665,37.07812084043782,771.3927900979887,0.21005245948919146,ASSET_MONETISATION_AND_DELEVERAGING,26.24,4.130000000000001,0.0024628301556752774,0.004814366646499479
DLF,2023-03,35.71553994732221,30.307287093942055,33.257243195785776,5.397086528511158,4.617147314789985,3.8689796850034237,0.08846551861384562,4.831632653061225,Levered,-16147.0,-7.90357317670093,0.10832762687362094,1.1901776384535006,1914.0,1.1676499508357916,8.094820017559263,94.10029498525073,152.27070707070706,8.0,49.0,-2.1730221138701267,OK,-3.2183360878788925,OK,-3.062792196672204,OK,,TURNAROUND,-14.597069972489107,OK,11.795033768312324,OK,,TURNAROUND,-20.37856588930055,OK,7.177346253629313,OK,627.5579006882989,33.869842916655614,764.3591385217817,0.14994679356604787,SELF_FUNDED_REINVESTMENT,35.72,5.4,0.0044600526777855976,0.0029134714888421342
DLF,2024-03,42.38369379181578,33.04807841916913,39.00731289870858,6.908270142781061,5.663616853044165,4.611555976908361,0.12259389820192235,7.042134831460674,Levered,-15304.0,-5.76421845574388,0.10880495691479457,1.6564432989690723,1010.0,0.9320851688693098,23.79025984129454,37.07782672540382,159.3171717171717,11.0,45.0,5.883921200220743,OK,-5.136730668466605,OK,-2.5227009697177505,OK,35.99602527786225,OK,15.697066513836644,OK,16.52939969024585,OK,40.10196653276936,OK,12.888132073019754,OK,10.645376106020565,OK,507.2364280469897,35.04126271207933,470.21070809792843,0.07309772065891328,EXPANSION_WITH_EXTERNAL_CAPITAL,42.38,6.909999999999999,0.0036937918157775584,0.0017298572189385908
DMART,2013-03,2.8135288835677943,6.435199042202933,5.507333133792278,11.913814955640051,13.992395437262358,6.3002680965147455,0.6666666666666666,4.27906976744186,Levered,510.0,2.217391304347826,2.2392761394101877,3.611891891891892,-104.0,1.351063829787234,6.914097575576175,-110.63829787234043,14.503676470588236,2.0,0.0,,INSUFFICIENT,,INSUFFICIENT,,INSUFFICIENT,,INSUFFICIENT,,INSUFFICIENT,,INSUFFICIENT,,INSUFFICIENT,,INSUFFICIENT,,INSUFFICIENT,,,,,EXPANSION_WITH_EXTERNAL_CAPITAL,2.81,11.91,0.0035288835677942387,0.0038149556400508544
DMART,2014-03,3.4357661118224496,7.276995305164319,6.423388817755014,16.84100418410042,18.847839699436445,8.904867256637168,0.6705020920502092,5.375,Levered,625.0,1.7458100558659218,2.5918141592920354,3.9982935153583616,-72.0,1.2298136645962734,5.761843790012804,-44.72049689440994,17.477148080438756,3.0,0.0,,INSUFFICIENT,,INSUFFICIENT,,INSUFFICIENT,,INSUFFICIENT,,INSUFFICIENT,,INSUFFICIENT,,INSUFFICIENT,,INSUFFICIENT,,INSUFFICIENT,,,,,EXPANSION_WITH_EXTERNAL_CAPITAL,3.44,16.84,0.004233888177550327,0.0010041841004202468
DMART,2015-03,3.292436713775431,7.081845006988663,6.1344929336853555,17.666666666666668,18.773764258555133,9.00212314225053,0.7533333333333333,5.486111111111111,Levered,889.0,1.8637316561844863,2.7341825902335457,4.2140052356020945,-252.0,1.0471698113207548,7.361391520422426,-118.86792452830188,21.352313167259787,4.0,0.0,,INSUFFICIENT,,INSUFFICIENT,,INSUFFICIENT,,INSUFFICIENT,,INSUFFICIENT,,INSUFFICIENT,,INSUFFICIENT,,INSUFFICIENT,,INSUFFICIENT,,,,,EXPANSION_WITH_EXTERNAL_CAPITAL,3.29,17.67,0.0024367137754310875,0.0033333333333338544
DMART,2016-03,3.727865796831314,7.735321528424977,6.791705498602051,21.038790269559502,21.489126428308147,10.31592520954223,0.7836949375410914,6.406593406593407,Levered,1163.0,1.7077826725403817,2.7672469374597033,4.099331423113658,-200.0,1.353125,7.374184529356944,-62.5,27.06405693950178,6.0,0.0,36.96336299080871,OK,,INSUFFICIENT,,INSUFFICIENT,50.43216582443817,OK,,INSUFFICIENT,,INSUFFICIENT,44.22495703074083,OK,,INSUFFICIENT,,INSUFFICIENT,,,,,EXPANSION_WITH_EXTERNAL_CAPITAL,3.73,21.04,0.0021342031686861773,0.0012097304404967701
DMART,2017-03,4.025886703647672,8.144225920322743,7.303748529164565,12.467464862051015,16.276456265218204,8.23165492352638,0.3896408120770432,7.122950819672131,Levered,1471.0,1.4754262788365096,2.044681216703901,4.615205585725368,-2027.0,0.9498956158663883,20.860648848545974,-423.1732776617954,61.570512820512825,8.0,0.0,36.42393122470193,OK,,INSUFFICIENT,,INSUFFICIENT,43.82571635300643,OK,,INSUFFICIENT,,INSUFFICIENT,38.672254870126935,OK,,INSUFFICIENT,,INSUFFICIENT,,,,,EXPANSION_WITH_EXTERNAL_CAPITAL,4.03,12.47,0.004113296352327822,0.002535137948985522
DMART,2018-03,5.361537949843678,9.000199560965875,8.527905275061531,17.262797172842152,25.097885669537977,14.270538243626063,0.09402441636324695,21.366666666666667,Levered,371.0,0.25746009715475365,2.6616501416430594,4.4214705882352945,730.0,0.9057071960297767,0.0,90.57071960297766,74.82371794871796,13.0,0.0,32.66073855395801,OK,35.09330802455233,OK,,INSUFFICIENT,56.074898184791344,OK,53.68852326384979,OK,,INSUFFICIENT,48.12480342036851,OK,45.40611511009971,OK,,INSUFFICIENT,,,,,ASSET_MONETISATION_AND_DELEVERAGING,5.36,17.26,0.0015379498436773886,0.0027971728421505304
DMART,2019-03,4.508872781804548,8.162959260184955,7.343164208947763,16.144621442634687,23.365675202799427,12.874678846702825,0.12529085376767496,31.25531914893617,Levered,683.0,0.40630577037477694,2.8554096488723952,4.546590909090909,-151.0,0.8946784922394678,4.788802799300175,-16.74057649667406,89.53525641025641,14.0,0.0,32.58150631646293,OK,33.68025160547021,OK,,INSUFFICIENT,41.25988653487156,OK,41.148456152684474,OK,,INSUFFICIENT,32.63524026321307,OK,36.08221078587388,OK,,INSUFFICIENT,2047.9339135254988,330.6311777340254,1362.7923735871505,-0.008174373394625472,EXPANSION_WITH_EXTERNAL_CAPITAL,4.51,16.14,0.0011272181954513627,0.004621442634686446
DMART,2020-03,5.231202251708886,8.556493767591476,7.293928427824688,11.74187725631769,15.894155787260141,10.77343491222259,0.030054151624548737,26.28985507246377,Levered,318.0,0.1453382084095064,2.0594567737661476,4.18123739071957,-3377.0,0.9838585703305149,18.725371934057097,-259.5695618754804,170.98765432098767,20.0,0.0,27.85977628773606,OK,31.03022055295439,OK,,INSUFFICIENT,39.52346751429516,OK,43.743523788454674,OK,,INSUFFICIENT,35.72088082974532,OK,37.97296614612149,OK,,INSUFFICIENT,1558.8576710222906,183.03915433212998,965.6786791590495,-0.16651267572443357,EXPANSION_WITH_EXTERNAL_CAPITAL,5.23,11.74,0.001202251708885882,0.001877256317689202
DMART,2021-03,4.5520440707451435,7.227767883030278,6.316530671416146,9.020026263952726,12.125308102091118,8.048333943610398,0.032255416940249505,36.30952380952381,Levered,390.0,0.20113460546673542,1.7680703039179788,3.4445712655157656,265.0,1.2511373976342128,4.59760593132585,24.11282984531392,188.0246913580247,17.0,0.0,17.106731277796293,OK,22.975983661653455,OK,,INSUFFICIENT,10.888765910796415,OK,27.98808551972234,OK,,INSUFFICIENT,9.354129979287684,OK,23.15712275705608,OK,,INSUFFICIENT,2087.676769790719,188.3089929415627,1283.88610624033,0.01155007815109766,SELF_FUNDED_REINVESTMENT,4.55,9.02,0.002044070745143678,2.6263952726424122e-05
DMART,2022-03,4.8166322314049586,8.077221074380166,6.837551652892563,10.908027489399034,14.785340314136125,9.64384978346584,0.04730223716917678,39.22222222222222,Levered,641.0,0.24503058103975536,2.0021976601383233,3.3451403887688986,83.0,0.9195710455764075,4.161286157024794,5.563002680965147,211.08024691358025,23.0,0.0,15.689939325502644,OK,21.09055625089784,OK,,INSUFFICIENT,18.264416994434573,OK,25.512408056240243,OK,,INSUFFICIENT,17.995813862247644,OK,23.51723745192793,OK,,INSUFFICIENT,1786.177808310992,194.8367663401082,1079.293130733945,0.0031144730692995886,SELF_FUNDED_REINVESTMENT,4.82,10.91,0.0033677685950417313,0.0019725106009662596
DMART,2023-03,5.550887021475257,8.494397759103641,7.299253034547153,14.790396815524318,18.701034627115604,13.134493233913282,0.039992536385122526,46.67164179104478,Levered,441.0,0.1171003717472119,2.3661971830985915,3.7777777777777777,317.0,1.1059714045416316,5.399159663865547,13.330529857022707,248.1172839506173,37.0,0.0,19.873879018861153,OK,23.29934256671533,OK,29.06167542919187,OK,22.267636716311422,OK,24.158186842927876,OK,38.13648463388204,OK,22.760102619214862,OK,23.26837598530007,OK,33.88045289717836,OK,1155.8616274179983,170.9565213334992,712.8666755177908,0.011532980713963905,SELF_FUNDED_REINVESTMENT,5.55,14.79,0.0008870214752567662,0.00039681552431858336
DMART,2024-03,4.993207190533383,8.084427730414067,6.928665655949123,13.56294790886726,18.24261275272162,11.978084262233137,0.031661140228901485,60.672413793103445,Levered,485.0,0.11411764705882353,2.398875873795579,3.785985836749907,278.0,1.082807570977918,4.8593199314812265,10.962145110410095,287.21966205837174,39.0,0.0,28.132551951927297,OK,20.48312440202782,OK,26.91026114651347,OK,32.144934169439935,OK,22.96698996520703,OK,31.744452601738082,OK,31.88798361621814,OK,22.740337821451305,OK,29.23922207808318,OK,1203.8994361198738,163.28425339608515,852.8451623529412,0.00910553222430331,SELF_FUNDED_REINVESTMENT,4.99,13.56,0.0032071905333825868,0.0029479088672594855
DRREDDY,2013-03,12.904588861658075,22.555564945491422,19.141384264345472,23.97550635892605,22.53507113720028,11.41255605381166,0.5781127335531481,22.65,Levered,3485.0,1.2380106571936056,0.8843796711509716,2.9210071587262405,-59.0,0.9024230517354289,12.144004056452294,-3.8637851997380483,74.92941176470588,18.0,17.0,,INSUFFICIENT,,INSUFFICIENT,,INSUFFICIENT,,INSUFFICIENT,,INSUFFICIENT,,INSUFFICIENT,,INSUFFICIENT,,INSUFFICIENT,,INSUFFICIENT,,,,,SELF_FUNDED_REINVESTMENT,12.9,23.98,0.0045888616580747055,0.004493641073949561
DRREDDY,2014-03,14.632873648900485,24.23406634364517,20.670890793887438,24.958677685950413,22.46799546264787,12.341254872375204,0.5692307692307692,21.834645669291337,Levered,3410.0,0.9967845659163987,0.84339243052936,2.8905408317173023,366.0,1.0035659704533877,11.956764815505032,18.644931227712686,92.52941176470588,23.0,16.0,,INSUFFICIENT,,INSUFFICIENT,,INSUFFICIENT,,INSUFFICIENT,,INSUFFICIENT,,INSUFFICIENT,,INSUFFICIENT,,INSUFFICIENT,,INSUFFICIENT,,,,,SELF_FUNDED_REINVESTMENT,14.63,24.96,0.002873648900484582,0.001322314049588158
DRREDDY,2015-03,15.549490780802769,23.35086201158224,20.022631964321373,23.708515173043743,21.232441589609657,12.656444709324374,0.4378361920227342,27.85185185185185,Levered,2066.0,0.5483014861995754,0.8139459283740587,2.7939371396689605,154.0,1.0804794520547945,15.775810424016509,6.592465753424658,115.91764705882353,27.0,15.0,,INSUFFICIENT,,INSUFFICIENT,,INSUFFICIENT,,INSUFFICIENT,,INSUFFICIENT,,INSUFFICIENT,,INSUFFICIENT,,INSUFFICIENT,,INSUFFICIENT,,,,,SELF_FUNDED_REINVESTMENT,15.55,23.71,0.0005092191972320137,0.0014848269562577343
DRREDDY,2016-03,13.688335046248715,23.028006166495373,18.897738951695786,16.95441164770467,18.478738772690157,10.482046237088047,0.2666878828864667,35.44578313253012,Levered,-481.0,-0.1239371296057717,0.7657648794884407,2.3720859363096145,1653.0,1.5312060065696855,10.341726618705035,77.56921633036133,147.87058823529412,25.0,16.0,9.575296075369511,OK,,INSUFFICIENT,,INSUFFICIENT,11.750155867638812,OK,,INSUFFICIENT,,INSUFFICIENT,11.57215834702825,OK,,INSUFFICIENT,,INSUFFICIENT,,,,,SELF_FUNDED_REINVESTMENT,13.69,16.95,0.0016649537512840595,0.004411647704671395
DRREDDY,2017-03,9.101155255001409,17.413355874894336,11.503240349394197,10.536617191322787,9.505238649592549,5.966565068809458,0.4010764964932311,20.670886075949365,Levered,2808.0,1.0556390977443608,0.655583264062067,2.048189294474102,254.0,1.6594427244582044,13.313609467455622,19.659442724458202,147.73493975903614,16.0,26.0,1.904126632236025,OK,,INSUFFICIENT,,INSUFFICIENT,-13.014391739579755,OK,,INSUFFICIENT,,INSUFFICIENT,-11.3938128033939,OK,,INSUFFICIENT,,INSUFFICIENT,,,,,SELF_FUNDED_REINVESTMENT,9.1,10.54,0.0011552550014091167,0.003382808677212523
DRREDDY,2018-03,6.631188292136406,16.462432602758913,10.006302079686296,7.532612153993,8.099529558465115,4.237326054857041,0.40335666560610883,18.088607594936708,Levered,2773.0,1.1065442936951317,0.6389995078079556,2.04951205510907,320.0,1.903907074973601,10.384426860864085,33.7909186906019,151.46987951807228,11.0,35.0,-1.6742387845302686,OK,3.8323661555037525,OK,,INSUFFICIENT,-25.989663264240658,OK,-9.112912118854366,OK,,INSUFFICIENT,-25.867330314356153,OK,-9.380004555508936,OK,,INSUFFICIENT,,,,,SELF_FUNDED_REINVESTMENT,6.63,7.53,0.0011882921364056998,0.002612153992999744
DRREDDY,2019-03,12.622993267736923,20.572242361470742,15.69782496116002,13.904734740444951,13.576307244429515,8.698367383352663,0.27367370222475756,27.247191011235955,Levered,1251.0,0.3514044943820225,0.6890891248104202,2.1482408566263387,2101.0,1.471794871794872,4.9779906784049714,107.74358974358975,168.96385542168676,23.0,17.0,-0.257600316734774,OK,2.862320330843815,OK,,INSUFFICIENT,-2.9153906988907297,OK,-0.13280259357866253,OK,,INSUFFICIENT,-2.7411173781143994,OK,0.0,OK,,INSUFFICIENT,807.6728153846154,112.30476254991443,552.1301348314607,0.13340004478457287,SELF_FUNDED_REINVESTMENT,12.62,13.9,0.00299326773692421,0.0047347404449507025
DRREDDY,2020-03,11.565907404235885,14.140549180795798,11.326140320831191,12.988012052054618,11.140434611713179,8.724109718813246,0.14167574844541317,20.244897959183675,Levered,-468.0,-0.14871306005719734,0.7542953106833742,2.557226277372263,2489.0,1.472852912142152,2.825826340126734,122.85291214215202,187.93975903614458,24.0,21.0,7.258383263798773,OK,3.119455830493445,OK,,INSUFFICIENT,16.178467237193452,OK,-2.80737305050921,OK,,INSUFFICIENT,14.471424255333186,OK,-2.3281316138826114,OK,,INSUFFICIENT,917.9971964461995,119.2295865119559,726.9135557673975,0.13382711038524614,SELF_FUNDED_REINVESTMENT,11.57,12.99,0.004092595764115359,0.0019879479453823734
DRREDDY,2021-03,10.247795044099119,20.338093238135237,15.649937001259975,11.06513236211099,14.420472136222912,7.341657890777794,0.17181565670880336,30.7319587628866,Levered,819.0,0.19453681710213777,0.7164134195877839,2.321228369485742,1315.0,1.8288934426229508,11.838513229735405,67.36680327868852,212.5421686746988,23.0,21.0,10.077085198088831,OK,4.117399386622145,OK,,INSUFFICIENT,27.265282177488626,OK,-1.7394314441348757,OK,,INSUFFICIENT,27.872861448303944,OK,-1.6538041668570203,OK,,INSUFFICIENT,828.5483657786884,91.67997335751942,360.9092066508314,0.08130702571041304,SELF_FUNDED_REINVESTMENT,10.25,11.07,0.0022049559008809894,0.0048676378890100125
DRREDDY,2022-03,10.127639823624971,17.488976560686933,14.65305175214667,11.35748490526754,13.971499380421312,7.335440059167619,0.17613991255465333,32.885416666666664,Levered,768.0,0.17769551133734382,0.7242990654205608,2.6526717557251906,246.0,1.2882676443629697,11.90531445811093,11.274060494958754,231.46987951807228,26.0,23.0,11.72698497788347,OK,8.70164128647819,OK,,INSUFFICIENT,3.8181721474059183,OK,11.049970245016972,OK,,INSUFFICIENT,4.171400751029397,OK,10.197228772148016,OK,,INSUFFICIENT,842.2936571952338,95.6633749739746,512.664571957427,0.01338495238406569,SELF_FUNDED_REINVESTMENT,10.13,11.36,0.00236017637502961,0.0025150947324590334
DRREDDY,2023-03,18.269152817186868,26.22618565058776,25.095257397648968,19.35497723954307,25.1329517314172,13.992983327641342,0.05784591600103066,43.29370629370629,Levered,-3639.0,-0.489047171079156,0.7659349871154025,2.6759952272480745,1779.0,1.3064122476148214,16.65585731657884,39.47193254936765,280.5542168674699,54.0,15.0,12.090758120925527,OK,11.553218790860885,OK,7.623578547257415,OK,30.541732548171186,OK,36.6178718301797,OK,11.430698297931507,OK,31.03706971044482,OK,37.46755707779583,OK,11.612317403390438,OK,490.929554027069,95.01930344412952,371.01099852170404,0.0804024370209157,SELF_FUNDED_REINVESTMENT,18.27,19.35,0.000847182813132008,0.0049772395430700556
DRREDDY,2024-03,19.913605369319196,28.321016743422227,26.318232123094496,19.74233736816026,24.36541512427287,14.383702939659617,0.07085722375592836,43.111111111111114,Levered,-2928.0,-0.33114679936665914,0.7223053120165034,2.686648762708613,509.0,0.8144496235209753,14.401485130841454,9.12513445679455,340.4096385542169,67.0,12.0,13.71726615103832,OK,12.639644349571988,OK,7.640025915260695,OK,41.90561020689674,OK,23.392504645437473,OK,11.008394366816532,OK,42.81779454599071,OK,23.842409558387544,OK,11.284504563028698,OK,437.7560559340265,86.42327741204784,308.21722121691926,0.020845250072724943,SELF_FUNDED_REINVESTMENT,19.91,19.74,0.0036053693191959724,0.0023373681602620877
EICHERMOT,2012-12,7.433489827856025,8.607198748043817,9.45226917057903,27.065527065527068,33.970753655793025,10.624021471706554,0.013105413105413105,151.0,Levered,-615.0,-0.8965014577259475,1.4292104674569448,6.441532258064516,-277.0,1.0442105263157895,12.097026604068857,-58.31578947368421,65.0,12.0,17.0,,INSUFFICIENT,,INSUFFICIENT,,INSUFFICIENT,,INSUFFICIENT,,INSUFFICIENT,,INSUFFICIENT,,INSUFFICIENT,,INSUFFICIENT,,INSUFFICIENT,,,,,SELF_FUNDED_REINVESTMENT,7.430000000000001,27.07,0.0034898278560246965,0.0044729344729326215
EICHERMOT,2013-12,7.709251101321586,10.499265785609397,9.970631424375918,25.547445255474454,31.74380551659654,9.83698707138842,0.040875912408759124,84.875,Levered,-741.0,-0.9159456118665018,1.2759977515458123,4.11231884057971,-74.0,1.3638095238095238,11.600587371512482,-14.095238095238095,76.11111111111111,15.0,21.0,,INSUFFICIENT,,INSUFFICIENT,,INSUFFICIENT,,INSUFFICIENT,,INSUFFICIENT,,INSUFFICIENT,,INSUFFICIENT,,INSUFFICIENT,,INSUFFICIENT,,,,,SELF_FUNDED_REINVESTMENT,7.71,25.55,0.0007488986784141005,0.002554744525546937
EICHERMOT,2014-12,8.033875028610666,12.794689860379949,11.478599221789883,27.90143084260731,38.966588966588965,10.963610807434016,0.023052464228934817,100.3,Levered,-1020.0,-0.8340147179067866,1.3646728096204903,3.7843222174101343,-167.0,1.4914529914529915,13.893339436942092,-23.78917378917379,93.18518518518519,23.0,22.0,,INSUFFICIENT,,INSUFFICIENT,,INSUFFICIENT,,INSUFFICIENT,,INSUFFICIENT,,INSUFFICIENT,,INSUFFICIENT,,INSUFFICIENT,,INSUFFICIENT,,,,,SELF_FUNDED_REINVESTMENT,8.03,27.9,0.0038750286106665754,0.0014308426073128544
EICHERMOT,2016-03,21.675036449052325,27.37728819050705,30.439008585776772,36.627429509991785,51.11534276387377,27.090504150637777,0.006296194908294552,939.5,Levered,-3365.0,-1.6691468253968254,1.2498481473982588,7.813924050632911,462.0,1.093423019431988,16.215778389761866,34.52914798206278,135.2962962962963,49.0,20.0,-1.14503812816652,OK,,INSUFFICIENT,,INSUFFICIENT,41.22800835915517,OK,,INSUFFICIENT,,INSUFFICIENT,59.834899138702966,OK,,INSUFFICIENT,,INSUFFICIENT,,,,,SELF_FUNDED_REINVESTMENT,21.68,36.63,0.004963550947675088,0.0025704900082175186
EICHERMOT,2017-03,23.702545144319636,30.911417602729983,34.65093132375942,31.18802619270346,44.65823712662635,23.783706662862034,0.02095416276894294,609.25,Levered,-4875.0,-1.8815129293708992,1.003424168925667,8.056128293241695,-36.0,1.0245950809838031,24.797383762263614,-2.1595680863827234,197.96296296296296,61.0,16.0,1.0798297668932255,OK,,INSUFFICIENT,,INSUFFICIENT,46.98017680828972,OK,,INSUFFICIENT,,INSUFFICIENT,59.61714015088737,OK,,INSUFFICIENT,,INSUFFICIENT,,,,,EXPANSION_WITH_EXTERNAL_CAPITAL,23.7,31.19,0.002545144319636705,0.0019738072965402864
EICHERMOT,2018-03,21.862799776910204,31.3329615170106,34.813162297824874,27.880512091038405,43.46191338253725,20.583910943079182,0.021479374110953058,624.2,Levered,-5430.0,-1.6238038277511961,0.9415038857382902,5.968708388814913,337.0,1.2663265306122449,23.92638036809816,17.19387755102041,260.3703703703704,72.0,15.0,0.8585571927693936,OK,7.006432954159858,OK,,INSUFFICIENT,40.81199549720458,OK,32.77383282227619,OK,,INSUFFICIENT,46.285591962565945,OK,43.096908110525554,OK,,INSUFFICIENT,,,,,SELF_FUNDED_REINVESTMENT,21.86,27.88,0.002799776910205054,0.0005120910384057709
EICHERMOT,2019-03,22.486475451668877,29.641727059303868,33.7246095743595,24.702848172235928,36.28775398132894,19.34662334240801,0.020968827091276072,472.0,Levered,-4736.0,-1.314095449500555,0.8603670852726794,5.225066666666667,915.0,0.7149341806627326,6.7367561498417885,41.534271448025414,330.2962962962963,81.0,15.0,16.644861117382746,OK,7.5447462586168745,OK,,INSUFFICIENT,18.082660038665654,OK,33.220493693612575,OK,,INSUFFICIENT,18.239607559190894,OK,40.113103235340276,OK,,INSUFFICIENT,62.918175215615065,15.542581296254765,39.937738623751386,0.6601315328311909,SELF_FUNDED_REINVESTMENT,22.49,24.7,0.00352454833112148,0.002848172235928814
EICHERMOT,2020-03,19.958488092637097,23.847498361372075,25.93401791566528,18.30477908025248,23.206256109481917,14.674698795180724,0.024947400060114217,124.94736842105263,Levered,-5500.0,-1.995645863570392,0.7352610441767068,3.849453322119428,186.0,0.9272030651340997,16.473672711383003,10.180623973727423,369.6666666666667,67.0,19.0,9.183437543070404,OK,0.9345319675231112,OK,,INSUFFICIENT,3.1021327666242993,OK,21.082195479395427,OK,,INSUFFICIENT,3.1767053684250257,OK,23.842409558387544,OK,,INSUFFICIENT,98.43132457580734,18.017636509367797,66.26996371552976,0.10342870034108674,SELF_FUNDED_REINVESTMENT,19.96,18.3,0.0015119073629037416,0.004779080252479417
EICHERMOT,2021-03,15.447247706422019,20.44724770642202,25.447247706422015,11.776534359153699,19.035772497211976,9.252009066556768,0.01914670396922539,138.6875,Levered,-3683.0,-1.3794007490636704,0.5989422350436157,3.584052609946568,66.0,1.2553823311061618,18.63532110091743,4.8997772828507795,423.6296296296296,49.0,34.0,-0.919376620875112,OK,7.152927696267497,OK,,INSUFFICIENT,-11.752209319629669,OK,0.13416864013804375,OK,,INSUFFICIENT,-12.03946520159872,OK,0.0,OK,,INSUFFICIENT,158.70929472902748,18.69045462493443,90.08797003745319,0.030872654882730218,SELF_FUNDED_REINVESTMENT,15.45,11.78,0.00275229357798068,0.0034656408463007438
EICHERMOT,2022-03,16.284715478733737,21.149737813167604,21.577005243736647,13.301078680203046,17.474048442906575,10.390334572490707,0.008565989847715736,116.94736842105263,Levered,-7613.0,-2.8470456245325355,0.6380421313506816,4.2483498349834985,544.0,0.9105545617173524,9.545542823849292,32.438878950506854,466.962962962963,61.0,34.0,1.6763450961396975,OK,7.925098579405265,OK,,INSUFFICIENT,-8.692555393282852,OK,0.11968915181133077,OK,,INSUFFICIENT,-9.01950988821978,OK,0.0,OK,,INSUFFICIENT,137.8544066785927,18.336123096446702,110.8144727000748,0.23531260067832316,SELF_FUNDED_REINVESTMENT,16.28,13.3,0.004715478733736234,0.0010786802030455789
EICHERMOT,2023-03,20.177260767206757,23.8609610857222,26.506024096385545,19.43962641761174,25.055635554391937,15.178664444212938,0.019212808539026016,136.71428571428572,Levered,-12033.0,-2.7636655948553055,0.7522658610271903,5.368773234200743,426.0,0.9687714481811942,16.597424179476526,14.619080301990392,555.1851851851852,107.0,35.0,16.414071199789483,OK,10.00575583348986,OK,8.49573049741641,OK,16.837879598461324,OK,8.254683647077377,OK,19.889070681131926,OK,16.8879274876113,OK,8.24560104695471,OK,24.45726506068131,OK,78.66908716540837,15.292976651100734,53.43759072117593,0.1858300487363295,SELF_FUNDED_REINVESTMENT,20.18,19.44,0.0027392327932425076,0.00037358238826001866
EICHERMOT,2024-03,24.195694242864054,26.179245283018872,31.767053701015964,22.172346910501524,28.449956672443673,17.309106640709494,0.023219728456636186,103.0,Levered,-13108.0,-2.24030080328149,0.7153796236210254,5.674673987645848,890.0,0.9307673081729567,17.138364779874212,22.24443889027743,668.3333333333334,146.0,35.0,23.776441520116,OK,11.036936496739692,OK,9.276892163329876,OK,43.747506025200565,OK,12.675841665377696,OK,22.51828946734826,OK,43.89717190746498,OK,12.505451629050324,OK,25.55272979365966,OK,55.58406148462884,12.32429093931837,40.054501794565034,0.4001945575069012,SELF_FUNDED_REINVESTMENT,24.2,22.17,0.004305757135945498,0.002346910501522359
GAIL,2013-03,8.567112645662494,14.570173029387531,13.722682151685174,15.166354101548935,15.453099456545752,7.301576685783076,0.5720636243661874,16.006864988558352,Levered,15218.0,1.830406543180178,0.8522797572271732,2.0974365304694893,-2023.0,1.5120219830547286,16.9223525718994,-46.32470803755439,227.0820189274448,6.0,28.0,,INSUFFICIENT,,INSUFFICIENT,,INSUFFICIENT,,INSUFFICIENT,,INSUFFICIENT,,INSUFFICIENT,,INSUFFICIENT,,INSUFFICIENT,,INSUFFICIENT,,,,,EXPANSION_WITH_EXTERNAL_CAPITAL,8.57,15.17,0.0028873543375063093,0.0036458984510652215
GAIL,2014-03,7.7487250060714,12.932890795758114,12.29013195175261,14.746117821050037,14.886356950954053,7.157705825170119,0.5711424698052748,11.34678624813154,Levered,17255.0,1.8684353004872767,0.9237269124355044,2.223442168544584,149.0,0.9642707898035938,7.230632235084594,3.1132469703301293,255.9621451104101,7.0,28.0,,INSUFFICIENT,,INSUFFICIENT,,INSUFFICIENT,,INSUFFICIENT,,INSUFFICIENT,,INSUFFICIENT,,INSUFFICIENT,,INSUFFICIENT,,INSUFFICIENT,,,,,SELF_FUNDED_REINVESTMENT,7.75,14.75,0.0012749939286003098,0.003882178949963233
GAIL,2015-03,5.21822415245141,9.298677279257559,8.494476278547484,9.288107695020868,9.83311987460096,4.53573325295325,0.5376227147140086,7.889570552147239,Levered,17019.0,2.587653945567888,0.8692101221490189,1.7823463621379798,1405.0,1.3335443037974684,4.638604950707598,44.462025316455694,268.31230283911674,5.0,24.0,,INSUFFICIENT,,INSUFFICIENT,,INSUFFICIENT,,INSUFFICIENT,,INSUFFICIENT,,INSUFFICIENT,,INSUFFICIENT,,INSUFFICIENT,,INSUFFICIENT,,,,,SELF_FUNDED_REINVESTMENT,5.220000000000001,9.29,0.0017758475485907255,0.0018923049791315094
GAIL,2016-03,3.6001767429350853,8.71419514725376,7.244539219641519,5.147927368623465,8.296117038829612,3.1728831925232375,0.24866082465730846,4.587591240875913,Levered,-792.0,-0.1503702297322954,0.8813131740683676,1.7382288118613505,3056.0,2.113127001067236,1.7366914490999559,163.07363927427963,287.08990536277605,3.0,37.0,0.7006676522700372,OK,,INSUFFICIENT,,INSUFFICIENT,-24.572658969241058,OK,,INSUFFICIENT,,INSUFFICIENT,-20.62994740159002,OK,,INSUFFICIENT,,INSUFFICIENT,,,,,SELF_FUNDED_REINVESTMENT,3.6,5.149999999999999,0.00017674293508518346,0.0020726313765333515
GAIL,2017-03,6.949250288350635,12.40113692535838,11.7235129345856,8.584149599287622,12.412229054908632,5.788200579849376,0.16672179112072255,11.18271119842829,Levered,-3572.0,-0.4938476427485138,0.8329244651833044,1.6134520802871195,5690.0,1.7854179016004743,0.6879222277146152,168.64256075874334,232.43642814902427,5.0,56.0,-7.709947527687433,OK,,INSUFFICIENT,,INSUFFICIENT,-10.999838512158489,OK,,INSUFFICIENT,,INSUFFICIENT,-10.609646490343238,OK,,INSUFFICIENT,,INSUFFICIENT,,,,,SELF_FUNDED_REINVESTMENT,6.950000000000001,8.58,0.0007497116493659917,0.004149599287622152
GAIL,2018-03,8.817160892542573,14.31664709336465,13.254183793305932,11.528587538088725,15.855559214136758,7.831727869867815,0.09299647304397898,24.484745762711864,Levered,-6576.0,-0.7515428571428572,0.8882369240297948,1.7879265091863517,6109.0,1.8249739854318419,4.881092190252496,127.13839750260145,184.82926829268294,7.0,43.0,-3.454191287179198,OK,1.3451995923340787,OK,,INSUFFICIENT,14.992302452718341,OK,1.9300037093893607,OK,,INSUFFICIENT,11.868894208139679,OK,3.131030647754507,OK,,INSUFFICIENT,,,,,SELF_FUNDED_REINVESTMENT,8.82,11.53,0.0028391074574276587,0.0014124619112738657
GAIL,2019-03,8.600866255414097,13.04370652316577,13.111956949730935,14.244413529258326,20.71410798706146,9.57676906439073,0.04834362229371359,62.83018867924528,Levered,-8498.0,-0.7290040319121558,1.1134656417151376,2.3299694189602445,2283.0,1.2183732641538227,7.4826092663079145,34.83900503586143,204.00886917960088,10.0,25.0,13.540482732754366,OK,4.287223602942447,OK,,INSUFFICIENT,51.78313794622716,OK,6.486240551392464,OK,,INSUFFICIENT,49.380158218572156,OK,7.394092378577932,OK,,INSUFFICIENT,101.5181962459942,14.460671680723415,57.21436647507935,0.34317990591008113,SELF_FUNDED_REINVESTMENT,8.6,14.24,0.0008662554140972389,0.00441352925832561
GAIL,2020-03,13.120880333158663,12.44104911883946,14.80735817314322,19.31273849151579,19.11356354574582,12.697840766541225,0.14029390273605585,34.750809061488674,Levered,-2981.0,-0.23256358246216258,0.9677582939653562,1.896887261313105,46.0,0.8770362585391487,11.444055269036653,0.48344718864950076,109.24168514412416,14.0,31.0,14.308773392647911,OK,3.6707625976484692,OK,,INSUFFICIENT,41.28234828250916,OK,24.664942771902922,OK,,INSUFFICIENT,40.94597464129783,OK,22.865967908314722,OK,,INSUFFICIENT,74.93294272201786,14.471603271900625,68.27602668122952,0.006451730988905197,EXPANSION_WITH_EXTERNAL_CAPITAL,13.12,19.31,0.0008803331586637597,0.0027384915157924183
GAIL,2021-03,10.70731367217458,12.628111273792095,13.776755211601477,11.550900680681433,12.945704692490379,7.581142786622238,0.14803881012372608,44.15642458100559,Levered,-5185.0,-0.5144870013891645,0.7080340614587189,1.3938775510204082,4353.0,1.463942699007,8.087568848915847,70.86114276412177,119.77927927927928,9.0,36.0,1.729080992251908,OK,1.964934607077251,OK,,INSUFFICIENT,8.533141639866514,OK,26.800856113134365,OK,,INSUFFICIENT,8.738037300289214,OK,24.57309396155174,OK,,INSUFFICIENT,146.6866563568289,16.943629987589787,93.86406727525302,0.48307831485193486,SELF_FUNDED_REINVESTMENT,10.71,11.55,0.0026863278254207756,0.0009006806814326751
GAIL,2022-03,13.262908267758974,16.342567640400993,16.886924652366066,19.19081635836167,21.363698349925,12.739170048869378,0.14374395607823565,77.55445544554455,Levered,-7192.0,-0.39765564525047,0.9605110577321295,2.0813515211343443,3930.0,0.7656046814044213,5.917861377600517,31.940832249674898,144.4009009009009,18.0,36.0,6.783264667890987,OK,13.825636214501213,OK,,INSUFFICIENT,23.367865734736505,OK,29.532947770267405,OK,,INSUFFICIENT,21.644039911467992,OK,29.19940099556333,OK,,INSUFFICIENT,98.29070139791938,18.862788002620334,70.94519020236648,0.3249629089568286,SELF_FUNDED_REINVESTMENT,13.26,19.19,0.0029082677589737926,0.0008163583616678238
GAIL,2023-03,3.841612433753467,5.14869429112777,5.231759892357965,8.61891046868021,9.210446805167809,5.190853856500163,0.274400480539683,20.87945205479452,Levered,568.0,0.05502276470018406,1.3512174759983304,2.9311226029740225,-4248.0,0.5727305218012866,5.116429140236703,-75.91136526090064,98.74828897338404,9.0,59.0,26.174844976511213,OK,21.730640254162935,OK,11.071220543670801,OK,-16.216923333499757,OK,3.0948242873626075,OK,2.5107595427412477,OK,-13.69456260028179,OK,5.154749679728043,OK,4.137974399241062,OK,202.8617566118656,17.484473177568653,108.66347089024508,-0.37420244470297814,EXPANSION_WITH_EXTERNAL_CAPITAL,3.84,8.62,0.0016124337534670907,0.001089531319788506
GAIL,2024-03,7.433122166511544,10.743987750322754,9.993394781877683,12.861540060002339,13.476936158152059,7.939231170080571,0.28304998896060884,18.517385257301807,Levered,-116.0,-0.006829153420463911,1.0680883472962681,2.4140755236645646,4360.0,1.270928001615672,6.174377758429158,44.02706250631122,117.10570342205324,15.0,37.0,32.42353373080278,OK,11.825154521824267,OK,7.990438901094743,OK,17.25429359158057,OK,8.608876760374562,OK,7.54232179343064,OK,18.56311014966876,OK,8.447177119769854,OK,7.919350247286827,OK,154.68722306371808,19.895159162045275,95.01100259036853,0.28461990353382827,SELF_FUNDED_REINVESTMENT,7.430000000000001,12.86,0.0031221665115435115,0.0015400600023394162
GODREJCP,2013-03,13.178415470991892,15.517779164067374,17.34248284466625,25.505584062782976,19.275437684174037,10.981156595191683,0.7413220645940235,12.781609195402298,Levered,2335.0,1.9638351555929352,0.8332683560753736,1.4261565836298933,-45.0,0.9704142011834319,13.490330630068623,-5.325443786982249,97.44117647058823,8.0,22.0,,INSUFFICIENT,,INSUFFICIENT,,INSUFFICIENT,,INSUFFICIENT,,INSUFFICIENT,,INSUFFICIENT,,INSUFFICIENT,,INSUFFICIENT,,INSUFFICIENT,,,,,EXPANSION_WITH_EXTERNAL_CAPITAL,13.18,25.51,0.0015845290081077934,0.004415937217025601
GODREJCP,2014-03,10.777733912356888,15.383603105671797,15.133570206606132,21.695364238410598,18.70527000650618,9.84375,0.6286092715231788,9.583333333333334,Levered,2237.0,1.8157467532467533,0.9133413461538461,1.4838898652606913,622.0,1.3626373626373627,6.500855375707331,75.94627594627595,111.02941176470588,7.0,24.0,,INSUFFICIENT,,INSUFFICIENT,,INSUFFICIENT,,INSUFFICIENT,,INSUFFICIENT,,INSUFFICIENT,,INSUFFICIENT,,INSUFFICIENT,,INSUFFICIENT,,,,,SELF_FUNDED_REINVESTMENT,10.78,21.7,0.002266087643111092,0.00463576158940171
GODREJCP,2015-03,11.797413272089932,16.66868125226641,16.45110600749426,22.639758756668986,19.365395560614683,10.695890410958905,0.6302482022732545,12.151785714285714,Levered,2531.0,1.7431129476584022,0.9066301369863013,1.490362096919474,-209.0,1.0522540983606556,14.940166807687657,-21.41393442622951,126.79411764705883,9.0,21.0,,INSUFFICIENT,,INSUFFICIENT,,INSUFFICIENT,,INSUFFICIENT,,INSUFFICIENT,,INSUFFICIENT,,INSUFFICIENT,,INSUFFICIENT,,INSUFFICIENT,,,,,SELF_FUNDED_REINVESTMENT,11.8,22.64,0.0025867279100690865,0.00024124333101482875
GODREJCP,2016-03,9.864672364672366,19.669990503323838,15.372744539411206,19.475041012420906,18.091645711092482,8.585597685711335,0.67752519334427,10.1171875,Levered,2701.0,1.9348137535816619,0.8703378448186796,1.4203338391502276,225.0,1.0192539109506618,7.383665716999051,27.075812274368232,125.5,8.0,24.0,9.523744009139158,OK,,INSUFFICIENT,,INSUFFICIENT,-0.5553466342715363,OK,,INSUFFICIENT,,INSUFFICIENT,0.0,OK,,INSUFFICIENT,,INSUFFICIENT,,,,,SELF_FUNDED_REINVESTMENT,9.86,19.48,0.004672364672366314,0.004958987579094298
GODREJCP,2017-03,14.113077255071213,20.576176089771256,19.86404833836858,24.669935873255376,19.78931527464259,10.108191653786708,0.7546208977744248,11.954545454545455,Levered,3067.0,1.5466464952092789,0.7162287480680062,1.1466039836694297,-383.0,1.4220183486238531,24.201553733275787,-29.281345565749234,155.94117647058823,13.0,39.0,6.8422913907641325,OK,,INSUFFICIENT,,INSUFFICIENT,16.889261306990733,OK,,INSUFFICIENT,,INSUFFICIENT,22.91789212788069,OK,,INSUFFICIENT,,INSUFFICIENT,,,,,EXPANSION_WITH_EXTERNAL_CAPITAL,14.11,24.67,0.0030772550712132585,6.412674462552559e-05
GODREJCP,2018-03,16.593886462882097,21.163806235401644,22.46369452625165,26.110578459571748,22.6500102396068,11.785920369301788,0.5605624800255673,12.786127167630058,Levered,2511.0,1.0603885135135136,0.7102567801500288,1.1842453397474444,1387.0,1.0544675642594858,3.4122067634812634,84.88372093023256,92.02941176470588,16.0,42.0,5.977492077553093,OK,8.958743119932766,OK,,INSUFFICIENT,18.741011686665242,OK,14.098272394470612,OK,,INSUFFICIENT,21.14137285547597,OK,14.869835499703509,OK,,INSUFFICIENT,,,,,SELF_FUNDED_REINVESTMENT,16.59,26.11,0.0038864628820967084,0.0005784595717486241
GODREJCP,2019-03,22.70700019391119,20.67093271281753,22.522784564669383,32.22787945507087,21.814254859611232,16.617000141904356,0.4653914958029448,9.760504201680673,Levered,2866.0,1.149618933012435,0.7318007662835249,1.1896193771626298,1729.0,0.7382578992314262,0.0,73.82578992314262,71.24509803921569,23.0,44.0,6.980081142651051,OK,6.300213432374568,OK,,INSUFFICIENT,41.25222221836062,OK,23.384497809507977,OK,,INSUFFICIENT,42.19334899257827,OK,26.860365757837947,OK,,INSUFFICIENT,344.7176131511529,111.09517682675107,359.63299638989173,0.21416309206913442,ASSET_MONETISATION_AND_DELEVERAGING,22.71,32.23,0.002999806088812562,0.002120544929127277
GODREJCP,2020-03,15.104429421854505,21.733427504792655,20.058520835435374,18.95416561154723,17.32763880414887,10.060483870967742,0.45264623955431754,8.719298245614034,Levered,2903.0,1.328604118993135,0.6660618279569892,1.0736648250460405,1036.0,1.0607882431529727,5.569569165573605,69.20507682030728,77.43137254901961,15.0,55.0,2.261105568258426,OK,3.6790216415082178,OK,,INSUFFICIENT,4.601525618662605,OK,8.931728895675239,OK,,INSUFFICIENT,4.885624628838681,OK,10.756634324829006,OK,,INSUFFICIENT,650.0336606546426,123.20845657128388,567.7108787185355,0.1064638356583127,SELF_FUNDED_REINVESTMENT,15.1,18.95,0.004429421854505122,0.004165611547229275
GODREJCP,2021-03,15.604315894460061,21.751745398494876,20.110617463051955,18.23286365081047,19.623108909139166,12.082280258354395,0.1974785464561924,16.07246376811594,Levered,1185.0,0.48926507018992565,0.7742909295141814,1.238517686692869,1738.0,1.179546775130738,2.64756550911234,100.98779779198142,92.53921568627452,17.0,0.0,3.851011990511455,OK,5.53671105641147,OK,,INSUFFICIENT,1.7441870456873065,OK,15.674057422198363,OK,,INSUFFICIENT,2.041377547933698,OK,16.271101521949817,OK,,INSUFFICIENT,662.5240383497967,120.79710456616168,608.5444591246903,0.1524288809859942,SELF_FUNDED_REINVESTMENT,15.6,18.23,0.004315894460061642,0.0028636508104682434
GODREJCP,2022-03,14.524275008145976,19.623655913978492,18.548387096774192,15.429214260989962,17.171945701357465,11.08692948638229,0.1474558670820353,18.66393442622951,Levered,689.0,0.2770406111781263,0.7633378932968536,1.3315977871786528,607.0,0.8137969713965227,6.875203649397197,34.0437464946719,113.29411764705883,17.0,0.0,5.976584245430305,OK,5.78258385485102,OK,,INSUFFICIENT,-8.689339528488361,OK,6.391937978421702,OK,,INSUFFICIENT,-9.58502599188228,OK,5.511819868320456,OK,,INSUFFICIENT,624.1358104318564,96.29925147109726,482.08775633293124,0.05454541451661957,SELF_FUNDED_REINVESTMENT,14.52,15.43,0.004275008145976145,0.0007857390100376449
GODREJCP,2023-03,12.781616100931211,18.34635025533193,17.43015920696906,12.338697984630999,15.552130796033234,9.760853357802374,0.08191967522111063,12.345744680851064,Levered,-1899.0,-0.7426671881110677,0.7636634742214831,1.3404469498691363,397.0,1.263807285546416,13.172123760889157,23.325499412455933,135.23529411764707,17.0,0.0,10.344858845004868,OK,6.221876592916709,OK,7.581607003264335,OK,4.370857548567675,OK,0.8187946109764255,OK,7.25320643228049,OK,4.260360145884445,OK,1.2198729249942586,OK,7.829078416700663,OK,705.824723854289,87.08958097723648,527.4095541650371,0.033047155510624,SELF_FUNDED_REINVESTMENT,12.78,12.34,0.0016161009312121166,0.0013020153690010972
GODREJCP,2024-03,-3.9798524404086266,20.977582292849036,3.6038592508513054,-4.45308779171297,3.211125158027813,-3.050239234449761,0.2557548817272583,1.6387096774193548,Levered,-282.0,-0.376502002670227,0.7664201826881253,1.350191570881226,-1365.0,-3.6898395721925135,24.36861520998865,243.31550802139037,123.50980392156863,-5.0,,8.522532034887087,OK,6.447080048592069,OK,6.3736213937384045,OK,,DECLINE_TO_LOSS,,DECLINE_TO_LOSS,,DECLINE_TO_LOSS,,DECLINE_TO_LOSS,,DECLINE_TO_LOSS,,DECLINE_TO_LOSS,,105.3974599142721,1802.9593724966624,-0.10280184353453976,EXPANSION_WITH_EXTERNAL_CAPITAL,-3.98,-4.45,0.0001475595913733585,0.0030877917129696897
GRASIM,2013-03,13.536851911569745,21.226127772403167,19.68898921494858,19.219616421630974,18.813982949292978,8.56242775876527,0.48583201912804597,16.959876543209877,Levered,1539.0,0.22810137839039574,0.6325272533599257,1.3573756140265552,-1445.0,1.1228163049232398,20.376939338564622,-38.24775013234515,427.32608695652175,57.0,8.0,,INSUFFICIENT,,INSUFFICIENT,,INSUFFICIENT,,INSUFFICIENT,,INSUFFICIENT,,INSUFFICIENT,,INSUFFICIENT,,INSUFFICIENT,,INSUFFICIENT,,,,,EXPANSION_WITH_EXTERNAL_CAPITAL,13.54,19.22,0.003148088430254603,0.00038357836902491727
GRASIM,2014-03,10.42674102573153,17.348487522501856,14.235289965055944,13.66643534582466,12.886630879345603,6.1882017764370705,0.44788341429562806,9.022371364653244,Levered,2070.0,0.3770491803278688,0.5934933802580862,1.1238446586536555,1213.0,1.2014218009478672,8.245384914051746,41.062965470548406,469.89130434782606,44.0,9.0,,INSUFFICIENT,,INSUFFICIENT,,INSUFFICIENT,,INSUFFICIENT,,INSUFFICIENT,,INSUFFICIENT,,INSUFFICIENT,,INSUFFICIENT,,INSUFFICIENT,,,,,SELF_FUNDED_REINVESTMENT,10.43,13.67,0.003258974268469217,0.003564654175340465
GRASIM,2015-03,8.136383689418288,16.209743492783765,12.95140858385328,11.158167675021607,11.719418306244654,4.778561249606722,0.5155574762316335,6.16191904047976,Levered,4675.0,0.8240789705623127,0.5873077563711065,0.9970466256126681,2235.0,1.7792408985282726,7.433667359929413,86.56080557707205,503.04347826086956,37.0,9.0,,INSUFFICIENT,,INSUFFICIENT,,INSUFFICIENT,,INSUFFICIENT,,INSUFFICIENT,,INSUFFICIENT,,INSUFFICIENT,,INSUFFICIENT,,INSUFFICIENT,,,,,SELF_FUNDED_REINVESTMENT,8.14,11.16,0.003616310581712412,0.0018323249783929185
GRASIM,2016-03,10.018267753066374,17.13979180560791,15.649375126859397,12.596157351708046,13.514799419041418,5.799315160467302,0.45590433482810166,7.516713091922005,Levered,1904.0,0.2633107454017425,0.5788740432388881,1.0063027049108575,1353.0,1.6984081041968162,13.091889697567199,39.160636758321274,589.8709677419355,51.0,9.0,7.309222224389078,OK,,INSUFFICIENT,,INSUFFICIENT,-2.935139949103538,OK,,INSUFFICIENT,,INSUFFICIENT,-3.63963416490265,OK,,INSUFFICIENT,,INSUFFICIENT,,,,,SELF_FUNDED_REINVESTMENT,10.02,12.6,0.0017322469336260582,0.0038426482919540206
GRASIM,2017-03,11.772208051458357,20.480758567150936,18.448486192747033,13.527893713958008,16.389162561576352,6.766857379635679,0.29352916812693153,9.478632478632479,Levered,-4987.0,-0.5893405814228315,0.5748163258801218,1.0368539067440925,3779.0,1.7164390014130946,9.728845514029057,89.00141309467735,674.989247311828,66.0,8.0,8.381057855312534,OK,,INSUFFICIENT,,INSUFFICIENT,12.85561357492917,OK,,INSUFFICIENT,,INSUFFICIENT,14.471424255333186,OK,,INSUFFICIENT,,INSUFFICIENT,,,,,SELF_FUNDED_REINVESTMENT,11.77,13.53,0.0022080514583571187,0.0021062860419913676
GRASIM,2018-03,6.598203742798869,20.775038465667155,16.63505921923641,6.429455553424801,7.4724144304875795,1.773938306581561,1.1692613448161644,2.5383565383565383,Levered,1075.0,0.08941939777075363,0.26885170202838876,0.8070519947442136,-4140.0,-1.1225596529284165,0.0,-112.25596529284165,875.7404580152672,39.0,15.0,20.766586510956685,OK,14.901099094689751,OK,,INSUFFICIENT,12.618971849966654,OK,-0.4810485053275415,OK,,INSUFFICIENT,1.770278030530159,OK,-7.308918323692614,OK,,INSUFFICIENT,,,,,RESTRUCTURING_WITH_EXTERNAL_SUPPORT,6.600000000000001,6.43,0.0017962572011320788,0.0005444465751986982
GRASIM,2019-03,3.5556994818652847,21.554404145077722,14.537564766839377,4.731127197518097,7.875402611801525,1.1384042434070012,1.4561702861082386,1.851980198019802,Levered,21740.0,1.4695146681086928,0.3201632334827705,0.8860425346325563,-3871.0,-0.6043715846994535,2.865284974093264,-141.02003642987248,879.0909090909091,25.0,27.0,30.813920323814337,OK,22.19996436144742,OK,,INSUFFICIENT,-7.381424097243261,OK,-1.456865684162445,OK,,INSUFFICIENT,-21.152133918085227,OK,-10.690539387698339,OK,,INSUFFICIENT,146.3513078324226,6.924066528783179,32.89679059078004,-0.9635720959278711,EXTERNALLY_FUNDED_INVESTMENT,3.56,4.73,0.004300518134715325,0.0011271975180964233
GRASIM,2020-03,9.727187481685519,15.19808943327668,19.69759127937643,11.722847103279006,9.507106993847678,2.718884761713647,1.4969540727137889,1.951233671988389,Levered,18440.0,1.056854653828519,0.27951396709817716,0.77792468314033,5256.0,2.5033890646181653,16.650061536658267,79.16854948034342,858.0757575757576,65.0,6.0,23.689008168123692,OK,16.5515659503233,OK,,INSUFFICIENT,16.066679372961048,OK,20.789528537428748,OK,,INSUFFICIENT,-0.5076229555396217,OK,11.928923410636116,OK,,INSUFFICIENT,54.659548124717574,6.407655254003849,25.55254527739569,1.4483937792479231,SELF_FUNDED_REINVESTMENT,9.73,11.72,0.0028125183144815935,0.002847103279005836
GRASIM,2021-03,9.144809172294645,24.39008428878069,20.590544997644102,10.668152807890799,10.881775170849126,2.613437865860729,1.2074083122118056,2.748907915428971,Levered,-8939.0,-0.4522641032127498,0.28578375082756996,0.8986274302247627,7929.0,2.157578359811078,9.35291346002827,113.48218119364535,992.3333333333334,63.0,14.0,10.98142625825973,OK,17.244407371689796,OK,,INSUFFICIENT,23.737102931225774,OK,15.124707108874924,OK,,INSUFFICIENT,17.33438845558204,OK,4.316756381013498,OK,,INSUFFICIENT,48.296303134392446,5.152323418939139,17.940147229951936,2.349707406752488,SELF_FUNDED_REINVESTMENT,9.139999999999999,10.67,0.004809172294645947,0.0018471921092011456
GRASIM,2022-03,11.709386526786554,21.34878423422953,18.723942278555082,14.803365962562253,11.910823368318898,3.8755105499240874,0.9873842454986196,3.7518844221105527,Levered,-22022.0,-0.9973731884057971,0.3309746877907238,1.0753404647399882,5985.0,0.6280563983580225,1.1003019822154418,53.408888095663045,1146.9545454545455,111.0,9.0,7.423605620928964,OK,21.551097071912075,OK,,INSUFFICIENT,59.821826556295086,OK,21.421089562184314,OK,,INSUFFICIENT,64.35931529754173,OK,10.957281717318423,OK,,INSUFFICIENT,37.90456005711226,5.611150741753524,23.786131793478262,1.4090359580797087,SELF_FUNDED_REINVESTMENT,11.71,14.8,0.0006134732134466248,0.0033659625622526335
GRASIM,2023-03,9.417905752930874,18.353779319373952,17.658360750507963,14.068730791699474,11.426386696079348,3.2889677961421873,1.3085646795864976,3.4366313699536732,Levered,-2316.0,-0.09145835801445326,0.34922496385341856,1.2395359129994943,-26397.0,-1.1450622856111212,11.657187550477357,-238.2830835890955,1193.060606060606,100.0,10.0,19.893934618165886,OK,16.045516550863393,OK,15.471890071589334,OK,18.609524284497315,OK,24.60460410715055,OK,11.357620090195809,OK,15.441567326431937,OK,20.722182576992452,OK,5.782180377349477,OK,46.36639646145514,6.523163495974194,19.990250365280573,-5.1391331173899335,EXTERNALLY_FUNDED_INVESTMENT,9.42,14.07,0.002094247069125643,0.0012692083005259036
GRASIM,2024-03,7.578371940325857,20.763028905617738,17.54264074882805,11.196462612658342,10.175458796853965,2.4085451668947577,1.5470993649397087,2.476770507707233,Levered,7849.0,0.28054185431410394,0.3178182841724175,1.3033414930244591,-33833.0,-1.0798911948418295,17.647238467528897,-340.8523070723353,1333.1278195488721,85.0,12.0,19.68160909363319,OK,11.15172597339149,OK,16.544999689655548,OK,12.415926079345653,OK,29.314249729328566,OK,12.885036563882046,OK,10.499282680146527,OK,27.730844458753978,OK,6.806239621873766,OK,48.25224863993552,5.402544978737324,21.505225891772106,-7.063967310949983,EXTERNALLY_FUNDED_INVESTMENT,7.580000000000001,11.2,0.0016280596741440334,0.0035373873416570945
HAL,2017-03,14.573816155988858,18.027855153203344,20.050139275766014,1966.9172932330828,2665.9259259259256,1538.8235294117646,0.015037593984962405,224.9375,Levered,-20.0,-0.004672897196261682,105.58823529411765,239.33333333333334,-423.0,-0.16169724770642202,0.0,-16.1697247706422,133.0,36.0,31.0,5.85076698066771,OK,,INSUFFICIENT,,INSUFFICIENT,-0.9623191291115774,OK,,INSUFFICIENT,,INSUFFICIENT,8.738037300289214,OK,,INSUFFICIENT,,INSUFFICIENT,,,,,ASSET_SALES_FUNDING_OPERATIONS,14.57,1966.92,0.003816155988857872,0.002706766917299319
HAL,2018-03,10.729521032453155,18.683514228630056,17.68454020195475,1528.4615384615386,2462.406015037594,1196.987951807229,0.023076923076923078,93.57142857142857,Levered,-21.0,-0.004973945997157745,111.56024096385542,280.59090909090907,-734.0,-0.36940110719677904,0.0,-36.940110719677904,130.0,30.0,54.0,5.591656491972752,OK,5.265580983334939,OK,,INSUFFICIENT,-5.943709137412478,OK,-7.890966594046478,OK,,INSUFFICIENT,6.265856918261115,OK,-24.709546350974122,OK,,INSUFFICIENT,,,,,ASSET_SALES_FUNDING_OPERATIONS,10.73,1528.46,0.00047896754684551013,0.0015384615385301004
HAL,2019-03,11.72530987604958,22.835865653738505,19.58716513394642,1763.9097744360904,2779.432624113475,1340.5714285714287,0.06015037593984962,22.141242937853107,Levered,-14.0,-0.0028322880841594174,114.33142857142857,339.1186440677966,-7694.0,-3.279624893435635,0.0,-327.9624893435635,133.0,35.0,28.0,6.086591875830405,OK,5.741203899167258,OK,,INSUFFICIENT,5.497987403463078,OK,-2.721171725621041,OK,,INSUFFICIENT,7.721734501594191,OK,4.563955259127317,OK,,INSUFFICIENT,503.18344416027287,8875.70195488722,303.20962775642323,-0.6517751987863528,RESTRUCTURING_WITH_EXTERNAL_SUPPORT,11.73,1763.91,0.004690123950419789,0.00022556390968020423
HAL,2020-03,13.252506411750991,22.75588715318256,20.037304733038006,2059.4202898550725,3069.285714285714,1642.7745664739884,0.014492753623188406,11.969359331476323,Levered,-16.0,-0.003021718602455146,123.95953757225433,428.9,203.0,0.5408163265306123,6.2205642340872,7.142857142857142,138.0,42.0,39.0,6.109401730244923,OK,6.394570467831362,OK,,INSUFFICIENT,2.800551522829653,OK,3.5423339569849333,OK,,INSUFFICIENT,5.272659960939663,OK,10.933280572585158,OK,,INSUFFICIENT,481.71127726952847,9920.459782608696,318.6575146364495,0.014828087860730216,EXPANSION_WITH_EXTERNAL_CAPITAL,13.25,2059.42,0.002506411750990978,0.00028985507242396125
HAL,2021-03,14.155231186085132,23.341491128397866,19.85840398566559,2249.3055555555557,3029.3333333333335,1741.3978494623657,0.041666666666666664,17.0187265917603,Levered,-11.0,-0.0019294860550780565,123.02150537634408,508.4888888888889,13934.0,4.669342389626428,5.200594353640416,430.1945044766903,144.0,48.0,31.0,7.3063649476970305,OK,6.4276221411801115,OK,,INSUFFICIENT,17.689493459998417,OK,10.144570260094765,OK,,INSUFFICIENT,16.96070952851465,OK,11.382417860287909,OK,,INSUFFICIENT,555.7809354739117,12501.211458333333,368.0868619540432,0.77403609411299,SELF_FUNDED_REINVESTMENT,14.16,2249.31,0.004768813914868275,0.00444444444428882
HAL,2022-03,20.65800162469537,22.014622258326565,21.510966693744923,3324.183006535948,3209.6969696969695,2517.8217821782177,0.0784313725490196,81.47692307692307,Levered,-17.0,-0.002653762098033094,121.88118811881188,547.1111111111111,-2609.0,2.0015729453401496,51.94557270511779,-51.29767990562328,153.0,76.0,26.0,7.158869507828092,OK,6.523326267477558,OK,,INSUFFICIENT,29.424386801722903,OK,14.221464244950631,OK,,INSUFFICIENT,29.493663001001067,OK,16.11871423331621,OK,,INSUFFICIENT,338.64218836020444,11257.086078431372,266.7705463627849,-0.15148047605651346,SELF_FUNDED_REINVESTMENT,20.66,3324.18,0.0019983753046304287,0.0030065359483160137
HAL,2023-03,21.57976827094474,24.766042780748663,24.350118835412953,3283.050847457627,2927.2321428571427,2144.280442804428,0.2655367231638418,102.453125,Levered,12.0,0.0014386764176957199,99.36531365313652,472.42105263157896,3102.0,1.5205644467389434,21.29382055852644,53.381517811048006,177.0,87.0,32.0,7.88457358429544,OK,7.774821786490715,OK,6.512812519106492,OK,26.92356655445871,OK,23.939745967728477,OK,6.8455436677959725,OK,27.4745010430834,OK,23.731306739312828,OK,-3.481679381634306,OK,365.2338427120977,11990.81276836158,324.21670662990044,0.14615709599815746,SELF_FUNDED_REINVESTMENT,21.58,3283.05,0.00023172905525825627,0.0008474576266053191
HAL,2024-03,24.999177117277245,32.08913465652875,33.71185938580034,3816.5829145728644,3180.745341614907,1687.7777777777776,0.6180904522613065,238.1860465116279,Levered,80.0,0.006868131868131868,67.51333333333334,126.5875,1814.0,1.0830809743252139,21.105296073203647,23.884134298880845,199.0,114.0,31.0,9.909701355201484,OK,8.712548590236358,OK,7.216583450874392,OK,32.85327865470051,OK,26.485270563052985,OK,10.924924675843673,OK,33.420082436097246,OK,26.63896760913802,OK,15.073330286143992,OK,348.0733192890059,13284.506834170854,269.5983671016483,0.06861811283803056,SELF_FUNDED_REINVESTMENT,25.0,3816.58,0.0008228827227547697,0.002914572864483489
HAVELLS,2013-03,8.142957252978276,9.446391030133146,11.030133146461107,40.29126213592233,32.46699669966996,13.032750112157917,0.680998613037448,6.3983739837398375,Levered,982.0,1.0947603121516165,1.6004934948407357,4.756666666666667,494.0,1.0981067125645438,2.018220042046251,85.02581755593803,23.258064516129032,9.0,16.0,,INSUFFICIENT,,INSUFFICIENT,,INSUFFICIENT,,INSUFFICIENT,,INSUFFICIENT,,INSUFFICIENT,,INSUFFICIENT,,INSUFFICIENT,,INSUFFICIENT,,,,,SELF_FUNDED_REINVESTMENT,8.14,40.29,0.0029572529782750934,0.0012621359223317086
HAVELLS,2014-03,5.539684511240839,9.650975034157247,8.644888833685256,26.770708283313326,25.588235294117645,8.364591147786946,0.6326530612244898,6.823529411764706,Levered,1054.0,1.2980295566502462,1.5099399849962492,5.031875,492.0,1.946188340807175,4.6702273009564035,110.31390134529148,26.870967741935484,7.0,42.0,,INSUFFICIENT,,INSUFFICIENT,,INSUFFICIENT,,INSUFFICIENT,,INSUFFICIENT,,INSUFFICIENT,,INSUFFICIENT,,INSUFFICIENT,,INSUFFICIENT,,,,,SELF_FUNDED_REINVESTMENT,5.54,26.77,0.0003154887591607647,0.0007082833133260635
HAVELLS,2015-03,4.546528105810109,8.915918752952292,7.853094000944733,21.177117711771174,29.66101694915254,8.04093567251462,0.23322332233223322,6.927083333333333,Levered,424.0,0.527363184079602,1.7685881370091896,5.495133030499676,478.0,2.501298701298701,5.727444496929617,124.15584415584415,29.322580645161292,6.0,49.0,,INSUFFICIENT,,INSUFFICIENT,,INSUFFICIENT,,INSUFFICIENT,,INSUFFICIENT,,INSUFFICIENT,,INSUFFICIENT,,INSUFFICIENT,,INSUFFICIENT,,,,,SELF_FUNDED_REINVESTMENT,4.55,21.18,0.0034718941898912448,0.0028822882288253027
HAVELLS,2016-03,17.118777982617857,10.481959441664472,21.21411640769028,42.94681202510737,50.96488453021196,29.63300661043994,0.04426825239511067,17.703296703296704,Levered,-55.0,-0.03151862464183381,1.7310234784590837,6.204248366013072,392.0,0.3946153846153846,1.5933631814590465,30.153846153846153,48.82258064516129,21.0,29.0,2.0999521264519982,OK,,INSUFFICIENT,,INSUFFICIENT,30.794376919552867,OK,,INSUFFICIENT,,INSUFFICIENT,32.63524026321307,OK,,INSUFFICIENT,,INSUFFICIENT,,,,,SELF_FUNDED_REINVESTMENT,17.12,42.95,0.0012220173821440028,0.0031879748926328944
HAVELLS,2017-03,8.05872756933116,13.295269168026099,12.00652528548124,15.079365079365079,21.125143513203216,9.558823529411764,0.06349206349206349,56.61538461538461,Levered,46.0,0.05367561260210035,1.1861455108359134,4.7153846153846155,547.0,1.5526315789473684,3.588907014681892,110.72874493927125,52.83870967741935,8.0,44.0,-8.686101932166434,OK,,INSUFFICIENT,,INSUFFICIENT,3.4659294420217535,OK,,INSUFFICIENT,,INSUFFICIENT,4.551591714942038,OK,,INSUFFICIENT,,INSUFFICIENT,,,,,SELF_FUNDED_REINVESTMENT,8.06,15.08,0.0012724306688411957,0.0006349206349209879
HAVELLS,2018-03,8.144406111384919,12.727944800394283,12.198127156234598,17.721179624664877,25.74772431729519,10.003026634382566,0.030831099195710455,39.6,Levered,115.0,0.10176991150442478,1.2282082324455206,2.879035118836467,154.0,1.6641452344931922,11.65598817151306,23.29803328290469,59.20634920634921,11.0,4.0,-1.4052637246992572,OK,2.609982178791892,OK,,INSUFFICIENT,19.742110916525803,OK,2.613633352462008,OK,,INSUFFICIENT,22.39034103416604,OK,4.095039696925684,OK,,INSUFFICIENT,,,,,SELF_FUNDED_REINVESTMENT,8.14,17.72,0.004406111384918532,0.0011796246648785313
HAVELLS,2019-03,7.822892881961679,11.803832026208678,11.545716271220094,18.770843258694615,27.096924510717614,11.024062674874092,0.022391615054787994,72.6875,Levered,94.0,0.07164634146341463,1.409205372132065,3.46866391184573,501.0,0.6357868020304569,0.0,63.57868020304569,66.63492063492063,13.0,36.0,9.87428966405377,OK,4.583169988804903,OK,,INSUFFICIENT,-15.36936066514506,OK,12.056814338441036,OK,,INSUFFICIENT,-14.773493673718797,OK,13.179836563100178,OK,,INSUFFICIENT,1787.266497461929,335.48499285373987,1379.5964710365854,0.035573139368601625,ASSET_MONETISATION_AND_DELEVERAGING,7.82,18.77,0.002892881961678917,0.0008432586946156562
HAVELLS,2020-03,7.786016949152542,11.302966101694915,10.116525423728813,17.045454545454543,21.78375912408759,10.39163014279655,0.016697588126159554,18.725490196078432,Levered,72.0,0.061381074168797956,1.3346529054149583,2.817910447761194,279.0,1.125170068027211,5.805084745762712,37.95918367346939,68.44444444444444,12.0,34.0,15.479219503702701,OK,2.197019236923814,OK,,INSUFFICIENT,14.16162186298411,OK,13.80604263098537,OK,,INSUFFICIENT,14.471424255333186,OK,14.869835499703509,OK,,INSUFFICIENT,2380.6536326530613,405.79323283859,1460.8282267689685,0.015944857812501982,SELF_FUNDED_REINVESTMENT,7.79,17.05,0.003983050847457648,0.004545454545457517
HAVELLS,2021-03,9.983742947308023,15.195562780912308,14.612221478435497,20.166119374154917,26.816426816426812,11.793944871215544,0.10063743480780375,16.977777777777778,Levered,215.0,0.12099043331457512,1.1813149570718482,3.178419452887538,-103.0,0.632183908045977,7.296547767045998,-9.865900383141762,82.17460317460318,17.0,39.0,8.814897312024517,OK,6.607388064296771,OK,,INSUFFICIENT,16.457200619727928,OK,-4.291297361421565,OK,,INSUFFICIENT,15.616214441920405,OK,-4.138123663706228,OK,,INSUFFICIENT,2078.456101532567,419.14393857446396,1122.4321553179516,-0.004746744651410755,EXPANSION_WITH_EXTERNAL_CAPITAL,9.98,20.17,0.003742947308023048,0.003880625845084751
HAVELLS,2022-03,8.58085808580858,12.73496914908882,12.0103314679294,19.923371647509576,25.290829430427557,11.365580157749692,0.10261535898717308,24.98507462686567,Levered,190.0,0.09819121447028424,1.324527226076214,4.0588235294117645,969.0,1.4448160535117056,5.445544554455446,81.0200668896321,95.28571428571429,19.0,39.0,11.433013510699386,OK,17.85499591111963,OK,,INSUFFICIENT,14.921597409969856,OK,19.344070441601247,OK,,INSUFFICIENT,13.48455252486973,OK,18.88654957871243,OK,,INSUFFICIENT,1838.0796906354515,366.20744794269535,1119.8920051679586,0.044078647570292374,SELF_FUNDED_REINVESTMENT,8.58,19.92,0.0008580858085807108,0.003371647509574416
HAVELLS,2023-03,6.3390692448702035,9.58547690852108,8.881792915853588,16.178690009055238,21.930208789604322,9.608317648113292,0.03365529731361304,27.30909090909091,Levered,22.0,0.012235817575083427,1.5157300349556333,4.670256835128417,565.0,0.5270522388059702,0.0,52.70522388059702,105.17460317460318,17.0,44.0,21.45044164279215,OK,15.815170331561879,OK,9.01280917284588,OK,13.40594331748628,OK,10.153592391054179,OK,6.316792380471026,OK,12.31106834675555,OK,9.096607850144967,OK,6.5664849986184715,OK,2356.9339458955224,381.32103682463026,1625.421340378198,0.022361773851312387,ASSET_MONETISATION_AND_DELEVERAGING,6.34,16.18,0.0009307551297963457,0.0013099909447618074
HAVELLS,2024-03,6.837009144701453,10.118343195266272,9.63421194190425,17.067275412917954,23.10967741935484,10.222794176787582,0.040687525177924,21.321428571428573,Levered,283.0,0.13292625645843117,1.4952143489101584,4.66148445336008,335.0,1.5365853658536586,8.703604088219473,26.357199055861525,118.2063492063492,20.0,44.0,21.14089015706202,OK,13.037907939063121,OK,8.728389766288359,OK,6.77797587953104,OK,10.033231229420036,OK,11.040413196880138,OK,5.566719197800074,OK,8.997698704834534,OK,11.069085371075271,OK,1983.87794649882,338.5939129850947,1231.0029215594177,0.013285695877801929,SELF_FUNDED_REINVESTMENT,6.84,17.07,0.002990855298547146,0.002724587082045815
HCLTECH,2013-06,15.792971345920801,22.203979516047063,21.015597513779756,30.689759951382555,37.83783783783784,18.036519487477122,0.07930720145852324,50.716981132075475,Levered,331.0,0.05504739730583735,1.1420599133889906,3.7880941803642827,2131.0,1.111881188118812,9.229506274187873,52.74752475247525,189.41007194244605,14.0,21.0,,INSUFFICIENT,,INSUFFICIENT,,INSUFFICIENT,,INSUFFICIENT,,INSUFFICIENT,,INSUFFICIENT,,INSUFFICIENT,,INSUFFICIENT,,INSUFFICIENT,,,,,SELF_FUNDED_REINVESTMENT,15.79,30.69,0.002971345920801838,0.00024004861744586492
HCLTECH,2014-06,20.3086112493778,24.99688899950224,24.984444997511197,33.39130434782609,39.046091015169196,21.774516344229486,0.05207161125319693,70.44736842105263,Levered,356.0,0.04086317722681359,1.0721814543028685,4.3181085437936595,1615.0,0.9891237745098039,15.063464410154307,24.739583333333336,279.2857142857143,23.0,11.0,,INSUFFICIENT,,INSUFFICIENT,,INSUFFICIENT,,INSUFFICIENT,,INSUFFICIENT,,INSUFFICIENT,,INSUFFICIENT,,INSUFFICIENT,,INSUFFICIENT,,,,,SELF_FUNDED_REINVESTMENT,20.31,33.39,0.0013887506221976764,0.0013043478260925667
HCLTECH,2015-06,20.004904498515028,23.121985776954308,25.089234625759516,30.30878467635403,37.021550337729174,20.831323591998867,0.026750330250990752,101.18681318681318,Levered,-221.0,-0.022992093216812316,1.0413108242303872,4.435166163141994,3451.0,0.7544265867611005,5.689218277431133,47.003541269408885,172.41281138790035,26.0,58.0,,INSUFFICIENT,,INSUFFICIENT,,INSUFFICIENT,,INSUFFICIENT,,INSUFFICIENT,,INSUFFICIENT,,INSUFFICIENT,,INSUFFICIENT,,INSUFFICIENT,,,,,SELF_FUNDED_REINVESTMENT,20.0,30.31,0.004904498515028166,0.0012153236459688799
HCLTECH,2017-03,18.091994618230743,21.84241506895392,22.349058190380084,26.119153843819237,31.704989412782204,18.805996241423014,0.01766366202312665,119.4494382022472,Levered,-724.0,-0.06318177851470459,1.039465058345352,3.122284213980965,5105.0,1.0452010225424122,8.177766565758493,59.31907971182896,231.22105263157894,30.0,40.0,13.956295876186054,OK,,INSUFFICIENT,,INSUFFICIENT,9.649603437865695,OK,,INSUFFICIENT,,INSUFFICIENT,9.260824362327934,OK,,INSUFFICIENT,,INSUFFICIENT,,,,,SELF_FUNDED_REINVESTMENT,18.09,26.12,0.001994618230742873,0.0008461561807635576
HCLTECH,2018-03,17.24772093575115,22.238921078130872,21.936364175680755,23.97075798383994,30.02733941477411,18.174998437141845,0.015308085527400648,160.768115942029,Levered,-2103.0,-0.1685636421930106,1.0537623205317885,2.6965818802324963,6092.0,0.9548268745700528,4.421681267179498,69.84636551249713,261.76978417266184,31.0,19.0,11.276166573871095,OK,14.602309452456485,OK,,INSUFFICIENT,5.9092519865585835,OK,16.63984757695922,OK,,INSUFFICIENT,6.038306207109678,OK,17.2321504725808,OK,,INSUFFICIENT,,,,,SELF_FUNDED_REINVESTMENT,17.25,23.97,0.002279064248849494,0.0007579838399394134
HCLTECH,2019-03,16.747480430933194,23.04598937561024,21.175964386780745,24.46453609244307,28.08542393713922,17.343913348986273,0.10141178745829908,73.54022988505747,Levered,1890.0,0.127110094828166,1.035613292430033,2.6401170919259,5715.0,0.8864624505928854,5.388319790821983,56.47233201581028,305.2841328413284,37.0,11.0,24.73530835036466,OK,13.455674699068654,OK,,INSUFFICIENT,21.790235245269507,OK,9.164159008362072,OK,,INSUFFICIENT,22.760102619214862,OK,9.975204344332944,OK,,INSUFFICIENT,22.696749011857708,5.552654353817145,17.005988970340976,2.4881242677665787,SELF_FUNDED_REINVESTMENT,16.75,24.46,0.002519569066805616,0.004536092443068185
HCLTECH,2020-03,15.644631841077594,24.50053766483672,20.494934631275115,21.56748005539626,24.44601961082139,13.350801144664873,0.15577271929311254,28.683168316831683,Levered,920.0,0.05138229544819883,0.8533790555307357,1.8851960522806082,1027.0,1.2081939043140093,17.44863885901862,9.288233698109796,188.82872928176795,41.0,25.0,14.108769829442691,OK,14.003664887056555,OK,,INSUFFICIENT,8.712292952185074,OK,8.533694296800443,OK,,INSUFFICIENT,10.973904713454852,OK,9.537317657751387,OK,,INSUFFICIENT,21.650633987519218,4.669496167125051,16.943472772968445,0.42900516000889927,SELF_FUNDED_REINVESTMENT,15.64,21.57,0.0046318410775931795,0.0025199446037404982
HCLTECH,2021-03,14.817124132716009,26.596266864776663,21.708964035076082,18.64203094487006,24.50544349102236,12.980115518263274,0.11456612087526914,32.02348336594912,Levered,2.0,9.535160905840286e-05,0.8760212442037492,2.0293175393727285,13953.0,1.756468797564688,7.515355735682353,124.92613483749663,220.67403314917127,41.0,24.0,14.232233600356391,OK,19.343153842236195,OK,,INSUFFICIENT,8.592392822069407,OK,14.797977637503902,OK,,INSUFFICIENT,9.767571076041248,OK,15.43852585822143,OK,,INSUFFICIENT,23.289924791834544,4.34171498673076,15.08719904648391,5.363956129274226,SELF_FUNDED_REINVESTMENT,14.82,18.64,0.0028758672839916954,0.0020309448700608357
HCLTECH,2022-03,15.78849050215409,23.96819651842944,20.16322051114406,21.841586717059148,25.301434285128266,15.207881152933503,0.10244855767677746,54.13793103448276,Levered,-8.0,-0.0003704389701796629,0.9632257846852824,2.441799469738005,16900.0,1.2497226946683428,0.0,124.97226946683429,228.04419889502762,50.0,84.0,12.33121804588848,OK,12.482124171071419,OK,,INSUFFICIENT,10.144845609168772,OK,9.45972211285866,OK,,INSUFFICIENT,10.557809853526301,OK,10.756634324829006,OK,,INSUFFICIENT,23.629123715151966,5.160975546726104,13.740843211705872,5.28890833927527,ASSET_MONETISATION_AND_DELEVERAGING,15.79,21.84,0.0015094978459089248,0.001586717059147702
HCLTECH,2023-03,14.631958681595963,22.303264469326606,19.556260842138464,22.697041510587876,28.26393538369493,15.919571045576408,0.07329714853604465,56.20679886685552,Levered,-701.0,-0.02922538147252564,1.088,2.9306450215199744,14436.0,1.2131357359380264,3.5217237028859802,97.24486359043449,240.902394106814,55.0,88.0,12.806794335700221,OK,14.941980000474619,OK,14.772019068640851,OK,10.31831778597172,OK,11.222543851563692,OK,13.898992804888554,OK,10.287496281391139,OK,12.150237889617976,OK,14.66304358341195,OK,25.97414280902661,5.895361975384145,18.819536813141,3.7439104075703966,SELF_FUNDED_REINVESTMENT,14.63,22.7,0.0019586815959620196,0.0029584894121228444
HCLTECH,2024-03,14.293122742532729,22.015594151738192,19.579121668956358,23.01393141233172,29.072830683184502,15.867725188372422,0.08435023365512796,38.91500904159132,Levered,-1379.0,-0.053672206437551086,1.1101650405025958,3.1347289165216896,15840.0,1.428898790579249,6.012027694631208,100.82749840865691,251.4290976058932,58.0,90.0,13.396477329776978,OK,12.710299978373406,OK,13.082373204583831,OK,12.043662852781601,OK,9.194090295112023,OK,9.179123626035102,OK,12.257330985276148,OK,9.407036350794119,OK,9.69075247889608,OK,26.26309929980904,6.044171659610623,17.956729459385826,3.8391317512701186,SELF_FUNDED_REINVESTMENT,14.29,23.01,0.0031227425327298164,0.003931412331716899
HDFCBANK,2013-03,19.249323777920306,35.22210758205293,47.78728981344636,18.838523046693776,4.603861580577652,1.6930612204854767,9.158311273640258,2.402495443712323,Levered,224628.0,12.619550561797753,0.08795432192934909,12.932203389830509,-6749.0,-0.8470230334637114,2.5152672820055213,-97.76908590467912,76.98109243697479,14.0,19.0,,INSUFFICIENT,,INSUFFICIENT,,INSUFFICIENT,,INSUFFICIENT,,INSUFFICIENT,,INSUFFICIENT,,INSUFFICIENT,,INSUFFICIENT,,INSUFFICIENT,,,,,EXTERNALLY_FUNDED_INVESTMENT,19.25,18.84,0.0006762220796936447,0.0014769533062235496
HDFCBANK,2014-03,20.60392433321584,31.742450945834804,50.54400187992011,19.851925645844183,4.6673060732048155,1.7409951947897222,9.434125025471506,2.592070378404435,Levered,297106.0,13.38435895125687,0.08449823279456734,14.063119629874421,3112.0,0.4802691605839416,2.5825402420397134,35.49270072992701,92.01458333333333,18.0,19.0,,INSUFFICIENT,,INSUFFICIENT,,INSUFFICIENT,,INSUFFICIENT,,INSUFFICIENT,,INSUFFICIENT,,INSUFFICIENT,,INSUFFICIENT,,INSUFFICIENT,,,,,EXPANSION_WITH_EXTERNAL_CAPITAL,20.6,19.85,0.003924333215838516,0.0019256458441816449
HDFCBANK,2015-03,21.12462006079027,31.903051355938892,50.57632337267596,16.947461760141874,4.472732477361428,1.7629802156821726,8.071729423314437,2.6843704169285565,Levered,360308.0,13.697319901159476,0.08345618574955897,15.710387596899224,-22081.0,-1.9883210314864992,1.5789681443176884,-206.30664299729048,126.0558882235529,21.0,19.0,,INSUFFICIENT,,INSUFFICIENT,,INSUFFICIENT,,INSUFFICIENT,,INSUFFICIENT,,INSUFFICIENT,,INSUFFICIENT,,INSUFFICIENT,,INSUFFICIENT,,,,,EXTERNALLY_FUNDED_INVESTMENT,21.12,16.95,0.0046200607902697755,0.002538239858125735
HDFCBANK,2016-03,20.298597257844907,31.751686140400874,48.641588296760716,17.25479112833764,4.244147254213687,1.6820779520658296,8.742288436692506,2.740189083125223,Levered,455953.0,14.492641683353995,0.08286670899959592,17.224434142350695,-35272.0,-2.6858279385383357,1.3251638643488173,-275.1111457764605,146.84584980237153,25.0,19.0,20.76594733223789,OK,,INSUFFICIENT,,INSUFFICIENT,22.9215446235167,OK,,INSUFFICIENT,,INSUFFICIENT,21.321375160129328,OK,,INSUFFICIENT,,INSUFFICIENT,,,,,EXTERNALLY_FUNDED_INVESTMENT,20.3,17.25,0.001402742155093506,0.00479112833764006
HDFCBANK,2017-03,20.904587080836894,32.558583887213224,49.53938120129383,16.686275791446064,4.355704246985638,1.7164905014209766,8.078414711201168,2.8127082526152654,Levered,530773.0,14.274230851979347,0.08211071066763491,18.31775,16136.0,1.128288829405236,1.5640567209400718,105.34700006528695,178.93567251461988,30.0,18.0,19.85620098462466,OK,,INSUFFICIENT,,INSUFFICIENT,20.43638844397513,OK,,INSUFFICIENT,,INSUFFICIENT,18.56311014966876,OK,,INSUFFICIENT,,INSUFFICIENT,,,,,SELF_FUNDED_REINVESTMENT,20.9,16.69,0.0045870808368952964,0.0037242085539368475
HDFCBANK,2018-03,21.76273332708001,34.62620767282619,52.200778538598634,16.935373497933377,4.222337293819517,1.6824905319683174,8.620671721457313,2.7726848103630815,Levered,706356.0,15.528403095321844,0.07731062576936255,21.27944111776447,16372.0,0.9274284790690157,0.9872432229621987,88.20645439362103,211.17341040462426,36.0,18.0,18.95711890140528,OK,18.91950885967244,OK,,INSUFFICIENT,20.14303953691674,OK,21.87445860432433,OK,,INSUFFICIENT,19.681696117715084,OK,20.791087977228596,OK,,INSUFFICIENT,,,,,EXPANSION_WITH_EXTERNAL_CAPITAL,21.76,16.94,0.0027333270800085074,0.004626502066624738
HDFCBANK,2019-03,21.34441475451926,33.145367579235646,50.650906704957166,14.60633943503413,4.31677240118388,1.7362233776761555,7.02943913374503,2.811262996780493,Levered,790789.0,14.513618177146423,0.0813432177759076,24.069810025177386,-64375.0,-2.801033591731266,1.4292370745808807,-286.7994297424931,281.96880733944954,41.0,18.0,18.522174644131795,OK,19.834211467600227,OK,,INSUFFICIENT,20.523671424601055,OK,20.683440705228385,OK,,INSUFFICIENT,17.92737079940734,OK,17.89686864191824,OK,,INSUFFICIENT,25.763234874810653,3.7630655352599347,13.648594868406562,-11.132120292196067,EXTERNALLY_FUNDED_INVESTMENT,21.34,14.61,0.0044147545192601,0.0036605649658696393
HDFCBANK,2020-03,22.339163099788035,37.203839952859916,51.62003126304332,15.477608047267491,4.178749290280436,1.726687879152091,7.558721464294219,2.5352305156959685,Levered,943736.0,14.665444204441268,0.07729420620813117,25.58396147403685,-18272.0,-0.6180026377491208,1.1482211983075399,-66.94021101992966,321.8211678832117,50.0,5.0,18.585975523887367,OK,19.251293469323972,OK,,INSUFFICIENT,21.238838123135963,OK,20.59205522492409,OK,,INSUFFICIENT,18.56311014966876,OK,18.94608218221061,OK,,INSUFFICIENT,19.58791874267292,3.0317412876081606,7.7315191683112925,-3.4174233566784324,EXTERNALLY_FUNDED_INVESTMENT,22.34,15.48,0.0008369002119650304,0.0023919527325091394
HDFCBANK,2021-03,24.78141141328023,40.80605513722074,54.55302134544776,15.183737667413375,4.074358539368404,1.7703182038191572,7.20374624660407,2.5657264112976987,Levered,1072595.0,14.998391923259781,0.0714373436724614,24.495426829268293,40653.0,1.3333333333333333,1.4181031800360944,127.61088614747152,380.78039927404717,58.0,11.0,14.656048220040274,OK,15.272202925687562,OK,,INSUFFICIENT,19.729499834991103,OK,19.965562603525953,OK,,INSUFFICIENT,17.230827599961064,OK,18.330744502429685,OK,,INSUFFICIENT,18.00596352450011,2.7339782660502356,7.898758564756551,7.087145654484731,SELF_FUNDED_REINVESTMENT,24.78,15.18,0.0014114132802305335,0.003737667413375334
HDFCBANK,2022-03,28.06541313559322,41.60560852165725,60.78742937853108,15.425327602728373,4.065941149349726,1.7970883692097823,7.217044641304831,2.601845146257754,Levered,1335706.0,15.84223073547377,0.06403213665615605,21.134328358208954,-14011.0,-0.3134911273623234,1.5087982580037664,-36.725118607638066,445.6342342342342,69.0,23.0,8.933115924941903,OK,13.156752089445444,OK,,INSUFFICIENT,19.340812182873645,OK,20.023543022481306,OK,,INSUFFICIENT,18.947434102124603,OK,18.12601880431084,OK,,INSUFFICIENT,19.895663285366044,3.068971240503463,8.618659044275498,-1.8458856124013057,EXTERNALLY_FUNDED_INVESTMENT,28.07,15.43,0.004586864406778801,0.004672397271626494
HDFCBANK,2023-03,27.026599669700268,36.91977933167012,55.87570422947632,15.944347321360706,3.928519959648364,1.8237597374677526,7.39091618930479,2.8134583628214203,Levered,1627630.0,16.65009462431589,0.06748017729778946,20.253113509666708,17822.0,0.45101735682246635,1.7522283518980521,38.618388264101064,518.7060931899641,82.0,23.0,11.801146839851807,OK,14.89379936491606,OK,16.88932454034271,OK,19.129987192053232,OK,19.980919190469294,OK,20.923982605551128,OK,17.92737079940734,OK,17.89686864191824,OK,19.33520449710433,OK,18.756523001581833,2.9906051727831175,9.722127461510919,2.058931085513247,EXPANSION_WITH_EXTERNAL_CAPITAL,27.03,15.94,0.0034003302997334117,0.004347321360706147
HDFCBANK,2024-03,23.07288232992184,61.41252040373843,70.83226099862858,14.33974005030719,5.637505439968978,1.6238920508541275,6.808786667718385,1.6157737281456581,Levered,2101821.0,10.302690593950208,0.07038097917866981,22.504681053633767,19069.0,0.2913699844146319,0.0,29.13699844146319,600.521052631579,84.0,23.0,30.186956140948773,OK,21.95098428169122,OK,20.887964823195592,OK,27.12356908487252,OK,23.865063572879073,OK,22.263903320427715,OK,13.140240479934251,OK,15.424788082530828,OK,16.654280155455027,OK,12.351542187452251,1.7711790418846791,4.788748131191577,2.3589765552566413,ASSET_MONETISATION_AND_DELEVERAGING,23.07,14.34,0.0028823299218387888,0.0002599496928095135
HDFCLIFE,2013-03,3.1792318634423897,96.26600284495022,3.769559032716927,33.43305908750935,39.64098728496634,1.0663676702132736,0.0,18.928571428571427,Levered,-40404.0,-71.51150442477876,0.33541676606708337,55.79365079365079,,,,,6.701754385964913,2.0,0.0,,INSUFFICIENT,,INSUFFICIENT,,INSUFFICIENT,,INSUFFICIENT,,INSUFFICIENT,,INSUFFICIENT,,INSUFFICIENT,,INSUFFICIENT,,INSUFFICIENT,,,,,NO_DATA,3.18,33.43,0.0007681365576104326,0.0030590875093494674
HDFCLIFE,2014-03,4.223464988931609,96.47559128509845,6.029360363509262,37.60373443983403,53.68257261410788,1.3868962219033953,0.0,4.2946058091286305,Levered,-50527.0,-46.95817843866171,0.3283787661406026,61.526881720430104,,,,,9.664160401002507,4.0,14.0,,INSUFFICIENT,,INSUFFICIENT,,INSUFFICIENT,,INSUFFICIENT,,INSUFFICIENT,,INSUFFICIENT,,INSUFFICIENT,,INSUFFICIENT,,INSUFFICIENT,,,,,NO_DATA,4.22,37.6,0.003464988931609625,0.0037344398340266594
HDFCLIFE,2015-03,2.8881131728826013,96.78853573397024,3.6854675730295794,30.932703659976386,39.472648563557655,1.1340518547374798,0.0,12.69620253164557,Levered,-67024.0,-64.07648183556405,0.3926618476676911,78.65606936416185,945.0,5.673027989821883,12.911997060444607,120.2290076335878,12.736842105263158,4.0,18.0,,INSUFFICIENT,,INSUFFICIENT,,INSUFFICIENT,,INSUFFICIENT,,INSUFFICIENT,,INSUFFICIENT,,INSUFFICIENT,,INSUFFICIENT,,INSUFFICIENT,,,,,SELF_FUNDED_REINVESTMENT,2.89,30.93,0.0018868271173988482,0.002703659976386774
HDFCLIFE,2016-03,4.503610605810043,94.74119398048619,6.151810815280304,26.32935868514341,35.96519497260716,1.067359949832776,0.0,10.333333333333334,Levered,-74144.0,-63.862187769164514,0.23700094063545152,54.15223880597015,1725.0,6.960832313341493,21.840030869301582,211.13831089351285,15.553884711779448,4.0,22.0,8.8659251397204,OK,,INSUFFICIENT,,INSUFFICIENT,22.265757946197162,OK,,INSUFFICIENT,,INSUFFICIENT,25.99210498948732,OK,,INSUFFICIENT,,INSUFFICIENT,,,,,SELF_FUNDED_REINVESTMENT,4.5,26.33,0.0036106058100431326,0.0006413148565869164
HDFCLIFE,2017-03,2.8942473977877117,96.82513786014944,3.9155545404117857,23.183481442760062,31.364349189754314,0.9327318422242553,0.0,8.633093525179856,Levered,-91723.0,-73.9105560032232,0.32227094440413473,90.9406528189911,1053.0,7.023675310033822,16.892354879759846,118.71476888387824,19.14914914914915,4.0,25.0,21.312705025984258,OK,,INSUFFICIENT,,INSUFFICIENT,6.953550044347678,OK,,INSUFFICIENT,,INSUFFICIENT,0.0,OK,,INSUFFICIENT,,INSUFFICIENT,,,,,SELF_FUNDED_REINVESTMENT,2.89,23.18,0.004247397787711549,0.0034814427600622366
HDFCLIFE,2018-03,3.4314941103533787,96.67079975201489,4.903905765654061,23.52816153028693,33.623804463336874,1.0019641030746813,0.0,5.609929078014185,Levered,-106590.0,-65.55350553505535,0.2919906229917725,96.01190476190476,2318.0,6.087624209575429,13.7042777433354,209.3947606142728,23.384691848906563,6.0,25.0,5.832407288001629,OK,18.068979210389813,OK,,INSUFFICIENT,12.092105000644771,OK,19.885875601681914,OK,,INSUFFICIENT,14.471424255333186,OK,24.57309396155174,OK,,INSUFFICIENT,,,,,SELF_FUNDED_REINVESTMENT,3.43,23.53,0.0014941103533785416,0.0018384697130713334
HDFCLIFE,2019-03,3.289151975292755,96.87298931926392,3.6726290052760264,22.651542006380716,25.292449485997874,0.9829257037378865,0.0,10.492647058823529,Levered,-124958.0,-84.8899456521739,0.2988386402091986,105.01351351351352,-314.0,7.721439749608764,26.205121605970916,-24.56964006259781,27.97223599405057,6.0,26.0,28.902665113717664,OK,17.748548170832045,OK,,INSUFFICIENT,16.083260822533884,OK,12.005298924817453,OK,,INSUFFICIENT,14.471424255333186,OK,8.447177119769854,OK,,INSUFFICIENT,26.482464788732393,5.9986866359447,24.816732336956523,-0.9277701399248742,SELF_FUNDED_REINVESTMENT,3.29,22.65,0.0008480247072450986,0.0015420063807169981
HDFCLIFE,2020-03,4.414567733151804,96.11640571817563,6.235534377127298,19.05391508741002,26.913471426472746,0.9809111810261374,0.0,4.964769647696477,Levered,-127256.0,-67.7253858435338,0.2221986931268151,91.24223602484471,-401.0,5.696222050886662,26.511232130701156,-30.91750192752506,33.7147102526003,6.0,0.0,-1.397496659666153,OK,1.5426961503206993,OK,,INSUFFICIENT,13.502506455997686,OK,10.535934188119933,OK,,INSUFFICIENT,14.471424255333186,OK,8.447177119769854,OK,,INSUFFICIENT,33.62841942945258,6.407530483325988,23.948845130388502,-0.9193861160315718,EXPANSION_WITH_EXTERNAL_CAPITAL,4.41,19.05,0.004567733151803921,0.003915087410018003
HDFCLIFE,2021-03,1.9027513700928307,98.27480147634493,2.899563807180405,15.752314814814813,22.445887445887447,0.7575631070663216,0.06944444444444445,4.6606741573033705,Levered,-172964.0,-81.39482352941177,0.3981408811332832,122.27008547008548,751.0,7.129316678912565,12.515378592998546,55.18001469507715,42.75111331024245,7.0,30.0,30.39789267576891,OK,31.571847111711104,OK,,INSUFFICIENT,7.128124423077553,OK,10.745786997425878,OK,,INSUFFICIENT,5.272659960939663,OK,11.842691472014465,OK,,INSUFFICIENT,28.717678177810434,4.523699074074075,23.49049882352941,1.921465041617244,EXPANSION_WITH_EXTERNAL_CAPITAL,1.9,15.75,0.002751370092830774,0.0023148148148131042
HDFCLIFE,2022-03,1.976879301611894,98.84098560915294,3.356374579149659,8.498783143332906,13.895399037868508,0.5751211351599678,0.038427052645062125,2.941253263707572,Levered,-215951.0,-93.52576873105241,0.2909237476921477,10.162906888720666,5142.0,4.47852298417483,1.1932783124273754,387.490580256217,73.89493610979649,6.0,27.0,19.990800802788545,OK,16.977021770482814,OK,,INSUFFICIENT,1.2620440460022975,OK,8.390060976433,OK,,INSUFFICIENT,0.0,OK,8.447177119769854,OK,,INSUFFICIENT,25.139585531273553,2.136558857435635,15.873438718059765,15.413562796179761,SELF_FUNDED_REINVESTMENT,1.98,8.5,0.0031206983881060246,0.001216856667094035
HDFCLIFE,2023-03,1.9485236514877435,99.88605124845101,4.099306336974946,10.528746247979681,20.64118195510292,0.5514594729692142,0.07311629338874778,2.0027835768963116,Levered,-237247.0,-80.31381178063643,0.28301400013705863,70.41825476429288,-3188.0,5.031432748538012,14.344723460623584,-233.04093567251462,60.46067938576082,6.0,30.0,33.69326864431261,OK,16.82699621683943,OK,17.44634599483419,OK,1.7924046284194306,OK,4.324832308677151,OK,11.83502970145085,OK,0.0,OK,0.0,OK,11.612317403390438,OK,25.837982456140352,2.7204156084045255,11.2650846310088,-9.01931627471683,EXPANSION_WITH_EXTERNAL_CAPITAL,1.95,10.53,0.0014763485122564202,0.0012537520203181884
HDFCLIFE,2024-03,1.5510139729213062,99.47675449833469,1.4800654303226186,10.732306013909723,9.618340163934427,0.5200091183301563,0.06477567162143734,2.860952380952381,Levered,-290178.0,-183.54079696394686,0.33527042786773137,65.51452550032279,-2893.0,6.81130876747141,13.41518692970182,-183.7992376111817,68.18224081822409,7.0,27.0,12.366704821498665,OK,21.16813430936688,OK,19.44610458066991,OK,4.966053172356233,OK,4.25449161597129,OK,8.060425215255096,OK,0.0,OK,3.131030647754507,OK,5.755705033825231,OK,29.87776365946633,3.2065730260466383,27.1482036685642,-6.151706657367163,SELF_FUNDED_REINVESTMENT,1.55,10.73,0.0010139729213061166,0.002306013909722182
HEROMOTOCO,2014-03,8.316518298714143,85.94263105835806,13.032640949554896,37.38218033078428,55.764347384459114,20.766646907725747,0.050506846878890274,7.660465116279069,Levered,-3822.0,-0.8684389911383776,2.497036158861885,11.248331108144193,1347.0,1.4096098953377736,6.393669634025717,64.08182683158896,281.15,105.0,62.0,,INSUFFICIENT,,INSUFFICIENT,,INSUFFICIENT,,INSUFFICIENT,,INSUFFICIENT,,INSUFFICIENT,,INSUFFICIENT,,INSUFFICIENT,,INSUFFICIENT,,,,,SELF_FUNDED_REINVESTMENT,8.32,37.38,0.0034817012858567864,0.0021803307842773734
HEROMOTOCO,2015-03,8.584501416224853,87.21766286585809,13.134577674486165,36.14678899082569,54.472891566265055,22.18884925849446,0.01529051987767584,11.12923076923077,Levered,-3018.0,-0.7260043300457061,2.5847568988173455,9.32859078590786,2186.0,0.9247038917089678,0.0,92.47038917089678,327.0,118.0,51.0,,INSUFFICIENT,,INSUFFICIENT,,INSUFFICIENT,,INSUFFICIENT,,INSUFFICIENT,,INSUFFICIENT,,INSUFFICIENT,,INSUFFICIENT,,INSUFFICIENT,,,,,ASSET_MONETISATION_AND_DELEVERAGING,8.58,36.15,0.004501416224853116,0.003211009174307833
HEROMOTOCO,2016-03,10.935797870471237,84.45373721755631,16.89566714692343,35.22752999773602,53.033311272887715,24.13151364764268,0.026262168892913742,11.420427553444181,Levered,-4269.0,-0.812988002285279,2.2066532258064515,7.520348837209302,1422.0,1.1960154241645244,8.082369891415118,45.69408740359897,441.7,157.0,46.0,,INSUFFICIENT,,INSUFFICIENT,,INSUFFICIENT,,INSUFFICIENT,,INSUFFICIENT,,INSUFFICIENT,,INSUFFICIENT,,INSUFFICIENT,,INSUFFICIENT,,,,,SELF_FUNDED_REINVESTMENT,10.94,35.23,0.0042021295287622,0.002470002263976312
HEROMOTOCO,2017-03,12.394267738552953,83.9741349178609,19.975533030408947,34.373788290034895,54.03233431029592,23.15830721003135,0.025300504071345483,6.885542168674699,Levered,-5805.0,-0.9337300949010777,1.8684691745036572,6.220917590780605,2035.0,1.1300056401579244,6.892694861936385,57.38860688099267,515.8,179.0,47.0,4.217879202822017,OK,,INSUFFICIENT,,INSUFFICIENT,19.04249113278256,OK,,INSUFFICIENT,,INSUFFICIENT,19.459651644596644,OK,,INSUFFICIENT,,INSUFFICIENT,,,,,SELF_FUNDED_REINVESTMENT,12.39,34.37,0.0042677385529525935,0.0037882900348975568
HEROMOTOCO,2018-03,11.467126748413333,83.56645511122065,18.041777065746505,31.089208152355496,48.0,21.39449330344312,0.019044437019712663,10.382978723404255,Levered,-7441.0,-1.157051780438501,1.8657239753980572,6.542632533763354,2159.0,1.0792584631918323,5.724320660545936,58.006448146157986,598.6,186.0,51.0,5.632231257694875,OK,,INSUFFICIENT,,INSUFFICIENT,16.334795886648877,OK,,INSUFFICIENT,,INSUFFICIENT,16.379631833470242,OK,,INSUFFICIENT,,INSUFFICIENT,,,,,SELF_FUNDED_REINVESTMENT,11.47,31.09,0.0028732515866671804,0.0007918476445034628
HEROMOTOCO,2019-03,10.202820052397634,85.2079715051073,17.205852050278178,26.417682926829265,43.51548540798094,18.731085170773888,0.02378048780487805,7.887989203778678,Levered,-5802.0,-0.8968928737053641,1.8358733246865542,6.860056542810986,1032.0,0.2977495672244662,0.0,29.77495672244662,656.0,172.0,50.0,6.0815212733451585,OK,6.092194646194393,OK,,INSUFFICIENT,3.6564481390962467,OK,10.51956562416465,OK,,INSUFFICIENT,3.0883522949268993,OK,10.3742662730538,OK,,INSUFFICIENT,276.8554270051933,73.13878887195122,165.19427113927964,0.10754694984501098,ASSET_MONETISATION_AND_DELEVERAGING,10.2,26.42,0.0028200523976344982,0.0023170731707367054
HEROMOTOCO,2020-03,12.50769125589663,86.0873726669857,20.663840842277978,25.39913924753575,40.68241469816273,18.598149842431635,0.031445231153685964,4.2154811715481175,Levered,-7906.0,-1.1472935713249166,1.4869370743112738,4.5193882280241,2699.0,1.508062312107133,9.636289054488275,73.76332331238044,720.3,182.0,49.0,0.7447599570538088,OK,1.2163267615447948,OK,,INSUFFICIENT,1.0511420331481336,OK,9.129706567474805,OK,,INSUFFICIENT,0.555566955512532,OK,9.053064987397041,OK,,INSUFFICIENT,316.31479092648266,80.34123420796891,178.8551197213757,0.23319593464576363,SELF_FUNDED_REINVESTMENT,12.51,25.4,0.0023087441033702305,0.0008607524642485487
HEROMOTOCO,2021-03,9.483510449303918,86.89557156238897,14.218805516974061,19.045147898287492,27.5125,12.712157949428473,0.03788271925272444,7.960216998191682,Levered,-9998.0,-1.9538792261090483,1.3404485625216487,4.852507836990595,1821.0,1.3998637602179838,7.393649665686876,62.02316076294277,770.8,146.0,72.0,-1.5637510188488024,OK,1.6996742986216562,OK,,INSUFFICIENT,-7.602569468023413,OK,-1.1575975899889346,OK,,INSUFFICIENT,-7.75419244590786,OK,-1.4422816893438384,OK,,INSUFFICIENT,429.9421151226158,81.88311170212766,296.49203244088335,0.14425932836389918,SELF_FUNDED_REINVESTMENT,9.48,19.05,0.0035104493039170848,0.004852101712508272
HEROMOTOCO,2022-03,7.881289973266556,88.98176034651958,12.192480795912152,14.696788035590332,21.900072939460248,10.361242103389982,0.038177573042216195,6.611009174311927,Levered,-9923.0,-2.3114372233869087,1.314663226265682,4.770907329673878,1882.0,0.9033920137398025,0.7512436127373016,80.80721339630743,792.35,116.0,82.0,-4.54003220248077,OK,0.649324573864174,OK,,INSUFFICIENT,-12.411522620725435,OK,-8.063884175161895,OK,,INSUFFICIENT,-12.304660425977742,OK,-8.3102071293645,OK,,INSUFFICIENT,524.0390253327608,77.01690477692938,286.0859468902865,0.1542007550773446,SELF_FUNDED_REINVESTMENT,7.88,14.7,0.0012899732665561103,0.0032119644096670896
HEROMOTOCO,2023-03,8.197201241290474,88.00281046899701,12.972070964342175,16.810758885686838,25.72573153738969,11.707153907262617,0.034101825168107586,7.814814814814815,Levered,-10323.0,-2.013065522620905,1.4281891541581302,5.546030199707745,2193.0,0.9335714285714286,1.2325077580654604,78.32142857142857,832.8,141.0,71.0,5.301783210107014,OK,1.0262274293043383,OK,,INSUFFICIENT,-8.532837352235456,OK,-5.5338246350665194,OK,,INSUFFICIENT,-8.156327442370149,OK,-5.389086951880584,OK,,INSUFFICIENT,550.7277428571429,92.5815129682997,308.2383697347894,0.14221442370980195,SELF_FUNDED_REINVESTMENT,8.200000000000001,16.81,0.0027987587095275046,0.000758885686838795
HEROMOTOCO,2024-03,9.902352536452407,86.14676228532112,15.292810077006536,21.14243742584327,31.570609123190387,14.308109968263679,0.03423922255494661,8.387518142235123,Levered,-12145.0,-1.858170134638923,1.4449202768324858,6.063703465982028,3095.0,1.3156066274719402,4.8373865410569215,82.70978086584714,884.95,187.0,75.0,6.870906150291889,OK,2.1530677970544643,OK,4.104001615840858,OK,8.421624634095327,OK,1.5441818871883894,OK,5.936862676941823,OK,8.599939568135696,OK,1.6863437197464748,OK,5.941283634174321,OK,425.81530732228754,90.02773490027684,225.72574816401468,0.19423862750722218,SELF_FUNDED_REINVESTMENT,9.9,21.14,0.0023525364524061843,0.00243742584326867
HINDALCO,2013-03,3.749703839487237,90.39941141994937,6.259897996084446,8.511180300028306,5.439906372926171,2.493573264781491,1.6119728276252476,4.518451845184519,Levered,44350.0,5.655445039530732,0.665005390165022,2.114292493870126,-10824.0,0.9900232790156301,17.20973152270148,-359.9600931160625,184.9738219895288,16.0,6.0,,INSUFFICIENT,,INSUFFICIENT,,INSUFFICIENT,,INSUFFICIENT,,INSUFFICIENT,,INSUFFICIENT,,INSUFFICIENT,,INSUFFICIENT,,INSUFFICIENT,,,,,EXPANSION_WITH_EXTERNAL_CAPITAL,3.75,8.51,0.000296160512763155,0.0011803000283059362
HINDALCO,2014-03,2.5029933291521753,90.85010547921775,3.7972518387593364,5.405871342724855,3.160592255125285,1.5907872041280746,1.5948182445079302,4.918759231905465,Levered,51795.0,7.757226299236184,0.6355539128292096,1.433791671435345,-139.0,3.624601366742597,9.230856947374424,-6.33257403189066,197.10679611650485,11.0,9.0,,INSUFFICIENT,,INSUFFICIENT,,INSUFFICIENT,,INSUFFICIENT,,INSUFFICIENT,,INSUFFICIENT,,INSUFFICIENT,,INSUFFICIENT,,INSUFFICIENT,,,,,EXPANSION_WITH_EXTERNAL_CAPITAL,2.5,5.41,0.002993329152175317,0.004128657275145109
HINDALCO,2015-03,0.248367391950595,91.51906867022755,-0.4718021499602037,0.6757285606198962,-0.46068709795218965,0.18272120553666418,1.7863236713715462,,Invalid Interest,56122.0,18.701099633455513,0.7356891905238948,1.4491724454203088,3270.0,27.57915057915058,3.714003509747701,1262.5482625482625,185.16425120772948,4.0,24.0,,INSUFFICIENT,,INSUFFICIENT,,INSUFFICIENT,,INSUFFICIENT,,INSUFFICIENT,,INSUFFICIENT,,INSUFFICIENT,,INSUFFICIENT,,INSUFFICIENT,,,,,SELF_FUNDED_REINVESTMENT,0.25,0.6799999999999999,0.0016326080494049877,0.00427143938010377
HINDALCO,2016-03,-0.7108212922366569,92.12426209256877,1.3132980285341083,-1.7286808342978157,1.1991383215761688,-0.4973573462939084,1.663473614223448,0.8646666666666667,Levered,55089.0,9.760630758327427,0.6996939339407422,1.1530800485708947,8468.0,-16.64957264957265,3.2604623376097366,-1206.2678062678062,196.17874396135267,-1.0,-82.0,7.188141536422643,OK,,INSUFFICIENT,,INSUFFICIENT,,DECLINE_TO_LOSS,,INSUFFICIENT,,INSUFFICIENT,,DECLINE_TO_LOSS,,INSUFFICIENT,,INSUFFICIENT,,,,,SELF_FUNDED_REINVESTMENT,-0.7100000000000001,-1.73,0.0008212922366568343,0.0013191657021842662
HINDALCO,2017-03,1.8785434799968057,87.70562165615267,4.504711331150682,4.086063527215094,4.107357384688195,1.2877709656229472,1.3855489697996048,3.7671118530884806,Levered,48660.0,5.424749163879599,0.685515655791548,1.182991486296598,9811.0,6.741232731137088,2.8707178791024517,521.307120085016,206.542600896861,8.0,13.0,4.538078159935965,OK,,INSUFFICIENT,,INSUFFICIENT,-4.998958864002645,OK,,INSUFFICIENT,,INSUFFICIENT,-10.07113739547817,OK,,INSUFFICIENT,,INSUFFICIENT,,,,,SELF_FUNDED_REINVESTMENT,1.88,4.09,0.0014565200031941838,0.003936472784905831
HINDALCO,2018-03,5.281161282480921,88.1102245991162,9.581275014542076,11.089841755997957,10.32115668780278,4.137701171317017,0.9493546269962809,3.8332754428621048,Levered,41293.0,2.6568652683052374,0.7834832056810916,1.3536926476118842,10898.0,1.7915502219299688,0.0,179.15502219299688,245.97309417040358,27.0,4.0,3.369972212946082,OK,7.51037706220592,OK,,INSUFFICIENT,186.37780155011527,OK,15.132219678170777,OK,,INSUFFICIENT,88.98815748423097,OK,11.032151746146003,OK,,INSUFFICIENT,,,,,ASSET_MONETISATION_AND_DELEVERAGING,5.28,11.09,0.0011612824809210665,0.00015824400204245137
HINDALCO,2019-03,4.209373228539474,88.11800033705627,7.055200625086179,9.556355541642754,8.379125877943157,3.6157976469349618,0.9115493643588807,8.172138420585625,Levered,43403.0,3.1030957317509116,0.858987181849288,1.5204053109713487,6521.0,2.1796178343949046,4.1794977861531155,118.67151956323931,259.0135135135135,24.0,5.0,9.746629896073555,OK,8.281705099970505,OK,,INSUFFICIENT,,TURNAROUND,20.145258021945757,OK,,INSUFFICIENT,,TURNAROUND,16.8863268921301,OK,,INSUFFICIENT,44.99693175614195,4.3000667814472795,17.861264030885824,2.6373247004122895,SELF_FUNDED_REINVESTMENT,4.21,9.56,0.0006267714605261432,0.0036444583572468048
HINDALCO,2020-03,3.188481852654388,87.89104821235102,5.781080715059588,6.459522952140885,5.390005997664068,2.2340438150138184,1.172882692868289,7.5386313465783665,Levered,58988.0,4.9482425970975585,0.7006606649349417,1.324558551488312,5518.0,3.383328908946111,6.117111321776815,146.48261215821609,262.68918918918916,17.0,6.0,5.65038914335767,OK,2.527719294421793,OK,,INSUFFICIENT,26.02556902957076,OK,70.82017845038192,OK,,INSUFFICIENT,28.564079532911755,OK,33.56042305195701,OK,,INSUFFICIENT,76.29789222192726,4.9284798600751065,24.779492492240585,1.9198775731856774,EXPANSION_WITH_EXTERNAL_CAPITAL,3.19,6.460000000000001,0.0015181473456120642,0.00047704785911584224
HINDALCO,2021-03,2.6384764559723655,86.69853342221684,3.95354826980183,5.234996167315468,3.9023770179229693,1.8445943798921738,1.010115281138683,,Invalid Interest,50073.0,4.226639655609015,0.6991134507631526,1.3165385114043224,-8048.0,4.9474590869939705,19.150354523968243,-231.0651737008326,299.6981981981982,16.0,19.0,4.6495315238416435,OK,5.97531435810712,OK,,INSUFFICIENT,-16.961680276450775,OK,,TURNAROUND,,INSUFFICIENT,-16.00526334034179,OK,,TURNAROUND,,INSUFFICIENT,106.60795291415447,5.580922249109465,30.567094623111334,-2.167429046188484,SELF_FUNDED_REINVESTMENT,2.64,5.23,0.0015235440276346601,0.004996167315467481
HINDALCO,2022-03,7.038895923797416,85.46747394378112,10.435816855412977,17.559565678914453,14.267190927759904,6.188726871154583,0.8247240731030425,16.24581005586592,Levered,50367.0,1.8595901790659037,0.8792184084199139,1.8251305275370997,10065.0,1.226365622723962,3.472282745220677,73.30662782228697,352.2117117117117,61.0,6.0,14.324306894244042,OK,14.254555528747236,OK,,INSUFFICIENT,35.69617735616912,OK,48.802484878438634,OK,,INSUFFICIENT,36.47073516767032,OK,50.123254069409185,OK,,INSUFFICIENT,34.79945884923525,6.110633832538272,19.011674727709064,2.1065450511710453,SELF_FUNDED_REINVESTMENT,7.04,17.56,0.0011040762025844586,0.0004343210855459745
HINDALCO,2023-03,4.523704984722359,89.84507307282192,6.517862743165384,10.650169820475497,9.379936426881242,4.517895735360577,0.6359407632428328,11.130833970925785,Levered,46175.0,2.1343718221318295,0.9987158204654368,2.0176269593043226,11649.0,1.9023472318510448,3.3866183994767076,115.37090224819254,427.05405405405406,45.0,7.0,23.62191599591421,OK,14.146326442125012,OK,10.778673922639559,OK,38.90959508019329,OK,10.666177153274848,OK,12.877112910253885,OK,38.33153542625083,OK,10.756634324829006,OK,10.894307469981591,OK,53.252353174210164,5.671466046452756,31.302020893038737,2.1664939739051015,SELF_FUNDED_REINVESTMENT,4.52,10.65,0.0037049847223595833,0.00016982047549696233
HINDALCO,2024-03,4.702216130615571,88.94620349876368,7.19154295663126,9.567011474761177,9.55742083174361,4.401381743475944,0.5309290976579428,10.224489795918368,Levered,40912.0,1.7747700850251604,0.9360228499109322,1.9315088095876933,9789.0,2.368882323978336,6.6062548040859035,96.39586410635155,478.13513513513516,45.0,8.0,17.830855223435172,OK,10.592433818985914,OK,9.43097050230084,OK,42.85939867649064,OK,13.06871230695661,OK,16.553290877299798,OK,41.155404332154276,OK,13.396657763302722,OK,15.128271105738422,OK,71.12566223535204,6.804600267556007,28.46980392156863,1.355289512628809,SELF_FUNDED_REINVESTMENT,4.7,9.569999999999999,0.0022161306155705773,0.0029885252388215378
HINDUNILVR,2013-03,14.216412383350615,84.37268552806991,22.91882684046808,133.99650959860384,214.15224913494808,31.74826331458816,0.008726003490401396,5.51113089937667,Levered,-2227.0,-0.34580745341614905,2.2332120410188554,11.108185931715344,3605.0,0.9390466267257098,0.0,93.90466267257098,13.26388888888889,18.0,104.0,,INSUFFICIENT,,INSUFFICIENT,,INSUFFICIENT,,INSUFFICIENT,,INSUFFICIENT,,INSUFFICIENT,,INSUFFICIENT,,INSUFFICIENT,,INSUFFICIENT,,,,,ASSET_MONETISATION_AND_DELEVERAGING,14.22,134.0,0.003587616649385339,0.0034904013961636338
HINDUNILVR,2014-03,13.532188547581583,83.72100978312923,20.54799206403503,111.84619734238055,167.65280491208486,28.762541806020064,0.013005371783997738,7.584595959595959,Levered,-2792.0,-0.44296366809455817,2.125490766322524,10.646030589949017,3343.0,0.9651162790697675,1.6248204145857565,84.50455005055612,16.375,18.0,71.0,,INSUFFICIENT,,INSUFFICIENT,,INSUFFICIENT,,INSUFFICIENT,,INSUFFICIENT,,INSUFFICIENT,,INSUFFICIENT,,INSUFFICIENT,,INSUFFICIENT,,,,,SELF_FUNDED_REINVESTMENT,13.53,111.85,0.002188547581583933,0.0038026576194454265
HINDUNILVR,2015-03,13.68697610409108,83.07268860252721,23.667584136119103,108.66650111745717,185.92137592137593,30.325710325710325,0.010677924012912838,6.068163592622294,Levered,-2982.0,-0.3779946761313221,2.2156618156618157,11.333569656150301,3292.0,0.7522851919561243,0.0,75.22851919561244,18.64351851851852,20.0,74.0,,INSUFFICIENT,,INSUFFICIENT,,INSUFFICIENT,,INSUFFICIENT,,INSUFFICIENT,,INSUFFICIENT,,INSUFFICIENT,,INSUFFICIENT,,INSUFFICIENT,,,,,ASSET_MONETISATION_AND_DELEVERAGING,13.69,108.67,0.003023895908919272,0.0034988825428285963
HINDUNILVR,2016-03,12.896911700739452,81.63797924563475,20.2323991797676,63.15228966986155,96.47407407407408,28.06056918812952,0.026928343222272933,13.39917695473251,Levered,-2415.0,-0.35178441369264385,2.175758804840127,9.879066912216084,3889.0,1.0048181161165983,0.8761573354874791,93.68826788725609,30.430555555555557,19.0,83.0,6.026144514209131,OK,,INSUFFICIENT,,INSUFFICIENT,2.638793990314081,OK,,INSUFFICIENT,,INSUFFICIENT,1.8185790714934313,OK,,INSUFFICIENT,,INSUFFICIENT,,,,,SELF_FUNDED_REINVESTMENT,12.9,63.14999999999999,0.003088299260548766,0.0022896698615610944
HINDUNILVR,2017-03,13.539593510644716,80.91791809902901,21.32862915385079,66.57769869513642,100.74063523714571,28.587800840443144,0.041073546856465006,11.671617161716172,Levered,-3517.0,-0.4686209193870753,2.111422386349166,7.504412763068568,4012.0,1.1547884187082404,3.537181110910078,89.35412026726058,31.22222222222222,21.0,82.0,4.291958729799861,OK,,INSUFFICIENT,,INSUFFICIENT,4.310978498255391,OK,,INSUFFICIENT,,INSUFFICIENT,5.272659960939663,OK,,INSUFFICIENT,,INSUFFICIENT,,,,,SELF_FUNDED_REINVESTMENT,13.54,66.58,0.00040648935528331265,0.0023013048635789346
HINDUNILVR,2018-03,14.705303136868759,78.90279926853285,21.547334364889576,71.78958934212334,105.19159456118665,29.26324039861158,0.0,21.69688385269122,Levered,-2873.0,-0.35126543587235604,1.989978725786586,7.850044169611308,4996.0,1.1591735220968051,2.990575327050218,95.58063898986035,33.708333333333336,24.0,83.0,3.594390146476889,OK,5.65014169432414,OK,,INSUFFICIENT,6.102364490153711,OK,6.366991948602041,OK,,INSUFFICIENT,6.265856918261115,OK,5.922384104881218,OK,,INSUFFICIENT,,,,,SELF_FUNDED_REINVESTMENT,14.71,71.78999999999999,0.004696863131242068,0.00041065787665672815
HINDUNILVR,2019-03,15.41592470109387,77.41032816077335,22.706690409565,77.03063429515699,112.05121767511925,32.52992645874711,0.01258421253336723,27.720496894409937,Levered,-2617.0,-0.2757349067537667,2.1101508400880347,8.337221633085896,5362.0,0.9570957095709571,1.1142203001780717,88.48184818481847,36.4212962962963,28.0,78.0,6.892035103220162,OK,6.10185094777882,OK,,INSUFFICIENT,13.44184911063353,OK,8.90385875618529,OK,,INSUFFICIENT,13.798047356553855,OK,9.238846414037294,OK,,INSUFFICIENT,60.46354950495049,46.57545570102962,36.22563165103782,1.4633915625078209,SELF_FUNDED_REINVESTMENT,15.42,77.03,0.004075298906130342,0.0006342951569848765
HINDUNILVR,2020-03,16.982128044642185,75.21303069150139,24.103260186511825,82.09989063069631,116.52691700085064,33.52354488165534,0.0,22.61556603773585,Levered,-1255.0,-0.118496836937022,1.974048528755024,7.260996532213908,7623.0,1.1283303730017762,0.0,112.83303730017762,38.09722222222222,31.0,80.0,6.255708535006144,OK,4.468544770055072,OK,,INSUFFICIENT,14.590276308931038,OK,9.074307784278869,OK,,INSUFFICIENT,13.862522184714066,OK,9.160706958928856,OK,,INSUFFICIENT,54.0615260509177,44.38445376108883,35.39378812199037,2.0871226830316654,ASSET_MONETISATION_AND_DELEVERAGING,16.98,82.1,0.0021280446421840793,0.00010936930368643516
HINDUNILVR,2021-03,17.00901590541805,75.27855745513311,22.911882282895295,16.778537567646936,22.601417963669928,11.636601687518185,0.0,63.38235294117647,Levered,-2709.0,-0.22862688834500802,0.6841431480942682,0.9141768559376398,7935.0,1.1455181897737217,2.6112103427745175,99.19989998749844,202.86808510638298,34.0,119.0,9.780700333610891,OK,7.879245537212842,OK,,INSUFFICIENT,15.237651488475933,OK,14.018833278510812,OK,,INSUFFICIENT,12.31106834675555,OK,12.34275325950922,OK,,INSUFFICIENT,41.64098762345293,6.986748751940262,35.962207781247365,2.3822657830437075,SELF_FUNDED_REINVESTMENT,17.01,16.78,0.000984094581951922,0.0014624323530654237
HINDUNILVR,2022-03,16.954581855622926,75.48526103039318,23.067536132402854,18.12437577709382,24.14577678428868,12.611692621904519,0.02125924869040582,55.242009132420094,Levered,-2478.0,-0.1878838425961028,0.7438515870989703,1.018903114254075,7320.0,1.0175438596491229,3.2948175265987873,82.32118758434548,208.77021276595744,38.0,90.0,10.08710276693292,OK,9.600953176013682,OK,,INSUFFICIENT,13.634169774627303,OK,14.643813143172402,OK,,INSUFFICIENT,10.715524489384997,OK,12.593380967869239,OK,,INSUFFICIENT,48.92722559604139,8.867754224332973,31.524926832966866,1.6825231061334884,SELF_FUNDED_REINVESTMENT,16.95,18.12,0.004581855622927122,0.004375777093819977
HINDUNILVR,2023-03,16.743149554308353,76.64740838560581,22.766589633542424,20.16340648854962,26.768627603206337,13.879880126441973,0.024232665394402036,30.785714285714285,Levered,-1663.0,-0.11139393127470025,0.8289886010646305,1.1500056949770303,8507.0,0.9850142955733018,2.449653350940905,83.87064970915903,214.05957446808512,43.0,91.0,15.047516049594755,OK,11.252595068377769,OK,8.415185434676896,OK,14.505301565465833,OK,14.178092979806411,OK,10.203358826715458,OK,11.524149667113527,OK,12.370274760425982,OK,9.09870487382003,OK,48.804003746426105,9.840549658078881,30.21605599839239,1.7185198604797016,SELF_FUNDED_REINVESTMENT,16.74,20.16,0.0031495543083543964,0.003406488549618558
HINDUNILVR,2024-03,16.611735814915342,76.31672482874498,23.818986687346516,20.074973642078955,27.974270426169785,13.099924830230988,0.028974188761763442,18.045287637698898,Levered,-3141.0,-0.19681684316059903,0.7885945801322478,1.1516820482286394,10145.0,1.504473837774752,8.601525138942742,98.66757440186734,217.94893617021276,44.0,96.0,9.589435897156351,OK,9.504485244074123,OK,7.789742422365942,OK,8.729477470315782,OK,11.152950436803422,OK,10.022657733318274,OK,8.974425081854953,OK,9.460878422315755,OK,9.34980606439575,OK,53.38364034234584,10.716751727908157,36.8107888965474,1.8482736240750641,SELF_FUNDED_REINVESTMENT,16.61,20.07,0.0017358149153423597,0.0049736420789550095
ICICIBANK,2013-03,22.568786899855187,70.58928372507519,95.64442464074858,14.731759812689965,7.715367113449864,1.5011365960208765,7.091880807992671,1.46418826739427,Levered,231992.0,5.326414877740787,0.06651383624126066,8.201169376941348,-1069.0,1.726949654491609,41.35680071293305,-10.552813425468905,119.1733102253033,15.0,24.0,,INSUFFICIENT,,INSUFFICIENT,,INSUFFICIENT,,INSUFFICIENT,,INSUFFICIENT,,INSUFFICIENT,,INSUFFICIENT,,INSUFFICIENT,,INSUFFICIENT,,,,,EXPANSION_WITH_EXTERNAL_CAPITAL,22.57,14.73,0.0012131001448132395,0.0017598126899649458
ICICIBANK,2014-03,23.599911073384668,66.39584470179268,93.71046302471755,15.278032186314276,7.484765571402052,1.5615931272249726,7.1052597147716865,1.5411999335216886,Levered,275446.0,5.849849212080024,0.06616944963771895,8.984746686035955,-8985.0,0.5793440095915047,31.831686169890254,-76.946133424681,132.34632034632034,17.0,24.0,,INSUFFICIENT,,INSUFFICIENT,,INSUFFICIENT,,INSUFFICIENT,,INSUFFICIENT,,INSUFFICIENT,,INSUFFICIENT,,INSUFFICIENT,,INSUFFICIENT,,,,,EXPANSION_WITH_EXTERNAL_CAPITAL,23.6,15.28,8.892661533366208e-05,0.0019678136857237405
ICICIBANK,2015-03,23.546321228440434,70.52980132450331,97.49290444654683,15.278909155303703,7.858198711857249,1.5666782474799628,7.050433858686028,1.5200839668671282,Levered,322896.0,5.937334510150044,0.06653600926787874,9.361948560722194,-25448.0,-0.9483078349559574,23.970235062950294,-196.63112347396074,146.04310344827587,19.0,24.0,,INSUFFICIENT,,INSUFFICIENT,,INSUFFICIENT,,INSUFFICIENT,,INSUFFICIENT,,INSUFFICIENT,,INSUFFICIENT,,INSUFFICIENT,,INSUFFICIENT,,,,,EXTERNALLY_FUNDED_INVESTMENT,23.55,15.28,0.0036787715595671955,0.0010908446962965002
ICICIBANK,2016-03,18.428508786723782,88.12358754680069,95.12935541538774,11.610757509749126,7.367882063728012,1.1893255663092268,7.1347132641242785,1.3397463303406014,Levered,385411.0,6.732187461789725,0.06453726560697291,6.805233559049696,11585.0,2.16390592111284,20.33932607009141,106.0217809096733,161.84178847807394,16.0,29.0,9.72438950931318,OK,,INSUFFICIENT,,INSUFFICIENT,2.5566514971660403,OK,,INSUFFICIENT,,INSUFFICIENT,2.174590985807079,OK,,INSUFFICIENT,,INSUFFICIENT,,,,,EXPANSION_WITH_EXTERNAL_CAPITAL,18.43,11.61,0.0014912132762177066,0.0007575097491265836
ICICIBANK,2017-03,18.608467344929437,104.76042008532984,108.74138496882179,10.837984555394144,8.226754363095992,1.1504222780187172,6.698467008181054,1.2632391627587785,Levered,396501.0,5.902156924038762,0.06182251642192295,6.526022702934247,50925.0,4.641622574955909,2.807679684936003,449.074074074074,179.62575107296138,16.0,14.0,7.191540412740927,OK,,INSUFFICIENT,,INSUFFICIENT,-0.9714109175412156,OK,,INSUFFICIENT,,INSUFFICIENT,-2.000538994071077,OK,,INSUFFICIENT,,INSUFFICIENT,,,,,SELF_FUNDED_REINVESTMENT,18.61,10.84,0.0015326550705623276,0.0020154446058562314
ICICIBANK,2018-03,14.63916862391815,117.12300119043788,109.04571924970239,8.225616921269095,7.321554327585686,0.8094061893779224,7.368688420862334,1.1932508317636912,Levered,442990.0,6.447523541997176,0.05529044785067078,6.5675647120972,-31168.0,2.13,81.32138605578972,-342.50549450549454,172.0528771384137,12.0,12.0,4.187483730625474,OK,6.72956758804637,OK,,INSUFFICIENT,-11.077158440000545,OK,-2.1217063794276014,OK,,INSUFFICIENT,-14.20225339003196,OK,-4.3647500209963,OK,,INSUFFICIENT,,,,,EXPANSION_WITH_EXTERNAL_CAPITAL,14.64,8.23,0.0008313760818499105,0.004383078730905154
ICICIBANK,2019-03,7.903364730071407,116.38326248228724,92.70789919702148,4.979300324717951,6.63419803677127,0.45923696756684323,7.804092671527225,1.1248714707121787,Levered,493440.0,7.290887867728542,0.05810651327016437,7.451552795031056,18389.0,8.555282123396028,42.06885054596982,323.2378273861839,177.27385570209464,7.0,15.0,6.677063756531809,OK,7.785564136098544,OK,,INSUFFICIENT,-19.552664652172258,OK,-13.395405873309175,OK,,INSUFFICIENT,-24.085275703108433,OK,-16.260604064943717,OK,,INSUFFICIENT,111.46097908243979,5.549976893385732,12.082840910769958,2.9000088645112987,SELF_FUNDED_REINVESTMENT,7.9,4.98,0.0033647300714063633,0.0006996752820498386
ICICIBANK,2020-03,13.231411193361309,100.6188410580414,98.47116790041963,9.128985035783995,7.3434681556545565,0.8150050969583792,8.251756668835394,1.2862047729022326,Levered,571163.0,6.742568764018416,0.06159623376887399,8.15025458737631,37470.0,7.088195991091314,49.61926540619548,333.8084632516704,189.8996138996139,15.0,0.0,11.65870273321319,OK,9.068758698425295,OK,,INSUFFICIENT,-0.3391856172353491,OK,-2.8065516501292964,OK,,INSUFFICIENT,-2.128308970778414,OK,-4.617756873980916,OK,,INSUFFICIENT,57.494432962138085,5.248658181522447,8.040043088183214,5.805926696789824,EXPANSION_WITH_EXTERNAL_CAPITAL,13.23,9.13,0.0014111933613083494,0.00101496421600622
ICICIBANK,2021-03,22.83907001783251,102.40682794432668,110.13761313549341,12.922385729787356,7.784992710636446,1.2939283726391717,7.004638707507599,1.3606284811705047,Levered,567261.0,5.698710092222378,0.05665416199647734,8.248959200666112,74384.0,6.777401296405421,71.36480378632393,365.2720487134158,227.89154013015184,27.0,8.0,12.776833842946477,OK,8.501260775564191,OK,,INSUFFICIENT,30.799845804865612,OK,13.258923400037336,OK,,INSUFFICIENT,31.03706971044482,OK,11.032151746146003,OK,,INSUFFICIENT,41.81330485169908,5.403276539308446,8.364949669486247,8.735785176726422,SELF_FUNDED_REINVESTMENT,22.84,12.92,0.0009299821674915165,0.0023857297873561834
ICICIBANK,2022-03,27.815569088222038,84.68770635278334,101.00935990021695,14.577073709304432,6.715581165711164,1.5141754966944097,6.882435334765151,1.5511274927972445,Levered,685870.0,7.020163766632549,0.05443625805001264,8.910712617913514,18663.0,2.18972793729746,41.347070969635354,70.32557087949355,261.9467625899281,36.0,14.0,9.846302684640996,OK,9.379405364120297,OK,,INSUFFICIENT,67.08754781027004,OK,18.536207206394106,OK,,INSUFFICIENT,72.61087479943642,OK,17.607902252467355,OK,,INSUFFICIENT,39.58026075815811,5.769643785051605,10.534557727737974,1.776783920378755,EXPANSION_WITH_EXTERNAL_CAPITAL,27.82,14.58,0.004430911777962621,0.0029262906955676016
ICICIBANK,2023-03,29.290392922926973,72.57469004765956,91.98873351119627,16.53208887728557,6.898448456137047,1.810629617715689,6.526373206276982,1.710406683867797,Levered,760342.0,6.735664360444,0.061816501488391566,10.936495031616984,-71460.0,-0.10634217873156425,55.910363682919375,-201.51715969656806,307.08375089477454,49.0,16.0,12.585345733135323,OK,14.261562955956219,OK,10.431368760074445,OK,46.730887020544756,OK,31.262876521643257,OK,13.348076162175504,OK,48.377576612765694,OK,32.496060863545125,OK,12.566841929221884,OK,33.40504441499112,5.522551632183051,11.302012969180478,-6.032536798727727,EXTERNALLY_FUNDED_INVESTMENT,29.29,16.53,0.00039292292697368225,0.0020888772855691684
ICICIBANK,2024-03,28.888011233982798,62.41380175029464,85.85721808470623,17.99027109750765,7.181179056519879,1.9492289334082888,6.445624336310825,1.7897598076370194,Levered,823845.0,5.931593839773636,0.06747535915921023,10.151202749140893,12547.0,3.4132071786636575,90.7350986734873,27.22814175039604,364.617793594306,63.0,16.0,21.39660074377121,OK,17.25086850260209,OK,12.41864172369489,OK,31.28635844345755,OK,51.94877118224903,OK,14.714696775470282,OK,32.63524026321307,OK,55.18455739153598,OK,13.995881918674137,OK,28.62832534016189,5.150313339371604,11.510897754354135,0.9510909711578005,EXPANSION_WITH_EXTERNAL_CAPITAL,28.89,17.99,0.001988766017202437,0.0002710975076531952
ICICIGI,2013-03,8.798604187437686,104.46161515453637,23.35493519441675,18.877005347593585,50.106951871657756,2.793384505816254,0.0,1.598976109215017,Levered,-7800.0,-7.910750507099391,0.3174804146553771,10.287179487179488,22.0,2.7875354107648724,23.978065802592223,6.232294617563739,42.79176201372997,8.0,0.0,,INSUFFICIENT,,INSUFFICIENT,,INSUFFICIENT,,INSUFFICIENT,,INSUFFICIENT,,INSUFFICIENT,,INSUFFICIENT,,INSUFFICIENT,,INSUFFICIENT,,,,,EXPANSION_WITH_EXTERNAL_CAPITAL,8.799999999999999,18.88,0.0013958125623130258,0.0029946524064143887
ICICIGI,2014-03,11.948529411764707,105.19301470588236,31.020220588235293,21.72096908939014,56.390977443609025,3.5268583830710796,0.0,1.6523867809057529,Levered,-9290.0,-6.635714285714286,0.2951709169831796,11.667560321715818,-111.0,1.1442307692307692,16.222426470588236,-21.346153846153847,53.79775280898876,12.0,0.0,,INSUFFICIENT,,INSUFFICIENT,,INSUFFICIENT,,INSUFFICIENT,,INSUFFICIENT,,INSUFFICIENT,,INSUFFICIENT,,INSUFFICIENT,,INSUFFICIENT,,,,,EXPANSION_WITH_EXTERNAL_CAPITAL,11.95,21.72,0.0014705882352927802,0.000969089390142841
ICICIGI,2015-03,13.816721776098253,105.24326877657062,40.080302314596125,20.27027027027027,58.8011088011088,3.9942646456370343,0.0,1.7106854838709677,Levered,-10200.0,-5.825242718446602,0.2890891711047385,11.11286089238845,-98.0,-0.1675213675213675,0.0,-16.75213675213675,64.56375838926174,13.0,15.0,,INSUFFICIENT,,INSUFFICIENT,,INSUFFICIENT,,INSUFFICIENT,,INSUFFICIENT,,INSUFFICIENT,,INSUFFICIENT,,INSUFFICIENT,,INSUFFICIENT,,,,,ASSET_SALES_FUNDING_OPERATIONS,13.82,20.27,0.003278223901746813,0.0002702702702706006
ICICIGI,2016-03,8.403779214321233,87.33631692358695,11.735454997513676,15.66265060240964,21.872103799814642,3.2342434294462876,0.0,,Debt Free,-11426.0,-14.9359477124183,0.3848558305690227,11.829411764705883,201.0,1.0078895463510849,5.1384054367644625,39.64497041420118,72.25446428571429,11.0,26.0,14.566452876307467,OK,,INSUFFICIENT,,INSUFFICIENT,12.826491837784747,OK,,INSUFFICIENT,,INSUFFICIENT,11.199004528465784,OK,,INSUFFICIENT,,INSUFFICIENT,,,,,SELF_FUNDED_REINVESTMENT,8.4,15.66,0.0037792143212325158,0.0026506024096395464
ICICIGI,2017-03,9.335106382978724,87.77925531914894,12.074468085106382,17.9953857985132,20.702234382124942,3.006295233608839,0.12432709561650859,,Invalid Interest,-14321.0,-15.65136612021858,0.3220418825746221,14.573643410852712,-362.0,2.319088319088319,26.46276595744681,-51.566951566951566,86.49667405764967,16.0,22.0,19.9986383287754,OK,,INSUFFICIENT,,INSUFFICIENT,10.520944959211608,OK,,INSUFFICIENT,,INSUFFICIENT,10.064241629820891,OK,,INSUFFICIENT,,INSUFFICIENT,,,,,EXPANSION_WITH_EXTERNAL_CAPITAL,9.34,18.0,0.004893617021275887,0.004614201486798919
ICICIGI,2018-03,12.471064814814815,103.79050925925925,40.00289351851852,18.982602950891874,55.013927576601674,2.8974789915966386,0.1068046685752037,1.7622689611217335,Levered,-17708.0,-6.2883522727272725,0.2323361344537815,18.782608695652176,494.0,2.7726218097447797,27.430555555555557,57.30858468677494,100.02202643171806,19.0,17.0,17.747300339951224,OK,11.493246356113973,OK,,INSUFFICIENT,13.793415582876367,OK,19.54915536189077,OK,,INSUFFICIENT,13.48455252486973,OK,18.88654957871243,OK,,INSUFFICIENT,,,,,SELF_FUNDED_REINVESTMENT,12.47,18.98,0.0010648148148142411,0.0026029508918732347
ICICIGI,2019-03,9.39711547075159,85.04882200125414,14.297231926901372,19.425925925925927,27.119796091758708,3.1404364877406223,0.08981481481481482,,Invalid Interest,-20229.0,-12.674812030075188,0.3341915396820645,5.680916030534351,120.0,2.8369876072449953,25.584520290244555,11.43946615824595,118.94273127753304,23.0,26.0,22.767251536215216,OK,20.73089151460985,OK,,INSUFFICIENT,27.425352292005268,OK,15.067964028910176,OK,,INSUFFICIENT,27.872861448303944,OK,13.896221858789914,OK,,INSUFFICIENT,788.972745471878,153.26526111111113,554.9296992481203,0.014499190528316792,SELF_FUNDED_REINVESTMENT,9.4,19.43,0.002884529248410317,0.0040740740740723425
ICICIGI,2020-03,10.367283146652774,84.61404879742989,14.864982200225754,19.46527551353114,25.864934280102737,3.2233680686787967,0.07906749266384089,114.13333333333334,Levered,-25842.0,-14.340732519422863,0.3109173370768317,17.34487951807229,51.0,2.875209380234506,29.365286098810454,4.271356783919598,135.11013215859032,26.0,13.0,15.267580002856885,OK,22.156815510192395,OK,,INSUFFICIENT,19.36831723586816,OK,15.33727652545467,OK,,INSUFFICIENT,17.566734386037865,OK,14.869835499703509,OK,,INSUFFICIENT,622.1116666666667,121.09574991848712,374.8157880133186,0.006865900468971967,SELF_FUNDED_REINVESTMENT,10.37,19.47,0.0027168533472252676,0.004724486468859368
ICICIGI,2021-03,12.112490749116027,82.97015048104596,16.16643368144067,19.38412949072246,24.319643740722416,3.7482823553361495,0.06382418739307803,163.83333333333334,Levered,-30303.0,-14.457538167938932,0.3094559519568426,16.96094839609484,407.0,1.2043448744059742,11.240851903626346,27.630685675492195,167.01098901098902,32.0,25.0,20.722583157280596,OK,15.050150901377556,OK,,INSUFFICIENT,19.55428881562893,OK,23.776716438802193,OK,,INSUFFICIENT,18.977669851800584,OK,23.808784136769123,OK,,INSUFFICIENT,554.1949898167006,107.4258744571654,474.57345896946566,0.049857335745007385,SELF_FUNDED_REINVESTMENT,12.11,19.38,0.0024907491160277573,0.004129490722462492
ICICIGI,2022-03,7.93086234868339,93.660302009235,15.555971546237366,13.8257369737844,26.38653683319221,2.4996066708621774,0.02773849668225824,3.081582200247219,Levered,-38157.0,-14.486332574031891,0.3151746381371932,17.030818278427205,809.0,0.6365066876475216,0.0,63.65066876475216,187.23014256619143,26.0,35.0,12.810122603368601,OK,16.337964135790962,OK,,INSUFFICIENT,6.608055197972473,OK,12.606040444349386,OK,,INSUFFICIENT,4.171400751029397,OK,10.197228772148016,OK,,INSUFFICIENT,738.8951219512195,102.15769607309909,349.42439255884585,0.0861430355591849,ASSET_MONETISATION_AND_DELEVERAGING,7.93,13.83,0.0008623486833903016,0.004263026215600263
ICICIGI,2023-03,9.672186171402998,92.92906690534795,17.364063548892368,16.554959785522787,29.621147056016795,3.1387285335656974,0.003351206434316354,3.1321897073662965,Levered,-42801.0,-13.185767097966728,0.3245107649856588,20.24462061155153,605.0,1.324465008675535,9.426046095323338,34.991324465008674,212.70875763747455,35.0,31.0,15.782696485701164,OK,20.929796850443783,OK,16.115699334936373,OK,13.134975939398984,OK,14.936388172122527,OK,17.220084142281955,OK,10.415886963424924,OK,12.995952835136615,OK,15.9038349189893,OK,718.348033545402,118.92222807353504,356.9337060998152,0.04871082376645374,SELF_FUNDED_REINVESTMENT,9.67,16.55,0.0021861714029984824,0.0049597855227858645
ICICIGI,2024-03,9.366915605017816,87.42129155073948,13.018011421877288,15.7230643179025,21.78921568627451,3.0312124849939974,0.0028676771814829987,23.8125,Levered,-48549.0,-17.332738307747235,0.3236083907247109,22.029032258064515,486.0,1.2542991141219386,9.37667789329819,25.325690463783218,247.56592292089252,39.0,28.0,18.98796206427069,OK,12.911841003362579,OK,16.75593015728085,OK,9.217125634550683,OK,12.839173718198161,OK,13.948119696893514,OK,6.816467042447916,OK,11.139222486886503,OK,12.5092775800282,OK,662.7353882230328,104.20231134780828,493.4062441985005,0.03821387979852416,SELF_FUNDED_REINVESTMENT,9.370000000000001,15.72,0.003084394982185046,0.0030643179024991696
ICICIPRULI,2013-03,7.5655430711610485,96.27965043695382,12.439450686641699,38.24791719262812,62.888159555667755,2.014091996809359,0.0,2.767777777777778,Levered,-73716.0,-29.113744075829384,0.2662190906673757,121.36363636363636,-2641.0,-1.7432343234323433,0.0,-174.32343234323434,27.718684394681596,11.0,32.0,,INSUFFICIENT,,INSUFFICIENT,,INSUFFICIENT,,INSUFFICIENT,,INSUFFICIENT,,INSUFFICIENT,,INSUFFICIENT,,INSUFFICIENT,,INSUFFICIENT,,,,,ASSET_SALES_FUNDING_OPERATIONS,7.57,38.25,0.004456928838951768,0.002082807371877493
ICICIPRULI,2014-03,7.131761695906433,93.12865497076024,7.771381578947369,35.614875655943415,38.809034907597535,1.915948646193878,0.0,13.186046511627907,Levered,-80101.0,-45.82437070938215,0.2686501215111569,111.10659898477158,-2382.0,-1.5259449071108264,0.0,-152.59449071108264,30.67179846046186,11.0,70.0,,INSUFFICIENT,,INSUFFICIENT,,INSUFFICIENT,,INSUFFICIENT,,INSUFFICIENT,,INSUFFICIENT,,INSUFFICIENT,,INSUFFICIENT,,INSUFFICIENT,,,,,ASSET_SALES_FUNDING_OPERATIONS,7.13,35.61,0.0017616959064330473,0.004875655943415325
ICICIPRULI,2015-03,4.760107973180855,95.1963544538937,4.890720691957159,31.14909781576448,32.003798670465336,1.6203131946845823,0.0,39.18604651162791,Levered,-99491.0,-57.67594202898551,0.34039421034431655,164.8468899521531,-1299.0,0.31890243902439025,5.288363858009462,-79.20731707317074,36.76675977653632,11.0,51.0,,INSUFFICIENT,,INSUFFICIENT,,INSUFFICIENT,,INSUFFICIENT,,INSUFFICIENT,,INSUFFICIENT,,INSUFFICIENT,,INSUFFICIENT,,INSUFFICIENT,,,,,SELF_FUNDED_REINVESTMENT,4.760000000000001,31.15,0.00010797318085398189,0.000902184235517467
ICICIPRULI,2016-03,7.91404863542616,91.16984028010936,8.834956113003022,30.99755776817584,28.99874055415617,1.5749534672839212,0.19331204208153296,,Debt Free,-101995.0,-55.371878393051034,0.1990073020569847,98.34433962264151,3634.0,2.2024242424242426,0.0,220.24242424242425,37.17178770949721,12.0,73.0,1.3532240549049446,OK,,INSUFFICIENT,,INSUFFICIENT,2.8861944351566082,OK,,INSUFFICIENT,,INSUFFICIENT,2.9428498400178693,OK,,INSUFFICIENT,,INSUFFICIENT,,,,,ASSET_MONETISATION_AND_DELEVERAGING,7.91,31.0,0.004048635426159741,0.0024422318241583696
ICICIPRULI,2017-03,4.447852760736196,95.22424370636767,5.270255976306325,26.256634405245084,31.11145800811739,1.3483938721029975,0.0,15.330769230769231,Levered,-121581.0,-59.278888347147735,0.3031561395210877,182.68599033816426,3434.0,2.455410225921522,1.8404907975460123,204.16171224732463,44.641114982578394,12.0,63.0,19.99316346150739,OK,,INSUFFICIENT,,INSUFFICIENT,2.519787219760028,OK,,INSUFFICIENT,,INSUFFICIENT,2.9428498400178693,OK,,INSUFFICIENT,,INSUFFICIENT,,,,,SELF_FUNDED_REINVESTMENT,4.45,26.26,0.0021472392638042237,0.0033655947549178222
ICICIPRULI,2018-03,4.169241862381541,95.44190358467245,5.075710754017305,24.627319744447824,29.981746273197444,1.141595977971922,0.0,14.931818181818182,Levered,-138537.0,-68.7528535980149,0.27381380492035623,96.11881188118812,301.0,3.5145151327980235,13.877729707457767,18.591723285979,45.779944289693596,11.0,59.0,4.068885818752821,OK,14.16249374118479,OK,,INSUFFICIENT,-0.42866417240922106,OK,1.336719990135049,OK,,INSUFFICIENT,0.0,OK,0.0,OK,,INSUFFICIENT,,,,,SELF_FUNDED_REINVESTMENT,4.17,24.63,0.0007581376184591093,0.0026802555521747706
ICICIPRULI,2019-03,2.747027470274703,98.69522224634011,5.033403275209223,16.57691747926066,30.374035802648812,0.698404522767129,0.0,2.5670356703567037,Levered,-159003.0,-74.16184701492537,0.25424009418343696,89.55291576673866,3818.0,9.988586479367866,18.230711718881896,335.20632133450397,47.84818941504179,8.0,40.0,25.75497178594537,OK,13.629456216771342,OK,,INSUFFICIENT,-11.621506706806084,OK,-6.108956847763958,OK,,INSUFFICIENT,-12.64195352637011,OK,-6.170487402194635,OK,,INSUFFICIENT,1410.0109482001756,233.7363513316839,699.4289365671641,0.23773313374792007,SELF_FUNDED_REINVESTMENT,2.75,16.58,0.002972529725297157,0.0030825207393370135
ICICIPRULI,2020-03,5.074910820451843,101.51724137931035,13.203329369797858,14.792735338971303,38.486066823790374,0.6838384679967442,0.0,1.7591888466413181,Levered,-150776.0,-53.14628128304547,0.13474886400779332,22.55901287553648,-2201.0,8.056232427366448,51.353151010701545,-206.2792877225867,50.22980501392758,7.0,11.0,-17.77192214808054,OK,-9.405508418395813,OK,,INSUFFICIENT,-14.076331812129029,OK,-8.237737238066,OK,,INSUFFICIENT,-16.44503441725692,OK,-8.643159600651407,OK,,INSUFFICIENT,1852.2568228678538,273.99944960488006,888.3339760310188,-0.11136646126815393,SELF_FUNDED_REINVESTMENT,5.07,14.79,0.004910820451843101,0.0027353389713038467
ICICIPRULI,2021-03,1.1492871053833762,100.46885143420452,3.4719049794426677,10.495114721703809,28.014356387622463,0.44010680416167947,0.1317378416950269,1.7303774715398441,Levered,-210527.0,-71.41350067842605,0.382938955897247,91.30845225027443,2230.0,7.650627615062762,6.111899208963478,233.26359832635984,63.43314763231198,7.0,30.0,28.907998811627134,OK,31.883002459782304,OK,,INSUFFICIENT,-16.10481916376746,OK,-10.340814423614653,OK,,INSUFFICIENT,-13.986137246278185,OK,-10.219223176287473,OK,,INSUFFICIENT,1933.8612029288704,202.96095180590626,733.2180936227951,0.12062065156127937,EXPANSION_WITH_EXTERNAL_CAPITAL,1.15,10.5,0.000712894616623716,0.004885278296191231
ICICIPRULI,2022-03,1.194072116292241,103.40444276634572,6.531999244855578,8.287835772002621,40.084958486194246,0.31050945642435474,0.1310329766324525,1.3011595111250391,Levered,-236901.0,-56.1509836454136,0.26004246492961375,146.79907621247114,1015.0,2.412384716732543,1.283745516329998,133.72859025032938,63.72999304105777,5.0,10.0,15.305537807490532,OK,10.944844537496001,OK,,INSUFFICIENT,-12.654738254559938,OK,-14.712937419779582,OK,,INSUFFICIENT,-14.501202666165147,OK,-16.062167251461247,OK,,INSUFFICIENT,2243.2857839262188,185.91984166848655,477.4636027494667,0.05961281937795568,SELF_FUNDED_REINVESTMENT,1.19,8.290000000000001,0.004072116292241024,0.0021642279973796974
ICICIPRULI,2023-03,1.6106026387733272,103.48072427592219,7.9440548357700385,8.057482656095145,35.51815766164748,0.3177630730386045,0.11892963330029732,1.370940170940171,Levered,-247016.0,-60.33610161211529,0.1972945190755557,105.38204592901879,-1056.0,0.10947109471094711,2.2683149094655097,-129.88929889298893,70.11813759555247,6.0,11.0,33.902508051302284,OK,5.385892062674458,OK,9.686445119778808,OK,-8.663988641203069,OK,-12.869794292890713,OK,-6.034637985988677,OK,-5.008574840700353,OK,-11.416728965524282,OK,-5.881313739260197,OK,1972.3368265682657,158.92069772051536,358.9692427943332,-0.06585553600344604,SELF_FUNDED_REINVESTMENT,1.61,8.06,0.0006026387733271132,0.0025173439048558066
ICICIPRULI,2024-03,0.942341125272681,102.02531365231931,4.4271208211988,7.732848705134029,32.75706677591151,0.28461443272764975,0.10904134484325306,1.346127946127946,Levered,-288528.0,-70.18438336171248,0.3020290902037117,134.7865671641791,-7315.0,-8.595769682726205,0.0,-859.5769682726205,76.3705759888966,6.0,10.0,2.777335010929405,OK,16.84553965244746,OK,15.22627795803697,OK,-3.803953723638853,OK,-5.6631941891523425,OK,-5.886339433478582,OK,-5.008574840700353,OK,-5.591248870509801,OK,-5.881313739260197,OK,1876.601116333725,145.11472512494322,490.0033738749696,-0.4580499077779285,ASSET_SALES_FUNDING_OPERATIONS,0.9400000000000001,7.73,0.002341125272680933,0.002848705134028684
INDIGO,2013-03,8.551559274149733,90.7095512332935,14.006302292730632,17886.363636363636,8370.12987012987,3026.923076923077,2.5,4.35472972972973,Levered,11.0,0.008,353.96153846153845,1840.6,-149.0,2.2121982210927573,20.5367814842986,-18.932655654383733,110.0,25647.0,70.0,,INSUFFICIENT,,INSUFFICIENT,,INSUFFICIENT,,INSUFFICIENT,,INSUFFICIENT,,INSUFFICIENT,,INSUFFICIENT,,INSUFFICIENT,,INSUFFICIENT,,,,,EXPANSION_WITH_EXTERNAL_CAPITAL,8.55,17886.36,0.001559274149732559,0.0036363636354508344
INDIGO,2014-03,4.263740217684627,96.10506431591257,7.789871368174868,10772.727272727272,4706.521739130435,1354.2857142857142,3.1818181818181817,2.214833759590793,Levered,14.0,0.01282051282051282,317.62857142857143,1111.7,-1319.0,3.3649789029535864,26.21210758298102,-278.2700421940928,110.0,15454.0,80.0,,INSUFFICIENT,,INSUFFICIENT,,INSUFFICIENT,,INSUFFICIENT,,INSUFFICIENT,,INSUFFICIENT,,INSUFFICIENT,,INSUFFICIENT,,INSUFFICIENT,,,,,EXPANSION_WITH_EXTERNAL_CAPITAL,4.26,10772.73,0.0037402176846272894,0.0027272727274976205
INDIGO,2015-03,9.364452423698385,86.33393177737881,16.100538599640934,4939.39393939394,7375.0,2137.7049180327867,0.15151515151515152,5.675949367088608,Levered,3.0,0.0011792452830188679,228.27868852459017,1160.4166666666667,1444.0,1.8282208588957056,6.7504488330341115,110.7361963190184,660.0,42481.0,83.0,,INSUFFICIENT,,INSUFFICIENT,,INSUFFICIENT,,INSUFFICIENT,,INSUFFICIENT,,INSUFFICIENT,,INSUFFICIENT,,INSUFFICIENT,,INSUFFICIENT,,,,,SELF_FUNDED_REINVESTMENT,9.36,4939.39,0.004452423698385388,0.00393939393961773
INDIGO,2016-03,12.304832713754648,80.39653035935564,20.687732342007433,1534.775888717156,2430.1310043668122,1013.265306122449,0.061823802163833076,6.483495145631068,Levered,-116.0,-0.030176899063475548,82.34693877551021,1241.5384615384614,1779.0,1.5689828801611279,8.28376703841388,89.57703927492447,3235.0,55.0,27.0,20.593722936180026,OK,,INSUFFICIENT,,INSUFFICIENT,36.144939706815,OK,,INSUFFICIENT,,INSUFFICIENT,-87.10438557943604,OK,,INSUFFICIENT,,INSUFFICIENT,,,,,SELF_FUNDED_REINVESTMENT,12.3,1534.78,0.004832713754646889,0.004111282843950903
INDIGO,2017-03,8.928955866523143,88.06243272335846,15.785791173304627,1692.8571428571427,1955.3333333333335,674.390243902439,0.5306122448979592,3.717363751584284,Levered,36.0,0.010619469026548672,75.52845528455285,204.17582417582418,749.0,2.2796865581675707,16.32400430570506,45.14767932489451,33.793103448275865,46.0,74.0,18.673213155083502,OK,,INSUFFICIENT,,INSUFFICIENT,51.82944859378311,OK,,INSUFFICIENT,,INSUFFICIENT,-85.61513994163738,OK,,INSUFFICIENT,,INSUFFICIENT,,,,,SELF_FUNDED_REINVESTMENT,8.93,1692.86,0.0010441334768565014,0.0028571428572377044
INDIGO,2018-03,9.738934016767299,86.8381043395161,17.696885452413014,2242.0,2645.4545454545455,803.584229390681,0.54,4.302006335797254,Levered,39.0,0.008645533141210375,82.51254480286738,242.32631578947368,-249.0,1.7408563782337199,18.03570652882151,-11.10615521855486,34.48275862068966,58.0,10.0,18.243241530498345,OK,20.126535651014454,OK,,INSUFFICIENT,19.79885639728338,OK,23.291227130040724,OK,,INSUFFICIENT,-88.9062658553417,OK,-70.42816431743634,OK,,INSUFFICIENT,,,,,EXPANSION_WITH_EXTERNAL_CAPITAL,9.74,2242.0,0.0010659832327011287,0.0
INDIGO,2019-03,0.547426044846826,100.52988033828123,4.126750184229919,120.93023255813952,541.9354838709677,41.8230563002681,0.6821705426356589,0.8875471698113208,Levered,68.0,0.03512396694214876,76.39946380697052,191.25503355704697,634.0,20.256410256410255,8.864090956942835,406.4102564102564,44.48275862068966,4.0,123.0,20.864438096876725,OK,20.715297032769932,OK,,INSUFFICIENT,-57.17325002085786,OK,-19.930106411802996,OK,,INSUFFICIENT,-58.258719551535364,OK,-80.83080758718076,OK,,INSUFFICIENT,9153.17532051282,11068.956201550389,711.8875464876033,0.04440101300140798,SELF_FUNDED_REINVESTMENT,0.5499999999999999,120.93,0.0025739551531739346,0.00023255813951550408
INDIGO,2020-03,-0.69358988701197,88.62009173285603,3.5126971697057834,-138.54748603351956,494.48818897637796,-58.767772511848335,0.41899441340782123,0.8203788373612019,Levered,54.0,0.010325047801147227,84.72985781990522,177.89054726368158,2370.0,-27.995967741935484,12.789461908490882,-955.6451612903226,61.724137931034484,-6.0,0.0,24.384922426654377,OK,20.756563392217544,OK,,INSUFFICIENT,,DECLINE_TO_LOSS,,DECLINE_TO_LOSS,,INSUFFICIENT,,DECLINE_TO_LOSS,,DECLINE_TO_LOSS,,INSUFFICIENT,,6886.604581005587,228.9781873804971,0.1922605444808885,SELF_FUNDED_REINVESTMENT,-0.69,-138.55,0.00358988701197005,0.0025139664804498807
INDIGO,2021-03,-42.14876033057851,99.97950959633904,-32.743665050201486,-1094.148936170213,-836.6492146596859,-760.9124537607892,0.015957446808510637,-4.627413127413128,Levered,-41.0,,18.053020961775587,58.799196787148595,-1620.0,0.2625182304326689,0.0,26.251823043266892,117.5,-151.0,0.0,-14.003220967101893,OK,-1.9306172057442006,OK,,INSUFFICIENT,,DECLINE_TO_LOSS,,DECLINE_TO_LOSS,,INSUFFICIENT,,DECLINE_TO_LOSS,,DECLINE_TO_LOSS,,INSUFFICIENT,,1871.0012588652482,,-0.15351889326220836,ASSET_SALES_FUNDING_OPERATIONS,-42.15,-1094.15,0.0012396694214871218,0.0010638297871992108
INDIGO,2022-03,-1.2224750298870077,97.84813543635032,-21.00188963017238,-48.769230769230774,-822.6586102719033,-34.45652173913044,0.018461538461538463,-7.511724137931035,Levered,-161.0,,28.18586956521739,102.49407114624506,2064.0,-6.511041009463723,0.0,-651.1041009463722,135.41666666666669,-160.0,0.0,-3.0963711280471706,OK,6.894340234725771,OK,,INSUFFICIENT,,DECLINE_TO_LOSS,,DECLINE_TO_LOSS,,INSUFFICIENT,,DECLINE_TO_LOSS,,DECLINE_TO_LOSS,,INSUFFICIENT,,1592.2746615384615,,0.19942442670767285,ASSET_MONETISATION_AND_DELEVERAGING,-1.22,-48.77,0.0024750298870077625,0.000769230769229523
INDIGO,2023-03,-0.582228262865959,88.02483194357713,2.0460639900084487,-40.7979407979408,141.191381495564,-29.84934086629002,0.015444015444015444,0.7784765897973445,Levered,-120.0,-0.019308125502815767,51.26741996233522,205.4566037735849,8664.0,-40.072555205047315,7.418359475443559,-2733.1230283911673,161.875,-8.0,0.0,15.046218985430038,OK,18.786848077111173,OK,19.454813801733128,OK,,BOTH_NEGATIVE,,DECLINE_TO_LOSS,,DECLINE_TO_LOSS,,BOTH_NEGATIVE,,DECLINE_TO_LOSS,,DECLINE_TO_LOSS,,1283.6934491634493,158.24928077232502,0.868632550695472,SELF_FUNDED_REINVESTMENT,-0.58,-40.8,0.0022282628659590076,0.0020592020592005156
INDIGO,2024-03,11.852722628584697,76.29890862649484,15.048473238128409,892.568306010929,1112.5536480686696,668.3306055646481,0.018579234972677595,4.4578675838349096,Levered,-171.0,-0.010193740685543965,56.38625204582652,125.73722627737226,9424.0,2.5937308681278317,17.065772669220944,115.39120852210114,190.625,212.0,0.0,67.58091776468258,OK,19.313355125806165,OK,20.01227897172877,OK,,TURNAROUND,120.69250867467933,OK,32.9316579498421,OK,,TURNAROUND,121.23568222761168,OK,-34.87773528813343,OK,127.41923839843273,1137.3037377049181,63.28120953800298,0.9056027172386589,SELF_FUNDED_REINVESTMENT,11.85,892.57,0.0027226285846975173,0.0016939890711000771
INDUSINDBK,2013-03,15.194042675068022,27.881999140770443,42.08792782471717,13.905635648754917,4.127461169002612,1.4473379077032207,8.332372214941023,2.1562729273661043,Levered,43922.0,14.582337317397078,0.09525693317145702,9.423751686909581,-660.0,-0.4580584354382658,2.491765716740656,-62.205466540999055,145.88910133843214,20.0,15.0,,INSUFFICIENT,,INSUFFICIENT,,INSUFFICIENT,,INSUFFICIENT,,INSUFFICIENT,,INSUFFICIENT,,INSUFFICIENT,,INSUFFICIENT,,INSUFFICIENT,,,,,EXTERNALLY_FUNDED_INVESTMENT,15.19,13.91,0.004042675068022916,0.004364351245083498
INDUSINDBK,2014-03,17.058395929246426,30.95468863581294,48.69154349406348,15.570054185557892,4.7671011896995505,1.617907292073633,8.3229016919164,2.1253305129561078,Levered,53701.0,13.043721156181686,0.09484521867028245,8.32896064581231,-4280.0,-2.9161931818181817,2.1080688151199416,-303.9772727272727,171.92015209125475,27.0,13.0,,INSUFFICIENT,,INSUFFICIENT,,INSUFFICIENT,,INSUFFICIENT,,INSUFFICIENT,,INSUFFICIENT,,INSUFFICIENT,,INSUFFICIENT,,INSUFFICIENT,,,,,EXTERNALLY_FUNDED_INVESTMENT,17.06,15.57,0.0016040707535722731,5.4185557891273106e-05
INDUSINDBK,2015-03,18.510111432108957,32.32562938505985,54.24061081304168,16.85456595264938,4.987855326577859,1.6048377718339342,8.901916572717024,2.0631868131868134,Levered,71874.0,13.349554234769688,0.08670060024868724,8.653571428571428,-1697.0,-0.7920847268673356,2.8477094510936856,-94.59308807134894,201.20982986767487,34.0,12.0,,INSUFFICIENT,,INSUFFICIENT,,INSUFFICIENT,,INSUFFICIENT,,INSUFFICIENT,,INSUFFICIENT,,INSUFFICIENT,,INSUFFICIENT,,INSUFFICIENT,,,,,EXTERNALLY_FUNDED_INVESTMENT,18.51,16.85,0.00011143210895525613,0.004565952649379312
INDUSINDBK,2016-03,19.255390835579515,35.27628032345013,56.99123989218329,12.918173598553345,4.986292485924004,1.599753668726425,6.667947558770344,2.0521686381558992,Levered,83942.0,12.125090278780876,0.08308082045109415,9.74712643678161,-3185.0,-1.2804024496937882,2.1731805929919137,-139.32633420822398,297.4117647058824,38.0,12.0,19.351335222500452,OK,,INSUFFICIENT,,INSUFFICIENT,29.157693482814206,OK,,INSUFFICIENT,,INSUFFICIENT,23.85623296301709,OK,,INSUFFICIENT,,INSUFFICIENT,,,,,EXTERNALLY_FUNDED_INVESTMENT,19.26,12.92,0.004609164420486422,0.0018264014466549128
INDUSINDBK,2017-03,19.908371511870055,39.455782312925166,59.218381230043036,13.891310665504214,5.027936253477297,1.605391608078456,7.218153637508476,2.045312874610405,Levered,112324.0,12.878238936023848,0.08063902198737181,11.022188217291507,11284.0,4.033821478382148,1.9783423573511039,393.44490934449095,345.25083612040135,48.0,13.0,20.399952421015378,OK,,INSUFFICIENT,,INSUFFICIENT,26.762899393412056,OK,,INSUFFICIENT,,INSUFFICIENT,21.14137285547597,OK,,INSUFFICIENT,,INSUFFICIENT,,,,,SELF_FUNDED_REINVESTMENT,19.91,13.89,0.0016284881299455378,0.0013106655042136595
INDUSINDBK,2018-03,20.866847983334296,37.931832648573575,59.20374978299867,15.125204479677864,4.786007325664619,1.6270654165125031,7.966444360555346,2.1538947368421053,Levered,139851.0,13.391841424877908,0.07797370344634655,13.161462300076161,-20917.0,-5.740432612312812,1.2557143683814593,-580.0610094287299,397.35,60.0,12.0,21.26025808808194,OK,19.868581396171827,OK,,INSUFFICIENT,26.202442783967193,OK,27.72092867738314,OK,,INSUFFICIENT,20.843727005349997,OK,24.57309396155174,OK,,INSUFFICIENT,,,,,EXTERNALLY_FUNDED_INVESTMENT,20.87,15.13,0.003152016665705304,0.004795520322137037
INDUSINDBK,2019-03,14.82862405103095,41.70073222227214,47.74268900768159,12.369781908116616,3.952766155276616,1.1881836735428464,9.075507756876265,1.8820612714715779,Levered,182923.0,16.848392742009764,0.08012770904797728,13.187796208530806,-7022.0,-1.9354740987579522,2.843538026144378,-212.7234171463193,442.5538971807629,55.0,14.0,23.312450208845203,OK,21.948381582255692,OK,,INSUFFICIENT,13.028968977248056,OK,18.57921580173736,OK,,INSUFFICIENT,13.11660558464036,OK,15.292162467409565,OK,,INSUFFICIENT,395.5565495304453,48.92948250018736,113.35668600902643,-0.537782568380773,EXTERNALLY_FUNDED_INVESTMENT,14.83,12.37,0.0013759489690503557,0.0002180918833829537
INDUSINDBK,2020-03,15.349338150991903,43.81405690859187,45.41569676545183,12.729420577981386,4.393949579831933,1.4388161194302054,7.57175785864523,1.8805927204718746,Levered,202813.0,15.191985018726593,0.09373799086817475,16.522962112514353,-12039.0,-2.724988682661838,0.0,-272.49886826618376,500.10086455331407,64.0,0.0,25.94981939550629,OK,24.321010202841762,OK,,INSUFFICIENT,15.491189624108515,OK,19.751415210189815,OK,,INSUFFICIENT,10.064241629820891,OK,13.485457134316015,OK,,INSUFFICIENT,291.33489588048894,37.08524418705161,102.53865543071161,-0.9353457897400934,RESTRUCTURING_WITH_EXTERNAL_SUPPORT,15.35,12.73,0.0006618490080967376,0.0005794220186139398
INDUSINDBK,2021-03,9.779310344827588,55.16206896551724,35.66551724137931,6.5398362734924484,2.9476222096194564,0.7813253327382478,7.091617664014758,1.576917212989785,Levered,237833.0,22.33593163035312,0.07989574982161207,16.724336793540946,44420.0,15.7425952045134,0.7793103448275862,1566.2905500705217,560.9961190168176,37.0,14.0,18.83463663794036,OK,19.556948543092957,OK,,INSUFFICIENT,-7.69465821901516,OK,4.406130464362379,OK,,INSUFFICIENT,-14.882898808526502,OK,-0.5319450763145883,OK,,INSUFFICIENT,593.2848942172074,38.79986071716822,159.68096262208866,2.640031063216465,SELF_FUNDED_REINVESTMENT,9.78,6.54,0.0006896551724118183,0.00016372650755158702
INDUSINDBK,2022-03,14.960093439750827,51.39186295503212,43.82583868665239,9.667071994632899,3.475146834472592,1.1470862615834319,7.149251540945113,1.8418325606763022,Levered,270034.0,19.526646901439005,0.07667641022451645,17.57240592930445,16249.0,3.600086749078291,1.138796963208098,352.3964432877901,615.4580645161291,60.0,14.0,11.456495150268298,OK,16.429620297749015,OK,,INSUFFICIENT,11.784914582547534,OK,9.962143008064084,OK,,INSUFFICIENT,2.9428498400178693,OK,4.563955259127317,OK,,INSUFFICIENT,399.0275558447192,38.574281101932996,119.74648419986983,0.8831381144637652,SELF_FUNDED_REINVESTMENT,14.96,9.67,9.343975082565237e-05,0.0029280053671012496
INDUSINDBK,2023-03,20.320061592608887,42.68862736471624,49.56555213374395,13.5293471495002,4.096157210995498,1.6142279228665544,7.056662150781737,2.207445505755572,Levered,302333.0,16.43203434969292,0.07944010974128667,19.584275713516423,-12879.0,-1.683085250338295,1.2126044874615045,-174.276048714479,703.8917525773196,95.0,15.0,8.108818294925246,OK,16.04598245049358,OK,17.94179620925618,OK,18.706065055459597,OK,15.431341581089676,OK,21.42074841316457,OK,14.072565884674159,OK,9.626227935295418,OK,16.860936130231472,OK,276.8438822733424,37.455169894914135,109.33870427740638,-0.6295102036692551,EXTERNALLY_FUNDED_INVESTMENT,20.32,13.53,6.159260888694007e-05,0.0006528504997991291
INDUSINDBK,2024-03,19.56369677362945,38.55469091544986,46.62498907056046,14.252273197764223,4.307341867241787,1.7380834474254032,6.885742949503957,2.272049424797614,Levered,325877.0,14.979407032866007,0.08884228106460039,22.86256871564218,-17468.0,-1.8818994413407821,1.3661799422925593,-195.17318435754188,807.1593830334191,115.0,14.0,16.410290098595137,OK,15.495613083358029,OK,18.67814919085109,OK,46.680462139134974,OK,22.077464953948358,OK,20.315626837511314,OK,45.93698581900316,OK,15.895621875417865,OK,15.593498374788117,OK,201.94783463687153,28.782157109416058,76.97591634107103,-0.9664534641259643,CASH_BURN_AND_CONTRACTION,19.56,14.25,0.0036967736294499787,0.0022731977642234114
INFY,2013-03,23.366871530531323,28.59337827121332,31.73076923076923,24.81707638048113,33.70005790387956,20.376012965964343,0.0,2560.8,Levered,-2116.0,-0.15219736747464577,0.8720043219881145,5.652332259420087,4451.0,0.781949305334606,7.241276764472642,47.20543005620957,664.2307692307692,21.0,25.0,,INSUFFICIENT,,INSUFFICIENT,,INSUFFICIENT,,INSUFFICIENT,,INSUFFICIENT,,INSUFFICIENT,,INSUFFICIENT,,INSUFFICIENT,,INSUFFICIENT,,,,,SELF_FUNDED_REINVESTMENT,23.37,24.82,0.0031284694686775083,0.002923619518870879
INFY,2014-03,21.255460475136136,26.70895418187621,29.39580715297309,23.92993487536492,33.09454300471592,18.705894744233404,0.0,1637.4444444444443,Levered,-4331.0,-0.26977700261617044,0.8800512586455078,5.983886369061828,7262.0,0.9220157657657657,5.11240101330461,68.1493993993994,778.4965034965035,23.0,34.0,,INSUFFICIENT,,INSUFFICIENT,,INSUFFICIENT,,INSUFFICIENT,,INSUFFICIENT,,INSUFFICIENT,,INSUFFICIENT,,INSUFFICIENT,,INSUFFICIENT,,,,,SELF_FUNDED_REINVESTMENT,21.26,23.93,0.004539524863865552,6.512463507846178e-05
INFY,2015-03,23.20373600405109,27.913126652787934,32.43871790543709,24.385052034058656,34.090192368338066,18.663730030623483,0.0,1441.3333333333333,Levered,-2270.0,-0.1239556599137225,0.804341595136448,4.699365415124273,8353.0,0.6751535725832525,0.0,67.51535725832525,443.49650349650346,27.0,55.0,,INSUFFICIENT,,INSUFFICIENT,,INSUFFICIENT,,INSUFFICIENT,,INSUFFICIENT,,INSUFFICIENT,,INSUFFICIENT,,INSUFFICIENT,,INSUFFICIENT,,,,,ASSET_MONETISATION_AND_DELEVERAGING,23.2,24.39,0.003736004051091868,0.004947965941344279
INFY,2016-03,21.602793036626576,27.352220496148366,30.012331641069167,21.84665716506867,30.351127235034987,17.961863165463793,0.0,,Debt Free,-1892.0,-0.09366800336650329,0.8314602253056007,4.664649633945913,9143.0,0.7434205649047372,1.4173379670408865,67.78115501519757,269.86013986013984,29.0,41.0,15.664902194350061,OK,,INSUFFICIENT,,INSUFFICIENT,12.677717161772527,OK,,INSUFFICIENT,,INSUFFICIENT,11.3592338632446,OK,,INSUFFICIENT,,INSUFFICIENT,,,,,SELF_FUNDED_REINVESTMENT,21.6,21.85,0.0027930366265742634,0.00334283493133114
INFY,2017-03,20.958180012849716,27.165469306699375,29.13235208223819,20.80687715635963,28.922037633005708,17.26199066724395,0.0,,Debt Free,-16423.0,-0.7584280040639143,0.8236397748592871,4.829959799703787,-3133.0,0.8033860516965095,21.4123006833713,-21.82818922873267,301.49475524475525,31.0,41.0,10.957111282688103,OK,,INSUFFICIENT,,INSUFFICIENT,10.43739595009714,OK,,INSUFFICIENT,,INSUFFICIENT,10.461588908611908,OK,,INSUFFICIENT,,INSUFFICIENT,,,,,SELF_FUNDED_REINVESTMENT,20.96,20.81,0.001819987150284419,0.0031228436403694104
INFY,2018-03,22.729077451008195,26.68954368849437,28.742803664104816,24.689247262141308,31.221600973460866,20.200632648174523,0.0,,Debt Free,-12163.0,-0.549541408756156,0.888757262221326,5.60855734054398,13218.0,0.8246303574770728,0.0,82.46303574770728,298.359375,37.0,59.0,9.769294997006405,OK,11.81289987999634,OK,,INSUFFICIENT,9.015647640603586,OK,11.195742367356232,OK,,INSUFFICIENT,11.07406172153178,OK,11.994446021554527,OK,,INSUFFICIENT,,,,,ASSET_MONETISATION_AND_DELEVERAGING,22.73,24.69,0.0009225489918058827,0.000752737858693564
INFY,2019-03,18.639250075597218,24.396734200181434,25.450257030541273,23.726673646609594,32.396686580033254,18.33083529607689,0.0,,Debt Free,-11261.0,-0.4885042512580253,0.9834534770299527,5.262571610439211,14209.0,0.9630759247242051,0.764439068642274,92.20635950681377,149.64976958525347,35.0,60.0,9.80820305126835,OK,10.522347793403108,OK,,INSUFFICIENT,4.538025918537669,OK,7.656854216677544,OK,,INSUFFICIENT,6.469042607881903,OK,8.7597101915158,OK,,INSUFFICIENT,30.752932511356263,7.296647933731601,23.23439441263231,2.9982948609133238,SELF_FUNDED_REINVESTMENT,18.64,23.73,0.0007499244027826535,0.0033263533904062115
INFY,2020-03,18.32670639160269,24.525558700752278,24.426429932482293,25.422459893048128,31.643907937730976,18.125272331154683,0.0707868601986249,130.45294117647057,Levered,-4159.0,-0.16589549262066214,0.98900871459695,3.816511833200219,16672.0,1.0218763146823728,0.3645735810818253,100.19832922651601,154.2177191328935,39.0,45.0,9.854510602507016,OK,11.23261845680139,OK,,INSUFFICIENT,5.049707048712104,OK,6.105393931161118,OK,,INSUFFICIENT,7.952897730893849,OK,7.631692251481081,OK,,INSUFFICIENT,28.140653284452192,7.1540462948815895,20.609004786597527,3.5606255552665487,SELF_FUNDED_REINVESTMENT,18.33,25.42,0.0032936083973069685,0.002459893048126105
INFY,2021-03,19.331754120550997,27.757982323433396,26.696990206226612,25.43909051616875,32.84073656888192,18.066058356819305,0.06974368377624393,137.55384615384617,Levered,-8880.0,-0.2951146560319043,0.9345276297309113,3.939306018427759,15851.0,1.195695824537919,7.338362926984633,81.60943211656284,179.73399246704332,45.0,59.0,12.522699422394744,OK,9.980335337542012,OK,,INSUFFICIENT,6.611313417823994,OK,7.564090913719279,OK,,INSUFFICIENT,6.742391798827341,OK,9.184981078954069,OK,,INSUFFICIENT,32.128229933583896,8.17312949404723,23.200396477234964,2.5401160376798675,SELF_FUNDED_REINVESTMENT,19.33,25.44,0.0017541205509985502,0.0009094838312506681
INFY,2022-03,18.20603250548746,25.88847510296693,24.917585353622545,29.39084273390843,37.50123725626052,18.97214916601701,0.07264764432647644,151.55,Levered,-14850.0,-0.43953116675546083,1.0420803742000702,4.714767441860465,17400.0,1.0785243384809897,5.331261663419406,78.56949336223245,179.57578646329836,53.0,59.0,13.737041176393184,OK,12.175540977423328,OK,,INSUFFICIENT,12.848957726634369,OK,9.061262837863616,OK,,INSUFFICIENT,14.833678012614415,OK,11.322470345537216,OK,,INSUFFICIENT,36.16230425358982,10.62840597213006,27.065425324098737,2.1726904572026244,SELF_FUNDED_REINVESTMENT,18.21,29.39,0.003967494512540526,0.0008427339084278174
INFY,2023-03,16.426035825492104,23.93589839677857,22.897517834390566,31.970506716883047,40.14765966597377,19.34893576037754,0.11005609558794277,118.33098591549296,Levered,-11179.0,-0.2954984007824271,1.1779431121384314,5.02196749358426,21396.0,0.9319313091090095,0.7297280723868445,88.75062220009954,182.23054615756405,58.0,73.0,17.362280326090573,OK,15.787255328146577,OK,13.782726225845131,OK,13.156104226704102,OK,8.505299682051447,OK,9.842283975426191,OK,14.144361260685523,OK,9.407036350794119,OK,10.693181483627367,OK,36.14679774348764,11.556314400519845,27.00238640268563,2.4552831160843076,SELF_FUNDED_REINVESTMENT,16.43,31.97,0.00396417450789599,0.0005067168830485969
INFY,2024-03,17.08075746730006,23.703390381987376,23.7248649703911,29.788006718416632,37.79010106245141,19.297162182032054,0.09486358890553362,77.57021276595745,Levered,-16264.0,-0.39537145079735514,1.129760329363329,5.563319093476214,20117.0,0.9604541298384639,3.314244810307802,76.6420298689424,212.73780782230807,63.0,,15.216500798806365,OK,13.199100930556229,OK,11.852717458931128,OK,10.558796476740762,OK,11.239419983657939,OK,9.433477603192465,OK,11.868894208139679,OK,12.474611314209483,OK,10.60156477390728,OK,42.37579701310576,12.622905261246538,33.353502528199144,1.808627454139422,SELF_FUNDED_REINVESTMENT,17.08,29.79,0.0007574673000618759,0.0019932815833669792
IOC,2013-03,0.7854389536142752,3.0016458053618607,2.526744337130235,5.753763662610847,7.640726091625847,1.4995162850693324,1.422513761758967,1.6286990508096035,Levered,72320.0,4.1658986175115205,1.9091442793474396,6.91556593883847,46.0,2.5751309622277363,2.0126467148858764,1.2682657843948166,259.6252059308072,3.0,36.0,,INSUFFICIENT,,INSUFFICIENT,,INSUFFICIENT,,INSUFFICIENT,,INSUFFICIENT,,INSUFFICIENT,,INSUFFICIENT,,INSUFFICIENT,,INSUFFICIENT,,,,,EXPANSION_WITH_EXTERNAL_CAPITAL,0.79,5.75,0.004561046385724854,0.0037636626108472626
IOC,2014-03,1.4266553358793475,3.526605166429471,3.2612190152453695,10.258713353849778,9.780813000141253,2.619635800310581,1.39761165019952,2.6775386684599867,Levered,79021.0,3.5457686439917437,1.8362079013961115,6.730779832952008,5601.0,3.4728003444811253,3.807554085738566,80.39328261805655,279.70757825370674,5.0,30.0,,INSUFFICIENT,,INSUFFICIENT,,INSUFFICIENT,,INSUFFICIENT,,INSUFFICIENT,,INSUFFICIENT,,INSUFFICIENT,,INSUFFICIENT,,INSUFFICIENT,,,,,SELF_FUNDED_REINVESTMENT,1.43,10.26,0.003344664120652485,0.0012866461502216708
IOC,2015-03,1.0838540890353208,2.352577379217676,2.494955584673876,7.078103207810321,8.386614320433726,2.083092828465515,0.942773709902371,2.6696024756010472,Levered,48824.0,2.9709139588657663,1.9219310509955834,5.854404084343783,35877.0,9.460591133004925,2.272489638648564,736.3916256157635,283.492586490939,3.0,33.0,,INSUFFICIENT,,INSUFFICIENT,,INSUFFICIENT,,INSUFFICIENT,,INSUFFICIENT,,INSUFFICIENT,,INSUFFICIENT,,INSUFFICIENT,,INSUFFICIENT,,,,,SELF_FUNDED_REINVESTMENT,1.08,7.08,0.003854089035320696,0.0018967921896786422
IOC,2016-03,3.587105723244087,6.3685358840613215,6.2301145804736375,13.79528784174261,14.514717367301323,5.357011846449302,0.6507223827517226,6.182678520217952,Levered,27367.0,1.0040356605642586,1.4934078501607577,3.4593084282186877,12014.0,2.0642874405864817,3.9330144923348116,96.7856279706759,379.662447257384,8.0,28.0,-9.169336556017438,OK,,INSUFFICIENT,,INSUFFICIENT,50.698778897915744,OK,,INSUFFICIENT,,INSUFFICIENT,38.672254870126935,OK,,INSUFFICIENT,,INSUFFICIENT,,,,,SELF_FUNDED_REINVESTMENT,3.59,13.8,0.0028942767559128058,0.004712158257390797
IOC,2017-03,5.736129596852938,9.609177807354964,8.919772974767783,19.966502115655853,19.168878917801013,7.447418703122545,0.6197206550697383,8.468875233769703,Levered,19584.0,0.5086092715231788,1.2983351539352401,3.0647217095845045,10532.0,1.3841550159430953,4.9760959426415186,51.66544027471179,215.43785608778225,14.0,45.0,-10.052657110271191,OK,,INSUFFICIENT,,INSUFFICIENT,43.02818747749668,OK,,INSUFFICIENT,,INSUFFICIENT,40.94597464129783,OK,,INSUFFICIENT,,INSUFFICIENT,,,,,SELF_FUNDED_REINVESTMENT,5.74,19.97,0.00387040314706244,0.003497884344145774
IOC,2018-03,5.36807341539104,9.883461607812247,9.092699268313515,19.869329258654304,21.34812058554845,7.647535996755223,0.5765143931011468,9.890322580645162,Levered,20844.0,0.4532388179782122,1.424633272493747,3.397676799432501,11996.0,1.286793953858393,4.061524299393582,53.01865110934323,120.13292541407321,15.0,90.0,-2.1221790122929796,OK,-1.8091898452746502,OK,,INSUFFICIENT,66.8399948321155,OK,44.215535009291294,OK,,INSUFFICIENT,70.99759466766969,OK,37.97296614612149,OK,,INSUFFICIENT,,,,,SELF_FUNDED_REINVESTMENT,5.37,19.87,0.0019265846089604466,0.0006707413456972233
IOC,2019-03,3.2706122031664764,6.676411225428754,5.8414338133664545,15.358898896584835,14.745213493026945,5.150836556209242,0.8603704131805209,6.264365482233503,Levered,52653.0,1.3377966360079272,1.5748845281083483,3.9862786239376877,-9822.0,0.7379298367488711,4.273153109486176,-56.860020840569646,122.50190611044549,12.0,49.0,15.13581194246405,OK,1.5798163670665666,OK,,INSUFFICIENT,11.644856530633053,OK,19.913870464536586,OK,,INSUFFICIENT,14.471424255333186,OK,19.13578981670916,OK,,INSUFFICIENT,64.98637200416812,9.981191172678695,34.001623558107624,-0.8749529953283548,EXPANSION_WITH_EXTERNAL_CAPITAL,3.27,15.36,0.0006122031664763661,0.0011011034151646726
IOC,2020-03,-0.3877931962551911,3.31836043682547,-0.2862972157854156,-1.9664982494391918,-0.6150416540845871,-0.5685503179153963,1.3605107025304515,-0.2391229281767956,Levered,94219.0,10.600697569756976,1.4661173104781762,3.290412319244739,-21955.0,-3.8091684434968016,6.01554893615262,1170.309168443497,103.90807101622917,-1.0,-437.0,10.827353497863633,OK,1.4797147807903865,OK,,INSUFFICIENT,,DECLINE_TO_LOSS,,DECLINE_TO_LOSS,,INSUFFICIENT,,DECLINE_TO_LOSS,,DECLINE_TO_LOSS,,INSUFFICIENT,,13.592634960900646,176.64318856885689,-1.6931308297962862,EXPANSION_WITH_EXTERNAL_CAPITAL,-0.39,-1.97,0.002206803744808916,0.003501750560808148
IOC,2021-03,5.9793927737326555,10.971012501717269,9.255117461189725,19.458502476796795,14.742195398425292,6.12763800701122,1.043017578998194,11.484486873508354,Levered,71932.0,1.611921568627451,1.0247926903095919,2.3168984944456823,26715.0,2.2814998621450235,6.301689792553922,122.75985663082439,121.81461714410194,15.0,51.0,-4.77504066085449,OK,1.014060519872384,OK,,INSUFFICIENT,-1.2894266676414134,OK,11.883079142570097,OK,,INSUFFICIENT,0.0,OK,13.396657763302722,OK,,INSUFFICIENT,60.190335447109646,11.71213791376813,38.06068571428572,2.0395277035579196,SELF_FUNDED_REINVESTMENT,5.98,19.46,0.0006072262673448847,0.0014975232032057306
IOC,2022-03,4.365532536597202,8.103902626921492,6.743862852333448,19.266110008611975,14.966014573252245,6.261408384889092,0.9886546598270116,7.286945361202787,Levered,79668.0,1.5294004722504848,1.434282835461276,3.6714616793550716,4453.0,1.00077739339993,3.61331091204963,17.30866404944222,145.4471190502124,18.0,46.0,3.7200422242528175,OK,10.645060661942974,OK,,INSUFFICIENT,14.19981764263223,OK,4.7648718629675235,OK,,INSUFFICIENT,14.471424255333186,OK,5.154749679728043,OK,,INSUFFICIENT,62.4223010844638,12.02634919683978,35.850323472384865,0.277283338626396,SELF_FUNDED_REINVESTMENT,4.37,19.27,0.004467463402797911,0.003889991388025038
IOC,2023-03,1.3904266794653084,3.6451180627165116,2.687952328228133,8.37669355358178,7.8372555403916895,2.6479937555854702,1.0662463051366653,2.981813389562467,Levered,96787.0,2.703018962772642,1.9044468828832906,4.675175508753221,1614.0,2.5328092959671906,3.3299435941056554,13.790157211209845,101.452948010456,7.0,42.0,20.277536380439187,OK,14.836349116918468,OK,6.187919063333669,OK,,TURNAROUND,-12.351334911293721,OK,12.429084887398979,OK,,TURNAROUND,-14.137929651551106,OK,8.842291989017026,OK,142.42926179084074,11.930862790847476,50.41292847767196,0.09682109587467266,SELF_FUNDED_REINVESTMENT,1.39,8.38,0.0004266794653084993,0.003306446418219977
IOC,2024-03,5.559462717942377,9.743776019125345,8.3942593050575,23.53162465856491,20.620164849942256,8.941893540895371,0.7230954600718581,8.26912828321279,Levered,67086.0,0.8278645029925341,1.6084096601703395,3.9610200104082693,39635.0,1.6472973286068442,4.052800791393595,91.83058779917054,133.18109207086843,30.0,40.0,28.727791225279177,OK,8.008755667240486,OK,4.744973944880271,OK,25.64085913541887,OK,20.099089966731643,OK,20.006444481866815,OK,25.99210498948732,OK,20.11244339814313,OK,19.623119885131544,OK,32.85754106716712,7.73191323595959,22.044695378540137,2.794810104975634,SELF_FUNDED_REINVESTMENT,5.56,23.53,0.0005372820576230453,0.0016246585649071221
IRCTC,2015-03,12.370160528800756,14.353163361661943,20.20774315391879,29.504504504504503,48.1981981981982,11.273666092943202,0.0,,Debt Free,0.0,0.0,0.9113597246127366,6.832258064516129,23.0,0.5267175572519084,4.343720491029273,17.557251908396946,44.4,13.0,20.0,,INSUFFICIENT,,INSUFFICIENT,,INSUFFICIENT,,INSUFFICIENT,,INSUFFICIENT,,INSUFFICIENT,,INSUFFICIENT,,INSUFFICIENT,,INSUFFICIENT,,,,,SELF_FUNDED_REINVESTMENT,12.37,29.5,0.0001605288007571204,0.004504504504502904
IRCTC,2016-03,13.825896122896856,13.89904901243599,22.604242867593268,34.87084870848708,57.01107011070111,13.152400835073069,0.0,,Debt Free,0.0,0.0,0.9512874043145442,8.59748427672956,288.0,1.5238095238095237,0.0,152.38095238095238,54.2,19.0,40.0,,INSUFFICIENT,,INSUFFICIENT,,INSUFFICIENT,,INSUFFICIENT,,INSUFFICIENT,,INSUFFICIENT,,INSUFFICIENT,,INSUFFICIENT,,INSUFFICIENT,,,,,ASSET_MONETISATION_AND_DELEVERAGING,13.83,34.87,0.0041038771031445265,0.000848708487083627
IRCTC,2017-03,15.06578947368421,20.657894736842106,23.55263157894737,29.09783989834816,45.48919949174079,12.54107338444688,0.0,119.33333333333333,Levered,0.0,0.0,0.8324205914567361,8.941176470588236,338.0,1.4759825327510918,0.0,147.5982532751092,39.35,11.0,49.0,,INSUFFICIENT,,INSUFFICIENT,,INSUFFICIENT,,INSUFFICIENT,,INSUFFICIENT,,INSUFFICIENT,,INSUFFICIENT,,INSUFFICIENT,,INSUFFICIENT,,,,,ASSET_MONETISATION_AND_DELEVERAGING,15.07,29.1,0.004210526315789664,0.0021601016518424387
IRCTC,2018-03,15.075034106412005,18.69031377899045,23.806275579809004,23.141361256544503,36.544502617801044,9.529969814575248,0.0,116.33333333333333,Levered,0.0,0.0,0.6321690383786115,7.71578947368421,24.0,0.1085972850678733,0.0,10.85972850678733,47.75,11.0,21.0,11.449811104068885,OK,,INSUFFICIENT,,INSUFFICIENT,19.043857872204704,OK,,INSUFFICIENT,,INSUFFICIENT,-5.416268377977785,OK,,INSUFFICIENT,,INSUFFICIENT,,,,,ASSET_MONETISATION_AND_DELEVERAGING,15.08,23.14,0.0049658935879950405,0.001361256544502254
IRCTC,2019-03,16.524064171122994,20.481283422459892,25.721925133689837,28.851540616246496,44.91129785247433,11.912104857363145,0.0,240.5,Levered,0.0,0.0,0.7208943716268311,10.274725274725276,146.0,1.6148867313915858,18.877005347593585,47.249190938511326,13.3875,4.0,98.0,11.008873959320331,OK,,INSUFFICIENT,,INSUFFICIENT,17.80549770310449,OK,,INSUFFICIENT,,INSUFFICIENT,-40.51116507409971,OK,,INSUFFICIENT,,INSUFFICIENT,4031.73572815534,1163.2178711484594,2972.8132941176473,0.011719317466308606,SELF_FUNDED_REINVESTMENT,16.52,28.85,0.004064171122994509,0.001540616246494153
IRCTC,2020-03,22.659010600706715,31.051236749116605,32.685512367491164,39.04109589041096,56.3165905631659,15.828448009873497,0.0,74.0,Levered,0.0,0.0,0.6985498302992903,7.943859649122807,409.0,0.797270955165692,0.0,79.72709551656921,16.425,6.0,39.0,14.203026027231868,OK,16.411555535790434,OK,,INSUFFICIENT,30.846053303040843,OK,31.392087899378353,OK,,INSUFFICIENT,-18.294205935675624,OK,-14.327472495069038,OK,,INSUFFICIENT,2107.850760233918,822.9280365296803,1525.1872564102564,0.03782388061843691,ASSET_MONETISATION_AND_DELEVERAGING,22.66,39.04,0.0009893992932852314,0.0010958904109585887
IRCTC,2021-03,24.066924066924066,24.195624195624195,34.234234234234236,12.843406593406591,17.32899022801303,5.930859498889946,0.05425824175824176,33.25,Levered,79.0,0.2532051282051282,0.24643196955280686,2.4983922829581995,-205.0,1.3262032085561497,58.301158301158296,-109.62566844919786,18.2,2.0,43.0,-19.072582290439456,OK,-10.683745846400194,OK,,INSUFFICIENT,-5.416268377977785,OK,-0.21254177351718306,OK,,INSUFFICIENT,-43.348366505729516,OK,-36.25365645308462,OK,,INSUFFICIENT,5882.955454545454,755.5718887362636,3448.7236217948716,-0.01863445495996333,SELF_FUNDED_REINVESTMENT,24.07,12.84,0.00307593307593379,0.0034065934065914405
IRCTC,2022-03,35.125066524747204,46.514103246407664,47.68493879723257,35.294117647058826,45.36708860759494,16.992790937178167,0.05614973262032086,81.45454545454545,Levered,105.0,0.1111111111111111,0.4837796086508754,5.608955223880597,282.0,0.793939393939394,12.879191059073975,42.72727272727273,23.375,8.0,42.0,0.1601711226295155,OK,4.3317851665537255,OK,,INSUFFICIENT,28.783972913845712,OK,23.57815034854438,OK,,INSUFFICIENT,25.99210498948732,OK,-6.170487402194635,OK,,INSUFFICIENT,2003.9235,707.2671176470589,1644.488529100529,0.02132180830619169,SELF_FUNDED_REINVESTMENT,35.13,35.29,0.004933475252798303,0.00411764705882689
IRCTC,2023-03,28.410053657158997,36.0350183563965,38.689635696131035,40.597255851493145,53.47384855581577,19.768127333464335,0.03389830508474576,85.625,Levered,84.0,0.05898876404494382,0.6958145018667715,10.08831908831909,495.0,0.8071570576540755,8.952273369104773,49.20477137176938,30.975,13.0,44.0,16.07797809845499,OK,19.288448837755602,OK,,INSUFFICIENT,25.168065030008833,OK,35.40700785415161,OK,,INSUFFICIENT,29.398934610938454,OK,3.3975226531950176,OK,,INSUFFICIENT,1351.2270278330018,548.5610936238902,914.6095716292135,0.03641488096243928,SELF_FUNDED_REINVESTMENT,28.41,40.6,5.365715899685597e-05,0.0027441485068564475
IRCTC,2024-03,26.01873536299766,34.33255269320843,35.48009367681499,34.39628482972136,46.048632218844986,18.240026268264653,0.018575851393188854,79.73684210526316,Levered,60.0,0.03816793893129771,0.7010343129207027,12.448979591836734,667.0,0.7938793879387939,5.035128805620609,60.03600360036003,40.375,14.0,47.0,76.46921430165466,OK,17.955244103890912,OK,,INSUFFICIENT,81.11627776293705,OK,29.16686408659448,OK,,INSUFFICIENT,91.29311827723889,OK,28.473515712343932,OK,,INSUFFICIENT,1132.7815391539154,389.6347647058824,937.6232061068702,0.05299874823631171,SELF_FUNDED_REINVESTMENT,26.02,34.4,0.001264637002339697,0.0037151702786388796
IRFC,2016-03,11.309444518449448,99.48048488077794,99.49380578127082,7.366594360086768,7.542311265500666,0.783210332103321,7.592451193058569,1.3533248776952347,Levered,87495.0,11.71441960101754,0.06925276752767527,625.5833333333334,-16378.0,-19.290930506478208,0.0,-1929.0930506478207,25.463985859478566,188.0,40.0,10.592194921232956,OK,,INSUFFICIENT,,INSUFFICIENT,17.601373968002854,OK,,INSUFFICIENT,,INSUFFICIENT,-5.390454039462956,OK,,INSUFFICIENT,,INSUFFICIENT,,,,,RESTRUCTURING_WITH_EXTERNAL_SUPPORT,11.31,7.37,0.0005554815505526278,0.0034056399132325055
IRFC,2017-03,10.323864264397038,99.71261191555212,99.71261191555212,7.7775002081772,7.618830444917402,0.7204010798303123,8.85960529602798,1.3096689895470384,Levered,106387.0,11.79326017071278,0.06978017740069417,753.9166666666666,-19455.0,-20.829764453961456,0.0,-2082.9764453961457,18.401777505363164,143.0,40.0,13.442128028685406,OK,,INSUFFICIENT,,INSUFFICIENT,10.038067017269148,OK,,INSUFFICIENT,,INSUFFICIENT,-11.882280208942664,OK,,INSUFFICIENT,,INSUFFICIENT,,,,,RESTRUCTURING_WITH_EXTERNAL_SUPPORT,10.32,7.779999999999999,0.0038642643970376866,0.0024997918227995797
IRFC,2018-03,22.17546131434121,99.58994280781268,99.60073378655444,14.754451464675475,6.239268863141671,1.2726979958877302,9.621338311315336,1.3904790599578187,Levered,133992.0,14.517009750812568,0.057392176778061285,842.4545454545455,-28076.0,-13.662287104622871,0.0,-1366.2287104622872,21.342323015629788,3.0,18.0,10.123690837464272,OK,10.797314976705529,OK,,INSUFFICIENT,39.437912859895754,OK,31.531043210254573,OK,,INSUFFICIENT,-75.81226893094892,OK,-57.718181652624125,OK,,INSUFFICIENT,,,,,RESTRUCTURING_WITH_EXTERNAL_SUPPORT,22.18,14.75,0.004538685658790342,0.004451464675474526
IRFC,2019-03,20.25327824681157,99.55990659241961,99.55990659241961,9.009908902029727,5.571443649760506,1.0914599910940737,6.94953651909861,1.354637663448613,Levered,173920.0,15.689670726206586,0.05389053454918588,1012.1818181818181,-41748.0,-18.51352549889135,0.0,-1851.3525498891352,26.68230277185501,2.0,18.0,14.041153216374024,OK,12.433037605369979,OK,,INSUFFICIENT,38.488257854113385,OK,26.32395249098518,OK,,INSUFFICIENT,-78.00668393657817,OK,-60.53821356145814,OK,,INSUFFICIENT,560.0213170731707,50.45741050023973,146.6729905277402,-3.3058608546632215,RESTRUCTURING_WITH_EXTERNAL_SUPPORT,20.25,9.01,0.0032782468115684082,9.109797027306854e-05
IRFC,2020-03,23.783622680873258,99.50823336562105,99.50823336562105,10.535001155153635,5.045791836056159,1.158603867820431,7.7354698174857255,1.3140804880448687,Levered,234365.0,17.548858105578436,0.04871435623439224,1220.090909090909,-62701.0,-19.64317042606516,0.0,-1964.3170426065162,25.504208754208754,3.0,0.0,14.049511302315043,OK,14.103140488227828,OK,,INSUFFICIENT,50.62787021535862,OK,33.314913556939096,OK,,INSUFFICIENT,-72.41994852393199,OK,-57.32661649382553,OK,,INSUFFICIENT,369.8527318295739,38.96398957061289,91.3733545488581,-5.31107890670296,RESTRUCTURING_WITH_EXTERNAL_SUPPORT,23.78,10.54,0.0036226808732564564,0.004998844846364037
IRFC,2021-03,28.000760890241583,99.27715427049648,99.25179126244372,12.29604054129309,4.359450675237217,1.160633091709989,8.997744612128974,1.3929874521669485,Levered,323133.0,20.63824487449703,0.041450055455974265,350.46666666666664,-89907.0,-20.359375,0.0,-2035.9375,27.480296885760193,3.0,31.0,19.391485610581594,OK,16.005495428865157,OK,,INSUFFICIENT,29.044375284627755,OK,39.067060484374224,OK,,INSUFFICIENT,0.0,OK,-56.288804852580384,OK,,INSUFFICIENT,335.5311798007246,41.257049896976106,118.53915756530625,-6.0678041939624325,RESTRUCTURING_WITH_EXTERNAL_SUPPORT,28.0,12.3,0.000760890241583212,0.0039594587069107234
IRFC,2022-03,30.001477905315532,99.39898517168334,99.33986895906203,14.854745469180672,4.69568295233061,1.3533934841548514,9.474839622411396,1.4326820603907637,Levered,388430.0,19.249219485603845,0.045110893817503,534.1842105263158,-64417.0,-10.576683087027915,0.02463175525887975,-1057.7504105090313,31.369653378223273,5.0,30.0,22.163408687094698,OK,17.542252951321856,OK,,INSUFFICIENT,39.259099370810226,OK,45.4970149339337,OK,,INSUFFICIENT,35.72088082974532,OK,-48.86399528121468,OK,,INSUFFICIENT,268.9028472906404,39.944833524404224,103.3093116606373,-3.9335783208192447,EXTERNALLY_FUNDED_INVESTMENT,30.0,14.85,0.0014779053155322686,0.004745469180672757
IRFC,2023-03,25.996964842761994,99.4351235140376,99.54472641429896,13.802287325708914,5.093439398122585,1.2576500074435262,9.376133031937513,1.3534705106895168,Levered,418921.0,17.729854410022007,0.048376801486258024,1248.5263157894738,-28588.0,-4.635641316685585,0.0,-463.5641316685585,34.188537761114084,5.0,32.0,20.908121863020448,OK,20.68198021788925,OK,15.634075316119599,OK,24.548075686705495,OK,24.58117551431116,OK,28.008952732834945,OK,18.56311014966876,OK,10.756634324829006,OK,-31.567610787806366,OK,333.9068428733582,46.0867818535843,81.06963475537498,-1.3883037786212,RESTRUCTURING_WITH_EXTERNAL_SUPPORT,26.0,13.8,0.003035157238006292,0.0022873257089131016
IRFC,2024-03,24.064552448864703,99.50459748545694,99.50459748545694,13.038085361638096,5.7484746909270665,1.3218383695952436,8.378352548852153,1.3189891050196507,Levered,411985.0,15.53370786516854,0.05492885738906,1211.1363636363637,7906.0,1.2342482844666252,0.030024394820791892,123.30006238303181,37.63027010482822,5.0,31.0,19.101938730495593,OK,19.06740855567788,OK,15.702681143154496,OK,13.236946449292141,OK,23.245023933940367,OK,24.774991677745327,OK,18.56311014966876,OK,20.11244339814313,OK,-31.1534199107249,OK,408.35130692451656,53.24119197218325,92.34824221401101,0.3019460457018293,SELF_FUNDED_REINVESTMENT,24.06,13.04,0.004552448864703962,0.0019146383619030871
ITC,2013-03,24.36586754380416,35.48927825921943,35.46713897147195,33.26712151308403,48.21152192605331,21.80644796059894,0.0044045254339753,103.83333333333333,Levered,-5879.0,-0.4869543609707612,0.8949588157038127,2.6044481054365733,3221.0,0.921858774662513,12.27465367828452,41.80944963655244,29.313924050632913,6.0,55.0,,INSUFFICIENT,,INSUFFICIENT,,INSUFFICIENT,,INSUFFICIENT,,INSUFFICIENT,,INSUFFICIENT,,INSUFFICIENT,,INSUFFICIENT,,INSUFFICIENT,,,,,SELF_FUNDED_REINVESTMENT,24.37,33.27,0.0041324561958404615,0.0028784869159750315
ITC,2014-03,25.49425026907608,37.04752733246474,37.05035971223021,33.04695818188493,47.60362458604753,22.035350567959263,0.00888497264750156,451.0689655172414,Levered,-7042.0,-0.5013526982770896,0.8643262828045437,2.7324510486804425,4090.0,0.8159093434062882,9.21656375686852,45.43939562270859,34.260377358490565,7.0,54.0,,INSUFFICIENT,,INSUFFICIENT,,INSUFFICIENT,,INSUFFICIENT,,INSUFFICIENT,,INSUFFICIENT,,INSUFFICIENT,,INSUFFICIENT,,INSUFFICIENT,,,,,SELF_FUNDED_REINVESTMENT,25.49,33.05,0.004250269076081281,0.003041818115065098
ITC,2015-03,25.192570265605273,36.715871911791226,37.23368627147899,30.813587093521555,45.15856897359787,21.28090181058496,0.008476178472397277,158.82417582417582,Levered,-6674.0,-0.4311091014792326,0.844729282729805,2.5365614585375416,4568.0,1.0065446364658963,13.589406703248578,46.7123427753349,39.571072319201996,8.0,52.0,,INSUFFICIENT,,INSUFFICIENT,,INSUFFICIENT,,INSUFFICIENT,,INSUFFICIENT,,INSUFFICIENT,,INSUFFICIENT,,INSUFFICIENT,,INSUFFICIENT,,,,,SELF_FUNDED_REINVESTMENT,25.19,30.81,0.0025702656052715156,0.003587093521556284
ITC,2016-03,24.242192284139623,37.07644417228006,38.11236987140233,22.261012183692596,34.928912169114206,18.394609978509614,0.0019681349578256793,191.5,Levered,-11664.0,-0.7283626826526789,0.7587849218795377,2.594294035877408,5878.0,1.0313651194611093,10.004592774035517,61.86717187664457,53.01863354037267,8.0,73.0,7.420625551256488,OK,,INSUFFICIENT,,INSUFFICIENT,7.238570128202171,OK,,INSUFFICIENT,,INSUFFICIENT,10.064241629820891,OK,,INSUFFICIENT,,INSUFFICIENT,,,,,SELF_FUNDED_REINVESTMENT,24.24,22.26,0.0021922841396246895,0.0010121836925947036
ITC,2017-03,24.497287691732136,36.171904227459784,37.586513280957725,22.57341693060134,34.600400352999415,18.743067730509143,0.0009911016310085537,328.0612244897959,Levered,-17535.0,-1.0178198281866728,0.7651078750581416,2.690996035990688,7376.0,1.0143170754987114,7.6014777403666285,70.40183258566384,38.2,8.0,56.0,6.599902674191616,OK,,INSUFFICIENT,,INSUFFICIENT,5.191842166756144,OK,,INSUFFICIENT,,INSUFFICIENT,4.551591714942038,OK,,INSUFFICIENT,,INSUFFICIENT,,,,,SELF_FUNDED_REINVESTMENT,24.5,22.57,0.0027123082678635058,0.0034169306013396294
ITC,2018-03,26.45170199544293,38.02389007802251,40.332343667288086,21.88725956960579,33.34982681840673,17.890443797574758,0.0006855836983431727,152.38260869565218,Levered,-22017.0,-1.1736140724946695,0.6763437679986302,2.629448075526507,6055.0,1.1458278952405812,16.37321917650579,52.684242582441485,43.040983606557376,9.0,56.0,3.829143769542398,OK,6.563647692065455,OK,,INSUFFICIENT,5.530902812018423,OK,8.328673833208056,OK,,INSUFFICIENT,4.0041911525952045,OK,8.447177119769854,OK,,INSUFFICIENT,,,,,SELF_FUNDED_REINVESTMENT,26.45,21.89,0.0017019954429322581,0.0027404303942120123
ITC,2019-03,26.553578816714936,38.347124534546964,39.762101779064956,21.70406317106576,32.493153463840144,17.89263859267623,0.00021981366564650582,270.71830985915494,Levered,-25030.0,-1.213987777669997,0.6738315281785361,2.495096521110767,7037.0,0.9802898099096292,11.472900289615225,54.82237457151761,48.23898858075041,10.0,56.0,7.243193969335526,OK,6.485782310928911,OK,,INSUFFICIENT,10.548655096564818,OK,7.356362807797945,OK,,INSUFFICIENT,7.721734501594191,OK,7.394092378577932,OK,,INSUFFICIENT,16.811597849797447,3.6487998173855702,10.27479968959162,3.260985366252865,SELF_FUNDED_REINVESTMENT,26.55,21.7,0.0035788167149348737,0.0040631710657592635
ITC,2020-03,31.57244674819794,39.16740908722767,40.730541832023974,23.88889740015014,30.688024408848207,20.169186791012923,0.004243714859130115,248.34567901234567,Levered,-28386.0,-1.3044437296080142,0.6388224185432863,2.274582047621241,8516.0,0.942089399089335,12.50101239167409,54.61424998396717,53.110659072416595,12.0,82.0,4.914174068769528,OK,4.934885839116165,OK,,INSUFFICIENT,14.173218807130539,OK,9.780965642396078,OK,,INSUFFICIENT,14.471424255333186,OK,8.447177119769854,OK,,INSUFFICIENT,18.081443596485602,4.319457509230463,16.159172372593172,3.020458498932146,SELF_FUNDED_REINVESTMENT,31.57,23.89,0.0024467481979399963,0.0011025998498617184
ITC,2021-03,27.16974237164261,34.64482205574842,36.53490874393487,22.17674449434106,29.68755155234419,18.143734493838206,0.004490695477819941,310.2758620689655,Levered,-24600.0,-1.2524182873434477,0.6677919225607029,2.114215812516096,12527.0,0.9360382574908466,0.0,93.60382574908466,49.02274573517465,11.0,101.0,4.270804431240349,OK,4.677684227502499,OK,,INSUFFICIENT,5.205882509463722,OK,7.091951336070168,OK,,INSUFFICIENT,6.917810999860885,OK,6.576275663547415,OK,,INSUFFICIENT,27.41313009041321,6.079339818052264,19.137873943590265,3.4145617607461523,ASSET_MONETISATION_AND_DELEVERAGING,27.17,22.18,0.0002576283573922922,0.0032555056589380627
ITC,2022-03,25.563525434908072,34.00610108005606,34.29796355841372,24.822672324073334,33.17172748150038,20.082646769262656,0.003986870546793691,346.6666666666667,Levered,-24592.0,-1.0914255281377596,0.7855976993626613,2.5026824034334765,13538.0,1.017609494936464,3.6903289636408605,87.32503386441334,50.693993506493506,12.0,93.0,7.85231002593576,OK,7.234668062509075,OK,,INSUFFICIENT,6.494867989916275,OK,8.152300226979946,OK,,INSUFFICIENT,6.265856918261115,OK,8.447177119769854,OK,,INSUFFICIENT,25.17481197187641,6.2490610839804654,19.37663367654891,3.468746219910875,SELF_FUNDED_REINVESTMENT,25.56,24.82,0.003525434908073777,0.0026723240733339537
ITC,2023-03,27.463726222873987,36.24416587938352,36.65167303543479,28.16426867182416,37.420998833878,22.692267362607915,0.004424842744559323,333.2435897435897,Levered,-29109.0,-1.0470110064024172,0.8262632382239518,2.7433754980464973,13146.0,0.9692457770703907,8.082460271577434,67.49499409559994,55.63555913113435,15.0,100.0,12.818517330621537,OK,10.295187558658526,OK,8.413364070723151,OK,7.695476412191082,OK,11.126524392785209,OK,9.718681249658069,OK,7.721734501594191,OK,10.756634324829006,OK,9.595822638521723,OK,19.34728448939775,5.4490211842961465,17.455191712826416,3.4886029681626365,SELF_FUNDED_REINVESTMENT,27.46,28.16,0.0037262228739862735,0.004268671824160464
ITC,2024-03,29.282025230717128,37.0177518132814,38.41052126548698,27.851074395694365,36.38550995856169,22.61590775334045,0.004066731984914169,340.25,Levered,-30811.0,-1.0611310097809616,0.7723477995509732,2.5473040977713874,17179.0,0.8278637174112091,0.0,82.78637174112092,59.701121794871796,16.0,84.0,12.890307004910628,OK,7.950896846254429,OK,7.215836991741997,OK,15.743119736566346,OK,10.083407558317958,OK,8.711334464026654,OK,13.30326698854094,OK,9.856054330611785,OK,8.618098156466525,OK,16.011063563201773,4.459253224529239,12.712905703264912,5.170572923799317,ASSET_MONETISATION_AND_DELEVERAGING,29.28,27.85,0.0020252307171269024,0.001074395694363517
JINDALSTEL,2013-03,14.903821881153128,30.82748523249356,24.73872873226637,13.890457368718238,10.682363200348812,5.172323165069297,1.1583850931677018,4.5923149015932525,Levered,23809.0,3.697623854635813,0.3470467646698088,1.0194554531885327,-6069.0,1.193089430894309,48.422274953299336,-205.58943089430892,228.51612903225808,31.0,5.0,,INSUFFICIENT,,INSUFFICIENT,,INSUFFICIENT,,INSUFFICIENT,,INSUFFICIENT,,INSUFFICIENT,,INSUFFICIENT,,INSUFFICIENT,,INSUFFICIENT,,,,,EXPANSION_WITH_EXTERNAL_CAPITAL,14.9,13.89,0.0038218811531276486,0.0004573687182372055
JINDALSTEL,2014-03,9.830965467178263,30.068443430467696,22.394483044695633,8.385670057496682,7.323069619180034,2.7512951112271993,1.6084918177797434,2.390149418926397,Levered,36026.0,5.859791802212102,0.27986011347641226,0.5512018062819743,-8114.0,2.4156118143459917,65.81976563310174,-427.9535864978903,248.46153846153845,21.0,7.0,,INSUFFICIENT,,INSUFFICIENT,,INSUFFICIENT,,INSUFFICIENT,,INSUFFICIENT,,INSUFFICIENT,,INSUFFICIENT,,INSUFFICIENT,,INSUFFICIENT,,,,,EXPANSION_WITH_EXTERNAL_CAPITAL,9.83,8.39,0.0009654671782630686,0.004329942503318307
JINDALSTEL,2015-03,-7.48415030153085,28.163496726972838,6.865625483222515,-6.900484744796122,2.001713177945088,-1.9222367846221056,2.162389506700884,0.463304347826087,Levered,43716.0,10.754243542435425,0.2568410183089082,0.41594665866260744,-5535.0,-0.8140495867768595,34.62192670480903,381.198347107438,231.23076923076923,-14.0,0.0,,INSUFFICIENT,,INSUFFICIENT,,INSUFFICIENT,,INSUFFICIENT,,INSUFFICIENT,,INSUFFICIENT,,INSUFFICIENT,,INSUFFICIENT,,INSUFFICIENT,,,,,EXPANSION_WITH_EXTERNAL_CAPITAL,-7.48,-6.9,0.004150301530849276,0.00048474479612181653
JINDALSTEL,2016-03,-15.855976167240229,17.653705891417122,-3.646823154758847,-9.517203107658158,-0.8960912751000215,-3.3409814065239503,1.4427487976322604,-0.21819299323909036,Levered,46405.0,13.819237641453245,0.2107080239832031,0.29934807343399245,2071.0,-1.4036281179138321,11.618470388823257,-67.08778749595076,356.43956043956047,-32.0,0.0,-0.57208908819526,OK,,INSUFFICIENT,,INSUFFICIENT,,DECLINE_TO_LOSS,,INSUFFICIENT,,INSUFFICIENT,,DECLINE_TO_LOSS,,INSUFFICIENT,,INSUFFICIENT,,,,,SELF_FUNDED_REINVESTMENT,-15.86,-9.520000000000001,0.004023832759770585,0.0027968923418431046
JINDALSTEL,2017-03,-11.74836828218303,21.797898440031478,1.8423367124936352,-8.44564240790656,0.5243672678884337,-2.802097709080872,1.5257395760540415,0.11566405114792211,Levered,45482.0,10.46284794110881,0.23850952249516974,0.3276557665473518,4852.0,-2.6989755713159966,9.248715456186641,-191.17415287628054,326.64130434782606,-25.0,0.0,3.854176821762212,OK,,INSUFFICIENT,,INSUFFICIENT,,DECLINE_TO_LOSS,,INSUFFICIENT,,INSUFFICIENT,,DECLINE_TO_LOSS,,INSUFFICIENT,,INSUFFICIENT,,,,,SELF_FUNDED_REINVESTMENT,-11.75,-8.450000000000001,0.0016317178169700242,0.0043575920934415535
JINDALSTEL,2018-03,-4.85489394940816,19.43459712792165,6.014540647719762,-5.3184136909659365,2.729491322071796,-1.8110500952594417,1.413921342767813,0.5178479048111744,Levered,42816.0,7.275446049277825,0.3730359744480556,0.486281957633309,6293.0,-4.77970297029703,4.299104728714775,-389.41831683168317,313.2474226804124,-15.0,0.0,19.714245040004673,OK,10.94010726559529,OK,,INSUFFICIENT,,BOTH_NEGATIVE,,DECLINE_TO_LOSS,,INSUFFICIENT,,BOTH_NEGATIVE,,DECLINE_TO_LOSS,,INSUFFICIENT,,,,,SELF_FUNDED_REINVESTMENT,-4.850000000000001,-5.319999999999999,0.004893949408158349,0.0015863090340628716
JINDALSTEL,2019-03,-5.135630030234638,17.910829110420305,3.1128901758719074,-7.517531556802244,2.0406454134330856,-2.7100819091920316,1.2329437431821724,0.3428705440900563,Levered,39409.0,5.676894266781908,0.5277019359333042,0.6802821593592028,8195.0,-3.7425373134328357,1.7714942724524123,-339.7595356550581,330.77319587628864,-17.0,0.0,34.11580979207605,OK,19.483595321619717,OK,,INSUFFICIENT,,BOTH_NEGATIVE,,DECLINE_TO_LOSS,,INSUFFICIENT,,BOTH_NEGATIVE,,DECLINE_TO_LOSS,,INSUFFICIENT,,12.465294685990338,74.72540190146931,2.049011351397871,SELF_FUNDED_REINVESTMENT,-5.140000000000001,-7.52,0.004369969765362747,0.002468443197755299
JINDALSTEL,2020-03,-1.0547688737705352,18.01281544181631,9.168578435250376,-1.2446712512057752,5.041980249706356,-0.4457221813643556,1.1458443538600367,0.9227707006369427,Levered,36643.0,5.3059658268172605,0.4225780570970114,0.5465905651403122,7338.0,-22.035,3.892097144213275,-1834.5,315.0686274509804,-1.0,0.0,20.632095903301707,OK,14.344614348072525,OK,,INSUFFICIENT,,BOTH_NEGATIVE,,BOTH_NEGATIVE,,INSUFFICIENT,,BOTH_NEGATIVE,,BOTH_NEGATIVE,,INSUFFICIENT,,12.982020101440707,77.60678105994788,1.7588552417074097,SELF_FUNDED_REINVESTMENT,-1.05,-1.24,0.0047688737705351425,0.004671251205775162
JINDALSTEL,2021-03,12.339859452268719,31.61745568119379,25.53862170681628,13.411912619833414,14.307006885378696,5.481757451181911,0.9401225836869401,3.2077733381765348,Levered,28754.0,2.557047576700756,0.44423175745118193,0.636239857219084,10077.0,2.8031403796578394,5.4483935336475895,236.16123740332787,311.9117647058824,36.0,0.0,1.2784253107735788,OK,12.174400426686717,OK,,INSUFFICIENT,,TURNAROUND,,TURNAROUND,,INSUFFICIENT,,TURNAROUND,,TURNAROUND,,INSUFFICIENT,88.07799390672604,11.812943580072293,41.23349221876389,2.6812740268973534,SELF_FUNDED_REINVESTMENT,12.34,13.41,0.00014054773128080456,0.0019126198334138422
JINDALSTEL,2022-03,13.223625063518742,30.322870656295198,22.628307860688736,18.992280701754385,23.56748834653042,8.827827357653566,0.37900350877192984,6.132415254237288,Levered,13032.0,0.9529798903107861,0.6675799801680496,1.1248241294407315,13717.0,2.371859296482412,4.555759684165266,202.7342595329589,352.7227722772277,56.0,5.0,2.896190806178045,OK,18.82107580889585,OK,,INSUFFICIENT,,TURNAROUND,,TURNAROUND,,INSUFFICIENT,,TURNAROUND,,TURNAROUND,,INSUFFICIENT,51.62667750517292,9.80508350877193,28.841229981718463,3.9269282729388353,SELF_FUNDED_REINVESTMENT,13.22,18.99,0.003625063518741811,0.0022807017543868824
JINDALSTEL,2023-03,7.468240246560925,18.683755543862286,12.613696158761181,10.267142045160957,12.969547070644612,5.723997868264508,0.3370536867669095,4.641770401106501,Levered,12139.0,1.2909709667127514,0.7664453310671641,1.222084424234073,3257.0,1.8487669854051334,7.686236187326168,81.95772521389028,387.06,31.0,6.0,11.952973262442178,OK,9.837235785942955,OK,10.387294195704388,OK,,TURNAROUND,,TURNAROUND,3.0175343065679483,OK,,TURNAROUND,,TURNAROUND,0.0,OK,106.11067438349271,10.894533664031416,48.9890960331809,0.7723796469117549,SELF_FUNDED_REINVESTMENT,7.470000000000001,10.27,0.0017597534390754177,0.002857954839042165
JINDALSTEL,2024-03,11.802438733764944,20.260555268697622,14.964054494181198,13.410506363390198,12.395538593143383,7.553764807565204,0.3716941962270963,5.823029366306028,Levered,15653.0,1.5113449840687458,0.6400172860847018,1.040715939153439,-2336.0,1.010937237085647,16.570679588513325,-39.30674743395591,443.16,58.0,3.0,13.346256701428505,OK,1.4028310947741707,OK,10.07258893564078,OK,11.676303196350535,OK,,TURNAROUND,12.10287216940693,OK,17.230827599961064,OK,,TURNAROUND,10.693181483627367,OK,66.7319485108531,8.949092201462225,46.21825238968813,-0.5890244225007633,EXPANSION_WITH_EXTERNAL_CAPITAL,11.8,13.41,0.0024387337649436347,0.0005063633901976061
JIOFIN,2023-03,68.88888888888889,86.66666666666667,108.88888888888889,0.027164388363126533,0.04265951611920288,0.0269729400504655,0.006510690501226779,,Debt Free,-107398.0,-2191.795918367347,0.00039154267815191856,0.2848101265822785,945.0,66.29032258064517,2466.666666666667,3048.3870967741937,570600.0,,0.0,,INSUFFICIENT,,INSUFFICIENT,,INSUFFICIENT,,INSUFFICIENT,,INSUFFICIENT,,INSUFFICIENT,,INSUFFICIENT,,INSUFFICIENT,,INSUFFICIENT,36687.54838709677,9.965948124780933,23774.847346938775,0.08309050974489016,SELF_FUNDED_REINVESTMENT,68.89,0.03,0.0011111111111148375,0.0028356116368734655
JIOFIN,2024-03,86.52291105121293,84.04312668463612,105.98382749326146,1.153456416595399,1.4128942772751119,1.1079433671814058,0.0,196.6,Levered,-133292.0,-67.04828973843058,0.012805202156520298,10.784883720930232,-678.0,-0.4224299065420561,0.0,-42.242990654205606,219.02565716984103,3.0,0.0,,INSUFFICIENT,,INSUFFICIENT,,INSUFFICIENT,,INSUFFICIENT,,INSUFFICIENT,,INSUFFICIENT,,INSUFFICIENT,,INSUFFICIENT,,INSUFFICIENT,873.3800560747663,10.074058298058887,912.6164637826962,-0.048367249011911674,ASSET_SALES_FUNDING_OPERATIONS,86.52,1.15,0.0029110512129335575,0.003456416595399192
JSWENERGY,2013-03,10.15783540022548,31.578354002254795,24.22773393461105,14.522888459058672,12.960617574332067,4.421434880753754,1.6726305609284333,2.231568016614746,Levered,9422.0,3.351832088224831,0.43527333398763374,0.636983842010772,781.0,1.9145394006659266,10.642615558060879,86.68146503884573,37.829268292682926,6.0,36.0,,INSUFFICIENT,,INSUFFICIENT,,INSUFFICIENT,,INSUFFICIENT,,INSUFFICIENT,,INSUFFICIENT,,INSUFFICIENT,,INSUFFICIENT,,INSUFFICIENT,,,,,SELF_FUNDED_REINVESTMENT,10.16,14.52,0.002164599774520326,0.00288845905867241
JSWENERGY,2014-03,8.788159111933396,37.638760407030524,26.20259019426457,11.565971693806118,13.5875757030641,3.949282893369362,1.5379698676000608,1.87893864013267,Levered,9218.0,2.9967490247074124,0.4493868218665558,0.6342500916758342,1906.0,2.985526315789474,4.197502312673451,250.78947368421055,40.06707317073171,5.0,43.0,,INSUFFICIENT,,INSUFFICIENT,,INSUFFICIENT,,INSUFFICIENT,,INSUFFICIENT,,INSUFFICIENT,,INSUFFICIENT,,INSUFFICIENT,,INSUFFICIENT,,,,,SELF_FUNDED_REINVESTMENT,8.790000000000001,11.57,0.0018408880666047622,0.004028306193882614
JSWENERGY,2015-03,14.528725794372527,38.7717984380015,32.40611961057024,18.063314711359403,18.01689269569355,6.992790937178167,1.2362330407023145,2.664028144239226,Levered,7675.0,2.0096884001047393,0.48130792996910404,0.708589189598969,2972.0,2.499263622974963,4.51481758853108,218.85125184094258,45.84146341463415,8.0,24.0,,INSUFFICIENT,,INSUFFICIENT,,INSUFFICIENT,,INSUFFICIENT,,INSUFFICIENT,,INSUFFICIENT,,INSUFFICIENT,,INSUFFICIENT,,INSUFFICIENT,,,,,SELF_FUNDED_REINVESTMENT,14.53,18.06,0.0012742056274728242,0.003314711359404754
JSWENERGY,2016-03,14.861563517915311,41.01180781758957,35.77972312703583,15.045342126957955,14.3083937148905,5.115806440309751,1.5315333882934872,2.3464619492656875,Levered,13850.0,3.1700617990386815,0.3442307018465959,0.48398857030249287,266.0,2.4232876712328766,33.30618892508143,18.21917808219178,59.64351567301783,9.0,22.0,3.4637570222804337,OK,,INSUFFICIENT,,INSUFFICIENT,17.456220384976252,OK,,INSUFFICIENT,,INSUFFICIENT,14.471424255333186,OK,,INSUFFICIENT,,INSUFFICIENT,,,,,SELF_FUNDED_REINVESTMENT,14.86,15.05,0.0015635179153115075,0.004657873042045679
JSWENERGY,2017-03,7.53963451530921,40.22752027108798,31.187220137964424,6.00829395312952,10.425600776761874,2.194511958857304,1.3838364355289807,1.5293768545994064,Levered,12770.0,3.601240834743373,0.2910634400648138,0.4239392540146734,3091.0,6.184590690208668,9.221832264310784,496.14767255216697,63.691646191646186,4.0,13.0,-1.5065483639832622,OK,,INSUFFICIENT,,INSUFFICIENT,-6.410997571621024,OK,,INSUFFICIENT,,INSUFFICIENT,-7.168223327744416,OK,,INSUFFICIENT,,INSUFFICIENT,,,,,SELF_FUNDED_REINVESTMENT,7.539999999999999,6.01,0.0003654846907892306,0.0017060468704794829
JSWENERGY,2018-03,1.0560318051931916,33.70605044104858,22.2884830413716,0.7650765076507651,7.802374635758709,0.3181018674450806,1.0695769576957697,1.2321428571428572,Levered,9468.0,3.4304347826086956,0.30122375659593575,0.4263919054934576,3719.0,46.28235294117647,2.67113927195925,4375.294117647059,67.7439024390244,0.0,0.0,-4.861442664652715,OK,-1.9237930178255813,OK,,INSUFFICIENT,-60.29550116268536,OK,-37.6353015223954,OK,,INSUFFICIENT,-100.0,OK,-100.0,OK,,INSUFFICIENT,,,,,SELF_FUNDED_REINVESTMENT,1.06,0.77,0.003968194806808434,0.004923492349234948
JSWENERGY,2019-03,7.485226526592252,31.243160428977895,22.860582184285402,5.785823041786499,9.335478392992805,2.6382781763480674,0.8928269328370834,1.7525167785234899,Levered,8104.0,2.491238856440209,0.3524647072436936,0.5126507713884993,2436.0,3.641812865497076,0.6018822499452834,356.140350877193,72.04143814747106,4.0,24.0,-2.384016709512471,OK,1.1083666261997083,OK,,INSUFFICIENT,-22.33337821969158,OK,-2.08516376390232,OK,,INSUFFICIENT,-23.685717163111207,OK,-4.3647500209963,OK,,INSUFFICIENT,90.6803947368421,5.246607173067163,24.09580694743314,3.9274239146259298,SELF_FUNDED_REINVESTMENT,7.489999999999999,5.79,0.00477347340774692,0.0041769582135007255
JSWENERGY,2020-03,13.066602199927473,35.74277771062492,19.279584189532216,9.282156963764383,7.423438518104812,4.335967269664273,0.844925296239052,1.5176022835394862,Levered,7986.0,2.396039603960396,0.3318358669929004,0.4950038891880572,2082.0,1.9259944495837187,0.0,192.59944495837186,70.92570036540805,7.0,15.0,0.04032421099160466,OK,-2.4116092813303402,OK,,INSUFFICIENT,20.165338938295974,OK,-4.460011471449954,OK,,INSUFFICIENT,20.507113208761506,OK,-2.6352819384831916,OK,,INSUFFICIENT,68.78395004625347,6.384634209170531,27.006162616261623,2.8000637478490145,ASSET_MONETISATION_AND_DELEVERAGING,13.07,9.28,0.003397800072526991,0.002156963764383235
JSWENERGY,2021-03,11.889627275353943,42.08321294423577,28.821149956659927,5.67312331977666,8.72016784683976,3.140382340596024,0.5770317777624595,2.2265625,Levered,4319.0,1.3659076533839343,0.2641279047582707,0.4426680309522287,2670.0,4.495747266099635,14.88009245882693,324.4228432563791,88.3495736906212,5.0,41.0,-4.903786983743197,OK,-6.762923346846216,OK,,INSUFFICIENT,113.13771385646447,OK,-10.831923997101322,OK,,INSUFFICIENT,,ZERO_BASE,-11.09104638678,OK,,INSUFFICIENT,81.07763061968409,4.599633969807679,24.32455091714105,4.001385348545392,SELF_FUNDED_REINVESTMENT,11.89,5.67,0.00037272464605742073,0.0031233197766598053
JSWENERGY,2022-03,21.341986041386065,43.73699032692543,36.91686053630464,10.008613264427218,11.438652401547918,5.71213213606869,0.5135228251507321,3.8803088803088803,Levered,2320.0,0.5595754944524843,0.2676476371501606,0.5506708920504348,1565.0,1.693631669535284,16.982980286518917,89.78772231784279,106.1890243902439,11.0,19.0,-3.6754178035583673,OK,-0.2334485509002837,OK,,INSUFFICIENT,36.588382411421996,OK,22.84623990988117,OK,,INSUFFICIENT,40.10196653276936,OK,22.423992536427463,OK,,INSUFFICIENT,50.26917957544463,5.0312477749066895,27.329042450554752,1.7861386057253676,SELF_FUNDED_REINVESTMENT,21.34,10.01,0.0019860413860648407,0.0013867355727814612
JSWENERGY,2023-03,14.3244289585753,31.765389082462253,26.97444831591173,7.944602501476193,6.3804945054945055,3.0567775781233864,1.3447313328681088,3.302132701421801,Levered,19018.0,4.807381193124368,0.2133961211971002,0.41294964028776976,-4694.0,1.4081081081081082,65.60201316298877,-317.1621621621622,113.52224253503961,9.0,22.0,7.68960675156638,OK,5.120760469863872,OK,1.53740917497327,OK,11.039800750289386,OK,77.0796104558991,OK,5.088136878592664,OK,8.738037300289214,OK,,ZERO_BASE,4.137974399241062,OK,64.60393243243244,5.132525632079017,24.379873609706774,-4.909332144662769,EXPANSION_WITH_EXTERNAL_CAPITAL,14.32,7.94,0.004428958575299902,0.004602501476192344
JSWENERGY,2024-03,15.018283127285393,46.857043357130415,36.74037959254745,8.280529953917052,8.05266673027383,2.98613395191026,1.5156009984639016,2.0555284948855332,Levered,24538.0,4.192379976080643,0.19883324389357246,0.396807849098321,-1963.0,3.6139130434782607,71.36514017064252,-113.79710144927537,126.94698354661791,10.0,19.0,18.389287172901202,OK,4.6799560539164675,OK,2.878663361815992,OK,27.976360369609466,OK,20.322431469794555,OK,8.541932785877826,OK,25.99210498948732,OK,20.11244339814313,OK,7.177346253629313,OK,64.27277101449275,5.322126056067589,21.292089526738426,-1.7705336124937798,EXPANSION_WITH_EXTERNAL_CAPITAL,15.02,8.28,0.00171687271460641,0.0005299539170522394
JSWSTEEL,2013-03,2.431300706621303,17.042658989793246,10.37948181104423,5.443891004980955,10.250710777978805,1.6152869785961435,1.2672135950776442,2.016268429079817,Levered,19875.0,3.2040947928421732,0.6643715333924504,1.1006135322752542,411.0,6.290635091496233,14.218790892436534,44.241119483315394,60.08802816901409,4.0,30.0,,INSUFFICIENT,,INSUFFICIENT,,INSUFFICIENT,,INSUFFICIENT,,INSUFFICIENT,,INSUFFICIENT,,INSUFFICIENT,,INSUFFICIENT,,INSUFFICIENT,,,,,SELF_FUNDED_REINVESTMENT,2.43,5.44,0.0013007066213028828,0.0038910049809546265
JSWSTEEL,2014-03,0.7848496680983992,17.90121046466224,8.504490433424444,1.8985548313969962,7.682404190402285,0.517774343122102,1.6778596391801266,1.4291338582677164,Levered,34864.0,4.624486006101605,0.6597114889232355,1.088721676656889,-3024.0,6.45273631840796,10.96837172979305,-752.2388059701493,69.88118811881188,2.0,74.0,,INSUFFICIENT,,INSUFFICIENT,,INSUFFICIENT,,INSUFFICIENT,,INSUFFICIENT,,INSUFFICIENT,,INSUFFICIENT,,INSUFFICIENT,,INSUFFICIENT,,,,,EXPANSION_WITH_EXTERNAL_CAPITAL,0.7799999999999999,1.9,0.004849668098399262,0.0014451686030036992
JSWSTEEL,2015-03,3.2507739938080498,17.677263459941102,11.387147927206827,7.7254374158815615,9.881397025096652,2.010413991173792,1.7386271870794079,1.726882336100773,Levered,38155.0,4.030741601521234,0.6184416372848903,1.0152560564244097,504.0,4.5737514518002325,13.916786226685796,29.268292682926827,73.56435643564356,7.0,19.0,,INSUFFICIENT,,INSUFFICIENT,,INSUFFICIENT,,INSUFFICIENT,,INSUFFICIENT,,INSUFFICIENT,,INSUFFICIENT,,INSUFFICIENT,,INSUFFICIENT,,,,,SELF_FUNDED_REINVESTMENT,3.25,7.73,0.0007739938080497666,0.004562584118438906
JSWSTEEL,2016-03,-1.1577528522601455,15.457565108554375,2.727097674866413,-2.536117262469683,1.852215138139611,-0.5872513948746749,2.225245175577349,0.31463482366009443,Levered,41009.0,9.203096947935368,0.5072338139597348,0.7400427502671891,3040.0,-14.338877338877339,9.283685553362538,-632.016632016632,63.009966777408636,-1.0,-67.0,2.8294216135426042,OK,,INSUFFICIENT,,INSUFFICIENT,,DECLINE_TO_LOSS,,INSUFFICIENT,,INSUFFICIENT,,DECLINE_TO_LOSS,,INSUFFICIENT,,INSUFFICIENT,,,,,SELF_FUNDED_REINVESTMENT,-1.16,-2.54,0.0022471477398544604,0.003882737530317204
JSWSTEEL,2017-03,6.235162937918135,22.135098194374507,15.9988490036688,15.30887093213229,13.48266925326988,3.939548889267655,1.9134543206605732,2.3609341825902335,Levered,41968.0,3.4048353074801234,0.6318277370603943,0.9467733696577558,2794.0,2.275165849437554,9.161211423638587,80.58840496106143,75.23920265780731,15.0,19.0,2.775315860808414,OK,,INSUFFICIENT,,INSUFFICIENT,105.07336742929456,OK,,INSUFFICIENT,,INSUFFICIENT,95.74338205844317,OK,,INSUFFICIENT,,INSUFFICIENT,,,,,SELF_FUNDED_REINVESTMENT,6.239999999999999,15.31,0.004837062081864296,0.0011290678677102761
JSWSTEEL,2018-03,8.49818581179709,20.735962631893567,15.781352091529618,21.83370240731481,16.844979299906516,6.646732630205501,1.4069933566683335,3.0672791137530395,Levered,37924.0,2.573037519506072,0.7821354789605306,1.2434829207578482,7850.0,2.0250286275151317,6.296136682746445,128.41485359070833,92.70860927152317,26.0,16.0,10.737301001569,OK,13.488074366619983,OK,,INSUFFICIENT,52.54819837059286,OK,45.763147097236654,OK,,INSUFFICIENT,54.866839700624205,OK,45.40611511009971,OK,,INSUFFICIENT,,,,,SELF_FUNDED_REINVESTMENT,8.5,21.83,0.0018141882029105716,0.003702407314811751
JSWSTEEL,2019-03,8.877142890852673,22.334438453461072,17.79793999315691,21.623796522488863,18.353591025781412,6.55417824507609,1.3621497341572064,3.851161603267807,Levered,45502.0,2.3790651469204223,0.7383206878228525,1.3529947002107146,3246.0,1.944843168527379,13.434878535106245,43.14194577352472,115.59800664451828,32.0,16.0,26.828090306897657,OK,10.597981401367097,OK,,INSUFFICIENT,,TURNAROUND,79.65716688248622,OK,,INSUFFICIENT,,TURNAROUND,74.11011265922482,OK,,INSUFFICIENT,196.06419723551303,42.39652306365857,70.46036337969257,0.22003989704302032,EXPANSION_WITH_EXTERNAL_CAPITAL,8.88,21.62,0.002857109147328174,0.0037965224888623084
JSWSTEEL,2020-03,5.344625371628072,16.1102473883752,9.925538008346289,10.707942839968306,7.424863806084349,2.9729934759520558,1.678269898084647,1.7064478311840563,Levered,60164.0,5.220756681707741,0.5562585343650432,1.1810582266247887,-6804.0,3.262311814238326,26.714944221694896,-173.61571829548353,121.59136212624584,17.0,15.0,9.660608965808981,OK,6.719141968738929,OK,,INSUFFICIENT,4.169474654299199,OK,17.87682326651079,OK,,INSUFFICIENT,4.260360145884445,OK,19.418105281717768,OK,,INSUFFICIENT,504.9156187803011,54.06607584906691,201.55371485595276,-0.34385095615556155,EXPANSION_WITH_EXTERNAL_CAPITAL,5.34,10.71,0.004625371628072195,0.0020571600316952043
JSWSTEEL,2021-03,9.861095454602388,25.273362642317664,20.005260586931197,16.835600034214355,14.632269412583826,5.30822495061254,1.3341886921563595,4.036391205458681,Levered,53811.0,2.605733378528885,0.5382997228908352,1.2298627478164426,11087.0,2.3865108599009273,9.646914415260714,140.82306617553664,154.8476821192053,33.0,25.0,3.5370146463593155,OK,13.955994183906961,OK,,INSUFFICIENT,8.79993065287823,OK,,TURNAROUND,,INSUFFICIENT,8.271344701570783,OK,,TURNAROUND,,INSUFFICIENT,275.80241585164487,46.43299161748353,126.92173115103384,0.5105940270345053,SELF_FUNDED_REINVESTMENT,9.86,16.84,0.0010954546023889122,0.004399965785644611
JSWSTEEL,2022-03,14.304746158733629,26.722506507436584,23.715763368426806,31.112828209281247,24.877807559447877,10.656284194722243,1.0734059467732588,6.98731884057971,Levered,67297.0,1.6529203713710272,0.7449474514593989,1.4654685622747297,11522.0,1.2546566052153978,10.07576637448675,55.029133632629666,223.578073089701,85.0,25.0,19.975661883306707,OK,21.35838854644947,OK,,INSUFFICIENT,40.65725452096822,OK,43.283529441726955,OK,,INSUFFICIENT,38.4914564188616,OK,41.470384317198224,OK,,INSUFFICIENT,108.81578756328207,33.855669049140374,67.46860588495358,0.5057090966752168,SELF_FUNDED_REINVESTMENT,14.3,31.11,0.0047461587336279365,0.0028282092812474957
JSWSTEEL,2023-03,2.4939744516751023,11.129187756085804,7.566281031573874,6.300327269959662,8.568523623659143,1.9659065541301135,1.2307329324910572,1.819327731092437,Levered,76047.0,3.796465478508312,0.7882625071839422,1.5888637843219853,12593.0,5.634935974873158,6.465413352615087,304.2522348393332,218.25581395348837,17.0,25.0,31.295087581999702,OK,18.199339744214637,OK,15.819754182854373,OK,1.8372635540720328,OK,-7.502880977365567,OK,16.11490501295203,OK,0.0,OK,-8.14662577923444,OK,15.568344736764761,OK,507.8073858419908,31.993527209072226,110.37081323947879,0.5991488964557995,SELF_FUNDED_REINVESTMENT,2.49,6.3,0.003974451675102131,0.00032726995966214645
JSWSTEEL,2024-03,5.127252779904689,16.089162657280323,12.276721940962023,11.5528718021347,12.96988282735598,3.937287733986257,1.1328071688833383,2.6508328192473782,Levered,80738.0,2.7223926897528408,0.7679137157851319,1.5561483536514882,-2389.0,1.3460381143430291,8.266573717472543,-26.624317396634346,254.65245901639344,36.0,25.0,29.901036567598815,OK,15.604695052452788,OK,13.073630495009247,OK,4.455778963004109,OK,3.585216043903361,OK,36.417837709582315,OK,2.9428498400178693,OK,2.3836255539609663,OK,33.5141362540313,OK,291.1675448567926,33.638213186728294,107.47304784705129,-0.09143985264473488,SELF_FUNDED_REINVESTMENT,5.13,11.55,0.0027472200953111425,0.002871802134698953
KOTAKBANK,2013-03,20.64956634065326,60.92452482007751,76.17641631297288,14.659068579288661,8.188201690006744,1.9320585315319203,5.60430994956442,1.6150234741784038,Levered,44654.0,5.293894487255483,0.09356412137954849,17.480645161290322,-6157.0,1.285969615728329,83.36408931537184,-275.11170688114385,204.6514745308311,15.0,2.0,,INSUFFICIENT,,INSUFFICIENT,,INSUFFICIENT,,INSUFFICIENT,,INSUFFICIENT,,INSUFFICIENT,,INSUFFICIENT,,INSUFFICIENT,,INSUFFICIENT,,,,,EXPANSION_WITH_EXTERNAL_CAPITAL,20.65,14.66,0.00043365934674000073,0.0009314207113391149
KOTAKBANK,2014-03,21.08293008509928,58.84365092608043,74.89571166360754,13.241458813665899,8.547814246674475,2.067972208810364,4.503091595053448,1.6995456266565694,Levered,47146.0,5.132934131736527,0.09808751442343101,9.48259493670886,7938.0,3.588444796201029,9.427665609878192,314.1274238227147,247.84415584415584,16.0,2.0,,INSUFFICIENT,,INSUFFICIENT,,INSUFFICIENT,,INSUFFICIENT,,INSUFFICIENT,,INSUFFICIENT,,INSUFFICIENT,,INSUFFICIENT,,INSUFFICIENT,,,,,SELF_FUNDED_REINVESTMENT,21.08,13.24,0.002930085099283275,0.0014588136658986173
KOTAKBANK,2015-03,23.312561003078308,72.96343569337037,95.3675200840904,14.014262502256724,10.047937728416157,2.091416100872939,4.70563278570139,1.558145240431796,Levered,58669.0,4.534276219182317,0.08971198405000538,9.616606498194946,-2165.0,0.7413848631239935,33.5385539454914,-69.72624798711755,286.99481865284974,20.0,2.0,,INSUFFICIENT,,INSUFFICIENT,,INSUFFICIENT,,INSUFFICIENT,,INSUFFICIENT,,INSUFFICIENT,,INSUFFICIENT,,INSUFFICIENT,,INSUFFICIENT,,,,,EXPANSION_WITH_EXTERNAL_CAPITAL,23.31,14.01,0.0025610030783091986,0.004262502256723977
KOTAKBANK,2016-03,17.27281639054995,56.567983531026364,62.028232526222915,10.562282699916077,5.940115375769211,1.4634308400192688,5.38541541781561,1.6583671864762155,Levered,109405.0,8.41576923076923,0.08472450623743792,11.585462805224305,2672.0,1.4259364358683315,11.533183021272423,75.82292849035187,181.91930207197382,19.0,3.0,23.473719850788033,OK,,INSUFFICIENT,,INSUFFICIENT,16.33898554679323,OK,,INSUFFICIENT,,INSUFFICIENT,8.198385552319753,OK,,INSUFFICIENT,,INSUFFICIENT,,,,,EXPANSION_WITH_EXTERNAL_CAPITAL,17.27,10.56,0.002816390549948977,0.002282699916076325
KOTAKBANK,2017-03,22.482530012542558,66.439706145852,85.07435943379322,13.03907305414112,7.792484880314457,1.8172404304314451,5.331757248259379,1.6288164665523157,Levered,136768.0,7.066652888291826,0.08082900053586688,12.691301876065946,7933.0,2.634389320581789,23.691990682673357,158.05937437736603,209.19565217391303,27.0,2.0,23.036106730766193,OK,,INSUFFICIENT,,INSUFFICIENT,25.70059051662397,OK,,INSUFFICIENT,,INSUFFICIENT,19.05507889761495,OK,,INSUFFICIENT,,INSUFFICIENT,,,,,EXPANSION_WITH_EXTERNAL_CAPITAL,22.48,13.04,0.0025300125425573583,0.0009269458588789803
KOTAKBANK,2018-03,24.901516055867255,66.86960327881899,90.88376905017708,12.395024560291553,7.605018513092353,1.853014331398792,4.948502614482649,1.6693465867563222,Levered,158863.0,6.840761314214356,0.07441371550396779,9.882422335823831,-15867.0,-1.660594439117929,21.78584218694043,-253.54745925215724,264.88982161594964,33.0,2.0,23.569906220162085,OK,18.318355472841485,OK,,INSUFFICIENT,26.315889529165215,OK,22.833010294153834,OK,,INSUFFICIENT,18.166575046750122,OK,17.08049129648923,OK,,INSUFFICIENT,,,,,EXTERNALLY_FUNDED_INVESTMENT,24.9,12.4,0.0015160558672562274,0.004975439708447382
KOTAKBANK,2019-03,24.149374811437767,66.2331132043847,89.5846602527572,12.467766220729997,7.645389421646488,1.8230082673070647,5.049462626122774,1.6549417884567748,Levered,188276.0,6.926495474946656,0.07548883900893537,11.060808305524658,-1501.0,0.2529150471960022,11.139418725486909,-20.83564686285397,302.835429769392,38.0,2.0,13.500651991387326,OK,20.004824943182275,OK,,INSUFFICIENT,26.914896948037104,OK,23.30869241378142,OK,,INSUFFICIENT,25.99210498948732,OK,18.88654957871243,OK,,INSUFFICIENT,81.71921987784565,10.188561291774112,27.72370245015084,-0.25496629671696835,EXPANSION_WITH_EXTERNAL_CAPITAL,24.15,12.47,0.0006251885622319264,0.0022337792700035664
KOTAKBANK,2020-03,25.670669773555595,67.44936368524826,84.58505108442374,12.89523838107958,7.202490880507945,1.938971913902697,4.899335204165854,1.6761780724603363,Levered,215280.0,7.48045449807151,0.07553257982774221,12.513644859813084,33551.0,5.425229838240428,39.03925434665711,390.44571162574186,348.1556948798328,45.0,0.0,14.457748677369553,OK,20.239510229555723,OK,,INSUFFICIENT,19.630671009507704,OK,22.5791601484139,OK,,INSUFFICIENT,18.56311014966876,OK,17.607902252467355,OK,,INSUFFICIENT,64.53532410101246,8.321983882827858,21.351208520101466,6.050108480351095,SELF_FUNDED_REINVESTMENT,25.67,12.9,0.0006697735555931672,0.004761618920420929
KOTAKBANK,2021-03,30.438756855575868,90.83485679463742,111.9926873857404,11.845053889659587,8.933306436520686,2.086230876216968,3.878514091938486,1.5582499576055622,Levered,170164.0,4.572211623720343,0.06853863599343432,12.850430696945967,-6291.0,0.4885885885885886,34.040219378427786,-62.972972972972975,425.5247225025227,50.0,2.0,9.305731632382619,OK,9.974796418167053,OK,,INSUFFICIENT,16.871865553933674,OK,23.17027688055957,OK,,INSUFFICIENT,14.85555943044825,OK,21.350977971820974,OK,,INSUFFICIENT,48.896376376376374,5.791802131872561,13.833298492624339,-1.2878862942366731,SELF_FUNDED_REINVESTMENT,30.44,11.85,0.0012431444241336465,0.004946110340412702
KOTAKBANK,2022-03,35.82881360955514,90.98426246999199,121.18490856821079,12.50607769099467,8.842547338736884,2.2120849481608347,3.783654890601562,1.6394290525640511,Levered,201218.0,4.863980275085209,0.061740390632719605,12.391112743297834,-2595.0,0.6872363305484325,32.31380219910495,-21.46579535114567,487.2227822580645,61.0,2.0,4.190961522495429,OK,8.61184401023458,OK,,INSUFFICIENT,18.833500702742278,OK,19.221515022302448,OK,,INSUFFICIENT,17.088815555918323,OK,17.70453993611598,OK,,INSUFFICIENT,37.646290015716765,4.7080742771427095,11.676396818874036,-0.5701968332652173,EXPANSION_WITH_EXTERNAL_CAPITAL,35.83,12.51,0.0011863904448574658,0.003922309005329083
KOTAKBANK,2023-03,35.40841261180043,79.44058266707789,108.27026642309792,13.348060171356002,8.600677319593457,2.4055896716793193,3.745568533457349,1.755877034358047,Levered,223469.0,4.8332251924906995,0.06793836532727301,13.707642276422764,-11623.0,-0.08321608040201005,24.62812270171526,-77.87604690117253,563.0110775427996,75.0,2.0,7.985826558635645,OK,10.896955244101703,OK,14.54756816025129,OK,20.205178031376136,OK,18.985970213374358,OK,20.89418887638599,OK,18.56311014966876,OK,17.844539784792257,OK,17.461894308801895,OK,31.314748408710216,4.179911460103386,10.396199281944805,-2.4868808104334397,EXTERNALLY_FUNDED_INVESTMENT,35.41,13.35,0.0015873881995673855,0.0019398286439979984
KOTAKBANK,2024-03,32.386151466116615,83.66733645109092,110.06988281736223,14.013018188532914,9.518010412918661,2.372513081844081,4.003739266919029,1.6273628309277808,Levered,273928.0,4.369425126012889,0.07325702420450533,16.021937321937322,6766.0,0.8611980453522209,15.859665344879707,37.14928896941745,653.7826961770623,92.0,2.0,19.66335897034557,OK,13.51960376324537,OK,16.717180300192645,OK,22.162712282993226,OK,20.38200065626572,OK,21.836558926617357,OK,22.538513504568346,OK,19.344070441601247,OK,19.115090343250696,OK,23.62178224345248,3.3101246422306345,8.75528185414407,1.5726708758275234,EXPANSION_WITH_EXTERNAL_CAPITAL,32.39,14.01,0.00384853388338513,0.0030181885329145786
LICI,2019-03,0.4596611071061123,1.0358560160137742,1.434625587043401,324.32098765432096,3.0342954209858224,0.07665039803060705,332.59382716049384,,Debt Free,-2630886.0,-308.24674868189805,0.16675415179930025,22.6842899102961,13274.0,5.052912066996574,0.0,505.2912066996574,81.0,,2.0,,INSUFFICIENT,,INSUFFICIENT,,INSUFFICIENT,,INSUFFICIENT,,INSUFFICIENT,,INSUFFICIENT,,INSUFFICIENT,,INSUFFICIENT,,INSUFFICIENT,63.43255424438523,205.7250864197531,20.279688342120682,7.965802618525069,ASSET_MONETISATION_AND_DELEVERAGING,0.46,324.32,0.00033889289388772115,0.000987654320965703
LICI,2020-03,0.43149911709867,-1.1061344525772918,2.1565402368946076,270.45908183632736,5.323564555688322,0.0774322439292835,252.90818363273453,,Debt Free,-2722686.0,-195.55311355311355,0.1794493681700332,22.25839948965126,13952.0,20.06162361623616,6.435068936362638,514.8339483394834,100.2,,2.0,,INSUFFICIENT,,INSUFFICIENT,,INSUFFICIENT,,INSUFFICIENT,,INSUFFICIENT,,INSUFFICIENT,,INSUFFICIENT,,INSUFFICIENT,,INSUFFICIENT,72.53738007380073,196.18393213572853,16.74934712346477,7.097498528561175,SELF_FUNDED_REINVESTMENT,0.43,270.46,0.0014991170986700109,0.0009181636726225406
LICI,2021-03,0.43044431000095523,-0.03647342505724301,1.7586848725022217,43.201626961069145,176.40824622531937,0.07765978226014512,0.0005810575246949448,,Debt Free,-3517441.0,-279.872772119669,0.18041772293371186,38.98403204875021,80602.0,27.10221923335575,0.0,2710.221923335575,688.4,7.0,0.0,,INSUFFICIENT,,INSUFFICIENT,,INSUFFICIENT,,INSUFFICIENT,,INSUFFICIENT,,INSUFFICIENT,,INSUFFICIENT,,INSUFFICIENT,,INSUFFICIENT,61.74347007397444,26.674183614177803,17.088466740929345,43.89487536234157,ASSET_MONETISATION_AND_DELEVERAGING,0.43,43.2,0.0004443100009552392,0.0016269610691423964
LICI,2022-03,0.5700616081127022,0.4596424020806903,1.6774321937629042,36.38207796789557,107.04647676161918,0.09696621509010571,8.819897689186806e-05,,Debt Free,-3926211.0,-312.2483696516622,0.17009778190664493,40.7206527855937,-3783.0,-0.9170909090909091,0.0,-91.7090909090909,17.925691699604744,57.0,23.0,8.18323111829875,OK,,INSUFFICIENT,,INSUFFICIENT,16.230817761538695,OK,,INSUFFICIENT,,INSUFFICIENT,,INSUFFICIENT,,INSUFFICIENT,,INSUFFICIENT,41.63440727272727,15.147462515434821,14.260301415619532,-2.2027235864881685,RESTRUCTURING_WITH_EXTERNAL_SUPPORT,0.5700000000000001,36.38,6.16081127021717e-05,0.002077967895566246
LICI,2023-03,4.5877791768838225,4.359645590012082,5.294228602598939,77.85997015119071,89.84924188350313,0.7862197392110195,0.0,539.4805194805194,Levered,-4243008.0,-101.0095700614198,0.17137262036771503,38.325013432325505,1671.0,1.5145428785732145,6.735421116758515,4.642053504458705,73.09565217391304,65.0,5.0,7.702257779277111,OK,,INSUFFICIENT,,INSUFFICIENT,136.82761372865951,OK,,INSUFFICIENT,,INSUFFICIENT,,INSUFFICIENT,,INSUFFICIENT,,INSUFFICIENT,5.670258910464761,4.414861895183094,5.446370756558587,0.8186669388044259,SELF_FUNDED_REINVESTMENT,4.590000000000001,77.86,0.0022208231161782166,2.984880929091105e-05
LICI,2024-03,4.836600998148862,3.87474201090824,5.572564382020081,49.44710986501021,56.97124971298053,0.7696696436280568,0.0,368.296875,Levered,-4976133.0,-104.52304234582424,0.15913440945875762,40.93317849712101,853.0,0.6384299540522045,2.986999477520373,2.084759018476879,130.82529644268774,66.0,15.0,6.981735429882496,OK,8.15986061977938,OK,,INSUFFICIENT,139.6168760853028,OK,73.17556747076097,OK,,INSUFFICIENT,111.25903832908759,OK,,INSUFFICIENT,,INSUFFICIENT,4.4868430442858545,2.218614209578595,4.3160439421945895,0.46463827637828564,SELF_FUNDED_REINVESTMENT,4.84,49.45,0.0033990018511378395,0.002890134989790738
LODHA,2016-03,8.522245120620681,25.772820947993697,26.500181840223057,17.694437452806444,12.275381850853549,2.2691326942319487,3.4822552227535866,2.2125506072874495,Levered,13224.0,5.016691957511381,0.26625996578548144,4.343865192206424,-467.0,0.55049786628734,10.35277003273124,-66.42958748221906,367.8703703703703,16.0,0.0,55.996142470333,OK,,INSUFFICIENT,,INSUFFICIENT,38.60656454534226,OK,,INSUFFICIENT,,INSUFFICIENT,38.672254870126935,OK,,INSUFFICIENT,,INSUFFICIENT,,,,,EXPANSION_WITH_EXTERNAL_CAPITAL,8.52,17.69,0.0022451206206817176,0.004437452806442366
LODHA,2017-03,7.368155437799646,20.36336109008327,21.915215745647238,14.480535581453013,8.59220419469727,1.7211399605080901,4.012645673196132,2.360054347826087,Levered,15003.0,6.828857532999545,0.23359170080457398,4.521391899600684,295.0,2.5154109589041096,14.812011102699973,50.513698630136986,356.9026548672566,13.0,0.0,38.95724411817181,OK,,INSUFFICIENT,,INSUFFICIENT,15.299995535613299,OK,,INSUFFICIENT,,INSUFFICIENT,13.040381433805548,OK,,INSUFFICIENT,,INSUFFICIENT,,,,,SELF_FUNDED_REINVESTMENT,7.37,14.48,0.0018445622003540052,0.0005355814530130232
LODHA,2018-03,8.20502221762943,17.381419861527334,16.24470393717061,15.411490683229815,5.661192739844425,1.9726217982161933,4.3897515527950315,4.030769230769231,Levered,21232.0,10.794102694458566,0.2404163871705051,4.404642694583523,45.0,0.8765743073047859,6.727291515965692,5.6675062972292185,130.1010101010101,10.0,0.0,15.77413499290854,OK,34.814375088235415,OK,,INSUFFICIENT,-0.1673643295316274,OK,24.635946210476376,OK,,INSUFFICIENT,-17.79293085565099,OK,10.756634324829006,OK,,INSUFFICIENT,,,,,EXPANSION_WITH_EXTERNAL_CAPITAL,8.21,15.41,0.004977782370570338,0.0014906832298144934
LODHA,2019-03,13.80700428319476,26.698580666834637,25.673973293020914,42.80135381411091,10.369038735499627,3.2969677522862186,6.675605311116897,5.382042253521127,Levered,24236.0,7.454936942479237,0.23878950746029198,5.566619915848527,-638.0,-0.2816301703163017,1.4697236919459142,-38.80778588807786,96.9949494949495,21.0,0.0,13.014373889520137,OK,32.15340959456483,OK,,INSUFFICIENT,32.73399403212429,OK,33.96623975562694,OK,,INSUFFICIENT,9.487978497197226,OK,18.466445254224407,OK,,INSUFFICIENT,922.350906326034,394.7786748242645,576.9345032297755,-0.04207486068687184,EXTERNALLY_FUNDED_INVESTMENT,13.81,42.8,0.002995716805241244,0.0013538141109137314
LODHA,2020-03,5.96319215623242,15.406252511452223,14.007875914168608,16.300527240773285,7.5865070729053325,1.823409431597572,4.047231985940246,2.3554054054054054,Levered,16870.0,8.28992628992629,0.30577740643353896,6.156853043047996,3772.0,5.083557951482479,0.0,508.3557951482479,114.94949494949495,9.0,0.0,16.222535136393958,OK,14.816366483085108,OK,,INSUFFICIENT,8.308785518131945,OK,-1.4446504097443524,OK,,INSUFFICIENT,-11.536038067459787,OK,-12.944943670387588,OK,,INSUFFICIENT,1970.8488409703505,321.25875219683655,826.3420098280099,0.2579374859098571,ASSET_MONETISATION_AND_DELEVERAGING,5.96,16.3,0.0031921562324201957,0.0005272407732839213
LODHA,2021-03,0.8808955771701229,25.380803817214172,21.4534777023307,1.0437051532941943,5.128992628992629,0.12211254706421083,3.9558599695586,1.029049295774648,Levered,16614.0,13.376811594202898,0.13862318103185103,2.8001027749229186,2524.0,52.583333333333336,0.0,5258.333333333334,116.13636363636363,1.0,0.0,-17.423078351808165,OK,-7.958624381472812,OK,,INSUFFICIENT,-60.75295966627807,OK,-41.54021921731441,OK,,INSUFFICIENT,-53.5841116638722,OK,-42.56508225014826,OK,,INSUFFICIENT,32308.804999999997,337.20866275277234,1231.8523913043477,0.16275233124014749,ASSET_MONETISATION_AND_DELEVERAGING,0.88,1.04,0.0008955771701228965,0.0037051532941942966
LODHA,2022-03,13.08350481966858,23.675944979963177,26.0370410484133,9.97852304642326,10.167914393266505,3.145505676492032,0.9529985131339831,3.494186046511628,Levered,10963.0,4.422347720855184,0.24041766482658056,4.801352054082163,1998.0,1.653973509933775,0.0,165.3973509933775,251.16182572614107,12.0,20.0,-8.128636778863052,OK,3.0997835489557257,OK,,INSUFFICIENT,-9.762225964928051,OK,15.646053678074455,OK,,INSUFFICIENT,-17.017346663375655,OK,-1.5881085866475741,OK,,INSUFFICIENT,1094.8338493377485,109.24824797621015,508.9000645421541,0.1510707319593967,ASSET_MONETISATION_AND_DELEVERAGING,13.08,9.98,0.0035048196685796285,0.0014769535767396036
LODHA,2023-03,5.174234424498416,21.795142555438225,9.86272439281943,3.8695411829740185,4.299590295999631,1.2524922038750574,0.7154702677090736,1.937759336099585,Levered,8814.0,8.582278481012658,0.24206328919789377,5.180525164113786,2750.0,5.612244897959184,0.0,561.2244897959184,262.71784232365144,5.0,14.0,-8.699120881275668,OK,-0.4315268098149416,OK,15.8587998022788,OK,-12.917532791194708,OK,-9.202243971478053,OK,6.379811225640086,OK,-17.79293085565099,OK,-12.944943670387588,OK,-1.806695543808734,OK,2447.6591020408164,94.71317697228145,1463.1570593963,0.22929029999642475,ASSET_MONETISATION_AND_DELEVERAGING,5.17,3.87,0.004234424498416267,0.000458817025981606
LODHA,2024-03,15.063978286157425,25.833656455990695,24.331136099263283,8.895758200240426,9.973377836055151,3.292512394592991,0.4406663232010991,5.20746887966805,Levered,5198.0,1.9152542372881356,0.21856858341455146,8.824636441402909,-435.0,1.6164736164736164,28.567274137262505,-27.99227799227799,175.74446680080482,16.0,,23.70811095275156,OK,-2.8278535641862557,OK,13.320918056266763,OK,218.7155543964547,OK,-1.119685230740497,OK,15.093978797721984,OK,151.98420997897463,OK,-5.293423548032761,OK,5.922384104881218,OK,778.5842921492922,69.26097601465453,479.40767870302136,-0.03595279056427525,EXPANSION_WITH_EXTERNAL_CAPITAL,15.06,8.9,0.003978286157424904,0.004241799759574505
LT,2013-03,7.1090747856931715,15.309166151613685,16.499610351221346,395.1456310679612,780.6738715829625,227.2766323024055,0.17475728155339806,2.6454114605773373,Levered,185.0,0.013293094776173025,31.969931271477662,106.47496423462088,-11277.0,-0.8230958230958231,9.30051326149464,-213.13551313551312,167.375,38.0,22.0,,INSUFFICIENT,,INSUFFICIENT,,INSUFFICIENT,,INSUFFICIENT,,INSUFFICIENT,,INSUFFICIENT,,INSUFFICIENT,,INSUFFICIENT,,INSUFFICIENT,,,,,EXTERNALLY_FUNDED_INVESTMENT,7.109999999999999,395.15,0.000925214306827904,0.0043689320388011765
LT,2014-03,5.743410068897406,16.561243445340608,16.433089566628258,303.41614906832297,812.6162790697675,183.23330832708177,0.06832298136645963,2.1522944256236527,Levered,-59.0,-0.0038254554885560526,31.903225806451612,131.05392912172573,-12653.0,-1.462231320368475,6.478237355092059,-259.0174002047083,201.25,35.0,27.0,,INSUFFICIENT,,INSUFFICIENT,,INSUFFICIENT,,INSUFFICIENT,,INSUFFICIENT,,INSUFFICIENT,,INSUFFICIENT,,INSUFFICIENT,,INSUFFICIENT,,,,,EXTERNALLY_FUNDED_INVESTMENT,5.74,303.42,0.0034100688974056936,0.0038509316770500845
LT,2015-03,5.401995017894244,17.06099272264465,15.754549706838974,245.11352418558738,645.409982174688,166.75621222296843,0.10760118460019744,1.9932562620423893,Levered,114.0,0.006664328305857594,30.869375419744795,134.59590043923865,-6143.0,-0.27486910994764396,5.197489366793938,-123.70116794200563,253.25,34.0,32.0,,INSUFFICIENT,,INSUFFICIENT,,INSUFFICIENT,,INSUFFICIENT,,INSUFFICIENT,,INSUFFICIENT,,INSUFFICIENT,,INSUFFICIENT,,INSUFFICIENT,,,,,EXTERNALLY_FUNDED_INVESTMENT,5.4,245.11,0.0019950178942433894,0.0035241855873664463
LT,2016-03,4.541049425446491,15.314174956982654,14.753466110243071,216.09411764705882,684.3577981651376,146.38189352884922,0.02588235294117647,2.1624873170024643,Levered,12.0,0.0007183048006704178,32.23525661459993,158.49843260188086,-7867.0,-0.705574912891986,4.575661082652637,-171.31968641114983,250.0,31.0,40.0,10.757630816626085,OK,,INSUFFICIENT,,INSUFFICIENT,-4.613252756634001,OK,,INSUFFICIENT,,INSUFFICIENT,-6.561462465235735,OK,,INSUFFICIENT,,INSUFFICIENT,,,,,EXTERNALLY_FUNDED_INVESTMENT,4.54,216.09,0.0010494254464905595,0.004117647058819784
LT,2017-03,5.933474824355972,15.20418618266979,14.377195550351288,206.29770992366412,499.87277353689564,146.84174779261943,0.0,2.301361839215112,Levered,-941.0,-0.05202919385159792,24.748019017432647,201.68265682656826,-3141.0,1.0260561208757324,8.96150468384075,-48.42738205365402,369.88235294117646,43.0,22.0,8.723735620593477,OK,,INSUFFICIENT,,INSUFFICIENT,9.910063495473299,OK,,INSUFFICIENT,,INSUFFICIENT,7.102630401422205,OK,,INSUFFICIENT,,INSUFFICIENT,,,,,EXPANSION_WITH_EXTERNAL_CAPITAL,5.93,206.3,0.0034748243559725722,0.002290076335896174
LT,2018-03,6.687666585897746,16.8035560605934,16.170216321449164,207.3575129533679,501.3730569948186,149.97189432265316,0.0,2.50881514130153,Levered,-1264.0,-0.0585836114200964,22.42514521266629,175.74596182085168,-10031.0,-1.253248375812094,0.0,-125.32483758120941,454.11764705882354,53.0,30.0,9.19262592982355,OK,9.966792462191098,OK,,INSUFFICIENT,17.246563281707083,OK,8.631021572439623,OK,,INSUFFICIENT,15.948637819501933,OK,6.880494531152914,OK,,INSUFFICIENT,,,,,RESTRUCTURING_WITH_EXTERNAL_SUPPORT,6.69,207.36,0.002333414102253961,0.0024870466321260665
LT,2019-03,7.555834935660405,16.910220381600354,17.48557905635261,208.80850194154914,483.220927856121,153.31632653061226,0.0,2.531748581218546,Levered,-1740.0,-0.06805647905503187,20.29111644657863,145.3978494623656,-15779.0,-0.46549867867280026,8.151900606419169,-154.438680630322,575.6470588235294,63.0,28.0,10.170442476179108,OK,9.715816069123928,OK,,INSUFFICIENT,30.549086724171516,OK,15.902222805442445,OK,,INSUFFICIENT,26.66587237262421,OK,12.474611314209483,OK,,INSUFFICIENT,67.13055985122836,140.17431637032496,34.28632182109751,-2.3005719149755626,EXTERNALLY_FUNDED_INVESTMENT,7.56,208.81,0.004165064339594515,0.001498058450863482
LT,2020-03,7.489756070731238,16.880482908450897,17.26136457388004,201.59141376757955,397.5142495250158,123.58479863868406,0.1687638786084382,2.2781054350784866,Levered,-1307.0,-0.04740832094018644,16.500510493477027,75.75625,-1714.0,0.6144666789058197,5.780601160520309,-15.733431246557739,635.7647058823529,68.0,26.0,9.989345811031969,OK,9.610821400775805,OK,,INSUFFICIENT,18.8694196013278,OK,17.01354348296713,OK,,INSUFFICIENT,16.505604888837343,OK,14.869835499703509,OK,,INSUFFICIENT,55.6437965852763,112.17311621021466,21.135799630019225,-0.28275265549944345,EXPANSION_WITH_EXTERNAL_CAPITAL,7.489999999999999,201.59,0.00024392926876171117,0.0014137675795495852
LT,2021-03,9.502202545981364,17.252664014296325,21.082667176549318,176.90306681270536,353.83855838064676,120.68933308425183,0.1092552026286966,2.4398297872340424,Levered,-2932.0,-0.09286709742810084,12.701195591257239,71.34260230849948,17324.0,1.7857750948069036,4.22859412115106,134.076309883136,811.5555555555555,82.0,44.0,4.3469578483188,OK,6.102407546773847,OK,,INSUFFICIENT,17.30855417997357,OK,22.986898462324156,OK,,INSUFFICIENT,15.658971921573418,OK,21.47598568275417,OK,,INSUFFICIENT,53.43800092872069,94.53346248630888,22.90431521601419,2.509006840693316,SELF_FUNDED_REINVESTMENT,9.5,176.9,0.0022025459813637127,0.0030668127053559147
LT,2022-03,6.656614767347513,15.534017799528499,15.160904926495485,72.92133258678611,163.13763233878728,50.64650981917169,0.018057110862262037,2.5695722793719544,Levered,-5790.0,-0.21703276107654246,7.608448376433988,45.0679527785776,15579.0,1.8393319896343219,2.2904274825742235,149.5249064209617,952.5333333333333,62.0,36.0,4.997081464441755,OK,7.443699790639524,OK,,INSUFFICIENT,0.654736181331339,OK,9.943565902862627,OK,,INSUFFICIENT,-0.5319249538303539,OK,7.593156010932822,OK,,INSUFFICIENT,82.92952394663595,60.47331396976484,36.19633893095435,1.8030358707615275,SELF_FUNDED_REINVESTMENT,6.660000000000001,72.92,0.003385232652488135,0.001332586786105594
LT,2023-03,6.834805089968965,14.817198553515034,14.48339433078253,75.52434908389586,146.44019191529256,53.36655168008176,0.09287608486017358,2.8114346214928534,Levered,-3917.0,-0.13032339632685652,7.8080575784676975,49.83446588746942,14729.0,1.8176522224882292,4.389634615279725,117.5404995610885,1106.1333333333334,75.0,32.0,8.022270030288814,OK,8.904399787286167,OK,9.434306913453728,OK,4.777038653290466,OK,9.379448678258795,OK,9.004592788329258,OK,3.3199332429568518,OK,7.19069301576436,OK,7.035481400617316,OK,74.83256084909424,56.516804484088716,39.593764639339895,1.5707133128601356,SELF_FUNDED_REINVESTMENT,6.83,75.52,0.004805089968964893,0.004349083895860417
LT,2024-03,7.031246466738726,13.506668535997433,13.580838756653838,77.66510140873214,135.94549323192538,56.44423467905896,0.10345688880007993,3.156959629941127,Levered,-6673.0,-0.1979472575717125,8.027628521638107,44.39128689018269,18266.0,1.1748890461182222,0.0,117.48890461182222,1334.5333333333333,95.0,36.0,17.592821624288746,OK,10.335347989682408,OK,10.02514597108597,OK,6.361264204860495,OK,8.75885858017449,OK,12.273743409690363,OK,5.027553928675843,OK,8.56169392953159,OK,10.500834061722086,OK,72.33533800733261,56.17931361774403,32.5672261279701,1.624225556254571,ASSET_MONETISATION_AND_DELEVERAGING,7.03,77.66999999999999,0.001246466738725971,0.004898591267846086
LTIM,2013-03,14.593612048818489,22.591534666320438,19.99480654375487,41.97162061239731,48.95104895104895,24.140893470790378,0.17475728155339806,36.666666666666664,Levered,185.0,0.20716685330347145,1.654209621993127,5.509298998569385,384.0,1.0818505338078293,5.816670994546871,68.32740213523132,83.6875,174.0,54.0,,INSUFFICIENT,,INSUFFICIENT,,INSUFFICIENT,,INSUFFICIENT,,INSUFFICIENT,,INSUFFICIENT,,INSUFFICIENT,,INSUFFICIENT,,INSUFFICIENT,,,,,SELF_FUNDED_REINVESTMENT,14.59,41.97,0.0036120488184891997,0.0016206123973105946
LTIM,2014-03,20.243902439024392,23.3130081300813,25.101626016260166,61.86335403726708,71.80232558139535,37.35933983495874,0.06832298136645963,39.83870967741935,Levered,-59.0,-0.04322344322344322,1.8454613653413354,7.580893682588598,628.0,0.6305220883534136,0.0,63.05220883534136,100.625,309.0,55.0,,INSUFFICIENT,,INSUFFICIENT,,INSUFFICIENT,,INSUFFICIENT,,INSUFFICIENT,,INSUFFICIENT,,INSUFFICIENT,,INSUFFICIENT,,INSUFFICIENT,,,,,ASSET_MONETISATION_AND_DELEVERAGING,20.24,61.86000000000001,0.0039024390243938,0.0033540372670728402
LTIM,2015-03,15.447971072719968,20.188830855765367,19.00361591000402,37.95656465942744,42.15686274509804,25.822699798522496,0.10760118460019744,94.6,Levered,114.0,0.10326086956521739,1.671591672263264,7.288433382137628,539.0,0.834850455136541,2.06910405785456,70.09102730819245,126.625,238.0,63.0,,INSUFFICIENT,,INSUFFICIENT,,INSUFFICIENT,,INSUFFICIENT,,INSUFFICIENT,,INSUFFICIENT,,INSUFFICIENT,,INSUFFICIENT,,INSUFFICIENT,,,,,SELF_FUNDED_REINVESTMENT,15.45,37.96,0.002028927280031567,0.003435340572558232
LTIM,2016-03,14.300376325692781,17.584673280875812,17.807047553882995,39.34117647058824,47.75229357798165,26.64966528530443,0.02588235294117647,173.5,Levered,12.0,0.009876543209876543,1.8635639145680587,9.163009404388715,818.0,1.0263157894736843,0.6842285323297981,97.84688995215312,125.0,49.0,72.0,14.928683203908989,OK,,INSUFFICIENT,,INSUFFICIENT,14.153698604688936,OK,,INSUFFICIENT,,INSUFFICIENT,-34.45358491381468,OK,,INSUFFICIENT,,INSUFFICIENT,,,,,SELF_FUNDED_REINVESTMENT,14.3,39.34,0.0003763256927804548,0.0011764705882342241
LTIM,2017-03,14.936163667128133,18.920166128287956,19.058606368251038,30.884223918575067,39.408396946564885,21.983246547430383,0.0,413.0,Levered,-941.0,-0.6640790402258292,1.4718134480416571,11.994464944649447,209.0,1.2049433573635426,14.782341178280264,21.524201853759013,184.94117647058823,57.0,29.0,9.733278403692513,OK,,INSUFFICIENT,,INSUFFICIENT,-0.8437796701701084,OK,,INSUFFICIENT,,INSUFFICIENT,-43.07468286896121,OK,,INSUFFICIENT,,INSUFFICIENT,,,,,SELF_FUNDED_REINVESTMENT,14.94,30.88,0.003836332871866688,0.004223918575068097
LTIM,2018-03,15.22036682179031,16.24692033944703,19.956200383246646,28.808290155440414,37.7720207253886,20.835675473112236,0.0,91.125,Levered,-1264.0,-0.7831474597273854,1.3689338579726438,10.72834067547724,392.0,0.7589928057553957,6.186695866411169,35.25179856115108,227.05882352941177,65.0,33.0,13.642712673496305,OK,13.663553615808555,OK,,INSUFFICIENT,13.08182681435306,OK,14.623507637472377,OK,,INSUFFICIENT,-35.119806986752685,OK,-17.87548426345513,OK,,INSUFFICIENT,,,,,SELF_FUNDED_REINVESTMENT,15.22,28.81,0.0003668217903101123,0.0017098445595848943
LTIM,2019-03,16.049121321194157,19.934363751852636,21.585856447173406,30.983036991620683,41.67177600653996,22.749099639855945,0.0,185.36363636363637,Levered,-1740.0,-0.7959743824336688,1.4174669867947178,10.156989247311827,646.0,0.9201846965699209,7.929282235867034,42.61213720316623,287.8235294117647,87.0,32.0,17.344582304710478,OK,13.93484548578321,OK,,INSUFFICIENT,21.945087021923328,OK,8.76470157317437,OK,,INSUFFICIENT,21.089845255531216,OK,-22.390988009879575,OK,,INSUFFICIENT,876.0610026385224,271.43030451665646,778.8638563586459,0.04864060502045737,SELF_FUNDED_REINVESTMENT,16.05,30.98,0.0008786788058436912,0.0030369916206822722
LTIM,2020-03,13.971872414744002,18.650611269418146,19.174556484971045,28.127313101406365,33.027232425585815,17.243335224049915,0.1687638786084382,25.132530120481928,Levered,-1307.0,-0.5540483255616787,1.2341463414634146,5.666145833333333,1001.0,1.081578947368421,5.910469712289732,65.85526315789474,317.88235294117646,87.0,32.0,18.72338491072687,OK,16.92484877805469,OK,,INSUFFICIENT,16.111379805119384,OK,14.5996917922393,OK,,INSUFFICIENT,15.136970746415223,OK,-18.231042821628996,OK,,INSUFFICIENT,872.1114934210526,245.30153034789043,573.196481559983,0.07551243580056803,SELF_FUNDED_REINVESTMENT,13.97,28.13,0.0018724147440014605,0.002686898593633913
LTIM,2021-03,15.666936135812449,22.029102667744542,21.560226354082456,26.533406352683457,32.917798074549495,18.1019988791332,0.1092552026286966,33.75949367088607,Levered,-2932.0,-0.9776592197399133,1.1554268634410612,6.4900314795383,743.0,1.238390092879257,13.39531123686338,38.33849329205366,405.77777777777777,111.0,36.0,19.187307945933107,OK,16.17219033696773,OK,,INSUFFICIENT,20.341751610700463,OK,18.312191546907464,OK,,INSUFFICIENT,19.528060908879397,OK,17.76747936916381,OK,,INSUFFICIENT,684.0517389060888,181.50222754654985,535.0686595531844,0.056046189361879585,SELF_FUNDED_REINVESTMENT,15.67,26.53,0.003063864187550891,0.0034063526834557933
LTIM,2022-03,15.128882760733847,20.10417863571948,20.747634915163353,27.645576707726764,37.24047848205692,19.200855531790783,0.018057110862262037,44.040650406504064,Levered,-5790.0,-0.962753574991686,1.2691522457709508,7.517708033400519,1608.0,0.8230379746835443,6.29284920908499,40.70886075949367,476.26666666666665,225.0,41.0,40.33977169008729,OK,32.05717863061026,OK,,INSUFFICIENT,37.60449836243862,OK,32.39621611581924,OK,,INSUFFICIENT,37.26329560973354,OK,31.6017100176736,OK,,INSUFFICIENT,304.3443569620253,84.13775265957446,200.94976388427003,0.13375921001411287,SELF_FUNDED_REINVESTMENT,15.13,27.65,0.0011172392661542574,0.004423292273234125
LTIM,2023-03,13.289937618660158,18.40701564053883,17.906759485278606,26.57907425265188,32.7689847239839,18.78114220007666,0.09287608486017358,39.61333333333334,Levered,-3917.0,-0.5876969242310578,1.4131851284016865,9.019570535471596,2824.0,0.7018140589569161,0.8166832414187988,64.03628117913833,553.0666666666667,149.0,40.0,45.02478270713488,OK,35.34655180923289,OK,24.032133128006606,OK,42.62587895390335,OK,31.72456117454432,OK,22.876894670369484,OK,19.643471363879893,OK,18.04689882786892,OK,-1.5391224879666265,OK,241.86011791383223,64.28418032786885,176.47953188297075,0.26476577342095153,SELF_FUNDED_REINVESTMENT,13.29,26.58,6.238133984126648e-05,0.0009257473481198986
LTIM,2024-03,12.90931103415266,17.982937748120616,17.656333586733115,22.904386052552702,28.38969622889221,16.64609352309033,0.10345688880007993,28.24774774774775,Levered,-6673.0,-0.9411847672778562,1.2894641301190821,7.13049588436057,1752.0,1.2366412213740459,11.031337106174508,38.21155943293348,667.2666666666667,155.0,42.0,42.13101535214459,OK,30.32798083513346,OK,21.85605589762474,OK,33.24835486418234,OK,24.775129058600996,OK,16.495191642458163,OK,11.772828128939317,OK,12.24383304425547,OK,-6.666549487610296,OK,293.7943075245365,67.29178239584374,232.35320592383638,0.13006228662120078,SELF_FUNDED_REINVESTMENT,12.91,22.9,0.0006889658473401283,0.004386052552703745
M&M,2013-03,6.010801682849781,13.270638929730833,11.466961699154208,20.685336405991684,16.183842866535176,5.423546255795931,1.438354791844096,3.429255550718328,Levered,22271.0,2.236717886913729,0.9022999829241701,3.7522805484241,-3825.0,-0.223298619520465,4.226049233546359,-92.63744248001937,338.3220338983051,33.0,19.0,,INSUFFICIENT,,INSUFFICIENT,,INSUFFICIENT,,INSUFFICIENT,,INSUFFICIENT,,INSUFFICIENT,,INSUFFICIENT,,INSUFFICIENT,,INSUFFICIENT,,,,,EXTERNALLY_FUNDED_INVESTMENT,6.01,20.69,0.0008016828497812156,0.004663594008317062
M&M,2014-03,6.964770746341266,13.743057526249643,11.85659653247929,22.11352812459776,15.004959469165783,5.864215089487876,1.5088599991418887,2.970209884901828,Levered,27085.0,2.474872076023392,0.8419825006542343,4.025950709972254,-4768.0,-0.0473418703919286,6.113430899582438,-92.51067132324408,395.03389830508473,38.0,18.0,,INSUFFICIENT,,INSUFFICIENT,,INSUFFICIENT,,INSUFFICIENT,,INSUFFICIENT,,INSUFFICIENT,,INSUFFICIENT,,INSUFFICIENT,,INSUFFICIENT,,,,,EXTERNALLY_FUNDED_INVESTMENT,6.959999999999999,22.11,0.0047707463412667295,0.003528124597760751
M&M,2015-03,4.732112865300638,12.306852536110178,10.455156197514276,13.075762849518505,11.714339480617237,3.582478596253285,1.4661793711567468,2.366170414950903,Levered,27884.0,2.9063998332291017,0.7570568788675087,3.7511419121121437,-3302.0,0.3120378586217096,6.098141305564886,-97.6634131913635,436.77364864864865,25.0,23.0,,INSUFFICIENT,,INSUFFICIENT,,INSUFFICIENT,,INSUFFICIENT,,INSUFFICIENT,,INSUFFICIENT,,INSUFFICIENT,,INSUFFICIENT,,INSUFFICIENT,,,,,EXPANSION_WITH_EXTERNAL_CAPITAL,4.73,13.08,0.0021128653006377007,0.004237150481495533
M&M,2016-03,4.686119645046874,13.293601086483564,11.919674054930711,13.41537067794051,13.285325887280477,3.5592677162200057,1.5685112486788464,2.684085510688836,Levered,29950.0,2.6084305870057483,0.7595341104835156,3.6842846733058052,-3121.0,0.6710748452447945,7.259925370182355,-87.81654473832302,490.5925925925926,25.0,21.0,3.3547694143181372,OK,,INSUFFICIENT,,INSUFFICIENT,-4.875837342141997,OK,,INSUFFICIENT,,INSUFFICIENT,-8.839082067855198,OK,,INSUFFICIENT,,INSUFFICIENT,,,,,EXPANSION_WITH_EXTERNAL_CAPITAL,4.69,13.42,0.0038803549531261083,0.004629322059489738
M&M,2017-03,4.83568691583207,12.814391271650772,11.93343917491316,13.604002955201826,12.728545963840082,3.558659463258225,1.6375176304654442,2.7411571154373457,Levered,34100.0,2.661982825917252,0.7359160187991391,3.991281147267616,-5692.0,0.04517403110343125,7.012999415086006,-140.50851641569983,478.74598070739546,30.0,22.0,4.221061755777056,OK,,INSUFFICIENT,,INSUFFICIENT,-7.713266081547188,OK,,INSUFFICIENT,,INSUFFICIENT,-7.577179188459704,OK,,INSUFFICIENT,,INSUFFICIENT,,,,,EXPANSION_WITH_EXTERNAL_CAPITAL,4.84,13.6,0.004313084167930192,0.004002955201826808
M&M,2018-03,8.641170977479531,14.361413338545399,15.54172910287315,21.63970088375255,15.444627885144541,5.835637131606157,1.52,3.5899172310007526,Levered,39880.0,2.266810663332007,0.675329437042143,3.5174547398976395,-4785.0,0.0856999246041719,5.936325927856321,-60.12817290776577,338.6279926335175,60.0,11.0,8.82961347345983,OK,6.038547593725219,OK,,INSUFFICIENT,33.02080999115062,OK,14.022828575381352,OK,,INSUFFICIENT,33.88659001643391,OK,12.700920209792542,OK,,INSUFFICIENT,,,,,EXPANSION_WITH_EXTERNAL_CAPITAL,8.64,21.64,0.0011709774795303218,0.00029911624745082577
M&M,2019-03,5.745743451647711,14.521442690577821,13.265725117216224,15.0488957807068,12.534399220434716,3.7167441889195683,1.771953080059025,2.7667795259908385,Levered,52580.0,2.940222557736398,0.6468691510850026,3.6131870406790187,-11521.0,-0.7224530496925378,6.850583932544571,-191.47415655642345,367.49080882352945,43.0,17.0,11.355048135892677,OK,7.19122605967879,OK,,INSUFFICIENT,19.18479742976862,OK,3.144748073258663,OK,,INSUFFICIENT,19.814528297901845,OK,2.503093353490349,OK,,INSUFFICIENT,283.8117566893801,42.71053547757797,113.03532516915506,-0.6746519551900867,EXTERNALLY_FUNDED_INVESTMENT,5.75,15.05,0.004256548352288725,0.0011042192932002592
M&M,2020-03,-0.4258311002626622,13.47536547186331,10.182802260486588,-0.8031224198754034,6.288658949213917,-0.19370489270800648,2.053891766118742,1.2748712838398937,Levered,62882.0,5.694285973014579,0.4548866735861353,2.5390548688066286,-8327.0,4.538940809968848,9.113581491602769,2594.080996884735,360.73104693140795,1.0,205.0,-3.4569097977209085,OK,1.0777383538855156,OK,,INSUFFICIENT,,DECLINE_TO_LOSS,,DECLINE_TO_LOSS,,INSUFFICIENT,-67.81702051314566,OK,-47.46944391192466,OK,,INSUFFICIENT,,56.82709474843003,242.4723173050801,-0.3666146609806099,EXTERNALLY_FUNDED_INVESTMENT,-0.43,-0.8,0.004168899737337806,0.003122419875403404
M&M,2021-03,2.035596004200436,15.464875198578316,12.4666792320741,3.636188735510557,7.577307355552463,0.9165413898453033,1.9389399259294888,1.5175352343493937,Levered,51847.0,4.102468745054598,0.45025701954318414,3.4741814780168383,-1777.0,11.84457671957672,26.503136864212824,-117.52645502645503,374.6126126126126,15.0,54.0,-6.915731902531408,OK,-0.4156185562773529,OK,,INSUFFICIENT,-42.51128268702363,OK,-15.711781738280251,OK,,INSUFFICIENT,-37.00394750525634,OK,-9.711954855256577,OK,,INSUFFICIENT,2014.9382738095237,73.26695853975278,264.5149161259693,-0.058327570900846885,EXPANSION_WITH_EXTERNAL_CAPITAL,2.04,3.64,0.0044039957995640755,0.0038112644894430225
M&M,2022-03,8.043606037417796,16.28350578345588,15.947477570394028,15.391634658234832,11.529087293951639,4.207369422465601,1.6468603442055896,2.8656835392586686,Levered,47545.0,2.6579271019677995,0.5230700512796714,3.4657160427396416,5996.0,1.2750585964428511,3.60648101939648,82.66924031435268,423.76798561151077,53.0,20.0,-4.864113709642448,OK,1.4828285717850775,OK,,INSUFFICIENT,6.425546421575001,OK,12.354659227390563,OK,,INSUFFICIENT,7.218354565351115,OK,12.054918219885359,OK,,INSUFFICIENT,472.226844064525,72.68343059652399,180.11459078711985,0.17506256019417812,SELF_FUNDED_REINVESTMENT,8.04,15.39,0.003606037417796415,0.001634658234831221
M&M,2023-03,9.379148834409454,16.72727572586564,16.401553570986817,20.178831210304086,13.383755122364798,5.567766285006584,1.6365716921548452,3.411663807890223,Levered,56975.0,2.3497752299253514,0.5936323629474797,4.4682756079587325,-15940.0,-0.6219447863548444,7.311019304191508,-140.14418850008792,505.9784560143626,83.0,18.0,17.172954352743552,OK,5.658317806289093,OK,5.848261966718815,OK,,TURNAROUND,7.4043467044287326,OK,10.664119806421013,OK,336.20706714548373,OK,6.705146990192867,OK,9.66206389137454,OK,291.4164049586777,58.80442447574779,144.56683548480225,-0.48090699808049625,EXTERNALLY_FUNDED_INVESTMENT,9.379999999999999,20.18,0.0008511655905447668,0.00116878969591383
M&M,2024-03,8.82238743726542,17.89787025985418,16.87254634090223,18.537543435564285,13.421644159989018,5.227460570376871,1.6414413053331318,3.1338141025641026,Levered,73439.0,2.6051436679673645,0.5925222177725139,4.944292367307761,-11245.0,-0.4588427057864711,4.0373028084959515,-91.64629176854116,594.1651705565529,91.0,21.0,23.253542874034295,OK,5.838805854237616,OK,6.512869476923022,OK,100.95443275430912,OK,15.316887061047968,OK,9.061135444778024,OK,82.38258956284288,OK,16.175509914303852,OK,9.125382648287793,OK,340.1047660961695,63.04706874150174,136.12679638169564,-0.2694648852484086,EXTERNALLY_FUNDED_INVESTMENT,8.82,18.54,0.0023874372654191234,0.0024565644357146255
MARUTI,2013-03,5.575117370892019,9.843355001805707,7.376309136872518,12.980870296405298,15.866388308977037,8.97626921539412,0.08245743115408871,16.505050505050505,Levered,-5852.0,-1.1345482745250097,1.6100592361085875,4.420674516064658,940.0,1.6433198380566802,7.039996388587938,38.05668016194332,630.066225165563,82.0,10.0,,INSUFFICIENT,,INSUFFICIENT,,INSUFFICIENT,,INSUFFICIENT,,INSUFFICIENT,,INSUFFICIENT,,INSUFFICIENT,,INSUFFICIENT,,INSUFFICIENT,,,,,SELF_FUNDED_REINVESTMENT,5.58,12.98,0.004882629107981096,0.0008702964052975659
MARUTI,2014-03,6.407435678685286,11.92133267477886,8.796192357774684,13.276888723483438,16.672340425531914,9.067225822849155,0.09322664681801265,21.293478260869566,Levered,-8523.0,-1.412495856811402,1.4151099250222392,4.036795359796991,-2.0,1.750175192711983,11.218625117866283,-0.0700770847932726,711.7880794701987,94.0,13.0,,INSUFFICIENT,,INSUFFICIENT,,INSUFFICIENT,,INSUFFICIENT,,INSUFFICIENT,,INSUFFICIENT,,INSUFFICIENT,,INSUFFICIENT,,INSUFFICIENT,,,,,SELF_FUNDED_REINVESTMENT,6.41,13.28,0.0025643213147139576,0.00311127651656129
MARUTI,2015-03,7.49788389992323,13.566662073581229,10.22420818487825,15.66329467883872,20.78930515529939,11.04794500681614,0.027387120651369355,23.825688073394495,Levered,-12632.0,-1.638604228823453,1.4734750703367463,4.067333867093675,1958.0,1.693095300603833,8.84037715792996,51.40456812811761,805.2317880794702,126.0,20.0,,INSUFFICIENT,,INSUFFICIENT,,INSUFFICIENT,,INSUFFICIENT,,INSUFFICIENT,,INSUFFICIENT,,INSUFFICIENT,,INSUFFICIENT,,INSUFFICIENT,,,,,SELF_FUNDED_REINVESTMENT,7.5,15.66,0.002116100076769989,0.0032946788387206993
MARUTI,2016-03,9.54522565073191,15.66965913629339,13.313306360589698,17.954664227854717,24.85492916653159,12.865702382624164,0.0075450744708649075,93.5,Levered,-20445.0,-1.9491848603298694,1.347867808828348,4.59608938547486,1252.0,1.543023467345825,12.554480890447827,22.776059668910314,1013.7748344370862,182.0,19.0,9.135371961985772,OK,,INSUFFICIENT,,INSUFFICIENT,30.559835605719755,OK,,INSUFFICIENT,,INSUFFICIENT,30.442519473517038,OK,,INSUFFICIENT,,INSUFFICIENT,,,,,SELF_FUNDED_REINVESTMENT,9.55,17.95,0.0047743492680911714,0.004664227854718206
MARUTI,2017-03,11.031798487185137,15.305867665418226,15.004773444958508,20.258934592043158,27.19987220107032,14.45535026943803,0.013054619015509103,114.78651685393258,Levered,-28667.0,-2.2361154446177847,1.3103348729792148,5.114942528735632,1109.0,1.3689255758221275,13.472864801351253,14.765011316735455,1227.6490066225165,249.0,30.0,15.193306055999,OK,,INSUFFICIENT,,INSUFFICIENT,38.06425837853369,OK,,INSUFFICIENT,,INSUFFICIENT,38.364230188854776,OK,,INSUFFICIENT,,INSUFFICIENT,,,,,SELF_FUNDED_REINVESTMENT,11.03,20.26,0.0017984871851375317,0.0010654079568439556
MARUTI,2018-03,9.874826147426981,15.183751206004336,14.42569133806964,18.517822317253696,26.975164011246484,13.080932147125216,0.002843111915223572,33.274566473988436,Levered,-36002.0,-2.522384922581097,1.32467467799761,5.960788707147659,3486.0,1.4957492703971578,10.402335576188149,44.232965359725924,1409.2384105960266,261.0,31.0,16.250064525861575,OK,12.492038326904996,OK,,INSUFFICIENT,27.425628680864488,OK,26.11794187177232,OK,,INSUFFICIENT,27.4745010430834,OK,26.056525067197,OK,,INSUFFICIENT,,,,,SELF_FUNDED_REINVESTMENT,9.87,18.52,0.004826147426982175,0.0021776827463035886
MARUTI,2019-03,8.889482734581959,12.845656922433424,12.432030487521494,16.24692092075087,22.64454414627952,11.960480857915552,0.00339760468869447,140.78947368421052,Levered,-37344.0,-2.7216675169448292,1.345464209226344,5.575435641640215,3061.0,0.8627630375114365,4.113026908955709,40.00784211214221,1559.337748344371,253.0,32.0,14.331892236295385,OK,14.081283722609971,OK,,INSUFFICIENT,11.651395353736916,OK,21.80155887352504,OK,,INSUFFICIENT,11.604843908689212,OK,21.89854827623421,OK,,INSUFFICIENT,188.8843314599399,30.68788796398539,104.13701625245973,0.2118113334383556,SELF_FUNDED_REINVESTMENT,8.89,16.25,0.0005172654180416458,0.003079079249129535
MARUTI,2020-03,7.504625958234206,9.721120803595031,9.565159925984668,11.490903203610387,14.591608363409078,8.923744263531779,0.0037237164308987513,54.007462686567166,Levered,-37304.0,-3.4653042266604737,1.1890991387439491,4.805640243902439,2939.0,0.6157097569566748,0.7361882104150145,51.761183515322294,1636.1920529801325,188.0,32.0,3.578980418926614,OK,8.292608553724467,OK,,INSUFFICIENT,-8.904020746010366,OK,8.31207678306949,OK,,INSUFFICIENT,-8.941707826134415,OK,8.33217455226456,OK,,INSUFFICIENT,237.68439767523776,27.312084066945946,137.568537854157,0.21777274411611428,SELF_FUNDED_REINVESTMENT,7.5,11.49,0.0046259582342056405,0.0009032036103864272
MARUTI,2021-03,6.236855567555278,7.689137725231626,7.706189961916671,8.359840764937811,10.223973454997925,6.149125756556826,0.010304565627321384,53.166666666666664,Levered,-42404.0,-5.014071183634859,0.985933647164313,4.694909600373608,1565.0,2.017771701982228,10.360654805888705,35.657325131009344,1738.4437086092717,145.0,31.0,-4.1079341493794885,OK,4.090734083537506,OK,,INSUFFICIENT,-17.726226304928883,OK,-4.402184406721831,OK,,INSUFFICIENT,-17.79293085565099,OK,-4.443700527644112,OK,,INSUFFICIENT,262.8041102756892,21.970005142759184,138.90231997162113,0.1356802414300285,SELF_FUNDED_REINVESTMENT,6.239999999999999,8.36,0.003144432444721623,0.0001592350621884009
MARUTI,2022-03,4.3926185893807315,6.511943846937621,5.461338163704291,7.012090434279725,8.651518140569236,5.197171024432062,0.007698841559286501,37.98425196850393,Levered,-41609.0,-5.465519506107973,1.1831600942991856,6.4254019058703715,1601.0,0.4742268041237113,0.27057624816030795,41.26288659793814,1832.2185430463576,128.0,47.0,0.8684869623523994,OK,5.344376669695539,OK,,INSUFFICIENT,-20.25480802629206,OK,-12.375249834326507,OK,,INSUFFICIENT,-20.317463656858692,OK,-12.460890477183895,OK,,INSUFFICIENT,358.27215463917526,25.12236748414147,213.67556416655722,0.11517190511078099,SELF_FUNDED_REINVESTMENT,4.390000000000001,7.01,0.0026185893807308958,0.0020904342797249953
MARUTI,2023-03,6.9791402753145855,11.081834304535091,9.027953720124989,11.077747989276139,14.093977428541294,8.255249435598266,0.016729222520107237,42.42063492063492,Levered,-47936.0,-3.085478887744593,1.1828461830459713,4.237858344368491,1995.0,1.3086882865440466,7.448695211553079,24.14085188770571,2375.796178343949,274.0,34.0,16.102262075377503,OK,8.209976417024478,OK,10.330235268748545,OK,13.326542788723806,OK,0.9535966822438846,OK,12.83642957005322,OK,13.37855157347525,OK,0.9768947481887169,OK,12.82196800283517,OK,182.40155372700872,20.205984450402145,94.91600283213182,0.13235003427567354,SELF_FUNDED_REINVESTMENT,6.98,11.08,0.0008597246854149532,0.002252010723861275
MARUTI,2024-03,9.50809964894472,13.130031439890594,12.419461715236363,15.750385351954785,20.54457466036966,11.697772843960314,0.001389602503619973,90.81443298969072,Levered,-57177.0,-2.499650257934773,1.230295566502463,5.090902565942939,4936.0,1.2456257413997627,8.363997800617518,36.59549228944247,2727.2611464968154,429.0,29.0,26.323644326166008,OK,10.510215112642584,OK,12.2815532690568,OK,45.387585949345265,OK,12.007182039300378,OK,16.801752458674525,OK,43.55878145035321,OK,11.139222486886503,OK,16.394629934979687,OK,111.49641384934756,17.561114834882524,82.71364300078693,0.3282212496887102,SELF_FUNDED_REINVESTMENT,9.51,15.75,0.0019003510552799696,0.00038535195478495154
MOTHERSON,2013-03,1.7867025061269666,5.850264843070598,4.284923709384141,19.746614242027086,15.070207145836228,3.548159196169244,2.142420270860638,4.336,Levered,4832.0,2.6874304783092327,1.9858701624931314,4.794011749099868,397.0,3.2876106194690267,4.304688117637758,87.83185840707965,38.79661016949152,1.0,26.0,,INSUFFICIENT,,INSUFFICIENT,,INSUFFICIENT,,INSUFFICIENT,,INSUFFICIENT,,INSUFFICIENT,,INSUFFICIENT,,INSUFFICIENT,,INSUFFICIENT,,,,,SELF_FUNDED_REINVESTMENT,1.79,19.75,0.0032974938730334635,0.003385757972914405
MOTHERSON,2014-03,3.6068915630959424,7.881238903136713,6.2142434405208125,37.07333558634674,24.233876137966405,7.19627394384676,1.6356877323420074,6.428571428571429,Levered,4765.0,1.7602512005910602,1.9951456310679612,5.138367967562088,1323.0,2.456700091157703,4.511080423489182,120.60164083865087,33.625,2.0,29.0,,INSUFFICIENT,,INSUFFICIENT,,INSUFFICIENT,,INSUFFICIENT,,INSUFFICIENT,,INSUFFICIENT,,INSUFFICIENT,,INSUFFICIENT,,INSUFFICIENT,,,,,SELF_FUNDED_REINVESTMENT,3.61,37.07,0.0031084369040574877,0.0033355863467363633
MOTHERSON,2015-03,3.7275323851014104,8.2051873863997,6.15966071377052,38.86883273164862,25.251330573625076,7.414634146341463,1.5436221419975933,6.713836477987422,Levered,5066.0,1.6577225130890052,1.9891535150645625,5.655245553923968,546.0,2.623839009287926,8.2051873863997,42.26006191950464,37.77272727272727,2.0,31.0,,INSUFFICIENT,,INSUFFICIENT,,INSUFFICIENT,,INSUFFICIENT,,INSUFFICIENT,,INSUFFICIENT,,INSUFFICIENT,,INSUFFICIENT,,INSUFFICIENT,,,,,EXPANSION_WITH_EXTERNAL_CAPITAL,3.73,38.87,0.0024676148985895985,0.0011672683513808124
MOTHERSON,2016-03,4.766766981943251,9.533533963886502,7.088349097162511,40.34569024334774,25.20542709726734,9.021103483346046,1.3802592676825107,7.646376811594203,Levered,5479.0,1.4708724832214766,1.8924993643529113,5.207219812508745,282.0,1.23337091319053,5.121453138435082,15.89627959413754,33.31060606060606,3.0,26.0,13.731605063334706,OK,,INSUFFICIENT,,INSUFFICIENT,57.738749499655874,OK,,INSUFFICIENT,,INSUFFICIENT,44.22495703074083,OK,,INSUFFICIENT,,INSUFFICIENT,,,,,SELF_FUNDED_REINVESTMENT,4.77,40.35,0.0032330180567488043,0.0043097566522618536
MOTHERSON,2017-03,5.12554276005286,9.842835567302247,8.160279403435908,26.25725338491296,18.570431233553514,6.799398948159278,1.251088007736944,9.221333333333334,Levered,9875.0,2.186185521363737,1.3265715001252192,3.4754367259903223,-2345.0,1.7495395948434622,14.501132716632057,-107.96500920810313,59.08571428571429,3.0,18.0,11.690303939805435,OK,,INSUFFICIENT,,INSUFFICIENT,25.569567317509943,OK,,INSUFFICIENT,,INSUFFICIENT,14.471424255333186,OK,,INSUFFICIENT,,INSUFFICIENT,,,,,EXPANSION_WITH_EXTERNAL_CAPITAL,5.13,26.26,0.004457239947139868,0.0027466150870409933
MOTHERSON,2018-03,4.013995701827612,9.10786281370442,6.532511589080511,22.865236746256574,18.155790305064663,6.112403310434359,1.0495750708215297,8.94890510948905,Levered,9582.0,1.8241005139920046,1.5227727592362201,3.827011963023382,70.0,1.4442477876106194,5.672877111343978,3.0973451327433628,47.06666666666667,3.0,30.0,17.552034303678067,OK,17.35161467491404,OK,,INSUFFICIENT,20.489344539496447,OK,37.97296614612149,OK,,INSUFFICIENT,14.471424255333186,OK,24.57309396155174,OK,,INSUFFICIENT,,,,,SELF_FUNDED_REINVESTMENT,4.01,22.87,0.003995701827611775,0.004763253743426787
MOTHERSON,2019-03,3.3027407395746424,8.418997843300852,5.703445995938479,19.13709750980571,16.104369471485086,4.907143191280348,1.0520842834990423,8.56501182033097,Levered,10679.0,1.8797746875550079,1.4857791083875194,3.448026922868154,994.0,2.0552907530981885,5.223304944665712,47.37845567206864,34.69303797468354,3.0,29.0,19.50895138539459,OK,15.870129339266658,OK,,INSUFFICIENT,5.750871745675079,OK,13.846522984671639,OK,,INSUFFICIENT,0.0,OK,8.447177119769854,OK,,INSUFFICIENT,29.703841754051478,5.6844531606312145,13.829711318429853,1.5950278776854314,SELF_FUNDED_REINVESTMENT,3.3,19.14,0.0027407395746426033,0.0029024901942911185
MOTHERSON,2020-03,2.1307777174002536,7.6635544797378525,4.241795517792159,11.490986590888909,10.558675246956593,2.8734483600914884,1.166503862889619,4.344013490725127,Levered,12340.0,2.3296205399282615,1.3485444007727667,2.926698795180723,4132.0,4.908809891808346,3.6555846465444843,319.31993817619787,35.63607594936709,2.0,40.0,12.743641155283726,OK,11.86932259609421,OK,,INSUFFICIENT,-15.855677407263757,OK,0.03094059998249854,OK,,INSUFFICIENT,-12.64195352637011,OK,0.0,OK,,INSUFFICIENT,62.82756568778979,7.219507148565846,16.777853501982253,5.082481466224562,SELF_FUNDED_REINVESTMENT,2.13,11.49,0.0007777174002536746,0.0009865908889086228
MOTHERSON,2021-03,2.7348788565452327,7.617221544361165,3.5070594387310443,12.491043706711249,8.215262749581479,3.285932689689836,0.949765146087095,3.9296875,Levered,11084.0,2.244633454840016,1.201491130704308,2.8543708642221004,3165.0,3.2192479286169533,3.28743245598745,201.72084130019118,39.75,2.0,46.0,0.6277521202438852,OK,9.04130271469381,OK,,INSUFFICIENT,-11.453479186758187,OK,-2.426054692806645,OK,,INSUFFICIENT,-12.64195352637011,OK,-7.7892088518272224,OK,,INSUFFICIENT,65.34696622052263,8.162518111615316,20.209615228837585,3.086919760275566,SELF_FUNDED_REINVESTMENT,2.73,12.49,0.004878856545232679,0.0010437067112487597
MOTHERSON,2022-03,1.8534198889829712,7.391727036096214,3.6550945526390066,5.741208470953954,6.7140964341263905,2.121092488246061,0.6863221293957645,4.292817679558011,Levered,7668.0,1.4498014747589336,1.144420916627786,2.978562421185372,159.0,2.083756345177665,3.6127575500987863,13.451776649746192,45.54867256637168,1.0,34.0,0.13153772630367655,OK,8.51873923333828,OK,,INSUFFICIENT,-17.408123987968104,OK,-11.457550766753288,OK,,INSUFFICIENT,-30.663872564936533,OK,-19.72584382397693,OK,,INSUFFICIENT,115.52917935702199,6.632771031668933,29.70063528077141,0.11643618282941243,SELF_FUNDED_REINVESTMENT,1.85,5.74,0.0034198889829710755,0.001208470953954155
MOTHERSON,2023-03,2.119612123673656,7.933949332385643,4.04376300959537,7.438090147871014,8.790420483390355,2.7229740746779716,0.6142882593978265,4.0793854033290655,Levered,7502.0,1.1866497943688705,1.2846567748247186,3.403810428997278,2395.0,2.7802395209580837,2.8532263796517237,143.4131736526946,33.11504424778761,2.0,29.0,9.06564752845387,OK,6.951211399731538,OK,12.03078750591986,OK,8.874807029984133,OK,-5.871398473575439,OK,13.961407291184047,OK,0.0,OK,-7.7892088518272224,OK,7.177346253629313,OK,75.31847305389222,5.602255923748442,22.042377412211327,1.9040902960164763,SELF_FUNDED_REINVESTMENT,2.12,7.44,0.00038787632634429414,0.0019098521289864223
MOTHERSON,2024-03,3.0600251286831757,9.445547764763102,5.725894702711466,11.546549416937488,12.26425331510298,3.58763572429851,0.7616899254444657,3.120375483158476,Levered,13401.0,1.4164464644329353,1.1724203473591674,3.2764092689728437,925.0,2.5062913907284767,6.732055283102987,30.629139072847682,38.57669616519174,4.0,20.0,19.82084189180693,OK,9.21195713294276,OK,12.491793471295164,OK,24.392634688314452,OK,7.557399109099472,OK,10.657290360127636,OK,25.99210498948732,OK,5.922384104881218,OK,7.177346253629313,OK,48.394423841059606,5.587886063850124,17.06017757108128,0.6329063689949501,EXPANSION_WITH_EXTERNAL_CAPITAL,3.06,11.55,2.5128683175612565e-05,0.003450583062512891
NAUKRI,2013-03,16.101694915254235,25.635593220338983,28.177966101694917,12.5,21.839080459770116,9.212121212121211,0.001644736842105263,44.333333333333336,Levered,-260.0,-1.793103448275862,0.5721212121212121,3.1052631578947367,29.0,0.9868421052631579,9.745762711864407,38.15789473684211,55.77981651376147,8.0,12.0,,INSUFFICIENT,,INSUFFICIENT,,INSUFFICIENT,,INSUFFICIENT,,INSUFFICIENT,,INSUFFICIENT,,INSUFFICIENT,,INSUFFICIENT,,INSUFFICIENT,,,,,SELF_FUNDED_REINVESTMENT,16.1,12.5,0.0016949152542338197,0.0
NAUKRI,2014-03,10.582010582010582,17.10758377425044,21.693121693121693,8.928571428571429,18.27637444279346,5.660377358490567,0.001488095238095238,41.0,Levered,-537.0,-3.7291666666666665,0.5349056603773585,3.8053691275167787,-123.0,1.35,35.978835978835974,-204.99999999999997,61.65137614678899,8.0,30.0,,INSUFFICIENT,,INSUFFICIENT,,INSUFFICIENT,,INSUFFICIENT,,INSUFFICIENT,,INSUFFICIENT,,INSUFFICIENT,,INSUFFICIENT,,INSUFFICIENT,,,,,EXPANSION_WITH_EXTERNAL_CAPITAL,10.58,8.93,0.0020105820105822403,0.0014285714285708906
NAUKRI,2015-03,-1.912568306010929,2.8688524590163933,8.743169398907105,-0.9893992932862191,4.519774011299435,-0.6314839873703203,0.0007067137809187279,16.0,Levered,-1174.0,-10.576576576576576,0.3301759133964817,1.2708333333333333,-1000.0,-3.642857142857143,143.5792349726776,7142.857142857143,117.91666666666667,2.0,150.0,,INSUFFICIENT,,INSUFFICIENT,,INSUFFICIENT,,INSUFFICIENT,,INSUFFICIENT,,INSUFFICIENT,,INSUFFICIENT,,INSUFFICIENT,,INSUFFICIENT,,,,,EXPANSION_WITH_EXTERNAL_CAPITAL,-1.91,-0.9900000000000001,0.0025683060109291667,0.0006007067137809852
NAUKRI,2016-03,15.775401069518717,12.165775401069519,23.796791443850267,7.647440051847052,11.528497409326425,6.129870129870129,0.0006480881399870382,59.333333333333336,Levered,-567.0,-2.8069306930693068,0.38857142857142857,9.121951219512194,76.0,0.6610169491525424,0.267379679144385,64.40677966101694,127.52066115702479,11.0,27.0,16.587824820776543,OK,,INSUFFICIENT,,INSUFFICIENT,15.794910575502929,OK,,INSUFFICIENT,,INSUFFICIENT,11.199004528465784,OK,,INSUFFICIENT,,INSUFFICIENT,,,,,SELF_FUNDED_REINVESTMENT,15.78,7.649999999999999,0.0045989304812827925,0.0025599481529470225
NAUKRI,2017-03,-4.842342342342342,-1.0135135135135136,1.0135135135135136,-2.701005025125628,0.5649717514124294,-2.0944958597174863,0.000628140703517588,2.25,Levered,-550.0,-13.095238095238095,0.43253774963468095,5.656050955414012,48.0,-4.953488372093023,18.58108108108108,-111.62790697674419,131.5702479338843,-2.0,-230.0,16.129699512298636,OK,,INSUFFICIENT,,INSUFFICIENT,,DECLINE_TO_LOSS,,INSUFFICIENT,,INSUFFICIENT,,DECLINE_TO_LOSS,,INSUFFICIENT,,INSUFFICIENT,,,,,SELF_FUNDED_REINVESTMENT,-4.84,-2.7,0.0023423423423425405,0.0010050251256279452
NAUKRI,2018-03,50.708502024291505,22.16599190283401,59.716599190283404,24.49877750611247,28.83675464320626,19.298921417565484,0.0004889975550122249,118.0,Levered,-1564.0,-2.52258064516129,0.38058551617873654,11.227272727272727,104.0,0.5049900199600799,15.08097165991903,20.758483033932134,167.62295081967213,42.0,13.0,10.513488411829686,OK,15.921232283459897,OK,,INSUFFICIENT,,TURNAROUND,45.81588119284117,OK,,INSUFFICIENT,175.89241763811202,OK,39.32590113656098,OK,,INSUFFICIENT,,,,,SELF_FUNDED_REINVESTMENT,50.71,24.5,0.0014979757084958578,0.0012224938875284863
NAUKRI,2019-03,51.433536055603824,0.7819287576020852,62.814943527367504,23.27959103421156,28.419811320754718,18.563813107557227,0.00039323633503735744,103.28571428571429,Levered,-1203.0,-1.614765100671141,0.36092819065537785,13.079545454545455,217.0,0.46621621621621623,5.125977410947002,36.6554054054054,208.4426229508197,49.0,12.0,15.449283492976317,OK,15.212195570626985,OK,,INSUFFICIENT,71.19059437399883,OK,58.06440878854655,OK,,INSUFFICIENT,64.538600212299,OK,43.68823780140685,OK,,INSUFFICIENT,408.34709459459464,95.06153362170664,324.89393288590605,0.08976531458316545,SELF_FUNDED_REINVESTMENT,51.43,23.28,0.0035360556038241953,0.00040896578844140663
NAUKRI,2020-03,-18.75,-26.676829268292686,-8.536585365853659,-11.207289293849659,-4.929577464788732,-8.50328378845489,0.03507972665148064,-8.0,Levered,-1056.0,,0.4535084687175942,5.421487603305785,350.0,-1.4227642276422765,0.0,-142.27642276422765,179.91803278688525,-19.0,-31.0,13.89560252422335,OK,12.378841526917284,OK,,INSUFFICIENT,,BOTH_NEGATIVE,,BOTH_NEGATIVE,,INSUFFICIENT,,BOTH_NEGATIVE,,DECLINE_TO_LOSS,,INSUFFICIENT,,147.04526651480637,,0.10843824268577858,ASSET_MONETISATION_AND_DELEVERAGING,-18.75,-11.21,0.0,0.0027107061503421903
NAUKRI,2021-03,125.70921985815602,6.560283687943262,142.99645390070924,26.278724981467754,29.536714887383265,22.536554354736175,0.012045959970348406,146.63636363636363,Levered,-2259.0,-1.3624849215922799,0.1792752701843611,8.417910447761194,-1767.0,0.19464033850493653,181.11702127659575,-124.61212976022567,418.29457364341084,110.0,7.0,4.516305991129865,OK,8.562916099524465,OK,,INSUFFICIENT,41.45321900148786,OK,64.42159040772262,OK,,INSUFFICIENT,37.84186217649961,OK,58.48931924611136,OK,,INSUFFICIENT,258.0526163610719,67.81293736100815,245.84582629674307,-0.4828942698486967,EXPANSION_WITH_EXTERNAL_CAPITAL,125.71,26.28,0.000780141843975457,0.0012750185322474294
NAUKRI,2022-03,810.6985525487728,28.067967275015732,894.3360604153556,74.71291033522793,82.11602912284756,62.891178050090325,0.0037118663728105787,1291.909090909091,Levered,-15550.0,-1.0886306356762812,0.0775765268759459,1.5382381413359147,-470.0,0.05488278217668064,74.07174323473883,-3.648501785437044,1336.5891472868216,991.0,1.0,11.348112064468662,OK,12.342009060770032,OK,,INSUFFICIENT,179.18185980408458,OK,,TURNAROUND,,INSUFFICIENT,172.4535837487999,OK,,TURNAROUND,,INSUFFICIENT,35.71105263157895,26.680766732397636,30.443070568468215,-0.10216729882139368,EXPANSION_WITH_EXTERNAL_CAPITAL,810.6999999999999,74.71,0.0014474512271362983,0.0029103352279378214
NAUKRI,2023-03,-2.9838022165387894,14.83375959079284,6.7774936061381075,-0.522466039707419,1.1772545535317636,-0.42021851362708607,0.00806090461262875,8.833333333333334,Levered,-12295.0,-52.99568965517241,0.14083323328130629,2.9288389513108615,154.0,-7.314285714285714,15.26001705029838,-220.00000000000003,1038.6046511627906,-8.0,-228.0,21.375600315728605,OK,18.88148259878615,OK,17.39202680989873,OK,,BOTH_NEGATIVE,,DECLINE_TO_LOSS,,DECLINE_TO_LOSS,,BOTH_NEGATIVE,,DECLINE_TO_LOSS,,DECLINE_TO_LOSS,,41.81313778175848,2300.106724137931,0.027489572616044466,EXPANSION_WITH_EXTERNAL_CAPITAL,-2.98,-0.52,0.003802216538789427,0.0024660397074189877
NAUKRI,2024-03,23.462145110410095,28.036277602523658,36.00157728706625,1.9661621835965897,2.9926576635636555,1.6487018204993213,0.008129006675038002,26.085714285714285,Levered,-30957.0,-30.52958579881657,0.07027071960985341,3.130864197530864,-150.0,1.1798319327731093,33.59621451104101,-25.210084033613445,2345.891472868217,44.0,49.0,31.002640631164248,OK,17.115610089960743,OK,16.16000419274206,OK,-25.134755898556637,OK,0.10114653187012212,OK,25.787235225263295,OK,-26.319370027192267,OK,-2.1296099175999395,OK,18.58677786278009,OK,947.6041008403361,18.631433480933183,536.7689940828402,-0.026604025891463663,EXPANSION_WITH_EXTERNAL_CAPITAL,23.46,1.97,0.00214511041009402,0.003837816403410299
NESTLEIND,2013-12,12.27337655202725,21.404241292165697,18.84408306779475,47.170608108108105,48.21478774247962,17.690845739626226,0.5021114864864865,46.351351351351354,Levered,338.0,0.16528117359413202,1.441400063351283,2.701395072721876,1355.0,1.6078782452999105,4.845621360290078,121.30707251566697,24.666666666666668,12.0,42.0,,INSUFFICIENT,,INSUFFICIENT,,INSUFFICIENT,,INSUFFICIENT,,INSUFFICIENT,,INSUFFICIENT,,INSUFFICIENT,,INSUFFICIENT,,INSUFFICIENT,,,,,SELF_FUNDED_REINVESTMENT,12.27,47.17,0.003376552027249957,0.0006081081081035222
NESTLEIND,2014-12,12.02435312024353,20.690005073566716,18.143074581430746,41.76947479732112,62.583129156457815,20.36082474226804,0.007049700387733521,127.71428571428571,Levered,-792.0,-0.37253057384760113,1.693298969072165,3.101983002832861,1212.0,1.3873417721518988,4.383561643835616,102.27848101265822,29.552083333333332,12.0,51.0,,INSUFFICIENT,,INSUFFICIENT,,INSUFFICIENT,,INSUFFICIENT,,INSUFFICIENT,,INSUFFICIENT,,INSUFFICIENT,,INSUFFICIENT,,INSUFFICIENT,,,,,SELF_FUNDED_REINVESTMENT,12.02,41.77,0.004353120243530739,0.0005252026788866715
NESTLEIND,2015-12,6.886850152905198,19.021406727828747,9.99388379204893,19.985800496982606,28.818342151675484,9.250739401906014,0.006389776357827476,272.3333333333333,Levered,-1307.0,-1.122852233676976,1.343246795925074,2.820910973084886,1028.0,1.9502664298401422,0.8562691131498471,182.59325044404972,29.34375,6.0,83.0,,INSUFFICIENT,,INSUFFICIENT,,INSUFFICIENT,,INSUFFICIENT,,INSUFFICIENT,,INSUFFICIENT,,INSUFFICIENT,,INSUFFICIENT,,INSUFFICIENT,,,,,SELF_FUNDED_REINVESTMENT,6.890000000000001,19.99,0.0031498470948028157,0.004199503017392914
NESTLEIND,2016-12,10.95066185318893,20.238485942457064,17.897385406410677,30.499695307739184,49.35143288084465,14.698972099853158,0.010054844606946984,17.978021978021978,Levered,-1723.0,-0.8658291457286432,1.3422907488986784,3.3483516483516484,1340.0,1.4645354645354645,1.3784049885132919,133.86613386613385,34.1875,10.0,61.0,0.14628993536529578,OK,,INSUFFICIENT,,INSUFFICIENT,-3.5889155041166187,OK,,INSUFFICIENT,,INSUFFICIENT,-5.896397111897144,OK,,INSUFFICIENT,,INSUFFICIENT,,,,,SELF_FUNDED_REINVESTMENT,10.95,30.5,0.0006618531889301948,0.00030469226081564216
NESTLEIND,2017-12,12.237762237762238,20.94905094905095,19.29070929070929,35.8187134502924,55.89001447178003,16.637240255330706,0.01023391812865497,20.98913043478261,Levered,-1944.0,-0.8552573691157062,1.3595002037213093,3.826452599388379,1687.0,1.4840816326530613,1.3086913086913086,137.71428571428572,35.625,13.0,68.0,0.5215437531334466,OK,,INSUFFICIENT,,INSUFFICIENT,1.1127478048522432,OK,,INSUFFICIENT,,INSUFFICIENT,2.7040024624839676,OK,,INSUFFICIENT,,INSUFFICIENT,,,,,SELF_FUNDED_REINVESTMENT,12.24,35.82,0.0022377622377618422,0.0012865497076006704
NESTLEIND,2018-12,14.231314204746722,23.18455543747786,22.502656748140275,43.75170160631636,68.52750809061489,19.868941641938676,0.00952899537163082,22.6875,Levered,-2623.0,-0.9117135905457073,1.3961424332344214,4.7030403998334025,2000.0,1.2769135034225265,0.4605030109812256,124.45550715619167,38.260416666666664,17.0,69.0,11.368157857324835,OK,4.40861889926385,OK,,INSUFFICIENT,41.85211886698417,OK,7.54557372112743,OK,,INSUFFICIENT,41.503079146259104,OK,7.214502590085092,OK,,INSUFFICIENT,,,,,SELF_FUNDED_REINVESTMENT,14.23,43.75,0.0013142047467216145,0.0017016063163595163
NESTLEIND,2019-12,15.910744603444094,23.655913978494624,22.653407712830465,102.60688216892598,132.98528713811106,27.436219155165205,0.09854014598540146,21.72093023255814,Levered,-1562.0,-0.49243379571248425,1.7243831033040569,5.283639470311832,2295.0,1.166158536585366,0.0,116.6158536585366,19.979166666666668,20.0,168.0,10.60640925001235,OK,4.649122770208569,OK,,INSUFFICIENT,25.274786770601466,OK,10.678011748831228,OK,,INSUFFICIENT,25.99210498948732,OK,10.756634324829006,OK,,INSUFFICIENT,592.7177947154472,608.1692492179354,413.6273896595208,0.19674768447693003,ASSET_MONETISATION_AND_DELEVERAGING,15.91,102.61,0.0007446034440938831,0.0031178310740216375
NESTLEIND,2020-12,15.595505617977528,23.98501872659176,22.299625468164795,103.12035661218424,137.44228993536473,26.354430379746834,0.07280832095096583,18.152439024390244,Levered,-1317.0,-0.39348670451150286,1.6898734177215189,6.126663607159247,2133.0,1.1786743515850144,2.404494382022472,102.44956772334295,21.03125,22.0,93.0,10.073403724396623,OK,10.305889442764006,OK,,INSUFFICIENT,19.33876674198114,OK,29.895607703023686,OK,,INSUFFICIENT,19.16803444819315,OK,29.674411610965823,OK,,INSUFFICIENT,531.2828290105668,547.8607478949975,378.7002569465193,0.19283432877764867,SELF_FUNDED_REINVESTMENT,15.6,103.12,0.004494382022471655,0.0003566121842339953
NESTLEIND,2021-12,14.368089003459739,24.163896614883658,20.751645071569094,108.83864337101747,138.29113924050634,25.722613553558414,0.1366906474820144,15.143564356435643,Levered,-508.0,-0.1472463768115942,1.790259897983969,4.921869782971619,316.0,1.0557129367327667,13.024896547045655,14.919735599622285,20.270833333333332,22.0,91.0,9.291241380153581,OK,10.028868653695744,OK,,INSUFFICIENT,9.640252321560027,OK,16.171173303400877,OK,,INSUFFICIENT,8.974425081854953,OK,17.08049129648923,OK,,INSUFFICIENT,672.9089660056657,732.3849897225077,514.6664057971014,0.02217199703577239,SELF_FUNDED_REINVESTMENT,14.37,108.84,0.0019109965402606122,0.0013566289825348576
NESTLEIND,2022-12,14.150440906669823,21.932887494821564,20.18701544652897,97.23464823098821,124.94505494505495,26.628800534580687,0.11020740138267589,22.006451612903227,Levered,-507.0,-0.13293130571578396,1.8818353936964027,5.550919842312746,2345.0,1.1447093266415727,2.3199384506125345,98.07611877875367,25.614583333333332,25.0,89.0,10.957927986710603,OK,11.038888366343947,OK,,INSUFFICIENT,6.7050140534975045,OK,14.31117726718323,OK,,INSUFFICIENT,7.721734501594191,OK,13.972304907201583,OK,,INSUFFICIENT,701.2656336260978,681.8731720211467,463.52273728369164,0.1398558749722592,SELF_FUNDED_REINVESTMENT,14.15,97.23,0.00044090666982299354,0.004648230988209434
NESTLEIND,2023-12,15.680225870542715,23.376555474223572,21.734811251699256,121.96014640097602,152.27106227106225,33.400155919367414,0.11020740138267589,34.9327731092437,Levered,-507.0,-0.1105538595726123,2.130081300813008,6.283180026281209,2465.0,1.1310436812270757,4.846805395796299,82.1940646882294,25.614583333333332,31.0,56.0,12.732108141207288,OK,11.114479545434808,OK,7.709374471534969,OK,12.935873052202474,OK,13.290141126006617,OK,10.380492952078612,OK,12.110512440831279,OK,12.767137012376306,OK,9.955775215719797,OK,604.0760386795598,736.7320211468077,397.6546227649368,0.13606575898606424,SELF_FUNDED_REINVESTMENT,15.68,121.96,0.00022587054271561158,0.0001464009760212548
NESTLEIND,2024-03,16.12281708616873,23.829630236943512,22.275969500696892,117.75449101796407,147.46268656716416,37.37527321106148,0.10329341317365269,37.47586206896552,Levered,-119.0,-0.019926322839919623,2.318160220469448,7.050289017341041,2938.0,1.0615306381896772,5.070919078461917,74.70124586829392,34.791666666666664,41.0,79.0,18.282008662499027,OK,14.548573711802671,OK,9.487020936359048,OK,22.913427743605965,OK,14.852319512993839,OK,12.745848564103014,OK,23.06098642720351,OK,15.43852585822143,OK,13.073350509641957,OK,426.58916603101954,502.3279011976048,280.85731413261885,0.17511285287273798,SELF_FUNDED_REINVESTMENT,16.12,117.75,0.0028170861687293325,0.00449101796407092
NHPC,2013-03,45.02429086350102,65.06817113305125,70.61589092618712,9.64255747608659,8.98773312057445,4.607046070460704,0.6826648766571572,7.374795417348609,Levered,18893.0,3.287454323995128,0.10232356761437437,0.27110506861537154,1516.0,0.9906021580229725,20.84312803635794,52.76714235990254,24.221607999349647,2.0,28.0,,INSUFFICIENT,,INSUFFICIENT,,INSUFFICIENT,,INSUFFICIENT,,INSUFFICIENT,,INSUFFICIENT,,INSUFFICIENT,,INSUFFICIENT,,INSUFFICIENT,,,,,SELF_FUNDED_REINVESTMENT,45.02,9.64,0.00429086350101926,0.0025574760865900714
NHPC,2014-03,22.10041954256327,58.76302611990797,50.50751116524563,5.781349571620761,7.606236624885356,2.6584400996304556,0.7370601147065071,3.1022443890274314,Levered,19546.0,3.7365704454215254,0.1202891236752568,0.24973806063473822,2702.0,2.3417023882424983,15.18473406414941,165.46233925290878,25.5135037485322,1.0,27.0,,INSUFFICIENT,,INSUFFICIENT,,INSUFFICIENT,,INSUFFICIENT,,INSUFFICIENT,,INSUFFICIENT,,INSUFFICIENT,,INSUFFICIENT,,INSUFFICIENT,,,,,SELF_FUNDED_REINVESTMENT,22.1,5.779999999999999,0.0004195425632680383,0.0013495716207616582
NHPC,2015-03,34.03478895511495,62.44982362243036,60.990147184040865,9.096820339423891,9.76588368197577,4.5543329643857025,0.669224266857403,3.868827160493827,Levered,19564.0,2.907415663545846,0.13381405039390584,0.2944906147012466,3293.0,1.4513938527519656,9.341929205692738,117.69120800571838,27.78249480625057,2.0,27.0,,INSUFFICIENT,,INSUFFICIENT,,INSUFFICIENT,,INSUFFICIENT,,INSUFFICIENT,,INSUFFICIENT,,INSUFFICIENT,,INSUFFICIENT,,INSUFFICIENT,,,,,SELF_FUNDED_REINVESTMENT,34.03,9.1,0.0047889551149467025,0.003179660576108745
NHPC,2016-03,28.309791716542975,57.25401005506344,54.16566914053148,7.4740068893594165,8.77261006959927,3.764544832306639,0.6300919634674336,3.9008620689655173,Levered,19332.0,3.2452576800402886,0.13297677602152078,0.3694825298540469,5225.0,2.5247357293868924,8.929853962173809,220.93023255813952,28.581880588926026,2.0,81.0,9.396117433337391,OK,,INSUFFICIENT,,INSUFFICIENT,-6.28009500103448,OK,,INSUFFICIENT,,INSUFFICIENT,0.0,OK,,INSUFFICIENT,,INSUFFICIENT,,,,,SELF_FUNDED_REINVESTMENT,28.31,7.470000000000001,0.000208283457023839,0.004006889359415844
NHPC,2017-03,40.357184274614404,56.63922068885539,65.73118404267656,11.993796312252284,11.749098296090544,5.781979497233622,0.6626572462519387,5.0026478375992935,Levered,18207.0,2.5535764375876577,0.14327014139265953,0.38795159040806226,6465.0,2.393390804597701,21.616606749391163,185.77586206896552,28.282483672872598,3.0,61.0,5.282835558354648,OK,,INSUFFICIENT,,INSUFFICIENT,28.685916441349725,OK,,INSUFFICIENT,,INSUFFICIENT,44.22495703074083,OK,,INSUFFICIENT,,INSUFFICIENT,,,,,SELF_FUNDED_REINVESTMENT,40.36,11.99,0.002815725385595158,0.00379631225228394
NHPC,2018-03,35.912314635718886,54.77756286266925,51.11540941328175,9.270663426650245,8.149168431223403,4.425341235917563,0.6192203987883226,4.29004329004329,Levered,17477.0,3.2168231179826985,0.12322628827483197,0.3657846328003396,3810.0,1.6861759425493716,11.42488716956802,136.80430879712745,29.28258114826006,2.0,57.0,-1.9263396255236653,OK,3.9773181180608352,OK,,INSUFFICIENT,-0.15511300403553419,OK,-0.6202466121244421,OK,,INSUFFICIENT,0.0,OK,0.0,OK,,INSUFFICIENT,,,,,SELF_FUNDED_REINVESTMENT,35.91,9.27,0.0023146357188892352,0.0006634266502452135
NHPC,2019-03,31.570744740064566,55.449181787821445,56.272960035622845,9.208390155204883,10.137574201828976,4.2497077951269215,0.6190661731281252,5.641741071428571,Levered,17783.0,2.6490391777148816,0.13460904486468667,0.3596508788085038,2642.0,1.3483779971791254,13.158187687854836,93.15937940761636,30.660029865604777,3.0,56.0,2.449295490710135,OK,3.984150124326624,OK,,INSUFFICIENT,6.240888435923275,OK,11.67192648790385,OK,,INSUFFICIENT,14.471424255333186,OK,24.57309396155174,OK,,INSUFFICIENT,356.6621262341326,32.84284011948828,143.82158945329957,0.26119784680042374,SELF_FUNDED_REINVESTMENT,31.57,9.21,0.0007447400645652635,0.0016098447951176098
NHPC,2020-03,33.42326139088729,54.416466826538766,41.39688249400479,10.659316146712978,7.586939403373194,4.692958457847553,0.7401293776488959,4.72405929304447,Levered,21828.0,3.791558103178739,0.1404099499137169,0.4101303171871158,6.0,0.8947683109118086,29.846123101518785,0.17937219730941703,31.2404181184669,3.0,52.0,5.090381881155981,OK,4.012259228031634,OK,,INSUFFICIENT,-1.3101945768037693,OK,3.6357709277351935,OK,,INSUFFICIENT,0.0,OK,8.447177119769854,OK,,INSUFFICIENT,337.1770164424515,35.940764156655305,239.3850772972034,0.0005319822780389061,EXPANSION_WITH_EXTERNAL_CAPITAL,33.42,10.66,0.0032613908872889397,0.0006838532870219183
NHPC,2021-03,37.3134328358209,54.69527363184079,52.57048092868989,10.891598342056696,8.990038640150306,4.922336469043973,0.7068949868393186,8.790294627383016,Levered,21523.0,3.381992457573853,0.13191861737037847,0.43868503614786525,3463.0,1.4083333333333334,16.65630182421227,96.19444444444444,32.90492782478845,3.0,49.0,7.552001673957842,OK,2.9220824381200217,OK,,INSUFFICIENT,8.932908751747304,OK,8.766278996914423,OK,,INSUFFICIENT,14.471424255333186,OK,8.447177119769854,OK,,INSUFFICIENT,414.8365527777778,45.1823311045896,212.1199104336895,0.23188516971399692,SELF_FUNDED_REINVESTMENT,37.31,10.89,0.0034328358208952636,0.001598342056695401
NHPC,2022-03,41.272965879265094,43.88670166229222,41.59011373578303,10.807250651470463,6.232689250536735,4.883034882517338,0.7472867329114287,6.489761092150171,Levered,23710.0,4.748648107350291,0.11831073387848048,0.41896907216494844,1506.0,1.2162162162162162,33.727034120734906,39.90461049284579,34.76455948232952,4.0,52.0,0.5938907211133992,OK,1.1802076244835424,OK,,INSUFFICIENT,9.993044511574766,OK,1.6352899253456288,OK,,INSUFFICIENT,10.064241629820891,OK,5.922384104881218,OK,,INSUFFICIENT,513.4465182829889,55.48945219209072,465.85894652513525,0.07771911790597077,SELF_FUNDED_REINVESTMENT,41.27,10.81,0.0029658792650906207,0.002749348529537343
NHPC,2023-03,40.17158480248892,58.30112190063166,53.85123031960026,11.5283677389681,8.58934452113502,4.942524735822575,0.7992208003030221,12.025263157894736,Levered,29041.0,4.192435397719071,0.12303534351764855,0.4791525500293626,514.0,1.1042008918094344,39.511643254454604,12.062896033794884,36.795420607267296,4.0,48.0,1.9565404471107772,OK,6.463846578139609,OK,5.213237017628369,OK,8.402293475047728,OK,8.87728106871608,OK,4.020177572197103,OK,10.064241629820891,OK,14.869835499703509,OK,7.177346253629313,OK,406.1954987092232,46.82771083033468,248.7663043164429,0.02969726664162313,SELF_FUNDED_REINVESTMENT,40.17,11.53,0.0015848024889209,0.0016322610318990627
NHPC,2024-03,41.81893687707641,49.90656146179402,58.66901993355482,10.407730866621879,7.929781232897858,4.317394985905228,0.8413260296625498,9.294407894736842,Levered,32082.0,4.693782004389173,0.10324018993108032,0.44854242339573436,970.0,1.7224428997020853,61.96013289036545,24.081429990069513,38.528621204579395,4.0,53.0,-0.05530974579651682,OK,1.4049172176437308,OK,2.686435985014013,OK,3.8155287821050266,OK,7.269596517101484,OK,9.448629487284421,OK,10.064241629820891,OK,5.922384104881218,OK,14.869835499703509,OK,432.07652681231383,44.969362048472945,307.6993138258961,0.05573417784977254,SELF_FUNDED_REINVESTMENT,41.82,10.41,0.0010631229235897877,0.0022691333781210687
NTPC,2013-03,17.598366844710423,25.376828211079726,26.70935988142845,15.492368291482029,12.595361963351994,7.040094867319999,0.8668020679468242,7.6684062625451626,Levered,65496.0,2.856968375136314,0.4000425112990558,0.9956148288391129,-337.0,1.3116160813602415,23.553511004222713,-2.677578261560464,98.53244390539722,13.0,38.0,,INSUFFICIENT,,INSUFFICIENT,,INSUFFICIENT,,INSUFFICIENT,,INSUFFICIENT,,INSUFFICIENT,,INSUFFICIENT,,INSUFFICIENT,,INSUFFICIENT,,,,,EXPANSION_WITH_EXTERNAL_CAPITAL,17.6,15.49,0.001633155289578525,0.0023682914820284395
NTPC,2014-03,14.557640750670242,25.184475935146178,22.65926209625942,13.057518121128147,10.515807185515214,5.698138098521873,0.9327371205441491,5.43947287771989,Levered,78155.0,3.4706248057196145,0.3914190627529757,0.930196655899677,1022.0,1.4497062176620188,19.799565938976126,8.962553713934929,105.91752577319588,12.0,42.0,,INSUFFICIENT,,INSUFFICIENT,,INSUFFICIENT,,INSUFFICIENT,,INSUFFICIENT,,INSUFFICIENT,,INSUFFICIENT,,INSUFFICIENT,,INSUFFICIENT,,,,,SELF_FUNDED_REINVESTMENT,14.56,13.06,0.002359249329758839,0.002481878871853027
NTPC,2015-03,12.496716985379642,21.70166464474655,17.66574533811924,12.171413257972569,7.662222125785208,4.547771628313429,1.2455477866835578,3.8498228400109022,Levered,100350.0,5.096495683087862,0.3639173099330032,0.8704887156652478,-1088.0,1.4900920736589272,19.981990319796893,-10.88871096877502,99.56822316555488,10.0,21.0,,INSUFFICIENT,,INSUFFICIENT,,INSUFFICIENT,,INSUFFICIENT,,INSUFFICIENT,,INSUFFICIENT,,INSUFFICIENT,,INSUFFICIENT,,INSUFFICIENT,,,,,SELF_FUNDED_REINVESTMENT,12.5,12.17,0.00328301462035796,0.001413257972568971
NTPC,2016-03,14.688811379366722,25.298381383181646,19.052809417406944,11.772863772863772,7.3215043010696395,4.798700287094118,1.0857111657111658,4.154486036838978,Levered,92951.0,4.7051885598582635,0.32669085082233545,0.7898072722185755,4963.0,2.237733048882293,26.107689792359256,46.034690659493556,111.06731352334748,11.0,26.0,0.8677523966065248,OK,,INSUFFICIENT,,INSUFFICIENT,-5.02912495340746,OK,,INSUFFICIENT,,INSUFFICIENT,-5.416268377977785,OK,,INSUFFICIENT,,INSUFFICIENT,,,,,SELF_FUNDED_REINVESTMENT,14.69,11.77,0.001188620633277182,0.0028637728637725957
NTPC,2017-03,13.059164818020038,26.32554057677775,20.939275005484994,10.950755330239783,8.118198014280921,4.309717177324307,1.1628712770089331,4.5774047428723685,Levered,106159.0,4.577989564017422,0.33001476261157436,0.7848505720736234,-4313.0,1.8823035280940825,29.838375466224615,-40.25574015307075,118.66343238326259,11.0,37.0,1.5553258876010778,OK,,INSUFFICIENT,,INSUFFICIENT,-2.056074553867737,OK,,INSUFFICIENT,,INSUFFICIENT,-2.858721945809062,OK,,INSUFFICIENT,,INSUFFICIENT,,,,,EXPANSION_WITH_EXTERNAL_CAPITAL,13.06,10.95,0.0008351819799621296,0.0007553302397838024
NTPC,2018-03,11.922845497996208,25.52705970505092,23.388167977929907,10.140687311105317,8.818468229371778,3.717627401837928,1.2557477091239149,4.632561277265572,Levered,121173.0,4.318199636506183,0.3118070600229387,0.6868337946898515,-1008.0,1.8729765758903065,23.475585527286764,-9.598171776804417,125.60703456640388,11.0,40.0,3.278963072629759,OK,4.254629054165937,OK,,INSUFFICIENT,1.6732086709522198,OK,-3.5556351524588803,OK,,INSUFFICIENT,3.228011545636722,OK,-3.285883999939365,OK,,INSUFFICIENT,,,,,EXPANSION_WITH_EXTERNAL_CAPITAL,11.92,10.14,0.002845497996208479,0.0006873111053167236
NTPC,2019-03,13.993837685841633,22.645008824673187,16.811750276705855,12.602710202322262,5.927957386213807,4.045278058819968,1.5540828147310004,3.008028545941124,Levered,164926.0,6.460339222061186,0.2890756738526993,0.664218299831109,-5377.0,1.331480689753456,23.99413682730563,-38.31409434231153,112.53865588681153,14.0,44.0,10.966209019035155,OK,5.066267148996562,OK,,INSUFFICIENT,9.18780665551029,OK,4.239536008202838,OK,,INSUFFICIENT,8.37067626618271,OK,3.131030647754507,OK,,INSUFFICIENT,45.337346444349436,5.713734385804215,29.07237807983078,-0.8450890346955178,EXPANSION_WITH_EXTERNAL_CAPITAL,13.99,12.6,0.0038376858416331316,0.0027102023222624894
NTPC,2020-03,10.872981071402469,28.855148724694878,26.89377329532997,10.015146415348369,9.1475464850353,3.152271505340746,1.7080444294850219,3.594944437660276,Levered,193677.0,4.866867696946852,0.28991786931660174,0.5828660884011437,-5738.0,2.007225676356915,27.066432799824604,-48.21038480927575,120.10106114199091,12.0,27.0,10.089278382076806,OK,6.483658660598168,OK,,INSUFFICIENT,3.567327097369799,OK,3.5603487062274786,OK,,INSUFFICIENT,2.9428498400178693,OK,3.713728933664817,OK,,INSUFFICIENT,46.20980927575198,4.6279800572197916,15.04142832014072,-1.0432933086043605,EXPANSION_WITH_EXTERNAL_CAPITAL,10.87,10.02,0.002981071402469837,0.004853584651630882
NTPC,2021-03,13.421380602702387,30.524248863544667,23.86242390008159,11.904818711775981,7.922082947607807,3.7608473903452575,1.6717804340737559,2.8852992194275804,Levered,199619.0,5.110050174073316,0.2802131540467612,0.5487515068021354,11410.0,2.1674126528158193,18.859330589701518,76.22419667312445,129.66793853769207,15.0,41.0,8.185195145356472,OK,8.728811496983235,OK,,INSUFFICIENT,12.540003626275432,OK,6.784138551726704,OK,,INSUFFICIENT,10.891823393038823,OK,6.399531281508364,OK,,INSUFFICIENT,49.43394214710402,5.885021194696952,21.19482285480238,1.5419404838541668,SELF_FUNDED_REINVESTMENT,13.42,11.9,0.001380602702386824,0.004818711775980589
NTPC,2022-03,12.7836947591374,30.42308301110282,23.65511159351469,12.528255056362376,9.068108333020303,4.078580000048096,1.5564805649533884,3.3471629692832763,Levered,200081.0,4.429412676274601,0.3190454776098944,0.5898418569910592,18897.0,2.463915094339623,17.254219146899427,111.42099056603773,139.60400123749613,17.0,41.0,9.776219885898762,OK,10.0896886146449,OK,,INSUFFICIENT,6.515985999412499,OK,9.621273019093369,OK,,INSUFFICIENT,6.685884434218181,OK,9.096607850144967,OK,,INSUFFICIENT,43.25541745283019,5.419149024184851,17.233374288813618,2.5758852214879617,SELF_FUNDED_REINVESTMENT,12.78,12.53,0.003694759137401249,0.0017449436376235639
NTPC,2023-03,9.716413082340656,27.011412713456334,20.06957725856521,11.645116750440407,9.559491371480473,3.828582545635067,1.5161777408976826,3.089368393465537,Levered,208978.0,4.166560331764893,0.39403250079943825,0.7329010414933618,21007.0,2.7540447403773145,14.837662521920242,122.69727235558672,151.61699494689077,17.0,42.0,17.197212187118605,OK,14.875181849027719,OK,9.436143349444848,OK,12.885040668502533,OK,10.268488784144324,OK,3.1250423684034745,OK,12.31106834675555,OK,9.096607850144967,OK,2.718946581592463,OK,55.71729163016179,6.488343660515701,24.340497447962356,2.202139923993833,SELF_FUNDED_REINVESTMENT,9.719999999999999,11.65,0.0035869176593426033,0.00488324955959385
NTPC,2024-03,11.950633329785267,28.82672926202094,22.65701592708164,13.273598407068633,10.16561892816477,4.450861504179203,1.475521125007778,3.287781481180392,Levered,221246.0,3.9056966829664415,0.37243729109201756,0.6893687194420199,8644.0,1.9119163697731107,18.00606159069137,40.52128258016126,165.73166958853253,21.0,36.0,16.971938102031615,OK,12.222309654337993,OK,8.585354289701952,OK,12.532921935042452,OK,8.735165684951163,OK,6.463623922795203,OK,11.868894208139679,OK,8.447177119769854,OK,5.755705033825231,OK,42.55686808550534,5.648827764295937,20.174310378307766,0.9521678733206076,SELF_FUNDED_REINVESTMENT,11.95,13.27,0.0006333297852680886,0.003598407068633236
ONGC,2013-03,14.812574081390755,26.855121493480837,22.981282101935992,15.730882198678275,21.49133441869595,9.467927268135615,0.1356210007342914,76.91322314049587,Levered,18558.0,0.37881973504256056,0.6391817665256645,1.3538831867874694,-1346.0,1.6618321246978411,25.446957724219676,-5.609735767275152,178.27021972884526,19.0,34.0,,INSUFFICIENT,,INSUFFICIENT,,INSUFFICIENT,,INSUFFICIENT,,INSUFFICIENT,,INSUFFICIENT,,INSUFFICIENT,,INSUFFICIENT,,INSUFFICIENT,,,,,SELF_FUNDED_REINVESTMENT,14.81,15.73,0.0025740813907546567,0.0008821986782745483
ONGC,2014-03,15.314063208917936,28.216010705199256,22.993780187340988,15.489218829871277,18.094592457008567,8.205221308650485,0.285288582183187,64.16185897435898,Levered,44367.0,0.7880601786887866,0.5357964895869234,1.1167114537303668,-10363.0,1.9977498593662104,36.54527598623945,-38.863678979936246,201.20617110799438,21.0,31.0,,INSUFFICIENT,,INSUFFICIENT,,INSUFFICIENT,,INSUFFICIENT,,INSUFFICIENT,,INSUFFICIENT,,INSUFFICIENT,,INSUFFICIENT,,INSUFFICIENT,,,,,EXPANSION_WITH_EXTERNAL_CAPITAL,15.31,15.49,0.004063208917935768,0.000781170128723474
ONGC,2015-03,11.000913480360172,26.293320407896942,18.787867489420407,9.810201989415644,12.898519191634778,5.23994589266739,0.2989332520572996,10.556564245810057,Levered,49195.0,1.019226386558104,0.47631916222432047,0.8943495634486169,3892.0,1.9177540529853696,18.678498412284135,21.98497429814156,210.9104721832632,14.0,44.0,,INSUFFICIENT,,INSUFFICIENT,,INSUFFICIENT,,INSUFFICIENT,,INSUFFICIENT,,INSUFFICIENT,,INSUFFICIENT,,INSUFFICIENT,,INSUFFICIENT,,,,,SELF_FUNDED_REINVESTMENT,11.0,9.81,0.0009134803601718033,0.00020198941564331108
ONGC,2016-03,10.563062336740945,31.55132380921668,19.20248959979361,6.623393693065202,9.788996934002975,3.8335498519480824,0.23001405360591262,6.324482209240574,Levered,12113.0,0.3013034177404109,0.36292030944606346,0.7459600546076728,8036.0,3.533201038009464,30.842658582992033,61.3341474584033,231.1991584852735,10.0,56.0,-8.513177422485574,OK,,INSUFFICIENT,,INSUFFICIENT,-18.264326253664454,OK,,INSUFFICIENT,,INSUFFICIENT,-19.26122924321495,OK,,INSUFFICIENT,,INSUFFICIENT,,,,,SELF_FUNDED_REINVESTMENT,10.56,6.619999999999999,0.0030623367409443603,0.003393693065202541
ONGC,2017-03,10.325090440557014,18.691284432897,16.03824343553765,15.005710287777926,16.511123663065067,6.561835667285304,0.41170145998168595,12.617376775271513,Levered,9283.0,0.1418811518004524,0.6355233113998088,1.3380982830076968,1965.0,1.5694744420446365,15.509405109979966,6.736603928828551,151.46174224715597,19.0,40.0,17.50567486523249,OK,,INSUFFICIENT,,INSUFFICIENT,3.0370265949263064,OK,,INSUFFICIENT,,INSUFFICIENT,-3.2810806630399703,OK,,INSUFFICIENT,,INSUFFICIENT,,,,,SELF_FUNDED_REINVESTMENT,10.33,15.01,0.004909559442985767,0.004289712222073305
ONGC,2018-03,8.077940912161534,17.628739471841243,13.69884662820028,12.777241335365824,14.234195943574534,5.676433698000139,0.5222552801454766,8.843168633726746,Levered,39215.0,0.5825249929440426,0.7027079994425476,1.4275362959948332,-10006.0,2.178609789780574,20.69933623793794,-38.38422587079945,158.9675860994234,17.0,38.0,26.10422573836175,OK,14.780201866571652,OK,,INSUFFICIENT,13.768041278074783,OK,1.6719168611926793,OK,,INSUFFICIENT,6.685884434218181,OK,-2.199952867696764,OK,,INSUFFICIENT,,,,,EXPANSION_WITH_EXTERNAL_CAPITAL,8.08,12.78,0.0020590878384663114,0.0027586646341752896
ONGC,2019-03,8.049352029296244,17.745431948845418,14.392681631026697,15.644389537831781,18.690325124123742,6.8931618810463435,0.4966579697050716,10.396265204728456,Levered,40833.0,0.4838778484837712,0.8563623327639471,1.8300367635888555,24326.0,1.8108904472862277,8.806899038005426,71.67776533679063,172.44356120826708,24.0,29.0,50.35776353338637,OK,19.34791444347761,OK,,INSUFFICIENT,37.33552226836893,OK,4.9419020577952555,OK,,INSUFFICIENT,33.88659001643391,OK,2.7066087089351765,OK,,INSUFFICIENT,9.221614414520596,1.442665280684448,4.377295673504213,7.772800088444917,SELF_FUNDED_REINVESTMENT,8.05,15.64,0.0006479707037563287,0.004389537831780643
ONGC,2020-03,2.8876207376338447,13.13368353128592,6.667288419269625,5.585459084171932,7.905803447337982,2.2535033952050103,0.6312553631328497,3.5319802376819336,Levered,72718.0,1.369815017141996,0.7804014446341597,1.6266544208092106,17434.0,6.162098463687151,13.399356738117804,152.1822625698324,163.03974562798092,9.0,58.0,11.98376349590955,OK,19.777417891578963,OK,,INSUFFICIENT,-26.767506537856246,OK,-8.336333013158049,OK,,INSUFFICIENT,-22.047573908216588,OK,-8.457473433049822,OK,,INSUFFICIENT,30.353296089385474,1.6953709337701848,7.796066759597634,5.013698088065317,SELF_FUNDED_REINVESTMENT,2.89,5.59,0.002379262366155377,0.004540915828068037
ONGC,2021-03,7.029807568891126,16.28210064867747,11.58634716586199,9.665989383702671,9.940197872196247,3.9427925899126532,0.6027079251157339,6.931482575310101,Levered,72867.0,1.199595015063464,0.5608677835451169,1.2465804567049306,8044.0,2.2090355805243447,12.8817274369835,37.65917602996255,175.66057233704294,13.0,28.0,-1.9870207580221289,OK,19.625016807385354,OK,,INSUFFICIENT,-6.423992434663428,OK,10.268820886323393,OK,,INSUFFICIENT,-8.55397960832336,OK,5.387395206178347,OK,,INSUFFICIENT,14.805610018726593,1.4311086926025316,5.400475116474326,2.54357476539839,SELF_FUNDED_REINVESTMENT,7.03,9.67,0.00019243110887412485,0.004010616297328795
ONGC,2022-03,10.03448374134344,16.259470815029538,12.170480777451623,18.995541477362497,15.672011512782808,8.451462469567602,0.4700754904567577,10.49631320224719,Levered,55344.0,0.6385600553824853,0.8422418818365738,1.930983246987052,37051.0,1.5873737168823792,8.386226045606477,75.16330587901165,206.28219395866455,36.0,29.0,5.226364884007695,OK,11.700282175161902,OK,,INSUFFICIENT,13.249407481792508,OK,11.064305194750812,OK,,INSUFFICIENT,14.471424255333186,OK,13.634388693076627,OK,,INSUFFICIENT,8.248746094859415,1.5668939858113393,4.953579439252336,9.11208867561739,SELF_FUNDED_REINVESTMENT,10.03,19.0,0.004483741343440428,0.004458522637502682
ONGC,2023-03,5.184005465837723,11.944974703103476,8.056417061131663,11.679440720905623,12.045343838525238,5.346142240852043,0.5068823112308345,6.457092153631639,Levered,63382.0,0.8395300475515584,1.0312763510923726,2.5209055135376506,11372.0,2.625602538287876,11.812598945738593,34.694002074562206,223.08982511923688,28.0,40.0,16.808572292326552,OK,14.39893778765693,OK,14.58941125858284,OK,41.965608621646396,OK,4.687528684693643,OK,3.1687051039892333,OK,45.98397132959631,OK,10.494795379650323,OK,3.9538176114951584,OK,11.425890536335348,1.3344801120268523,6.175526577214988,3.0364374631659734,SELF_FUNDED_REINVESTMENT,5.18,11.68,0.004005465837723321,0.0005592790943769188
ONGC,2024-03,9.655290194725701,17.388518015001793,14.720086033723595,16.940398136885513,17.75702650275063,8.044955154739396,0.45444863084819176,8.539729252501472,Levered,50974.0,0.4401253701960852,0.8332173339682772,1.9815314922902691,42060.0,1.7383758603176827,9.672537521390066,73.65895518467276,267.94117647058823,39.0,31.0,24.855263957274687,OK,7.001683761214439,OK,13.006317517391341,OK,38.78658467052287,OK,10.96639922553624,OK,7.9121170176566835,OK,44.22495703074083,OK,10.197228772148016,OK,6.386012503101268,OK,6.831947776746467,1.1573591538849497,4.317056131655974,10.781545408672736,SELF_FUNDED_REINVESTMENT,9.66,16.94,0.004709805274298873,0.00039813688551149085
PFC,2013-03,25.63243617881483,34.578953448076696,98.12290631858612,18.741554054054056,10.412925290984536,2.6209177346010746,5.889907094594594,1.545156889495225,Levered,139446.0,8.205119152691967,0.10225004429221048,230.85333333333332,-25102.0,-5.65615141955836,0.0,-565.615141955836,179.3939393939394,13.0,21.0,,INSUFFICIENT,,INSUFFICIENT,,INSUFFICIENT,,INSUFFICIENT,,INSUFFICIENT,,INSUFFICIENT,,INSUFFICIENT,,INSUFFICIENT,,INSUFFICIENT,,,,,RESTRUCTURING_WITH_EXTERNAL_SUPPORT,25.63,18.74,0.0024361788148326013,0.0015540540540577297
PFC,2014-03,25.515018451908254,35.53510533937497,96.5899004998365,19.845941428675243,11.072792215790123,2.81082750102923,5.785008356950803,1.5840802880563856,Levered,159188.0,7.696934532443671,0.11016364759160148,297.31944444444446,-22473.0,-4.1144269498352255,0.0,-411.44269498352253,208.5,17.0,22.0,,INSUFFICIENT,,INSUFFICIENT,,INSUFFICIENT,,INSUFFICIENT,,INSUFFICIENT,,INSUFFICIENT,,INSUFFICIENT,,INSUFFICIENT,,INSUFFICIENT,,,,,RESTRUCTURING_WITH_EXTERNAL_SUPPORT,25.52,19.85,0.004981548091745225,0.004058571324758731
PFC,2015-03,24.027533215943652,33.73219145189691,95.65391387866175,18.52457498997254,10.854381806126991,2.6228419654714474,5.794174817191694,1.5464544513457557,Levered,187267.0,7.8321622751986615,0.10915985182078702,244.98039215686273,-21946.0,-3.5734510326449036,1.964943172722907,-365.52298467688206,245.53787878787878,18.0,20.0,,INSUFFICIENT,,INSUFFICIENT,,INSUFFICIENT,,INSUFFICIENT,,INSUFFICIENT,,INSUFFICIENT,,INSUFFICIENT,,INSUFFICIENT,,INSUFFICIENT,,,,,EXTERNALLY_FUNDED_INVESTMENT,24.03,18.52,0.002466784056348814,0.004574989972539356
PFC,2016-03,22.19590108036323,32.88467750619145,92.68870464089588,17.164427667369825,10.910565808152505,2.501415743062859,5.569557011213501,1.5503391967341058,Levered,198430.0,7.677991023061446,0.11269719278375535,140.71212121212122,-15271.0,-2.1503880983182406,7.081583575607479,-246.9437257438551,272.93939393939394,19.0,30.0,17.1834902302616,OK,,INSUFFICIENT,,INSUFFICIENT,11.69336992729566,OK,,INSUFFICIENT,,INSUFFICIENT,13.48455252486973,OK,,INSUFFICIENT,,INSUFFICIENT,,,,,EXTERNALLY_FUNDED_INVESTMENT,22.2,17.16,0.004098919636767562,0.004427667369824917
PFC,2017-03,8.107030201950618,19.125484935281534,79.8810775533882,6.068666033383091,9.186200685462689,0.8615341935831885,5.5093771203691135,1.3139312977099236,Levered,199848.0,9.053957323426811,0.10627001159757568,93.17905405405405,1128.0,0.802772808586762,2.418331460063087,50.44722719141323,139.56439393939394,7.0,59.0,8.813989432062751,OK,,INSUFFICIENT,,INSUFFICIENT,-25.748248739707346,OK,,INSUFFICIENT,,INSUFFICIENT,-25.6039793649093,OK,,INSUFFICIENT,,INSUFFICIENT,,,,,EXPANSION_WITH_EXTERNAL_CAPITAL,8.110000000000001,6.069999999999999,0.002969798049383243,0.0013339666169081
PFC,2018-03,18.091888779203686,24.169134583744654,86.5169463639355,22.08414921925993,8.746218697048764,1.6835364791753984,11.074735150876135,1.388887054706329,Levered,435658.0,10.352351305752917,0.09305476612870815,302.0124223602484,-57148.0,-6.496305558713198,0.0,-649.6305558713198,150.88636363636363,20.0,31.0,24.8455485247282,OK,22.939276768900285,OK,,INSUFFICIENT,13.578981385649413,OK,14.664625989085934,OK,,INSUFFICIENT,3.5744168651286268,OK,8.997698704834534,OK,,INSUFFICIENT,,,,,RESTRUCTURING_WITH_EXTERNAL_SUPPORT,18.09,22.08,0.0018887792036856865,0.004149219259932835
PFC,2019-03,23.361549550881602,32.866964846782246,97.01142202343547,26.824558052672902,8.94786817113273,2.009957558728447,11.448993017975,1.51584024027493,Levered,534884.0,10.187490476916045,0.08603699657639349,276.05102040816325,-93715.0,-6.349050632911393,24.88263778508853,-741.4161392405063,178.48863636363637,30.0,0.0,24.762166963467557,OK,20.37545004533472,OK,,INSUFFICIENT,26.909031846714605,OK,18.271219708064777,OK,,INSUFFICIENT,16.44545743112158,OK,12.030033714161736,OK,,INSUFFICIENT,96.15254588607594,25.792495490333394,20.89929110163035,-7.710832120024732,EXTERNALLY_FUNDED_INVESTMENT,23.36,26.82,0.0015495508816023573,0.00455805267290188
PFC,2020-03,15.23902941034588,22.53131582755793,88.34038173953593,19.18421052631579,8.504847815889814,1.3645375733779108,12.076133603238866,1.3450361121312278,Levered,592157.0,10.773934718532804,0.08954228885807629,261.29831932773106,-42221.0,-4.447398965917484,0.1173841032980109,-445.51018254721953,187.12121212121212,22.0,35.0,31.129736459530143,OK,20.004191472316112,OK,,INSUFFICIENT,61.83273001815508,OK,9.558490376212593,OK,,INSUFFICIENT,46.47883603394576,OK,4.095039696925684,OK,,INSUFFICIENT,163.01435264324152,31.273016599190285,28.300457224991813,-2.7329506593951445,EXTERNALLY_FUNDED_INVESTMENT,15.24,19.18,0.0009705896541198911,0.004210526315791441
PFC,2021-03,21.932566707602994,27.731104164340735,90.11806408395668,25.86272154294272,8.96316047353803,2.0260227121838525,10.855925090921058,1.445148151463611,Levered,656183.0,10.157631578947369,0.09237508492252874,210.1348973607038,-59143.0,-3.763234919826928,0.0,-376.3234919826928,230.1780303030303,36.0,22.0,13.79782446393909,OK,20.795615816250113,OK,,INSUFFICIENT,21.33957684154286,OK,20.507619593217076,OK,,INSUFFICIENT,21.644039911467992,OK,13.634388693076627,OK,,INSUFFICIENT,107.05387694069738,27.687046094097123,26.92407786377709,-3.5152719615297783,RESTRUCTURING_WITH_EXTERNAL_SUPPORT,21.93,25.86,0.002566707602994711,0.0027215429427194238
PFC,2022-03,24.60989745876059,30.602396999816424,89.28562062363956,26.18449690272895,9.300118008282434,2.372692793931732,9.214744126346336,1.5229819499429644,Levered,656702.0,9.639520887766786,0.09641213653603034,106.06675938803895,4357.0,0.2612958226768968,0.717264168262044,23.215046888320543,271.5,42.0,23.0,12.121161337341558,OK,22.557427499151792,OK,,INSUFFICIENT,14.083711126824316,OK,53.03446130405689,OK,,INSUFFICIENT,11.868894208139679,OK,43.096908110525554,OK,,INSUFFICIENT,80.16858748934357,20.99174130810871,21.66441534803159,0.2895778460785081,SELF_FUNDED_REINVESTMENT,24.61,26.18,0.0001025412394106695,0.004496902728948982
PFC,2023-03,27.263014262911284,34.11384583698059,94.63081200762062,25.165759642577058,8.800621561181636,2.363432249540236,8.925568573397657,1.563540846927707,Levered,745185.0,10.129613267178685,0.08669005660006784,99.34015345268543,-76411.0,-3.527881391944851,2.1806292157973326,-360.78662826384624,318.780303030303,48.0,22.0,7.697594231791838,OK,9.823727364499103,OK,16.19659897887029,OK,30.740915951433713,OK,19.210407263202978,OK,16.915425683875362,OK,29.69986344960558,OK,19.13578981670916,OK,13.954056195486775,OK,76.76572217762879,19.31867713111053,23.30335947801264,-4.699840215519882,EXTERNALLY_FUNDED_INVESTMENT,27.26,25.17,0.0030142629112823727,0.00424035742294393
PFC,2024-03,28.916597455960137,36.68859553263103,100.04589762643702,26.1609340860332,9.505683682411526,2.54707727671322,8.521864217426122,1.5794831096235464,Levered,850990.0,9.289979585821426,0.0880835748601615,119.77486910994764,-101229.0,-3.6967612713049394,3.7253573458058313,-382.5592381240316,306.5060606060606,60.0,23.0,8.493112204756725,OK,11.081753577550923,OK,15.635271776057436,OK,18.9656031749176,OK,15.923593622700727,OK,17.09152322307048,OK,18.56311014966876,OK,14.869835499703509,OK,13.441048760014528,OK,76.03211556630514,19.890711637517672,21.98886815933976,-5.031547988302576,EXTERNALLY_FUNDED_INVESTMENT,28.92,26.16,0.003402544039865063,0.0009340860332009981
PIDILITIND,2013-03,11.52800435019032,15.171288743882544,16.23164763458401,25.681405208964264,33.88195232690125,16.207951070336392,0.06723198061780739,37.3125,Levered,-183.0,-0.2747747747747748,1.4059633027522935,5.693498452012384,328.0,1.1132075471698113,3.915171288743882,77.35849056603774,32.372549019607845,8.0,31.0,,INSUFFICIENT,,INSUFFICIENT,,INSUFFICIENT,,INSUFFICIENT,,INSUFFICIENT,,INSUFFICIENT,,INSUFFICIENT,,INSUFFICIENT,,INSUFFICIENT,,,,,SELF_FUNDED_REINVESTMENT,11.53,25.68,0.0019956498096789232,0.0014052089642646592
PIDILITIND,2014-03,10.506654214335747,15.689936960074713,14.662619659117441,23.05327868852459,31.431431431431434,15.368852459016393,0.0235655737704918,39.25,Levered,-214.0,-0.3018335684062059,1.462773224043716,5.87517146776406,295.0,0.8755555555555555,2.311463927153864,65.55555555555556,38.27450980392157,9.0,31.0,,INSUFFICIENT,,INSUFFICIENT,,INSUFFICIENT,,INSUFFICIENT,,INSUFFICIENT,,INSUFFICIENT,,INSUFFICIENT,,INSUFFICIENT,,INSUFFICIENT,,,,,SELF_FUNDED_REINVESTMENT,10.51,23.05,0.0033457856642531425,0.003278688524588347
PIDILITIND,2015-03,10.611065235342693,15.91659785301404,14.327002477291495,22.643171806167402,29.810996563573884,15.5052790346908,0.02555066079295154,43.375,Levered,-312.0,-0.3842364532019704,1.461236802413273,4.952965235173824,116.0,1.0739299610894941,9.000825763831543,22.56809338521401,44.509803921568626,10.0,29.0,,INSUFFICIENT,,INSUFFICIENT,,INSUFFICIENT,,INSUFFICIENT,,INSUFFICIENT,,INSUFFICIENT,,INSUFFICIENT,,INSUFFICIENT,,INSUFFICIENT,,,,,SELF_FUNDED_REINVESTMENT,10.61,22.64,0.001065235342693427,0.0031718061674013143
PIDILITIND,2016-03,15.05316172355904,21.88024622271964,21.525834732326057,30.591357088703564,42.457689477557025,21.72859450726979,0.030326004548900682,88.76923076923077,Levered,-626.0,-0.49920255183413076,1.4434571890145396,4.715039577836412,416.0,1.123915737298637,9.158739041223653,51.548946716232955,51.72549019607843,16.0,26.0,13.38215159257896,OK,,INSUFFICIENT,,INSUFFICIENT,23.92793868003096,OK,,INSUFFICIENT,,INSUFFICIENT,25.99210498948732,OK,,INSUFFICIENT,,INSUFFICIENT,,,,,SELF_FUNDED_REINVESTMENT,15.05,30.59,0.003161723559038876,0.0013570887035641022
PIDILITIND,2017-03,15.364073348762686,22.467509346626315,22.467509346626315,24.863151829443964,35.360044830484725,18.09224318658281,0.028233938346297897,90.14285714285714,Levered,-1345.0,-0.9767610748002905,1.1775681341719078,4.405490196078431,-85.0,0.9200463499420626,15.64892291258679,-9.84936268829664,68.05882352941177,17.0,28.0,9.459161383961101,OK,,INSUFFICIENT,,INSUFFICIENT,24.241330607670687,OK,,INSUFFICIENT,,INSUFFICIENT,23.614325642206314,OK,,INSUFFICIENT,,INSUFFICIENT,,,,,EXPANSION_WITH_EXTERNAL_CAPITAL,15.36,24.86,0.00407334876268628,0.0031518294439649708
PIDILITIND,2018-03,15.893385982230997,22.063178677196447,22.622573214873317,27.028539451594852,37.17220870505542,18.580496249278706,0.03497481813094572,85.9375,Levered,-1121.0,-0.7498327759197324,1.169070975187536,4.529061102831594,796.0,0.8240165631469979,0.0,82.40165631469979,70.07843137254902,19.0,32.0,7.857956325501236,OK,10.56808661335069,OK,,INSUFFICIENT,23.406490694288152,OK,17.902293677310332,OK,,INSUFFICIENT,23.85623296301709,OK,18.88654957871243,OK,,INSUFFICIENT,,,,,ASSET_MONETISATION_AND_DELEVERAGING,15.89,27.03,0.0033859822309967313,0.0014605484051486428
PIDILITIND,2019-03,13.111048318734106,19.369878496750495,19.32749364227183,22.372227579556416,32.10513963858249,15.718157181571815,0.027242044358727097,52.61538461538461,Levered,-1435.0,-0.9560293137908061,1.1988482384823849,4.888121546961326,332.0,0.9105603448275862,7.2478101158519355,35.775862068965516,81.33333333333333,18.0,36.0,9.703777884345666,OK,10.568774680198501,OK,,INSUFFICIENT,4.7670737583963785,OK,15.575849030725951,OK,,INSUFFICIENT,4.0041911525952045,OK,14.869835499703509,OK,,INSUFFICIENT,189.39679956896552,42.37228302796529,143.87790806129246,0.18889369910360265,SELF_FUNDED_REINVESTMENT,13.11,22.37,0.0010483187341066014,0.002227579556414838
PIDILITIND,2020-03,15.382506169454347,21.606800109679188,20.619687414313134,25.179533213644522,31.703204047217536,17.200674536256326,0.06463195691202872,44.23529411764706,Levered,-898.0,-0.5364396654719236,1.11819714855128,4.036524626452684,1280.0,1.1408199643493762,0.0,114.08199643493762,87.37254901960785,22.0,32.0,9.098918398267465,OK,8.53063022135454,OK,,INSUFFICIENT,9.14253090187891,OK,16.897694945923437,OK,,INSUFFICIENT,8.974425081854953,OK,17.08049129648923,OK,,INSUFFICIENT,166.700311942959,41.974360412926394,108.23265830346476,0.6843538269680853,ASSET_MONETISATION_AND_DELEVERAGING,15.38,25.18,0.002506169454346008,0.0004667863554779217
PIDILITIND,2021-03,15.439462498286026,23.118058412176058,21.37666255313314,20.132308242445916,26.316677920324103,12.775130474245518,0.059181119256213124,42.13513513513514,Levered,-185.0,-0.10511363636363637,0.827433628318584,1.6507469443186962,-296.0,1.236234458259325,23.14548196901138,-26.287744227353464,109.66666666666667,22.0,38.0,6.262942890318812,OK,6.348674480278693,OK,,INSUFFICIENT,5.2415142017369964,OK,6.888989444074967,OK,,INSUFFICIENT,5.0081546755695205,OK,6.576275663547415,OK,,INSUFFICIENT,172.15557726465363,34.65889147148221,141.04535227272729,-0.15269760437061813,SELF_FUNDED_REINVESTMENT,15.44,20.13,0.0005375017139730431,0.002308242445916875
PIDILITIND,2022-03,12.166112287067836,18.707791553270837,16.69186573934079,18.847595252966894,24.281524926686217,12.71329260585633,0.06495940037476577,39.42857142857143,Levered,-43.0,-0.02267932489451477,1.044975774173162,2.109504571550074,397.0,0.7912178956089478,5.624433020864832,32.89146644573322,125.56862745098039,24.0,42.0,11.913281555906497,OK,12.049572817433262,OK,,INSUFFICIENT,9.15737869071278,OK,6.939782106798709,OK,,INSUFFICIENT,10.064241629820891,OK,7.140202794100703,OK,,INSUFFICIENT,144.3162386081193,27.200140537164273,110.81463080168777,0.2279124425841482,SELF_FUNDED_REINVESTMENT,12.17,18.85,0.0038877129321637227,0.002404747033107668
PIDILITIND,2023-03,10.924654631748453,16.831934909738113,15.009746588693956,17.872989462007766,23.29343680126266,12.270347453593528,0.05421519689406545,36.895833333333336,Levered,-490.0,-0.24007839294463498,1.1231794383626845,2.401098901098901,659.0,1.208688906128782,7.6192897703195195,51.12490302560124,141.41176470588235,25.0,44.0,17.388750704087606,OK,14.187062591288724,OK,12.36300559667185,OK,4.733757970627095,OK,5.938826574488365,OK,11.76059521412267,OK,4.353201121161598,OK,5.642162229904302,OK,12.068872384564933,OK,126.4434134988363,22.599217970049917,98.97954924056836,0.40433029772698886,SELF_FUNDED_REINVESTMENT,10.92,17.87,0.004654631748453042,0.0029894620077648426
PIDILITIND,2024-03,14.108051360736493,21.868690947266415,19.62367762254704,20.780302129178065,27.648196609398113,14.466710831401125,0.045438325205186154,47.64705882352941,Levered,-1853.0,-0.6687116564417178,1.0254223252732693,2.2716932672904053,955.0,1.559244419004007,14.285714285714285,54.665140240412136,164.84313725490196,34.0,47.0,19.2998469335665,OK,11.836370175898114,OK,11.200766251991956,OK,15.76701574818362,OK,13.48774998597666,OK,14.527040733688779,OK,15.616214441920405,OK,13.564157249607756,OK,14.215130617291273,OK,92.88733829421865,19.302269537290353,59.81566221580657,0.588510137595519,SELF_FUNDED_REINVESTMENT,14.11,20.78,0.0019486392635066352,0.0003021291780633817
PNB,2013-03,11.655174014998492,,80.30461331290195,812.2977346278317,472.9659510460823,65.57805355976485,10.833333333333334,1.244083159484929,Levered,5918.0,0.16945367082808385,5.626518615284128,3076.5,-1292.0,-0.13784860557768924,1.3930486870516126,-25.737051792828687,24.72,28.0,19.0,,INSUFFICIENT,,INSUFFICIENT,,INSUFFICIENT,,INSUFFICIENT,,INSUFFICIENT,,INSUFFICIENT,,INSUFFICIENT,,INSUFFICIENT,,INSUFFICIENT,,,,,CASH_BURN_AND_CONTRACTION,11.66,812.3,0.004825985001508215,0.0022653721682672767
PNB,2014-03,8.172071711375061,,73.82223408514614,393.3618843683083,300.57054881362075,31.83708838821491,10.822269807280515,1.1760807937632884,Levered,9463.0,0.2820061985933961,3.895840554592721,1729.1538461538462,16604.0,4.601524224278715,0.671738066639975,451.93249863908545,28.303030303030305,20.0,10.0,,INSUFFICIENT,,INSUFFICIENT,,INSUFFICIENT,,INSUFFICIENT,,INSUFFICIENT,,INSUFFICIENT,,INSUFFICIENT,,INSUFFICIENT,,INSUFFICIENT,,,,,EXPANSION_WITH_EXTERNAL_CAPITAL,8.17,393.36,0.002071711375061014,0.0018843683083105134
PNB,2015-03,7.236707041675221,,73.37302401970848,223.2425585813806,197.89590254706533,18.51851851851852,10.437618746041798,1.1402865073541142,Levered,14895.0,0.41232975307274944,2.5589703178355663,1217.75,3942.0,1.3656737588652483,1.7901868199548348,111.82978723404256,30.365384615384617,18.0,18.0,,INSUFFICIENT,,INSUFFICIENT,,INSUFFICIENT,,INSUFFICIENT,,INSUFFICIENT,,INSUFFICIENT,,INSUFFICIENT,,INSUFFICIENT,,INSUFFICIENT,,,,,EXPANSION_WITH_EXTERNAL_CAPITAL,7.24,223.24,0.0032929583247796046,0.0025585813805832913
PNB,2016-03,-6.908904810644831,,57.156916778206444,-163.56011183597388,103.11789772727273,-11.829732735667823,12.122087604846225,0.8458244735079083,Levered,24392.0,0.8282231503174765,1.7122442789255503,875.9310344827586,12815.0,-4.036182336182336,2.6612077789150463,-365.0997150997151,33.79527559055118,-19.0,-2.0,5.65846996919257,OK,,INSUFFICIENT,,INSUFFICIENT,,DECLINE_TO_LOSS,,INSUFFICIENT,,INSUFFICIENT,,DECLINE_TO_LOSS,,INSUFFICIENT,,INSUFFICIENT,,,,,EXPANSION_WITH_EXTERNAL_CAPITAL,-6.909999999999999,-163.56,0.00109518935516828,0.00011183597388253474
PNB,2017-03,2.578134753839111,,71.29302093303924,22.212262459662963,83.41326841144249,2.884078212290503,6.3637504481893155,1.047063137950003,Levered,32217.0,0.9286579038395019,1.1186685288640597,828.5862068965517,21938.0,17.706214689265536,0.0,1770.6214689265537,67.20481927710843,6.0,0.0,2.2475483259060347,OK,,INSUFFICIENT,,INSUFFICIENT,-30.394420830701918,OK,,INSUFFICIENT,,INSUFFICIENT,-33.05670499178305,OK,,INSUFFICIENT,,INSUFFICIENT,,,,,ASSET_MONETISATION_AND_DELEVERAGING,2.58,22.21,0.0018652461608890114,0.002262459662961902
PNB,2018-03,-24.855823499230375,,28.077988712160085,-184.36596133353632,22.670930964769827,-19.218318575645053,8.186481960724615,0.40802266626901285,Levered,51364.0,3.6014584209788247,0.7731917864737059,191.07843137254903,-1742.0,0.14383618198332096,0.0,14.383618198332096,78.67065868263474,-44.0,0.0,0.01026377919555177,OK,2.4975249752582362,OK,,INSUFFICIENT,,DECLINE_TO_LOSS,,DECLINE_TO_LOSS,,INSUFFICIENT,,DECLINE_TO_LOSS,,DECLINE_TO_LOSS,,INSUFFICIENT,,,,,RESTRUCTURING_WITH_EXTERNAL_SUPPORT,-24.86,-184.37,0.00417650076962417,0.0040386664636855585
PNB,2019-03,-18.31361343893225,,36.983910867355746,-128.4465366509751,24.322142911191264,-11.402985074626866,9.664963012777404,0.5564981532779316,Levered,67402.0,3.3921489682939105,0.6226507462686567,511.2450980392157,-34161.0,3.5112041884816754,1.2062055343548046,357.70680628272254,89.04191616766467,-21.0,0.0,0.8735117677279858,OK,3.011205394596783,OK,,INSUFFICIENT,,BOTH_NEGATIVE,,DECLINE_TO_LOSS,,INSUFFICIENT,,BOTH_NEGATIVE,,DECLINE_TO_LOSS,,INSUFFICIENT,,150.14472629455278,57.98593256165073,-3.0601274874856452,EXTERNALLY_FUNDED_INVESTMENT,-18.31,-128.45,0.0036134389322519667,0.003463349024883655
PNB,2020-03,0.883134855602899,,68.87359335736917,6.1029319239964765,49.97687723795304,0.6149047848467175,8.523467975336604,1.0223531637700354,Levered,65688.0,1.7089338675269266,0.6962750716332379,219.672,-13131.0,-26.377319587628865,0.6154630540077934,-2707.422680412371,94.60714285714286,1.0,0.0,4.548147013238979,OK,2.428147129974434,OK,,INSUFFICIENT,-26.8484593259259,OK,-32.746247167458385,OK,,INSUFFICIENT,-44.96787918508956,OK,-43.90224272769003,OK,,INSUFFICIENT,3006.6142886597936,183.49162325405814,45.32615484676622,-0.9004888623805524,EXTERNALLY_FUNDED_INVESTMENT,0.88,6.1,0.003134855602898945,0.002931923996476904
PNB,2021-03,3.289192652712516,,67.28504302190761,30.393594225780983,80.76353994228036,3.7780550376403625,6.69831961204466,1.0851294163960241,Levered,57361.0,1.0222590533219276,1.1486268627423493,452.6795580110497,30163.0,11.484230055658626,0.9605174833709648,1119.2207792207791,105.55952380952381,2.0,0.0,18.915701840298027,OK,10.030810019359127,OK,,INSUFFICIENT,,TURNAROUND,,TURNAROUND,,INSUFFICIENT,,TURNAROUND,,TURNAROUND,,INSUFFICIENT,658.3761521335807,200.10417615879103,38.44290294411177,1.6999716280636117,EXPANSION_WITH_EXTERNAL_CAPITAL,3.29,30.39,0.0008073472874841059,0.003594225780982896
PNB,2022-03,5.125783688780462,,67.74350095747751,39.87348229772472,82.29342595838246,5.95287056923944,5.403632282420161,1.1030690045490463,Levered,49489.0,0.9418403273384718,1.161358131883197,508.28,18828.0,5.12589559877175,1.5791820781196717,481.78096212896617,115.98816568047337,4.0,18.0,13.498028360369819,OK,9.669463127978407,OK,,INSUFFICIENT,,TURNAROUND,25.827813432196976,OK,,INSUFFICIENT,,TURNAROUND,-7.7892088518272224,OK,,INSUFFICIENT,539.1552993858752,214.97999285787165,37.61839128366162,0.8935847661661469,EXPANSION_WITH_EXTERNAL_CAPITAL,5.13,39.87,0.004216311219537694,0.0034822977247230824
PNB,2023-03,3.8678104669238302,,65.59732857389602,30.667397060166163,88.22126552482423,5.02806676146995,4.895553729571807,1.0994075303471833,Levered,50433.0,0.8714426416463635,1.299977546590824,594.8287671232877,21860.0,6.725811253349211,0.8428809948759284,650.7889252753796,129.62130177514794,3.0,21.0,16.504679348405162,OK,12.253164864690724,OK,7.264493516123127,OK,90.6145676685977,OK,,TURNAROUND,-3.9382202372359565,OK,44.22495703074083,OK,,TURNAROUND,-20.017251806497338,OK,621.250291753498,190.52129370948597,41.9413776717986,1.0475470738830686,EXPANSION_WITH_EXTERNAL_CAPITAL,3.87,30.67,0.0021895330761698695,0.0026029398338387466
PNB,2024-03,8.395910695456838,,75.8208407830193,61.320565191187306,118.21872766261616,12.652858189053626,3.684256345007701,1.2066127761403098,Levered,50672.0,0.6061244019138756,1.5070262950629396,529.4417475728155,-29445.0,-3.0511084416293546,1.3808279466373263,-321.5572785846893,114.86923076923077,8.0,18.0,10.003199043012213,OK,15.902076009106025,OK,9.266703791384634,OK,50.336631443573786,OK,,TURNAROUND,9.562366995577731,OK,58.74010519681994,OK,,TURNAROUND,-8.755646344451918,OK,199.4021622802228,122.27453291368111,28.295400598086125,-1.6126067787208855,EXTERNALLY_FUNDED_INVESTMENT,8.4,61.31999999999999,0.004089304543162697,0.0005651911873130189
POWERGRID,2013-03,32.97148536044645,82.84534821496827,64.02415717452794,16.3352649320153,8.757162574762642,3.8038876737458547,2.6221641480134834,3.2223932281646785,Levered,68647.0,5.816063712615437,0.11536901150074085,0.20906853343562204,-10394.0,2.7104103872014838,168.8250133781821,-240.99234871319268,57.025917926565874,5.0,31.0,,INSUFFICIENT,,INSUFFICIENT,,INSUFFICIENT,,INSUFFICIENT,,INSUFFICIENT,,INSUFFICIENT,,INSUFFICIENT,,INSUFFICIENT,,INSUFFICIENT,,,,,EXPANSION_WITH_EXTERNAL_CAPITAL,32.97,16.34,0.0014853604464519776,0.004735067984700692
POWERGRID,2014-03,29.238187078109934,83.36226293796207,61.80006428801028,13.107383710876707,8.083721556030206,3.214588634435963,2.427229235114416,2.9542102028272894,Levered,83797.0,6.120143149284254,0.1099448685326548,0.2094893066853418,-11416.0,3.3471855760773965,171.2568306010929,-251.01143359718557,66.31880733944953,5.0,30.0,,INSUFFICIENT,,INSUFFICIENT,,INSUFFICIENT,,INSUFFICIENT,,INSUFFICIENT,,INSUFFICIENT,,INSUFFICIENT,,INSUFFICIENT,,INSUFFICIENT,,,,,EXPANSION_WITH_EXTERNAL_CAPITAL,29.24,13.11,0.0018129218900639898,0.002616289123292148
POWERGRID,2015-03,28.76852907639681,85.10262257696694,59.77765108323831,13.127292593459766,7.785004677685214,3.1383719773111753,2.503785218137829,2.569223229600588,Levered,96023.0,6.132520117511815,0.10909045676186685,0.1923435426741674,-8385.0,3.1311930241775663,137.884834663626,-166.17122473246135,73.4690366972477,5.0,21.0,,INSUFFICIENT,,INSUFFICIENT,,INSUFFICIENT,,INSUFFICIENT,,INSUFFICIENT,,INSUFFICIENT,,INSUFFICIENT,,INSUFFICIENT,,INSUFFICIENT,,,,,EXPANSION_WITH_EXTERNAL_CAPITAL,28.77,13.13,0.0014709236031897888,0.0027074065402352687
POWERGRID,2016-03,28.854348247143136,88.04958357544064,61.29188456323843,13.552422105981352,8.29951152345671,3.323257785312751,2.468614964748692,2.488792764451435,Levered,107626.0,5.712632696390658,0.11517355224413313,0.1794359393191652,-6568.0,2.518543379761705,104.47414294015107,-110.21983554287633,84.04051987767583,6.0,20.0,16.4413030734873,OK,,INSUFFICIENT,,INSUFFICIENT,11.377630882707091,OK,,INSUFFICIENT,,INSUFFICIENT,6.265856918261115,OK,,INSUFFICIENT,,INSUFFICIENT,,,,,EXPANSION_WITH_EXTERNAL_CAPITAL,28.85,13.55,0.0043482471431346426,0.0024221059813509527
POWERGRID,2017-03,28.995602599525238,87.36428376853328,60.944857376347436,14.94204467974171,9.274876520544376,3.808097637763081,2.386154895118919,2.524339136041264,Levered,117823.0,5.038831629816533,0.13133362635565413,0.18664565144758058,-2261.0,2.895584485303986,92.75790948359732,-30.344920144946986,95.30963302752292,8.0,31.0,18.21451452207823,OK,,INSUFFICIENT,,INSUFFICIENT,17.886670626535285,OK,,INSUFFICIENT,,INSUFFICIENT,16.96070952851465,OK,,INSUFFICIENT,,INSUFFICIENT,,,,,EXPANSION_WITH_EXTERNAL_CAPITAL,29.0,14.94,0.004397400474761781,0.002044679741709743
POWERGRID,2018-03,27.388662616011217,86.66955999198771,69.4231154436803,15.073678021533826,11.184376832016522,3.640494510858472,2.416179767023114,2.8392954669579464,Levered,130279.0,4.33887297675348,0.13291976179699494,0.1917694208632633,-2991.0,2.7681618722574353,85.80156239567337,-36.457825450999515,104.02522935779815,9.0,33.0,19.52949338993357,OK,18.021947290818474,OK,,INSUFFICIENT,17.587042823092737,OK,13.723243763038173,OK,,INSUFFICIENT,21.644039911467992,OK,12.474611314209483,OK,,INSUFFICIENT,,,,,EXPANSION_WITH_EXTERNAL_CAPITAL,27.39,15.07,0.0013373839887833583,0.0036780215338261257
POWERGRID,2019-03,28.62032573661542,76.78484839841411,51.01115262842637,16.981164006837144,8.704158859173095,4.056108011965398,2.477212340706392,2.0469268627675405,Levered,145080.0,5.103957783641161,0.14172123858032176,0.20295820307977308,4544.0,2.3192146701215868,53.41567072648963,45.28602750647798,112.93769113149847,11.0,43.0,19.29231574432686,OK,17.648366565269136,OK,,INSUFFICIENT,18.96893406514948,OK,17.14688046227333,OK,,INSUFFICIENT,22.39034103416604,OK,17.08049129648923,OK,,INSUFFICIENT,25.270495315925853,4.291224254937467,11.091345294635005,1.7920514394483604,SELF_FUNDED_REINVESTMENT,28.62,16.98,0.00032573661541945853,0.0011640068371434609
POWERGRID,2020-03,29.300021195421788,87.12908011869436,63.84855871131836,17.0937925064919,11.315890799470338,4.308628555621788,2.2917954742178805,2.534335892312546,Levered,146839.0,4.112446087492298,0.14705206275738203,0.2084014311586201,20006.0,2.7795460710733337,28.436307757524375,180.90243240799347,123.65443425076451,12.0,47.0,13.672435821263651,OK,16.56379190364099,OK,,INSUFFICIENT,14.06885920556955,OK,16.991341895098742,OK,,INSUFFICIENT,14.471424255333186,OK,19.13578981670916,OK,,INSUFFICIENT,25.072293154896464,4.285805768517373,8.351820142273008,7.215232818569064,SELF_FUNDED_REINVESTMENT,29.3,17.09,2.1195421787467694e-05,0.0037925064919015483
POWERGRID,2021-03,30.363269424823407,88.05751765893038,59.626639757820385,17.210020590253947,11.087968175335886,4.706931343563752,2.0480439258750858,2.9054701905347264,Levered,141746.0,3.9732585844428874,0.15502057033804184,0.21575607154131696,20159.0,2.442921236291127,23.319878910191726,167.4891990694583,133.66972477064218,13.0,52.0,9.789196527366162,OK,13.929005368889612,OK,,INSUFFICIENT,13.62803833634565,OK,15.096404983707634,OK,,INSUFFICIENT,13.040381433805548,OK,16.723531932969316,OK,,INSUFFICIENT,24.954153373213693,4.294614933653627,10.596665451997197,6.711876638910326,SELF_FUNDED_REINVESTMENT,30.36,17.21,0.0032694248234079737,2.0590253946295434e-05
POWERGRID,2022-03,40.420931238287444,86.07467204843591,66.42160395944452,22.065130431361236,13.105910127380383,6.70412432755529,1.7665744226002336,3.4402687904430063,Levered,130908.0,3.230860358359248,0.16585774058577407,0.21703785204382264,26124.0,1.5527817403708988,0.0,155.27817403708988,109.31469534050179,18.0,61.0,5.886633341500747,OK,10.125553461447634,OK,,INSUFFICIENT,18.8005326020662,OK,17.6909149802581,OK,,INSUFFICIENT,17.840146380897437,OK,17.607902252467355,OK,,INSUFFICIENT,16.086062173086066,3.549410599761302,6.515521743422676,9.652963687837108,ASSET_MONETISATION_AND_DELEVERAGING,40.42,22.07,0.0009312382874426817,0.004869568638763866
POWERGRID,2023-03,33.81356489704624,86.78376422603776,59.94342477468587,18.57249536289837,12.918104059354473,6.113589057389236,1.5487196781731023,2.837450695453602,Levered,125095.0,3.075930069586171,0.1808028545941124,0.2459217955424214,33065.0,2.6071984435797666,15.652479003574326,214.42931258106356,119.0336917562724,17.0,67.0,6.507902013797606,OK,8.769646643204698,OK,13.301392325801785,OK,11.717919300488377,OK,13.451892401178478,OK,13.587487052567537,OK,12.31106834675555,OK,13.564157249607756,OK,13.018071324347936,OK,19.506651750972765,3.62287199190615,7.210904866114239,10.992625250018643,SELF_FUNDED_REINVESTMENT,33.81,18.57,0.0035648970462389684,0.0024953628983688247
POWERGRID,2024-03,33.97028990249329,86.87476823070044,59.522718844752745,17.870011245496066,12.952976806448243,6.208612241806171,1.4173456039290386,3.110338538698279,Levered,119353.0,2.9555990292704672,0.18276594811604718,0.2578912134832725,24176.0,2.394528992486997,28.606330301245553,155.24304886662813,93.69530158047522,17.0,67.0,4.965471644662767,OK,5.510261937513361,OK,11.414137221548938,OK,8.967428329021487,OK,9.189188268434778,OK,13.098067118120916,OK,9.354129979287684,OK,9.096607850144967,OK,13.018071324347936,OK,23.92501380594619,4.27540265760907,10.153507750978159,6.488733930345523,SELF_FUNDED_REINVESTMENT,33.97,17.87,0.0002899024932929706,1.1245496065015459e-05
RECLTD,2013-03,28.113539680211236,97.33020390200969,97.32286929734487,21.86537364517969,10.590460683842544,2.9355901049245614,6.147290359383914,1.6415934677718669,Levered,107124.0,8.070820462593234,0.10441908554798192,189.36111111111111,-20059.0,-5.233237672841117,0.0,-523.3237672841117,177.60891590678824,15.0,21.0,,INSUFFICIENT,,INSUFFICIENT,,INSUFFICIENT,,INSUFFICIENT,,INSUFFICIENT,,INSUFFICIENT,,INSUFFICIENT,,INSUFFICIENT,,INSUFFICIENT,,,,,RESTRUCTURING_WITH_EXTERNAL_SUPPORT,28.11,21.87,0.003539680211236629,0.004626354820310041
RECLTD,2014-03,27.527143935435173,96.67305347500435,96.68466585380015,22.789982214103734,11.329740910080558,3.0998273878020717,6.065134836321684,1.6593921275535626,Levered,124483.0,7.4733145224230055,0.1126098441259546,235.93150684931507,-17244.0,-3.6372073402235814,0.0,-363.72073402235816,210.77001013171224,18.0,20.0,,INSUFFICIENT,,INSUFFICIENT,,INSUFFICIENT,,INSUFFICIENT,,INSUFFICIENT,,INSUFFICIENT,,INSUFFICIENT,,INSUFFICIENT,,INSUFFICIENT,,,,,RESTRUCTURING_WITH_EXTERNAL_SUPPORT,27.53,22.79,0.002856064564827676,1.7785896265110068e-05
RECLTD,2015-03,26.012461059190027,94.4071261682243,94.39252336448598,21.31461391193363,11.014989974496027,2.912960055817199,6.021817166560306,1.6378378378378378,Levered,149383.0,7.700154639175258,0.1119832548403977,186.76363636363635,-23898.0,-4.4719311377245505,0.0,-447.19311377245504,254.0222897669706,20.0,20.0,,INSUFFICIENT,,INSUFFICIENT,,INSUFFICIENT,,INSUFFICIENT,,INSUFFICIENT,,INSUFFICIENT,,INSUFFICIENT,,INSUFFICIENT,,INSUFFICIENT,,,,,RESTRUCTURING_WITH_EXTERNAL_SUPPORT,26.01,21.31,0.002461059190025594,0.004613911933631698
RECLTD,2016-03,23.589637305699483,93.03626943005182,92.9699481865285,19.69681237670024,11.321773806819616,2.750006040252241,5.856505035821825,1.57043831396163,Levered,166860.0,7.432847788320192,0.11657686825001812,94.98031496062993,-14034.0,-2.3331576172904587,3.133678756476684,-246.5998945703743,292.7355623100304,22.0,30.0,20.95245212809047,OK,,INSUFFICIENT,,INSUFFICIENT,14.081858803819403,OK,,INSUFFICIENT,,INSUFFICIENT,13.617128057248994,OK,,INSUFFICIENT,,INSUFFICIENT,,,,,EXTERNALLY_FUNDED_INVESTMENT,23.59,19.7,0.00036269430051660834,0.003187623299758968
RECLTD,2017-03,25.938861040348428,92.2425836141014,92.17684279727175,18.749071901636423,11.132228083146837,3.002687340959357,4.9850613287398655,1.6664685782201754,Levered,165235.0,7.352273738542316,0.11576018454660039,68.55774647887324,6704.0,1.0779344210359576,0.41498890623715995,106.19356882623158,170.4860759493671,24.0,30.0,12.217010575956122,OK,,INSUFFICIENT,,INSUFFICIENT,10.015854931114166,OK,,INSUFFICIENT,,INSUFFICIENT,10.064241629820891,OK,,INSUFFICIENT,,INSUFFICIENT,,,,,SELF_FUNDED_REINVESTMENT,25.94,18.75,0.0011389596515734013,0.0009280983635768791
RECLTD,2018-03,19.644275752493602,85.08694500838556,85.13990643481331,13.658401865717442,8.14120824629149,1.8364484053306929,6.271234810359641,1.4468611715292883,Levered,201419.0,10.437299201989843,0.09348516730618475,171.65151515151516,-32510.0,-7.303976634464165,0.0,-730.3976634464166,165.00253164556963,17.0,41.0,3.3186815152052462,OK,10.692872231645211,OK,,INSUFFICIENT,-5.912835243148063,OK,3.034757907311003,OK,,INSUFFICIENT,-5.273176281409042,OK,2.534857565773274,OK,,INSUFFICIENT,,,,,RESTRUCTURING_WITH_EXTERNAL_SUPPORT,19.64,13.66,0.004275752493601459,0.0015981342825579503
RECLTD,2019-03,22.59524559193955,93.29738664987406,93.3918450881612,16.618421814392402,8.511271722950555,1.9235795130907944,7.0702541538817805,1.517296502333909,Levered,241786.0,10.186038673800397,0.08513204714964451,153.9878787878788,-35866.0,-6.247343668350462,0.0,-624.7343668350462,174.91645569620252,22.0,38.0,1.742183283115084,OK,8.086719475284987,OK,,INSUFFICIENT,0.29200656316961116,OK,3.9019069291109876,OK,,INSUFFICIENT,0.0,OK,4.095039696925684,OK,,INSUFFICIENT,44.049714335481625,7.320367336305217,12.367095252138013,-14.182483956129282,RESTRUCTURING_WITH_EXTERNAL_SUPPORT,22.6,16.62,0.00475440806045313,0.0015781856075989253
RECLTD,2020-03,16.605437178545188,86.70429497027587,86.90468238594616,14.046388111986891,8.08894387694833,1.432729158862346,8.087945306099387,1.3701753462166288,Levered,283903.0,10.905504551914877,0.08628072500936518,180.3734939759036,-32712.0,-6.579243765084473,0.0,-657.9243765084473,179.2253164556962,19.0,44.0,7.151594915280923,OK,7.824923806375206,OK,,INSUFFICIENT,-7.651089345201633,OK,-1.4326832563657743,OK,,INSUFFICIENT,-7.491681618140877,OK,-1.0206218313011495,OK,,INSUFFICIENT,65.64652855993563,9.220966183574879,14.974571889524835,-10.02222647474434,RESTRUCTURING_WITH_EXTERNAL_SUPPORT,16.61,14.05,0.004562821454811683,0.003611888013109521
RECLTD,2021-03,23.562167786933657,90.74162612143881,90.75287566442614,19.143588337446303,8.639925887648031,2.089969990046574,7.534114797550498,1.5016520080040952,Levered,327742.0,10.153097893432466,0.08870024222497735,133.17228464419475,-43512.0,-5.1936022917164,0.0,-519.36022917164,221.58987341772152,32.0,30.0,16.20759495981052,OK,8.066617435404822,OK,,INSUFFICIENT,23.469850013527505,OK,8.041437551389885,OK,,INSUFFICIENT,23.47158379972165,OK,7.781806771272581,OK,,INSUFFICIENT,36.59586178085462,7.005761127867654,10.503670693928129,-14.191774804531232,RESTRUCTURING_WITH_EXTERNAL_SUPPORT,23.56,19.14,0.0021677869336578226,0.003588337446302603
RECLTD,2022-03,25.55250025460841,87.68204501476728,87.79407271616255,19.558015356432943,8.971346950881602,2.4426812052767364,6.490295046186226,1.5637386059589133,Levered,330853.0,9.589942028985508,0.09559460643528209,62.54140127388535,-1106.0,-0.08160621761658031,0.7307261431917711,-11.020326823435632,259.81772151898736,38.0,30.0,15.625136079482704,OK,10.044533302339254,OK,,INSUFFICIENT,20.464117089444688,OK,9.71473858501366,OK,,INSUFFICIENT,19.983162620797668,OK,9.626227935295418,OK,,INSUFFICIENT,36.0850667596652,7.057522898234399,13.229743768115942,-0.3053985433041742,EXTERNALLY_FUNDED_INVESTMENT,25.55,19.56,0.0025002546084103017,0.001984643567055855
RECLTD,2023-03,28.28090968951021,95.29453477181787,95.30213240135744,19.213695801789402,8.573739491011825,2.3989104259263634,6.551789401238816,1.5855981123330385,Levered,377620.0,10.028415881025095,0.08482437277525601,61.600624024961,-38303.0,-3.3455717739768964,2.3881882186091277,-343.00170144174797,220.7368021268515,42.0,30.0,9.661482237118623,OK,11.74917195172258,OK,11.219768084833625,OK,30.958934233994874,OK,20.197596741976675,OK,11.2858044916339,OK,30.266245583805727,OK,19.828486453496662,OK,10.8449222600272,OK,29.04736813826453,5.581072952512044,9.179493294383215,-11.80835729450844,EXTERNALLY_FUNDED_INVESTMENT,28.28,19.21,0.0009096895102089775,0.0036958017894015427
RECLTD,2024-03,29.7682934528695,100.7702506471368,100.82286339625819,20.39653929343908,9.304005686342292,2.5803050396668312,6.4249170872386445,1.5997061573393883,Levered,440216.0,9.184177584911959,0.08667964267928514,75.18512658227849,-59554.0,-4.0808059384941675,3.8533577456489256,-421.0250972074938,263.3877706038739,54.0,30.0,10.147497322590194,OK,13.338042247865678,OK,10.68124131180972,OK,19.07507541943736,OK,19.763114350230794,OK,11.5509567899718,OK,19.05507889761495,OK,19.67245924901726,OK,11.612317403390438,OK,20.637498762813713,4.209335544340303,6.577161186681131,-20.40097504287343,EXTERNALLY_FUNDED_INVESTMENT,29.77,20.4,0.0017065471304995583,0.0034607065609186805
RELIANCE,2013-03,5.274815194579209,8.373383978563329,7.495763428857175,11.472357254675785,10.260168559912056,5.763928943003723,0.5889374090247452,8.570603522956974,Levered,64371.0,1.5734014470082127,1.0927262340730275,2.966258886633155,9317.0,1.7675955185291583,6.970706415090527,44.60882888058987,620.0783378746594,15.0,13.0,,INSUFFICIENT,,INSUFFICIENT,,INSUFFICIENT,,INSUFFICIENT,,INSUFFICIENT,,INSUFFICIENT,,INSUFFICIENT,,INSUFFICIENT,,INSUFFICIENT,,,,,EXPANSION_WITH_EXTERNAL_CAPITAL,5.27,11.47,0.004815194579209425,0.0023572546757844037
RELIANCE,2014-03,5.2011321250873666,8.058433155487277,7.519589593122363,11.348502921680835,9.660451388065717,5.257868264143288,0.698389929889726,8.498175182481752,Levered,78159.0,1.7844520547945206,1.0109084210305403,3.065550817794183,-29809.0,1.9186180592513749,16.855008177227862,-132.20241263083201,675.8061224489796,16.0,12.0,,INSUFFICIENT,,INSUFFICIENT,,INSUFFICIENT,,INSUFFICIENT,,INSUFFICIENT,,INSUFFICIENT,,INSUFFICIENT,,INSUFFICIENT,,INSUFFICIENT,,,,,EXPANSION_WITH_EXTERNAL_CAPITAL,5.2,11.35,0.0011321250873663757,0.0014970783191650128
RELIANCE,2015-03,6.314574807945039,10.003151945124102,9.196734798542625,10.81927148408002,8.902391725921138,4.685957588515835,0.7700309841234971,10.382991556091676,Levered,91800.0,1.9966504991626248,0.7420860043688031,2.3927955106162675,-30332.0,1.4540609137055838,17.283878067804213,-128.30795262267344,742.4362895005097,17.0,12.0,,INSUFFICIENT,,INSUFFICIENT,,INSUFFICIENT,,INSUFFICIENT,,INSUFFICIENT,,INSUFFICIENT,,INSUFFICIENT,,INSUFFICIENT,,INSUFFICIENT,,,,,EXPANSION_WITH_EXTERNAL_CAPITAL,6.31,10.82,0.004574807945039616,0.0007285159199810209
RELIANCE,2016-03,10.954828437576811,15.327808410649233,15.565167306838651,12.895800583876039,9.953315973444061,4.985166870618717,0.8408937794745116,11.494987808182065,Levered,110699.0,2.0502472542737022,0.45506571819224473,1.474138770212536,1948.0,1.2770503332105423,13.275222592751565,6.523559157429423,785.4681139755767,22.0,10.0,-11.702125928871233,OK,,INSUFFICIENT,,INSUFFICIENT,12.654797506701133,OK,,INSUFFICIENT,,INSUFFICIENT,13.617128057248994,OK,,INSUFFICIENT,,INSUFFICIENT,,,,,SELF_FUNDED_REINVESTMENT,10.95,12.9,0.00482843757681195,0.004199416123961797
RELIANCE,2017-03,9.81497200234246,15.234871066016566,14.43738197227212,11.31284863239404,9.119796169448694,4.2208426122167175,0.8246779594173881,11.401143154065991,Levered,134576.0,2.4235264456410164,0.43004122795351457,1.5310538669997884,-16651.0,1.6609124124291892,21.77994038571626,-55.814031441692094,891.2098681987159,22.0,11.0,-11.161904202830897,OK,,INSUFFICIENT,,INSUFFICIENT,9.781619696760458,OK,,INSUFFICIENT,,INSUFFICIENT,11.199004528465784,OK,,INSUFFICIENT,,INSUFFICIENT,,,,,EXPANSION_WITH_EXTERNAL_CAPITAL,9.81,11.31,0.004972002342459092,0.002848632394039541
RELIANCE,2018-03,9.231800584919515,16.456298631349743,14.706913359756207,12.292764032081116,10.77680843125233,4.447331539444798,0.8171655775350418,7.138350720317933,Levered,156981.0,2.116103202846975,0.48174042523293636,0.9676591108855244,3267.0,1.980570953436807,17.448307801741453,9.054878048780488,495.61972306653155,27.0,10.0,1.4438176812272552,OK,-0.26067659554612765,OK,,INSUFFICIENT,15.134731424593696,OK,11.55325602881736,OK,,INSUFFICIENT,16.673335619846075,OK,12.474611314209483,OK,,INSUFFICIENT,,,,,SELF_FUNDED_REINVESTMENT,9.229999999999999,12.29,0.0018005849195166235,0.002764032081117307
RELIANCE,2019-03,7.00939759332931,14.823951282425742,12.619625327930436,10.290820227737708,10.32229651740148,3.9931637982017385,0.7948965674016822,4.348105486511064,Levered,72079.0,0.7779204800552582,0.569687158565801,1.4266417989125797,-52161.0,1.0629816502246656,16.628690372085575,-130.93606446268544,653.2433344583193,29.0,10.0,27.752396121588173,OK,5.564807025835683,OK,,INSUFFICIENT,10.08481731323796,OK,12.056155908410538,OK,,INSUFFICIENT,9.645742373189425,OK,12.630393921616268,OK,,INSUFFICIENT,16.283479679694757,1.6757036206575875,8.5477161759627,-8.041037114810337,EXPANSION_WITH_EXTERNAL_CAPITAL,7.01,10.29,0.0006024066706897813,0.0008202277377087341
RELIANCE,2020-03,6.683660728800578,14.960472884080051,12.675659776864947,8.878677370949715,9.403592445098154,3.429018542323186,0.7906497820404929,3.4336496118400146,Levered,78366.0,0.8009934993254016,0.5130449736245878,1.1201915675724385,22380.0,2.379062186559679,12.150084048542013,56.118355065195594,708.5754850922859,29.0,10.0,25.21152260870416,OK,9.770964142825743,OK,,INSUFFICIENT,10.158853476505092,OK,11.025192664189355,OK,,INSUFFICIENT,9.645742373189425,OK,11.273004664881793,OK,,INSUFFICIENT,13.861382397191576,1.2307074222002556,7.144654728320863,4.048539565329761,SELF_FUNDED_REINVESTMENT,6.68,8.88,0.003660728800578106,0.0013226290502856841
RELIANCE,2021-03,11.524382005845935,17.32549586431257,16.43766874612648,7.675114114817502,7.828346273339502,4.0709359008836685,0.398419245556806,3.617443012884044,Levered,-85866.0,-0.8318575497471469,0.35324548412388784,0.861524448599374,-115427.0,0.5016468486573996,30.53460488476476,-214.79186438154784,1086.3801396431343,39.0,9.0,6.063008125694136,OK,11.335748602866925,OK,,INSUFFICIENT,14.202168526519788,OK,12.470091024108365,OK,,INSUFFICIENT,13.040381433805548,OK,12.13169452916456,OK,,INSUFFICIENT,8.886388470198552,0.6820404557737242,5.1368207358896365,-24.17088394254597,EXPANSION_WITH_EXTERNAL_CAPITAL,11.52,7.68,0.004382005845934955,0.004885885182497773
RELIANCE,2022-03,9.76646566082171,15.630519683361813,14.164794082971413,8.703823678454365,8.95641259262563,4.527158950022088,0.40944726325715053,6.747051563357104,Levered,-75106.0,-0.5859370733572058,0.4635411731577409,1.1065231173084336,1492.0,1.6309823863217627,15.714156156925633,2.1991303706979144,1152.2320768662232,45.0,9.0,6.919806216822311,OK,17.976229281293964,OK,,INSUFFICIENT,19.420001891985052,OK,17.859388570391822,OK,,INSUFFICIENT,15.772347264219455,OK,15.387288143462307,OK,,INSUFFICIENT,6.207174589137003,0.540261531652309,3.383744704753435,0.35428846717902035,EXPANSION_WITH_EXTERNAL_CAPITAL,9.77,8.7,0.0035343391782891587,0.0038236784543652647
RELIANCE,2023-03,8.45371270521545,16.239006111392566,13.01181201192155,10.349336194179966,9.767150648887915,4.613539475503181,0.6309284341334763,5.826733432118951,Levered,216104.0,1.4001995620002852,0.5457412188442239,1.209147287891226,22031.0,1.5526401036605118,10.611755416501216,29.73625958319836,1058.043156961277,49.0,9.0,13.67192407462241,OK,17.52873305061582,OK,8.269276875072439,OK,22.931799941979314,OK,15.477206264039168,OK,13.498274682326826,OK,19.10574063943058,OK,12.659148174514279,OK,12.566841929221884,OK,6.069998110355254,0.6282045114210362,3.726546281537923,4.898891077489646,EXPANSION_WITH_EXTERNAL_CAPITAL,8.450000000000001,10.35,0.0037127052154488638,0.0006638058200341135
RELIANCE,2024-03,8.789365557299389,18.07459281612296,14.22015236235055,9.958650553699458,10.207413818432668,4.502440958879758,0.5784524141094746,5.530106410589151,Levered,233319.0,1.3058144025252272,0.5122600635424216,1.1526388327980666,45207.0,2.00946595798532,12.633572884885117,57.20956719817768,1172.747561336092,51.0,10.0,24.46173600944801,OK,9.606097094616972,OK,7.566474743054807,OK,13.714491828409226,OK,14.680632603495592,OK,13.360799426840897,OK,9.354129979287684,OK,11.952664832522043,OK,12.29101807652131,OK,5.472952543659833,0.5450322187928885,3.050417065430917,10.453145124463461,SELF_FUNDED_REINVESTMENT,8.790000000000001,9.959999999999999,0.0006344427006119702,0.0013494463005407908
SBILIFE,2013-03,4.236718224613315,2.8715534633490245,4.667114996637525,23.026315789473685,25.36549707602339,1.1728785791413783,0.0,173.5,Levered,-50047.0,-69.60639777468707,0.276836578917973,52.54416961130742,903.0,1.7936507936507937,1.5265635507733692,143.33333333333334,27.36,6.0,8.0,,INSUFFICIENT,,INSUFFICIENT,,INSUFFICIENT,,INSUFFICIENT,,INSUFFICIENT,,INSUFFICIENT,,INSUFFICIENT,,INSUFFICIENT,,INSUFFICIENT,,,,,SELF_FUNDED_REINVESTMENT,4.24,23.03,0.0032817753866849486,0.0036842105263161784
SBILIFE,2014-03,4.218333526480473,2.9609456483949472,4.757214045659984,21.69249106078665,24.463647199046484,1.2005277044854883,0.0,164.2,Levered,-56275.0,-65.74182242990655,0.2845976253298153,56.76973684210526,-542.0,0.22802197802197802,4.102445242785954,-74.45054945054946,33.56,7.0,14.0,,INSUFFICIENT,,INSUFFICIENT,,INSUFFICIENT,,INSUFFICIENT,,INSUFFICIENT,,INSUFFICIENT,,INSUFFICIENT,,INSUFFICIENT,,INSUFFICIENT,,,,,SELF_FUNDED_REINVESTMENT,4.22,21.69,0.0016664735195268676,0.0024910607866495127
SBILIFE,2015-03,3.4830548314030514,3.3933074062994146,4.030086755844267,20.09368836291913,23.24950690335306,1.0995534329002576,0.0,235.75,Levered,-69385.0,-71.01842374616172,0.31568651259427155,80.13356164383562,2533.0,3.3263803680981594,0.7607162699260652,310.79754601226995,40.56,8.0,15.0,,INSUFFICIENT,,INSUFFICIENT,,INSUFFICIENT,,INSUFFICIENT,,INSUFFICIENT,,INSUFFICIENT,,INSUFFICIENT,,INSUFFICIENT,,INSUFFICIENT,,,,,SELF_FUNDED_REINVESTMENT,3.48,20.09,0.0030548314030514057,0.0036883629191315492
SBILIFE,2016-03,4.367625750362244,4.760919064375906,5.237010970813496,17.832241707162478,21.38178744982041,1.0116386388426086,0.0,202.4,Levered,-77843.0,-74.20686367969495,0.23162209783168922,64.19933554817275,-1426.0,6.845971563981043,37.280066238873935,-168.95734597156397,47.33,8.0,14.0,9.12611314269931,OK,,INSUFFICIENT,,INSUFFICIENT,10.238670196813192,OK,,INSUFFICIENT,,INSUFFICIENT,10.064241629820891,OK,,INSUFFICIENT,,INSUFFICIENT,,,,,SELF_FUNDED_REINVESTMENT,4.37,17.83,0.0023742496377563427,0.0022417071624794005
SBILIFE,2017-03,3.1262275762734055,3.496137226659683,3.794029069006154,17.201008645533143,20.875360230547553,0.9340766823161188,0.0,231.8,Levered,-95830.0,-79.39519469759735,0.2987871674491393,60.252465483234715,-507.0,8.926701570680628,29.56658373706953,-53.089005235602095,55.52,10.0,16.0,20.966218859038644,OK,,INSUFFICIENT,,INSUFFICIENT,9.468877314238577,OK,,INSUFFICIENT,,INSUFFICIENT,12.624788044360603,OK,,INSUFFICIENT,,INSUFFICIENT,,,,,SELF_FUNDED_REINVESTMENT,3.13,17.2,0.003772423726594365,0.0010086455331439481
SBILIFE,2018-03,3.3756017377010687,3.9098274040154988,4.191616766467066,17.61642156862745,21.875,0.9447913243509694,0.0,238.0,Levered,-114436.0,-76.95763281775386,0.2798882681564246,66.6692759295499,1485.0,9.039130434782608,26.153575202536107,129.13043478260872,65.28,12.0,17.0,13.33997531496387,OK,18.034002454357513,OK,,INSUFFICIENT,12.16225803614428,OK,12.790223745197359,OK,,INSUFFICIENT,14.471424255333186,OK,14.869835499703509,OK,,INSUFFICIENT,,,,,SELF_FUNDED_REINVESTMENT,3.38,17.62,0.004398262298931144,0.0035784313725493178
SBILIFE,2019-03,2.9750695004932295,3.304636355483813,3.699219800914716,17.51583949313622,21.779303062302006,0.9043575449452751,0.0,206.25,Levered,-139325.0,-79.97990815154995,0.30397862799351205,79.22557726465364,-79.0,10.152976639035419,30.382925298179536,-5.953278070836474,75.76,13.0,15.0,32.157635372902035,OK,20.914022283789848,OK,,INSUFFICIENT,16.281196551717002,OK,12.75814138877427,OK,,INSUFFICIENT,17.566734386037865,OK,13.179836563100178,OK,,INSUFFICIENT,370.2224943481537,64.84757787750792,360.0906888633754,-0.01608027108487381,SELF_FUNDED_REINVESTMENT,2.98,17.52,0.0049304995067704915,0.00416050686378
SBILIFE,2020-03,3.246723594684689,3.0846157358783506,4.0869446093428925,16.264440123527393,20.47352167448244,0.8587993719048195,0.0,,Debt Free,-158813.0,-84.51995742416179,0.26451262229737893,77.10915492957747,2313.0,13.571729957805907,38.78259281245719,162.65822784810126,87.43,14.0,0.0,12.760544874167046,OK,13.357796775948216,OK,,INSUFFICIENT,14.191052254509874,OK,11.775957166118744,OK,,INSUFFICIENT,11.868894208139679,OK,11.842691472014465,OK,,INSUFFICIENT,439.74120253164557,71.52144458423882,353.1552315061203,0.3698953541575302,SELF_FUNDED_REINVESTMENT,3.25,16.26,0.0032764053153111483,0.004440123527391648
SBILIFE,2021-03,1.7774956356133946,1.0645440894607694,2.0021242049491534,14.000000000000002,15.769230769230768,0.641890402504078,0.0,,Debt Free,-218756.0,-125.794134560092,0.36112066305162455,145.23581560283688,4675.0,16.399725274725274,23.443165309535726,321.08516483516485,104.0,15.0,17.0,33.96830556888257,OK,33.49074616664105,OK,,INSUFFICIENT,8.181876796257548,OK,11.522831061243789,OK,,INSUFFICIENT,7.721734501594191,OK,13.396657763302722,OK,,INSUFFICIENT,449.46309065934065,62.924832692307696,353.6006555491662,0.7143749320197759,EXPANSION_WITH_EXTERNAL_CAPITAL,1.78,14.0,0.0025043643866053955,1.7763568394002505e-15
SBILIFE,2022-03,1.8148295434004555,0.8796982514490921,2.0329465071159154,12.958182756840475,14.515573911547067,0.5509682187190171,0.0,,Debt Free,-264437.0,-150.077752553916,0.3035922688841979,90.29706202393906,241.0,14.50996015936255,26.04268344118675,16.002656042496678,116.22,15.0,13.0,22.990558812047702,OK,22.124070110590345,OK,,INSUFFICIENT,4.3080955924506,OK,9.537877158191499,OK,,INSUFFICIENT,4.885624628838681,OK,8.447177119769854,OK,,INSUFFICIENT,519.0178486055777,67.25528136293237,413.233649262202,0.03083257364942325,SELF_FUNDED_REINVESTMENT,1.81,12.96,0.004829543400455494,0.0018172431595253613
SBILIFE,2023-03,2.1342824544868297,0.15129718736048417,2.3761099260876035,13.220156706099248,14.71808265478568,0.547045604086472,0.0,191.6,Levered,-303988.0,-153.21975806451613,0.2563135928594814,93.00576701268743,-1547.0,16.650784427658337,37.455974998759864,-89.88959907030795,130.04995004995007,17.0,15.0,22.562675336949468,OK,18.80547842049878,OK,18.41911218834682,OK,6.568067729851812,OK,8.396836061922741,OK,10.571711539144335,OK,6.685884434218181,OK,7.214502590085092,OK,10.97617886603237,OK,408.6450668216154,54.02351820556153,331.57871471774195,-0.21996986228038132,SELF_FUNDED_REINVESTMENT,2.13,13.22,0.004282454486829845,0.00015670609924711698
SBILIFE,2024-03,1.4349789374791648,0.18638058005273206,1.5812043519107797,12.704588140595655,13.999195063053394,0.4755221579767963,0.0,231.88888888888889,Levered,-384943.0,-177.9671752196024,0.33137919000549837,110.17362270450751,-2099.0,15.375923970432947,23.6544231293754,-110.82365364308342,148.93106893106895,19.0,14.0,17.235877577119997,OK,24.231614182367544,OK,22.56159335451695,OK,9.162347526806492,OK,7.374662152227485,OK,10.03348279743188,OK,8.198385552319753,OK,7.8852443962371455,OK,10.500834061722086,OK,467.8446198521647,59.437732090152934,507.42196486361536,-0.23688132542403253,SELF_FUNDED_REINVESTMENT,1.43,12.7,0.004978937479164891,0.004588140595656043
SHREECEM,2013-06,18.530823181985973,28.811369509043928,24.215577703949798,26.11862643080125,25.565081839438815,16.2987012987013,0.3350676378772112,6.7979274611398965,Levered,-915.0,-0.5234553775743707,0.8795454545454545,3.04040404040404,990.0,1.254980079681275,4.983388704318937,98.60557768924303,1098.2857142857142,288.0,7.0,,INSUFFICIENT,,INSUFFICIENT,,INSUFFICIENT,,INSUFFICIENT,,INSUFFICIENT,,INSUFFICIENT,,INSUFFICIENT,,INSUFFICIENT,,INSUFFICIENT,,,,,SELF_FUNDED_REINVESTMENT,18.53,26.12,0.0008231819859716438,0.0013735691987513121
SHREECEM,2014-06,13.770778652668417,24.32195975503062,16.517935258092738,16.705582678836763,15.970225004229402,10.738163460226497,0.25472298874973465,7.317829457364341,Levered,-1044.0,-0.6987951807228916,0.7797789602947196,2.604831358249772,167.0,1.7801778907242694,21.592300962379703,21.21982210927573,1346.0,226.0,10.0,,INSUFFICIENT,,INSUFFICIENT,,INSUFFICIENT,,INSUFFICIENT,,INSUFFICIENT,,INSUFFICIENT,,INSUFFICIENT,,INSUFFICIENT,,INSUFFICIENT,,,,,SELF_FUNDED_REINVESTMENT,13.77,16.71,0.0007786526684174788,0.004417321163238341
SHREECEM,2015-06,6.806199073334398,21.47307876657613,8.339990413804122,8.074298711144806,8.42887130631358,5.326331582895724,0.17380591357088704,4.31404958677686,Levered,-745.0,-0.5148583275742916,0.7825706426606651,2.083555259653795,249.0,2.908450704225352,15.817223198594025,58.45070422535211,1507.4285714285713,122.0,20.0,,INSUFFICIENT,,INSUFFICIENT,,INSUFFICIENT,,INSUFFICIENT,,INSUFFICIENT,,INSUFFICIENT,,INSUFFICIENT,,INSUFFICIENT,,INSUFFICIENT,,,,,SELF_FUNDED_REINVESTMENT,6.81,8.07,0.0038009266656011675,0.0042987111448056226
SHREECEM,2017-03,15.580637654177332,29.24133116127531,19.31580172213172,17.394128345024683,18.46290735179624,11.99176070213147,0.16796570537802027,12.868217054263566,Levered,-2749.0,-0.9561739130434782,0.769657890023285,3.306656406310119,154.0,1.6445108289768484,23.830579474051664,11.501120238984317,2199.4285714285716,384.0,36.0,14.567043229101962,OK,,INSUFFICIENT,,INSUFFICIENT,19.381018992893416,OK,,INSUFFICIENT,,INSUFFICIENT,19.327606190028135,OK,,INSUFFICIENT,,INSUFFICIENT,,,,,SELF_FUNDED_REINVESTMENT,15.58,17.39,0.000637654177332081,0.0041283450246822895
SHREECEM,2018-03,14.075053391640393,25.15000508491813,19.953218753178074,15.55580532763853,15.951219512195122,9.140140007924977,0.3824884792626728,14.533333333333333,Levered,-2031.0,-0.7098916462775253,0.649385814291375,2.7397603789356366,-1716.0,1.3576589595375723,36.560561374961864,-123.98843930635839,2542.0,397.0,13.0,16.25019655633777,OK,12.65991200677763,OK,,INSUFFICIENT,48.106969950003496,OK,6.630261792239867,OK,,INSUFFICIENT,48.18704074005345,OK,6.630047777528425,OK,,INSUFFICIENT,,,,,EXPANSION_WITH_EXTERNAL_CAPITAL,14.08,15.56,0.004946608359606586,0.004194672361469642
SHREECEM,2019-03,8.084428514536041,22.277976901632815,11.103146156909597,10.495295212490953,11.175244508577842,6.551345769056994,0.2898355909419915,5.620967741935484,Levered,517.0,0.18039078855547802,0.810365971729168,2.030896150113232,1360.0,2.0492610837438425,5.734767025089606,133.99014778325122,2763.1428571428573,289.0,21.0,31.557814982381615,OK,17.04694867780463,OK,,INSUFFICIENT,-3.8815842675246404,OK,5.219991403224067,OK,,INSUFFICIENT,-4.1317794449036604,OK,5.0407661395103665,OK,,INSUFFICIENT,1139.2682660098521,119.5695677799607,482.1741939986043,0.11761070836505903,SELF_FUNDED_REINVESTMENT,8.08,10.5,0.004428514536041206,0.004704787509046682
SHREECEM,2020-03,11.998756605533105,29.305253341622628,17.290954305253344,11.72450451818665,13.637756665645112,7.741676694745286,0.2388943731490622,7.646048109965636,Levered,-3212.0,-0.7964294569799157,0.6452065784195748,2.087944183027746,-1617.0,2.573186528497409,43.44109418713087,-104.7279792746114,3658.0555555555557,426.0,26.0,14.403304116144877,OK,15.505115875457598,OK,,INSUFFICIENT,4.862990699644598,OK,29.374158914062964,OK,,INSUFFICIENT,3.5204437355713214,OK,28.41328431421859,OK,,INSUFFICIENT,887.3759196891191,104.04042979725111,440.2034763203571,-0.1180198571438602,EXPANSION_WITH_EXTERNAL_CAPITAL,12.0,11.72,0.0012433944668952535,0.004504518186649875
SHREECEM,2021-03,17.234513274336283,30.169616519174042,24.004424778761063,15.17828148340586,18.465989674930505,10.863198995955933,0.14483340910566994,12.96812749003984,Levered,-6270.0,-1.3880894398937347,0.6303165527820388,2.1814671814671813,1603.0,1.8202824133504494,19.55014749262537,68.59221223791185,4276.944444444444,646.0,9.0,11.307531177630858,OK,19.717760896069713,OK,,INSUFFICIENT,19.080561577951748,OK,15.37786448689804,OK,,INSUFFICIENT,17.619863324237993,OK,14.517467399637262,OK,,INSUFFICIENT,671.3419298245615,101.89816782490097,400.04323887535975,0.10217179829038346,SELF_FUNDED_REINVESTMENT,17.23,15.18,0.004513274336282791,0.0017185165941402403
SHREECEM,2022-03,8.454363757495004,24.716855429713526,21.019320453031312,7.268041237113403,16.105977844708764,5.343382879279127,0.12193585337915235,11.996197718631178,Levered,-6904.0,-1.605208091141595,0.6320266116468062,2.0612469101895083,525.0,2.102442868400315,14.277148567621586,41.371158392434985,4850.0,352.0,14.0,6.134030811830393,OK,11.79878108764747,OK,,INSUFFICIENT,7.728809356106958,OK,-1.068132079337214,OK,,INSUFFICIENT,6.794349214527684,OK,-1.7251730343853966,OK,,INSUFFICIENT,1522.5067218282113,110.65641638029783,425.6115043013253,0.027173054673122823,SELF_FUNDED_REINVESTMENT,8.450000000000001,7.27,0.004363757495003284,0.0019587628865966877
SHREECEM,2023-03,13.270221823885278,16.580775263275825,9.84763611920233,12.711955355226442,8.229951781283647,8.99597478544847,0.14622236531444516,6.684410646387833,Levered,-5958.0,-1.7426147996490202,0.6779068884332042,2.386311990375618,164.0,1.084423807513719,13.471879901411606,6.922752216124947,5176.666666666667,664.0,28.0,11.530061577037909,OK,12.66789173934042,OK,12.663901802410704,OK,15.3380456562489,OK,11.348864890629384,OK,8.964024400517424,OK,15.945214071852764,OK,10.834639879628272,OK,8.712018405371902,OK,1019.1727775432672,129.55678847392144,891.1245159403335,0.006792520727263099,SELF_FUNDED_REINVESTMENT,13.27,12.71,0.00022182388527802743,0.001955355226440858
SHREECEM,2024-03,8.445007553238145,22.01647093221578,15.67662394620145,8.370767521615225,14.387942215662598,6.205908683974934,0.07998840747717723,12.468992248062015,Levered,-5900.0,-1.153695737192022,0.7348612354521038,2.139610051089563,1929.0,1.93133294864397,6.9099946396374445,111.30986728216965,5750.833333333333,480.0,16.0,14.809971802418321,OK,10.325615915556586,OK,13.636599315164899,OK,-9.486515671324725,OK,11.2926552609119,OK,8.213734016506091,OK,-9.426133758215006,OK,10.67987982673917,OK,7.823463927058194,OK,1820.1721465666474,152.3623788822876,569.2382675009777,0.06115348347250073,SELF_FUNDED_REINVESTMENT,8.450000000000001,8.37,0.004992446761855618,0.0007675216152254194
SHRIRAMFIN,2013-03,20.873163076045085,31.088600370951635,74.97503210158368,19.937312619242302,12.903938709360574,3.0947243728053473,4.549741073862088,1.6995472186287193,Levered,30106.0,5.704054566123531,0.1482633159876465,97.34722222222223,-8400.0,-5.713602187286398,0.5849621914681125,-574.1626794258373,64.65198237885463,12.0,11.0,,INSUFFICIENT,,INSUFFICIENT,,INSUFFICIENT,,INSUFFICIENT,,INSUFFICIENT,,INSUFFICIENT,,INSUFFICIENT,,INSUFFICIENT,,INSUFFICIENT,,,,,EXTERNALLY_FUNDED_INVESTMENT,20.87,19.94,0.0031630760450838125,0.0026873807576990316
SHRIRAMFIN,2014-03,16.021708352996697,23.58423784804153,73.18310523831997,15.957696827262044,13.158676283411117,2.5949705724986623,4.539365452408931,1.4653909756673753,Levered,36195.0,5.804201411161,0.16196590995948942,54.68387096774194,-4167.0,-2.9860088365243005,1.321378008494573,-306.8483063328424,74.97797356828194,11.0,12.0,,INSUFFICIENT,,INSUFFICIENT,,INSUFFICIENT,,INSUFFICIENT,,INSUFFICIENT,,INSUFFICIENT,,INSUFFICIENT,,INSUFFICIENT,,INSUFFICIENT,,,,,EXTERNALLY_FUNDED_INVESTMENT,16.02,15.96,0.0017083529966974709,0.0023031727379567712
SHRIRAMFIN,2015-03,11.201917838073443,18.426501035196686,69.26010678871091,11.094323332613858,11.357909973016922,1.6539563020883612,5.039391323116771,1.350616234594135,Levered,43658.0,6.822628535708705,0.14764938700646782,59.59090909090909,-9656.0,-9.349221789883268,0.49035632559660014,-939.2996108949417,81.63876651982379,8.0,22.0,,INSUFFICIENT,,INSUFFICIENT,,INSUFFICIENT,,INSUFFICIENT,,INSUFFICIENT,,INSUFFICIENT,,INSUFFICIENT,,INSUFFICIENT,,INSUFFICIENT,,,,,EXTERNALLY_FUNDED_INVESTMENT,11.2,11.09,0.0019178380734441447,0.0043233326138576444
SHRIRAMFIN,2016-03,11.429674679023073,17.607877208224732,66.38671686456222,11.635220125786164,11.468165293666411,1.7408436622410421,4.892885220125786,1.3516116352201257,Levered,48450.0,7.006507592190889,0.15230911737461955,68.15131578947368,-5543.0,-4.6511824324324325,0.3475238922675934,-468.15878378378375,89.65638766519824,9.0,19.0,13.907920735704039,OK,,INSUFFICIENT,,INSUFFICIENT,-6.810039978644056,OK,,INSUFFICIENT,,INSUFFICIENT,-9.143970358393016,OK,,INSUFFICIENT,,INSUFFICIENT,,,,,EXTERNALLY_FUNDED_INVESTMENT,11.43,11.64,0.00032532097692694606,0.004779874213836521
SHRIRAMFIN,2017-03,11.611483078051913,18.08676511052004,65.64248372007704,11.17190257677374,11.111283611749363,1.7005614808048786,4.684080480056477,1.3713355048859934,Levered,51562.0,7.169354838709677,0.1464551486983854,80.16911764705883,-2679.0,-2.1145339652448656,0.01834357516279923,-211.61137440758293,99.84140969162996,10.0,7.0,8.755614848577654,OK,,INSUFFICIENT,,INSUFFICIENT,-2.3112291423315057,OK,,INSUFFICIENT,,INSUFFICIENT,-3.1270693848535758,OK,,INSUFFICIENT,,INSUFFICIENT,,,,,EXTERNALLY_FUNDED_INVESTMENT,11.61,11.17,0.001483078051913722,0.001902576773739284
SHRIRAMFIN,2018-03,18.878684639312695,28.181010220708043,76.32202636646423,18.619430241051862,10.754427526325127,2.6181183237469186,5.999342585829072,1.6078951474489,Levered,79675.0,7.704022432798298,0.1386811832374692,110.67213114754098,-13142.0,-5.155747351902707,0.0,-515.5747351902706,120.61674008810573,20.0,10.0,13.736307343403208,OK,14.011434159366654,OK,,INSUFFICIENT,35.35020158792932,OK,11.744228615295228,OK,,INSUFFICIENT,35.72088082974532,OK,10.756634324829006,OK,,INSUFFICIENT,,,,,RESTRUCTURING_WITH_EXTERNAL_SUPPORT,18.88,18.62,0.0013153606873039791,0.000569758948138599
SHRIRAMFIN,2019-03,16.580844490216272,24.465756951596294,73.00463439752832,16.13731754682704,10.918682672776457,2.443582276439731,5.507360771784752,1.4994711792702273,Levered,83788.0,7.359508124725516,0.14737381306975023,105.68707482993197,-5611.0,-2.1486801242236027,0.48918640576725025,-217.81832298136646,140.6431718061674,20.0,11.0,14.465284797216626,OK,12.88328854393026,OK,,INSUFFICIENT,29.578033710946094,OK,13.660409851906241,OK,,INSUFFICIENT,30.49558803896213,OK,12.700920209792542,OK,,INSUFFICIENT,230.93904891304348,37.26736766272004,56.49189547650417,-0.9431853296641165,EXTERNALLY_FUNDED_INVESTMENT,16.58,16.14,0.0008444902162736412,0.00268245317296234
SHRIRAMFIN,2020-03,15.168166173540246,21.526477869693856,70.96189843608478,13.84632344835189,10.411332689564748,2.1983792204155215,5.221860875316944,1.4136894021412245,Levered,91799.0,7.718742117211805,0.14493375107205994,33.86707566462168,-2519.0,-0.9808917197452229,0.3321055491818127,-100.27866242038218,159.84140969162996,20.0,5.0,14.951201510418443,OK,12.532292167201753,OK,,INSUFFICIENT,25.65949492839823,OK,19.56534025314376,OK,,INSUFFICIENT,25.99210498948732,OK,20.11244339814313,OK,,INSUFFICIENT,204.31980891719743,28.290781611729688,52.34515597410241,-0.49079265956548074,EXTERNALLY_FUNDED_INVESTMENT,15.17,13.85,0.001833826459753496,0.0036765516481089833
SHRIRAMFIN,2021-03,14.343932958328551,19.527034783606933,70.98496154287682,11.50711424229866,9.641907642889999,1.9236394426910937,4.906110420407975,1.360655737704918,Levered,103199.0,8.253278950735764,0.13410822877376646,39.86727688787185,-4264.0,-1.6962785114045618,0.14349672827459534,-170.62825130052022,171.67588932806325,18.0,18.0,8.867930802405022,OK,10.957339615615979,OK,,INSUFFICIENT,-0.6581736045456754,OK,16.113552024963205,OK,,INSUFFICIENT,-3.451061539437028,OK,14.869835499703509,OK,,INSUFFICIENT,260.9671468587435,30.029787723902935,66.78235364683302,-0.653830389588763,EXTERNALLY_FUNDED_INVESTMENT,14.34,11.51,0.00393295832855145,0.002885757701339031
SHRIRAMFIN,2022-03,14.131394443001819,19.03921059465074,69.18722409763699,10.427284920482851,9.452182118758913,1.9125875108949308,4.401073002490898,1.3631433541389542,Levered,107875.0,8.016274058111021,0.13534315517192905,46.06459330143541,-8893.0,-3.2557883131201764,0.1765775123344586,-326.82837192208746,192.5830258302583,20.0,20.0,7.41578421475495,OK,12.046811444085236,OK,,INSUFFICIENT,1.842150434587042,OK,16.53569410007547,OK,,INSUFFICIENT,0.0,OK,14.869835499703509,OK,,INSUFFICIENT,299.9300183755972,31.274557578080092,61.745321394070004,-1.0896820988181515,EXTERNALLY_FUNDED_INVESTMENT,14.13,10.43,0.0013944430018177911,0.0027150795171486664
SHRIRAMFIN,2023-03,19.742883379247015,28.856749311294767,69.52971271153089,13.835263835263836,10.206822842947515,2.8588660464541986,3.7737175951461666,1.6324786324786325,Levered,156772.0,7.1907164480322905,0.14480488951574988,8.210016155088853,-17625.0,-2.9277408637873754,0.0,-292.77408637873754,232.68449197860963,32.0,22.0,22.564994850987507,OK,17.694877574792244,OK,15.838515984594448,OK,33.82141531523914,OK,18.753202713907747,OK,15.195421058570746,OK,16.96070952851465,OK,9.856054330611785,OK,10.30542524220699,OK,119.7704684385382,16.570560305203163,40.18603522612604,-2.4444597253034743,RESTRUCTURING_WITH_EXTERNAL_SUPPORT,19.74,13.84,0.0028833792470166486,0.004736164736163673
SHRIRAMFIN,2024-03,20.333626470264925,28.918874354182698,70.20995932725074,15.116350338120824,10.451516304414527,2.9802711607711085,3.994034363699512,1.6389530408006159,Levered,186024.0,7.117539026629935,0.14656859980827017,9.78698224852071,-31359.0,-4.203405865657522,0.7090249532813014,-423.8275442627382,260.3563829787234,39.0,23.0,27.82625310142639,OK,18.556070052776754,OK,15.684912864219292,OK,43.59376752249222,OK,23.49387942502037,OK,18.47516596168881,OK,29.398934610938454,OK,14.289655141156077,OK,13.492507703672384,OK,117.43931206919854,17.752537847059063,42.01195286195286,-3.608906905151208,EXTERNALLY_FUNDED_INVESTMENT,20.33,15.12,0.0036264702649262404,0.0036496618791748148
SIEMENS,2011-09,7.26056043496445,9.795064826432455,11.007946465913845,22.746331236897273,34.48637316561845,8.544989171096674,0.0,50.61538461538461,Levered,0.0,0.0,1.1769049025398701,10.226689478186485,3.0,0.0034562211981566822,0.0,0.3456221198156682,112.23529411764706,,24.0,,INSUFFICIENT,,INSUFFICIENT,,INSUFFICIENT,,INSUFFICIENT,,INSUFFICIENT,,INSUFFICIENT,,INSUFFICIENT,,INSUFFICIENT,,INSUFFICIENT,,,,,ASSET_MONETISATION_AND_DELEVERAGING,7.26,22.75,0.0005604349644503515,0.003668763102727013
SIEMENS,2014-09,5.6471249297621275,1.1144409065368046,8.19441843041768,13.782857142857145,20.0,5.860058309037901,0.0,28.225806451612904,Levered,-8.0,-0.007246376811594203,1.037706511175899,7.874631268436578,608.0,1.0082918739635158,0.0,100.82918739635159,123.2394366197183,17.0,35.0,,INSUFFICIENT,,INSUFFICIENT,,INSUFFICIENT,,INSUFFICIENT,,INSUFFICIENT,,INSUFFICIENT,,INSUFFICIENT,,INSUFFICIENT,,INSUFFICIENT,,,,,ASSET_MONETISATION_AND_DELEVERAGING,5.65,13.78,0.002875070237872812,0.002857142857145334
SIEMENS,2015-09,11.114266780270757,9.448073463978037,16.26431884881189,22.94313074066836,33.41112407623493,11.100605143721634,0.004885675200312683,57.266666666666666,Levered,-89.0,-0.04582904222451081,0.9987708018154312,7.5774748923959825,574.0,0.4889267461669506,0.0,48.89267461669506,144.14084507042253,33.0,30.0,,INSUFFICIENT,,INSUFFICIENT,,INSUFFICIENT,,INSUFFICIENT,,INSUFFICIENT,,INSUFFICIENT,,INSUFFICIENT,,INSUFFICIENT,,INSUFFICIENT,,,,,ASSET_MONETISATION_AND_DELEVERAGING,11.11,22.94,0.004266780270757664,0.00313074066835739
SIEMENS,2016-09,26.889360524130296,9.421426594075852,36.43997416259112,42.83404380420402,57.835383714118336,24.311696979809778,0.003674849331177422,359.0,Levered,-85.0,-0.020349533157768735,0.9041381611880527,8.832110839445802,513.0,0.17604667124227866,0.0,17.604667124227866,191.6338028169014,82.0,41.0,-3.2198039267691048,OK,,INSUFFICIENT,,INSUFFICIENT,49.734981780159096,OK,,INSUFFICIENT,,INSUFFICIENT,,INSUFFICIENT,,INSUFFICIENT,,INSUFFICIENT,,,,,ASSET_MONETISATION_AND_DELEVERAGING,26.89,42.83,0.0006394758697041425,0.0040438042040236155
SIEMENS,2017-09,10.275643922277451,9.543605964753727,15.15589697243561,14.785435630689205,21.8075422626788,8.654285279342364,0.0,209.625,Levered,0.0,0.0,0.8422134267011722,8.106227106227106,573.0,0.503957783641161,0.0,50.3957783641161,216.61971830985917,32.0,22.0,1.1937835029123933,OK,,INSUFFICIENT,,INSUFFICIENT,23.54193070579873,OK,,INSUFFICIENT,,INSUFFICIENT,23.47158379972165,OK,,INSUFFICIENT,,INSUFFICIENT,,,,,ASSET_MONETISATION_AND_DELEVERAGING,10.28,14.79,0.00435607772254798,0.004564369310793737
SIEMENS,2018-09,7.041813208284486,10.371238765142634,11.019929660023447,10.85672972647307,16.989998795035547,6.284877232142858,0.0,176.25,Levered,0.0,0.0,0.8925083705357143,9.265025343953656,-74.0,0.11098779134295228,1.3599062133645956,-8.213096559378469,233.77464788732394,25.0,28.0,6.598477888646781,OK,1.3673614071062712,OK,,INSUFFICIENT,-8.444262631263689,OK,0.7490623997655987,OK,,INSUFFICIENT,-8.839082067855198,OK,,INSUFFICIENT,,INSUFFICIENT,,,,,SELF_FUNDED_REINVESTMENT,7.04,10.86,0.0018132082844859454,0.0032702735269296568
SIEMENS,2019-09,8.399571996331396,11.38795475389789,12.916539284622438,12.144988396507902,18.676096806276938,7.15587967183227,0.0,140.83333333333334,Levered,0.0,0.0,0.8519338455528064,10.733388022969647,138.0,1.1583257506824385,8.674717211861815,12.556869881710647,254.90140845070422,31.0,23.0,6.482233989415653,OK,4.14780560352479,OK,,INSUFFICIENT,-27.75029996608148,OK,12.755069257055474,OK,,INSUFFICIENT,-27.69262194621529,OK,12.767137012376306,OK,,INSUFFICIENT,866.167770700637,105.19597524588352,541.1657702488089,0.014497041227421199,SELF_FUNDED_REINVESTMENT,8.4,12.14,0.0004280036686044042,0.004988396507901172
SIEMENS,2020-09,7.7317514578725115,10.08445606273879,10.71787653327971,8.1015592077539,11.230509903076275,4.848675914249685,0.0,35.53333333333333,Levered,0.0,0.0,0.6271122320302648,8.316053511705686,720.0,0.9362808842652796,0.0,93.62808842652795,267.38028169014086,22.0,32.0,-3.4914748224880943,OK,-1.1965214353366616,OK,,INSUFFICIENT,-12.221405026476695,OK,-8.113512860093364,OK,,INSUFFICIENT,-11.741291616848425,OK,-7.7892088518272224,OK,,INSUFFICIENT,1068.0166970091027,86.52600505689001,609.6922761760243,0.08766537891095345,ASSET_MONETISATION_AND_DELEVERAGING,7.73,8.1,0.0017514578725110752,0.0015592077538997273
SIEMENS,2021-09,8.25125018942264,11.001666919230187,11.183512653432338,10.52478979414323,14.259491836537533,6.04496253122398,0.0003865854837150865,61.5,Levered,1.0,0.0005640157924421884,0.7326117124618373,4.043504901960785,-967.0,1.3057851239669422,18.101227458705864,-88.79706152433425,291.46478873239437,31.0,26.0,1.0390555224739861,OK,4.020709132474987,OK,,INSUFFICIENT,6.520786136539347,OK,-17.868894894686548,OK,,INSUFFICIENT,7.433707098896636,OK,-17.679202652317393,OK,,INSUFFICIENT,836.7839485766758,88.06975161882671,630.8822165820643,-0.10611707081065937,SELF_FUNDED_REINVESTMENT,8.25,10.52,0.0012501894226399912,0.004789794143229997
SIEMENS,2022-09,9.561283926137069,11.525591770975337,12.572809517908043,13.290267011197244,17.206580732700136,7.673181162663484,0.015676141257536608,56.361111111111114,Levered,181.0,0.07715260017050299,0.8025262320354071,5.194077888638558,944.0,0.6338302009073234,0.21068286032965672,61.17952041477641,327.0422535211268,43.0,23.0,7.243190352062467,OK,7.839945218238031,OK,,INSUFFICIENT,11.975431464533193,OK,6.297020703908007,OK,,INSUFFICIENT,11.524149667113527,OK,6.087373042094901,OK,,INSUFFICIENT,571.6611924821775,75.97529888027562,418.92727621483374,0.10702059405000414,SELF_FUNDED_REINVESTMENT,9.56,13.29,0.001283926137068292,0.0002670111972449263
SIEMENS,2023-09,10.03375268487266,12.718625345197914,13.618696941802188,14.991976770841292,20.079927612728095,9.064030305830178,0.01337204859784519,115.78260869565217,Levered,174.0,0.058310991957104555,0.9033539684006283,6.436471362738644,641.0,0.7135575942915392,3.8815587603559374,32.67074413863404,368.6478873239437,55.0,18.0,25.274415560826657,OK,8.852664484885441,OK,5.043359528177049,OK,36.644101013409866,OK,16.840886231483097,OK,8.497049442736483,OK,35.72088082974532,OK,17.08049129648923,OK,,INSUFFICIENT,583.8669877675841,87.53320317872698,356.54611595174265,0.05595579956241517,SELF_FUNDED_REINVESTMENT,10.03,14.99,0.003752684872660339,0.001976770841292108
SIEMENS,2024-09,12.221223021582734,13.956834532374101,16.632194244604317,17.698769290877124,23.656945510360707,10.743507648523657,0.018167610861496385,61.65,Levered,278.0,0.06899975179945396,0.8790861298865568,7.146529562982005,1168.0,0.6144223693892568,2.2571942446043165,42.97277409860191,432.59154929577466,76.0,16.0,18.998700727442852,OK,11.193358902067896,OK,7.612937546261267,OK,35.646062247422265,OK,19.85339817550189,OK,16.250067578355253,OK,34.83955155292464,OK,19.643850003755613,OK,16.15461431239702,OK,438.3119757174393,77.57582535651494,314.8291288160834,0.09804152402695152,SELF_FUNDED_REINVESTMENT,12.22,17.7,0.0012230215827333524,0.001230709122875595
SUNPHARMA,2013-03,31.165214266463032,42.979067469230074,39.15191806666068,23.142094729819878,28.57704918032787,17.024095794277862,0.01734489659773182,101.34883720930233,Levered,-2152.0,-0.4584576054537708,0.5462531285272612,1.9711351159907915,982.0,0.9677140386278467,21.336807115263678,28.307869703084464,144.1346153846154,14.0,9.0,,INSUFFICIENT,,INSUFFICIENT,,INSUFFICIENT,,INSUFFICIENT,,INSUFFICIENT,,INSUFFICIENT,,INSUFFICIENT,,INSUFFICIENT,,INSUFFICIENT,,,,,SELF_FUNDED_REINVESTMENT,31.17,23.14,0.004785733536969872,0.002094729819877017
SUNPHARMA,2014-03,24.12313432835821,43.55099502487562,28.762437810945272,20.939271255060728,21.933984634354548,13.332187661110156,0.13824561403508773,105.11363636363636,Levered,-225.0,-0.04469606674612634,0.5526722804605603,2.3588088602024353,1783.0,1.0206238721319927,13.532338308457712,45.965455014178914,89.4927536231884,15.0,10.0,,INSUFFICIENT,,INSUFFICIENT,,INSUFFICIENT,,INSUFFICIENT,,INSUFFICIENT,,INSUFFICIENT,,INSUFFICIENT,,INSUFFICIENT,,INSUFFICIENT,,,,,EXPANSION_WITH_EXTERNAL_CAPITAL,24.12,20.94,0.0031343283582074832,0.0007287449392734402
SUNPHARMA,2015-03,19.99123831775701,28.818633177570092,25.489193925233643,21.358920352601608,20.159380955130796,11.239045214785625,0.35088540447772837,12.058721934369602,Levered,6280.0,0.7680078268313563,0.5621985509923445,2.159911685853966,4114.0,1.0255661066471877,5.483352803738318,75.12783053323594,123.85507246376811,22.0,14.0,,INSUFFICIENT,,INSUFFICIENT,,INSUFFICIENT,,INSUFFICIENT,,INSUFFICIENT,,INSUFFICIENT,,INSUFFICIENT,,INSUFFICIENT,,INSUFFICIENT,,,,,SELF_FUNDED_REINVESTMENT,19.99,21.36,0.0012383177570107762,0.0010796473983916144
SUNPHARMA,2016-03,19.861691297784954,28.693790149892934,24.902587145013516,17.154291604766094,17.10221793635487,10.207837194197879,0.25761756056150137,13.564053537284895,Levered,6667.0,0.8198475159862273,0.5139460200620625,1.7947958669354838,2737.0,1.1816896429833863,13.862463579878542,48.3739837398374,136.85892116182572,19.0,5.0,36.784696435759166,OK,,INSUFFICIENT,,INSUFFICIENT,17.711677206135334,OK,,INSUFFICIENT,,INSUFFICIENT,10.715524489384997,OK,,INSUFFICIENT,,INSUFFICIENT,,,,,SELF_FUNDED_REINVESTMENT,19.86,17.15,0.001691297784955026,0.004291604766095247
SUNPHARMA,2017-03,24.846412059028438,31.99062638545823,29.91956425359427,21.413755458515286,20.330521604406954,12.842294786807432,0.2683406113537118,23.62,Levered,8640.0,0.8064967796135536,0.5168671740731647,1.7865912305516265,2896.0,0.9026255416772878,13.256064348597125,36.91052765740505,152.66666666666666,29.0,12.0,25.22744658989391,OK,,INSUFFICIENT,,INSUFFICIENT,26.46669663064487,OK,,INSUFFICIENT,,INSUFFICIENT,24.576343521467958,OK,,INSUFFICIENT,,INSUFFICIENT,,,,,SELF_FUNDED_REINVESTMENT,24.85,21.41,0.0035879409715633415,0.0037554585152861364
SUNPHARMA,2018-03,9.596436256559326,21.257880629695343,15.089282343614329,6.634650519392389,8.207560730199798,3.9535281583899717,0.2710497468288354,7.716216216216216,Levered,3242.0,0.5897762415863198,0.4119787859464672,1.4050283774465602,803.0,1.536978756884343,11.718071652384008,31.589299763965386,159.64166666666668,9.0,23.0,-1.111162061551163,OK,18.934068669904768,OK,,INSUFFICIENT,-22.570931319614473,OK,-6.028913273042247,OK,,INSUFFICIENT,-25.76535952600708,OK,-8.457473433049822,OK,,INSUFFICIENT,,,,,SELF_FUNDED_REINVESTMENT,9.6,6.63,0.0035637434406741164,0.004650519392389363
SUNPHARMA,2019-03,11.036950388770386,21.939723388151105,15.017546273997109,7.747108116593012,8.406679121006105,4.96671311348506,0.25390615566664254,7.864864864864865,Levered,2611.0,0.4267734553775744,0.4500077411363988,1.3310436415258506,1886.0,0.6845386533665836,1.0665382233537466,58.790523690773064,172.5375,11.0,25.0,0.6729630665407882,OK,12.569268760264052,OK,,INSUFFICIENT,-17.23301430719112,OK,-3.7273522971935424,OK,,INSUFFICIENT,-16.654972401380764,OK,-6.014623565001143,OK,,INSUFFICIENT,236.4753397755611,18.320000241493396,157.04068486433476,0.2486116469758377,SELF_FUNDED_REINVESTMENT,11.04,7.75,0.003049611229613447,0.002891883406988427
SUNPHARMA,2020-03,12.704793227358548,21.264997868323285,16.179426274438153,9.216834198608197,9.916013437849944,6.117840279203449,0.18369601237158953,17.534653465346533,Levered,-1828.0,-0.24816725495519956,0.48153796521688125,1.4373003020090165,4330.0,1.571188878235858,6.775686704427796,103.78715244487056,188.60416666666666,16.0,25.0,1.3127318460437687,OK,3.6932749659858377,OK,,INSUFFICIENT,-18.985019465835016,OK,-5.294288306122463,OK,,INSUFFICIENT,-17.982348736861454,OK,-6.170487402194635,OK,,INSUFFICIENT,171.2150095877277,15.78060355683199,92.07195492804779,0.6061802215517312,SELF_FUNDED_REINVESTMENT,12.7,9.22,0.004793227358549146,0.0031658013918036687
SUNPHARMA,2021-03,6.782494477282226,25.285091647262526,8.776643381694429,4.889912403417773,5.841214336803624,3.359853302179764,0.08327055936982115,20.851063829787233,Levered,-5743.0,-1.14402390438247,0.4953713288574724,1.5542151904607246,6170.0,2.715669014084507,0.0,271.5669014084507,193.59583333333333,12.0,62.0,8.139520190442262,OK,3.2938423054365673,OK,,INSUFFICIENT,-3.673837205125996,OK,-16.680035395059534,OK,,INSUFFICIENT,10.064241629820891,OK,-8.780953350850574,OK,,INSUFFICIENT,349.86295774647886,17.107992165809353,144.8171015936255,0.776209356822611,ASSET_MONETISATION_AND_DELEVERAGING,6.78,4.89,0.0024944772822257377,8.759658222690092e-05
SUNPHARMA,2022-03,8.767527293423708,26.538003828840484,11.921146582501164,7.0587990252233865,9.346666396219144,4.856970878238935,0.02686884255691404,36.28346456692913,Levered,-11559.0,-1.7119372037914693,0.5539727126805778,1.7054489300683875,3429.0,2.6512245500147538,14.37367413463031,101.18028917084685,200.04583333333332,14.0,73.0,9.968860363153143,OK,4.126666314649863,OK,,INSUFFICIENT,1.846412653809848,OK,-15.455637638926811,OK,,INSUFFICIENT,8.37067626618271,OK,-13.55378004868154,OK,,INSUFFICIENT,239.7677604012983,16.92472433400679,122.36604117298579,0.4219928859555673,SELF_FUNDED_REINVESTMENT,8.77,7.06,0.0024727065762917277,0.001200974776613073
SUNPHARMA,2023-03,19.39798569019733,26.546051132479608,21.82928496559267,15.20314313778016,15.23512666783289,10.547378332837743,0.12297526564871863,55.69767441860465,Levered,-7938.0,-0.6555454620530184,0.5437357518089008,1.8236442966964472,-2261.0,0.5825208504639963,16.451715809141866,-26.55937977211324,233.3125,35.0,33.0,10.14964456279115,OK,10.62469519395506,OK,14.70416337162803,OK,26.8370437626152,OK,27.34485916122502,OK,9.392571980330079,OK,29.81235254627761,OK,31.20944756784505,OK,9.595822638521723,OK,125.00439210619052,19.004596660416105,107.23331488975143,-0.21246757273577394,EXPANSION_WITH_EXTERNAL_CAPITAL,19.4,15.2,0.002014309802667924,0.0031431377801602878
SUNPHARMA,2024-03,19.815658700538176,26.84289749881436,23.35402189826175,15.094161810671148,16.919376764613613,11.2650630655976,0.051423814535002436,47.588235294117645,Levered,-11752.0,-0.8465029172369084,0.5684929901064378,2.08939726853647,11372.0,1.2627471383975026,1.5732931933934058,118.3350676378772,265.27916666666664,40.0,34.0,13.126755589483485,OK,10.78116321985565,OK,11.67163711556578,OK,61.722961970425125,OK,24.536829642931245,OK,9.496531115092143,OK,49.380158218572156,OK,29.45936165164078,OK,10.30542524220699,OK,139.3950145681582,21.040509054926414,91.05922062954693,0.8489189373413096,SELF_FUNDED_REINVESTMENT,19.82,15.09,0.004341299461824377,0.0041618106711478475
TATACONSUM,2013-03,6.0535981499115765,10.474765338049245,9.808189361991566,9.251559251559252,11.630908211001774,5.060268364794178,0.28877338877338876,8.583333333333334,Levered,811.0,0.9818401937046005,0.835910848305663,1.65787099684258,173.0,0.3887640449438202,0.0,38.87640449438202,77.58064516129032,6.0,36.0,,INSUFFICIENT,,INSUFFICIENT,,INSUFFICIENT,,INSUFFICIENT,,INSUFFICIENT,,INSUFFICIENT,,INSUFFICIENT,,INSUFFICIENT,,INSUFFICIENT,,,,,CASH_ACCUMULATION,6.05,9.25,0.003598149911576698,0.0015592515592519618
TATACONSUM,2014-03,6.590850348927371,9.7182734556733,10.261049366761437,8.719439220379552,10.896116371620694,5.145797598627787,0.24585399213540776,9.126436781609195,Levered,827.0,0.8959913326110509,0.7807486631016043,1.4935340667824744,421.0,0.8274509803921568,0.012923235978288964,82.54901960784314,94.33870967741936,7.0,29.0,,INSUFFICIENT,,INSUFFICIENT,,INSUFFICIENT,,INSUFFICIENT,,INSUFFICIENT,,INSUFFICIENT,,INSUFFICIENT,,INSUFFICIENT,,INSUFFICIENT,,,,,SELF_FUNDED_REINVESTMENT,6.59,8.72,0.0008503489273712361,0.0005607796204483151
TATACONSUM,2015-03,3.415488552483423,9.908670086325534,7.281371199799825,4.96996176952485,8.537479829837173,2.886445337280609,0.24103404332787184,7.097560975609756,Levered,702.0,0.9818181818181818,0.8451046732924509,1.6239333604225925,211.0,1.531135531135531,2.5897660452896285,77.2893772893773,88.59677419354838,4.0,6.0,,INSUFFICIENT,,INSUFFICIENT,,INSUFFICIENT,,INSUFFICIENT,,INSUFFICIENT,,INSUFFICIENT,,INSUFFICIENT,,INSUFFICIENT,,INSUFFICIENT,,,,,SELF_FUNDED_REINVESTMENT,3.42,4.97,0.004511447516577061,3.8230475150058396e-05
TATACONSUM,2016-03,-0.5574807895133344,5.514539701672443,4.324242880819647,-0.5922842964623019,3.7758189711880017,-0.3739262253663466,0.21674403713782617,2.452991452991453,Levered,-12.0,-0.0297029702970297,0.6707427993936331,1.4236379236379237,116.0,-3.135135135135135,0.0,-313.5135135135135,99.15873015873017,0.0,-999.0,-3.3485297241104828,OK,,INSUFFICIENT,,INSUFFICIENT,,DECLINE_TO_LOSS,,INSUFFICIENT,,INSUFFICIENT,-100.0,OK,,INSUFFICIENT,,INSUFFICIENT,,,,,ASSET_MONETISATION_AND_DELEVERAGING,-0.5599999999999999,-0.59,0.0025192104866655907,0.0022842964623018824
TATACONSUM,2017-03,6.710914454277287,11.666666666666666,10.398230088495575,7.262569832402235,9.997163925127623,4.763899068160402,0.12561851556264964,16.3953488372093,Levered,-664.0,-0.7990373044524669,0.7098733116951105,1.482615350973103,741.0,1.6285714285714286,0.0,162.85714285714286,99.44444444444444,6.0,38.0,-4.309904173920942,OK,,INSUFFICIENT,,INSUFFICIENT,-3.732341905258707,OK,,INSUFFICIENT,,INSUFFICIENT,-5.008574840700353,OK,,INSUFFICIENT,,INSUFFICIENT,,,,,ASSET_MONETISATION_AND_DELEVERAGING,6.710000000000001,7.26,0.0009144542772858699,0.0025698324022354058
TATACONSUM,2018-03,8.158473954512106,12.311078503301541,11.812179016874541,7.907836723083488,9.939498703543649,5.31497944747156,0.1518987341772152,15.48076923076923,Levered,-93.0,-0.10097719869706841,0.6514673549373865,1.4203834931221342,325.0,0.6402877697841727,0.4548789435069699,58.45323741007194,111.60317460317461,8.0,30.0,-5.1759102605060665,OK,-1.5027994128252953,OK,,INSUFFICIENT,26.756638900136597,OK,4.55455456174807,OK,,INSUFFICIENT,25.99210498948732,OK,5.922384104881218,OK,,INSUFFICIENT,,,,,SELF_FUNDED_REINVESTMENT,8.16,7.91,0.0015260454878944785,0.0021632769165123023
TATACONSUM,2019-03,6.301709873138445,10.83838940981798,11.210700496414782,6.232951445717403,9.59518470435501,4.199981619336459,0.15561920349154393,10.423076923076923,Levered,-47.0,-0.050213675213675216,0.6664828600312471,1.476083859149196,210.0,0.45951859956236324,0.0,45.951859956236326,116.38095238095238,6.0,39.0,2.9979685855094917,OK,-1.2889403541939681,OK,,INSUFFICIENT,,TURNAROUND,-2.1706417085053276,OK,,INSUFFICIENT,,ZERO_BASE,-3.0359733904420927,OK,,INSUFFICIENT,653.2331291028446,40.715703764320786,365.8631623931624,0.07034526864757604,ASSET_MONETISATION_AND_DELEVERAGING,6.3,6.23,0.0017098731384450616,0.002951445717402912
TATACONSUM,2020-03,4.77326968973747,13.406661824219155,9.110719103455432,3.329714078899747,5.700928511135641,2.490120716721702,0.11480275063336953,12.72463768115942,Levered,263.0,0.23482142857142857,0.5216802901531965,0.8267844886753604,460.0,2.3521739130434782,6.454290754384144,100.0,150.16304347826087,5.0,54.0,12.435655206180174,OK,3.8117253809679896,OK,,INSUFFICIENT,0.36496673863617435,OK,10.998992517000872,OK,,INSUFFICIENT,-5.896397111897144,OK,4.563955259127317,OK,,INSUFFICIENT,668.8368913043478,22.270356134636263,275.7679196428571,0.14951328388148968,SELF_FUNDED_REINVESTMENT,4.77,3.330000000000001,0.003269689737470216,0.0002859211002541606
TATACONSUM,2021-03,8.015859334597483,13.308050336148941,11.92897776245475,6.398789046374019,8.560118753092528,4.599861509545949,0.11242603550295859,18.958904109589042,Levered,828.0,0.5051860890787065,0.5738450885349689,0.9649837810862514,1310.0,1.7806451612903227,2.9822444406136874,140.86021505376345,157.97826086956522,9.0,44.0,19.404950704602154,OK,11.818125796841251,OK,,INSUFFICIENT,18.705102034038458,OK,,TURNAROUND,,INSUFFICIENT,4.0041911525952045,OK,,ZERO_BASE,,INSUFFICIENT,337.6590752688172,21.60609192238888,225.71007321537522,0.4171669751260847,SELF_FUNDED_REINVESTMENT,8.02,6.4,0.0041406654025166745,0.001210953625981226
TATACONSUM,2022-03,8.169014084507042,13.835010060362174,12.41851106639839,6.703209615638621,9.321010027787846,4.816132858837485,0.09325056135252939,17.735632183908045,Levered,615.0,0.33772652388797364,0.5895610913404508,0.9861893801095325,199.0,1.4935960591133004,10.599597585513077,19.60591133004926,164.58695652173913,10.0,60.0,19.659229119605513,OK,12.879048702120599,OK,,INSUFFICIENT,30.471788004139388,OK,17.4061722440779,OK,,INSUFFICIENT,18.56311014966876,OK,10.756634324829006,OK,,INSUFFICIENT,300.3045024630542,20.130040285299167,217.09869302580998,0.06528677115808922,SELF_FUNDED_REINVESTMENT,8.17,6.7,0.0009859154929579006,0.0032096156386209884
TATACONSUM,2023-03,9.577015163607342,13.465863745193355,13.95922513240949,8.109602506604412,10.762432175420932,5.799138915736754,0.09829821220126558,14.8,Levered,167.0,0.07495511669658887,0.6055267551181794,1.0545524100994643,627.0,1.106818181818182,6.050932307915549,47.5,175.0215053763441,12.0,65.0,12.668012266323302,OK,15.126573553688294,OK,6.487770228471579,OK,42.103693641575354,OK,18.87754506830248,OK,11.486271675083358,OK,33.88659001643391,OK,8.447177119769854,OK,7.177346253629313,OK,276.89825,22.45534742274375,203.7861804308797,0.1715431570983204,SELF_FUNDED_REINVESTMENT,9.58,8.110000000000001,0.002984836392657897,0.00039749339558881047
TATACONSUM,2024-03,7.9902669998684726,15.020386689464685,11.72563461791398,7.566793298872766,9.127674823384867,4.358119014311847,0.21654107242947002,20.49425287356322,Levered,2606.0,1.2064814814814815,0.5454284586965099,0.7855150325446844,26.0,1.594238683127572,12.567407602262264,2.139917695473251,169.02105263157895,12.0,64.0,9.436125385661253,OK,15.96086282879563,OK,6.988876278201839,OK,9.319535187362149,OK,21.59956338772886,OK,9.068818893153164,OK,10.064241629820891,OK,14.869835499703509,OK,5.537868966683179,OK,288.5130452674897,21.83118577567416,179.42118981481482,0.007417056977403794,EXPANSION_WITH_EXTERNAL_CAPITAL,7.99,7.57,0.0002669998684723396,0.0032067011272340906
TATAMOTORS,2013-03,5.284094219595007,13.02802540348424,9.114215039752533,26.505832026994714,18.835725154072662,5.9264539891879044,1.427212583362117,4.8334269662921345,Levered,44951.0,1.811955820702999,1.1215647834610587,3.400940337224384,-806.0,2.2216319165998395,12.166234976932408,-8.079390537289495,117.98432601880877,35.0,6.0,,INSUFFICIENT,,INSUFFICIENT,,INSUFFICIENT,,INSUFFICIENT,,INSUFFICIENT,,INSUFFICIENT,,INSUFFICIENT,,INSUFFICIENT,,INSUFFICIENT,,,,,SELF_FUNDED_REINVESTMENT,5.28,26.51,0.004094219595006443,0.004167973005287706
TATAMOTORS,2014-03,6.034342063444342,14.96903373218688,10.143707534123022,21.416377050179864,18.70791945883434,6.432384423099815,0.9243643680263398,4.973257527900611,Levered,49955.0,1.4397913304127277,1.0659628432512613,3.369912580327679,8160.0,2.5730249110320287,12.02186965821143,58.07829181494662,203.7391304347826,48.0,5.0,,INSUFFICIENT,,INSUFFICIENT,,INSUFFICIENT,,INSUFFICIENT,,INSUFFICIENT,,INSUFFICIENT,,INSUFFICIENT,,INSUFFICIENT,,INSUFFICIENT,,,,,SELF_FUNDED_REINVESTMENT,6.03,21.42,0.004342063444341626,0.0036229498201372223
TATAMOTORS,2015-03,5.347717539586334,14.910757374819026,10.094277604034064,25.013330489495573,20.45398546260934,5.9300929144807535,1.3083431090256301,5.464719193581567,Levered,58273.0,1.4585387830701073,1.10890167077513,2.9742537777325695,-701.0,2.524763731969019,13.76810217397087,-4.981169615575926,174.72670807453417,48.0,0.0,,INSUFFICIENT,,INSUFFICIENT,,INSUFFICIENT,,INSUFFICIENT,,INSUFFICIENT,,INSUFFICIENT,,INSUFFICIENT,,INSUFFICIENT,,INSUFFICIENT,,,,,EXPANSION_WITH_EXTERNAL_CAPITAL,5.35,25.01,0.0022824604136655324,0.0033304894955712427
TATAMOTORS,2016-03,4.276935021937695,14.061733187814507,6.964028039231485,14.791265579086026,12.82094503479152,4.437199829776886,0.8785084608369642,3.8893434240130906,Levered,45593.0,1.2761854111851312,1.0374718827892273,2.5463108027454493,1206.0,3.2454187360849462,13.438761234370766,10.327110806644974,232.5537555228277,40.0,1.0,13.088031298199422,OK,,INSUFFICIENT,,INSUFFICIENT,5.391117653187827,OK,,INSUFFICIENT,,INSUFFICIENT,4.551591714942038,OK,,INSUFFICIENT,,INSUFFICIENT,,,,,SELF_FUNDED_REINVESTMENT,4.279999999999999,14.79,0.0030649780623042133,0.001265579086027202
TATAMOTORS,2017-03,2.8020749518897414,10.971363735803303,5.025343631462441,13.015397333884469,9.916877643305577,2.7723970944309926,1.3537942199717543,3.197970740915526,Levered,58266.0,1.8521838641998856,0.9894086139848852,2.8109417993829733,-9372.0,3.9961624983459045,14.67260922604591,-124.0174672489083,171.0220913107511,26.0,0.0,5.020583040318338,OK,,INSUFFICIENT,,INSUFFICIENT,-18.674944939029537,OK,,INSUFFICIENT,,INSUFFICIENT,-18.483779224854192,OK,,INSUFFICIENT,,INSUFFICIENT,,,,,EXPANSION_WITH_EXTERNAL_CAPITAL,2.8,13.02,0.0020749518897416053,0.004602666115530951
TATAMOTORS,2018-03,3.1181615503344196,10.789915966386554,5.432001371977362,9.526554051221863,8.589419561986789,2.778490916648329,0.9321163599782034,3.382528833831696,Levered,68137.0,1.822283437190768,0.8910670187535148,2.4012881545785496,-1282.0,2.6242437575624242,8.622534728176985,-14.101858981410187,281.0839469808542,31.0,0.0,3.4740877162382278,OK,9.080075940842015,OK,,INSUFFICIENT,-13.554646081362032,OK,-1.840792487847298,OK,,INSUFFICIENT,-13.561580205987333,OK,-2.3979971134338363,OK,,INSUFFICIENT,,,,,EXPANSION_WITH_EXTERNAL_CAPITAL,3.12,9.53,0.001838449665580555,0.0034459487781361986
TATAMOTORS,2019-03,-9.513211321529585,8.16856440726242,-8.48253614980559,-47.73093604081158,-15.396083051805187,-9.396047798026189,1.7643197793250136,-4.44729987845112,Levered,90404.0,,0.9876841247877842,2.7144398295485193,-1987.0,-0.6576730260409414,6.914664600017222,6.917560228380449,177.2577319587629,-100.0,0.0,3.4095508396228658,OK,5.335382093506746,OK,,INSUFFICIENT,,DECLINE_TO_LOSS,,DECLINE_TO_LOSS,,INSUFFICIENT,,DECLINE_TO_LOSS,,DECLINE_TO_LOSS,,INSUFFICIENT,,17.400380531414612,,-0.1897554046149622,EXPANSION_WITH_EXTERNAL_CAPITAL,-9.51,-47.73,0.003211321529585476,0.0009360408115810515
TATAMOTORS,2020-03,-4.586927543781696,6.889775843841452,-1.2782110408016303,-18.984131010320393,-1.776256607067766,-3.740095384144494,1.9782812029360008,-0.46072069584426345,Levered,108480.0,5.99734630694383,0.8153813960315949,2.0539230726867914,-6482.0,-2.2240501043841334,12.684434706666462,54.12943632567849,175.21944444444443,-39.0,0.0,-1.0775973772057412,OK,-0.15942283564516213,OK,,INSUFFICIENT,,DECLINE_TO_LOSS,,DECLINE_TO_LOSS,,INSUFFICIENT,,DECLINE_TO_LOSS,,DECLINE_TO_LOSS,,INSUFFICIENT,,14.58215206328572,52.52451293675365,-0.7046972945157537,EXPANSION_WITH_EXTERNAL_CAPITAL,-4.590000000000001,-18.98,0.0030724562183044313,0.004131010320392647
TATAMOTORS,2021-03,-5.362397165675854,12.92539882703817,-0.951580295842591,-24.245660397849658,-1.2042882185451267,-3.921597329976286,2.5726464785418215,-0.2935655180931209,Levered,117511.0,5.550826641473783,0.7313142254881869,1.8008694523747728,3329.0,-2.1650615901455765,10.277227326407655,-24.852556924225457,144.24804177545693,-41.0,0.0,-5.021880825628477,OK,-1.7642456393607842,OK,,INSUFFICIENT,,DECLINE_TO_LOSS,,DECLINE_TO_LOSS,,INSUFFICIENT,,DECLINE_TO_LOSS,,DECLINE_TO_LOSS,,INSUFFICIENT,,21.406748058718122,61.81790930562116,0.2814844429196689,EXPANSION_WITH_EXTERNAL_CAPITAL,-5.36,-24.25,0.0023971656758536852,0.0043396021503419036
TATAMOTORS,2022-03,-4.061353042154179,8.877588398801956,0.8292213435612344,-25.378694374004173,1.2088372336526882,-3.4367488094912497,3.2864836965059134,0.24795962199312716,Levered,117069.0,4.312727942530853,0.846207845961691,2.0053581073782003,9839.0,-1.262976390485454,1.5959548076163388,-87.0015032275179,116.34725848563968,-34.0,0.0,-2.662864296641687,OK,0.6414203484642833,OK,,INSUFFICIENT,,BOTH_NEGATIVE,,DECLINE_TO_LOSS,,INSUFFICIENT,,BOTH_NEGATIVE,,DECLINE_TO_LOSS,,INSUFFICIENT,,31.09967056394605,49.358269662921344,0.7099704017604092,SELF_FUNDED_REINVESTMENT,-4.06,-25.38,0.00135304215417964,0.0013056259958261762
TATAMOTORS,2023-03,0.7775308049611668,9.196252821800924,3.936502614411201,5.935307356250828,7.589935073982222,0.8037672481280291,2.9591147786946737,1.3319315403422982,Levered,107734.0,2.7998128849502324,1.0337432845097019,2.6193746214415508,19971.0,13.155390334572491,4.45620536062688,742.4163568773234,118.33420365535248,7.0,32.0,9.83995454764286,OK,3.4818837767886857,OK,6.244113911658644,OK,,TURNAROUND,-21.61587323833696,OK,-12.283845476121302,OK,,TURNAROUND,-25.74131244826602,OK,-14.86600774792154,OK,530.6254572490707,31.494251798243678,42.465868135866316,1.3991344492332567,SELF_FUNDED_REINVESTMENT,0.7799999999999999,5.94,0.0024691950388331385,0.004692643749172554
TATAMOTORS,2024-03,7.263066074788551,13.595385542828959,8.663752945689703,37.45613415294755,19.742428972837963,8.607629877598297,1.2631244259167667,3.799419186861606,Levered,84291.0,1.2925886736900216,1.1851234435931923,3.6107350455538607,45133.0,2.135221806520577,5.2022250232915,141.89643789103027,221.71801566579634,94.0,7.0,20.579364569370973,OK,7.7201595386239275,OK,6.521097272673915,OK,,TURNAROUND,,TURNAROUND,8.513716630198353,OK,,TURNAROUND,,TURNAROUND,6.9519387639527475,OK,47.28854151601848,17.71245954921218,24.36302801674564,3.000651602734764,SELF_FUNDED_REINVESTMENT,7.26,37.46,0.003066074788550921,0.003865847052452409
TATAPOWER,2013-03,0.37073876480694457,16.864092594267113,11.812400156735087,0.9971625456019456,7.80413007547245,0.18288059235469914,3.0710985002026754,1.48334595003785,Levered,34762.0,5.821805392731536,0.49328694410990676,0.8022876212124876,-740.0,26.715447154471544,12.134912740754137,-601.6260162601626,52.04641350210971,0.0,-319.0,,INSUFFICIENT,,INSUFFICIENT,,INSUFFICIENT,,INSUFFICIENT,,INSUFFICIENT,,INSUFFICIENT,,INSUFFICIENT,,INSUFFICIENT,,INSUFFICIENT,,,,,SELF_FUNDED_REINVESTMENT,0.37,1.0,0.0007387648069445696,0.0028374543980543843
TATAPOWER,2014-03,0.033588982813637126,19.35845042825953,12.357946593517326,0.0967663898072736,8.397687069654202,0.016810725242704848,3.2394968147730023,1.2834302325581395,Levered,37154.0,5.2,0.5004833083507277,0.8232935428861133,2874.0,540.25,10.101886581201367,23950.0,52.324894514767934,-1.0,-114.0,,INSUFFICIENT,,INSUFFICIENT,,INSUFFICIENT,,INSUFFICIENT,,INSUFFICIENT,,INSUFFICIENT,,INSUFFICIENT,,INSUFFICIENT,,INSUFFICIENT,,,,,SELF_FUNDED_REINVESTMENT,0.03,0.1,0.0035889828136371274,0.003233610192726402
TATAPOWER,2015-03,1.3604024647992141,18.756883874616737,15.428809573423036,3.1917865623690456,9.436504324078289,0.607834009443373,2.836080458164548,1.4011895106785617,Levered,37162.0,5.051243713470164,0.4468045487796768,0.7510843804498502,2116.0,13.087527352297593,11.50537314321436,463.019693654267,53.02962962962963,1.0,210.0,,INSUFFICIENT,,INSUFFICIENT,,INSUFFICIENT,,INSUFFICIENT,,INSUFFICIENT,,INSUFFICIENT,,INSUFFICIENT,,INSUFFICIENT,,INSUFFICIENT,,,,,SELF_FUNDED_REINVESTMENT,1.36,3.19,0.00040246479921401956,0.001786562369045619
TATAPOWER,2016-03,2.664948803146403,7.137044822675799,15.314979317827355,6.7566405914209575,8.947743750247614,1.1219435602438015,3.3395512765408752,1.395859085290482,Levered,27064.0,4.389231268245216,0.42100004282227327,0.8099632009666612,5610.0,9.43384223918575,6.11988879094053,713.7404580152672,43.08518518518518,2.0,53.0,-3.8464061686669937,OK,,INSUFFICIENT,,INSUFFICIENT,85.56916412979658,OK,,INSUFFICIENT,,INSUFFICIENT,,ZERO_BASE,,INSUFFICIENT,,INSUFFICIENT,,,,,SELF_FUNDED_REINVESTMENT,2.66,6.76,0.004948803146402891,0.0033594085790422668
TATAPOWER,2017-03,3.9872408293460926,19.838335508191967,17.45324053936494,8.32450431360678,7.762498186332199,1.3280372816284152,3.694187982442864,1.4309063893016345,Levered,36942.0,5.4559149313247675,0.33307175023240654,0.5920806953535787,-359.0,6.376363636363636,26.72538784978976,-32.63636363636363,48.94074074074074,3.0,39.0,-8.25580215679419,OK,,INSUFFICIENT,,INSUFFICIENT,350.88987149920666,OK,,INSUFFICIENT,,INSUFFICIENT,,TURNAROUND,,INSUFFICIENT,,INSUFFICIENT,,,,,EXPANSION_WITH_EXTERNAL_CAPITAL,3.99,8.32,0.0027591706539076277,0.004504313606780386
TATAPOWER,2018-03,9.728017883755587,8.550670640834575,24.34426229508197,15.921702542837979,10.05416384563304,3.1883456259463685,2.962924568571254,1.7373039085349642,Levered,36160.0,4.072072072072072,0.32774874224588485,0.6010390541024723,4852.0,2.4373803140559174,5.6333830104321905,185.82918422060513,60.737037037037034,9.0,15.0,-7.207849349046624,OK,-4.150670375923127,OK,,INSUFFICIENT,78.77092635804233,OK,84.23848428973332,OK,,INSUFFICIENT,108.00838230519041,OK,,ZERO_BASE,,INSUFFICIENT,,,,,SELF_FUNDED_REINVESTMENT,9.73,15.92,0.0019821162444131346,0.001702542837978882
TATAPOWER,2019-03,8.721261001974499,10.27408721261002,26.314380375489442,14.236547391423107,11.769020071545105,3.099687176620318,2.649877082764272,1.885611510791367,Levered,34964.0,3.409126365054602,0.3554173159040358,0.6744385509536169,4302.0,1.7551803530314658,0.9102774338208226,165.08058326937837,67.79629629629629,9.0,15.0,0.4354779305501211,OK,-3.510035476297202,OK,,INSUFFICIENT,49.11361135927026,OK,193.33145270993194,OK,,INSUFFICIENT,65.09636244473134,OK,,TURNAROUND,,INSUFFICIENT,559.7644858019954,79.69113630155695,178.57661173946957,0.29491078383234914,SELF_FUNDED_REINVESTMENT,8.72,14.24,0.0012610019744982992,0.0034526085768931125
TATAPOWER,2020-03,4.516749038989566,23.355985722130697,22.1444261394838,6.725953184094859,9.023523817515594,1.4675379708722707,2.6544004906470406,1.435692033822875,Levered,37401.0,4.1163328197226505,0.3249102303900796,0.6112533042420174,6882.0,5.604103343465046,1.692064799560681,522.9483282674772,72.46666666666667,4.0,41.0,1.836446614309395,OK,-2.806722437128961,OK,,INSUFFICIENT,6.1584090624637655,OK,23.557165830019542,OK,,INSUFFICIENT,10.064241629820891,OK,31.95079107728942,OK,,INSUFFICIENT,1065.686056231003,71.67754523152408,142.57958177415804,0.4907151831534525,SELF_FUNDED_REINVESTMENT,4.52,6.73,0.0032509610104334286,0.004046815905141443
TATAPOWER,2021-03,4.400207931994006,21.163196037060818,18.197107299024555,6.446266182860727,8.620764584027466,1.4586184177183112,2.092371097074766,1.4840399002493765,Levered,33559.0,3.859130634774609,0.3314885206020982,0.6267463922267579,8345.0,5.799166087560806,0.0,579.9166087560807,69.759375,4.0,44.0,6.807486340619606,OK,2.0870804315290092,OK,,INSUFFICIENT,-18.011808397185234,OK,12.856778608364404,OK,,INSUFFICIENT,-23.685717163111207,OK,14.869835499703509,OK,,INSUFFICIENT,1050.4135371785962,67.71245262733504,197.05291053357868,0.5520840966251566,ASSET_MONETISATION_AND_DELEVERAGING,4.399999999999999,6.45,0.00020793199400781504,0.003733817139273121
TATAPOWER,2022-03,5.035500747384155,16.421431240657697,14.93366965620329,9.606986899563319,8.683134837106346,1.9155930697467793,2.281213795561893,1.6569059341798393,Levered,37035.0,3.8918663303909207,0.38041759218125276,0.7460663193294882,443.0,3.104359925788497,14.59734678624813,20.54730983302412,70.13125,5.0,32.0,12.737998792682559,OK,9.188569156258652,OK,,INSUFFICIENT,-6.12323506908986,OK,14.406635585872296,OK,,INSUFFICIENT,-17.79293085565099,OK,10.756634324829006,OK,,INSUFFICIENT,670.7130890538033,64.43531859905534,187.68793926019336,0.030635021394931888,SELF_FUNDED_REINVESTMENT,5.04,9.610000000000001,0.004499252615844718,0.0030131004366822367
TATAPOWER,2023-03,6.913571285996843,14.023117821045563,17.835562249360358,13.234681117132139,12.02898018626623,2.97433175118661,1.8383701542309296,2.248170173833486,Levered,36253.0,2.732363581549593,0.43021640019985014,0.8924968014640388,-97.0,1.8808398950131233,13.179335498738862,-2.5459317585301835,89.9625,10.0,19.0,23.66995440372486,OK,15.475008740465078,OK,5.205523505698095,OK,42.52455558146231,OK,7.850862052512575,OK,40.961978398063195,OK,35.72088082974532,OK,2.1295687600135116,OK,,ZERO_BASE,417.95240944881886,55.31466861192163,133.3609293035876,-0.006091439362408917,EXPANSION_WITH_EXTERNAL_CAPITAL,6.909999999999999,13.23,0.003571285996843976,0.004681117132138368
TATAPOWER,2024-03,6.965125551270159,17.469771680580646,16.867646340868035,13.227840276919272,12.046022430123772,3.0779409438060035,1.659321300531586,2.237211310166199,Levered,37373.0,2.641014769274256,0.4419074604110633,0.9142835887516738,3569.0,2.9429906542056075,14.69023092320461,83.38785046728971,101.1125,12.0,17.0,23.398271146138306,OK,15.511158201876407,OK,5.573043704303959,OK,43.81173474053719,OK,10.431728917459004,OK,79.98083083658562,OK,44.22495703074083,OK,5.922384104881218,OK,,TURNAROUND,384.87604672897197,50.9107887254296,136.05717334463995,0.2166615750083587,SELF_FUNDED_REINVESTMENT,6.97,13.23,0.004874448729840886,0.0021597230807284262
TATASTEEL,2013-03,-5.398182789951898,2.943316111408041,-0.12248352039907358,-21.280580592297788,-0.16066055831978268,-4.951115226449522,2.0054137890670725,-0.04158266129032258,Levered,65271.0,12.064879852125694,0.9171818404640649,1.9810005588070938,936.0,-1.930005500550055,9.723706870954333,-12.871287128712872,35.19258496395469,-6.0,-11.0,,INSUFFICIENT,,INSUFFICIENT,,INSUFFICIENT,,INSUFFICIENT,,INSUFFICIENT,,INSUFFICIENT,,INSUFFICIENT,,INSUFFICIENT,,INSUFFICIENT,,,,,SELF_FUNDED_REINVESTMENT,-5.4,-21.28,0.0018172100481024245,0.0005805922977870637
TATASTEEL,2014-03,2.466120284764558,10.889956531686112,7.441425437711118,9.042238231520773,9.05280736077799,2.1357311018391183,2.0139396032764236,2.549919299054646,Levered,76536.0,4.528757396449704,0.8660287638982774,1.9839801353678561,-2232.0,3.5869031377899043,10.34761193427268,-60.90040927694407,41.742533470648816,3.0,27.0,,INSUFFICIENT,,INSUFFICIENT,,INSUFFICIENT,,INSUFFICIENT,,INSUFFICIENT,,INSUFFICIENT,,INSUFFICIENT,,INSUFFICIENT,,INSUFFICIENT,,,,,EXPANSION_WITH_EXTERNAL_CAPITAL,2.47,9.04,0.0038797152354423936,0.002238231520774292
TATASTEEL,2015-03,-2.8235749512558783,2.4436575295332035,2.480215621057461,-12.564994098695333,3.0879071842927264,-2.475661339082013,2.574276691441513,0.7136963696369637,Levered,77246.0,8.214164185452999,0.8767825830091321,2.048516886930984,2859.0,-3.015993907083016,6.466481247849525,-72.58187357197258,32.285272914521116,-3.0,-20.0,,INSUFFICIENT,,INSUFFICIENT,,INSUFFICIENT,,INSUFFICIENT,,INSUFFICIENT,,INSUFFICIENT,,INSUFFICIENT,,INSUFFICIENT,,INSUFFICIENT,,,,,SELF_FUNDED_REINVESTMENT,-2.82,-12.56,0.003574951255878478,0.004994098695332738
TATASTEEL,2016-03,-0.4874221546609131,-0.6129554258814298,4.328936399745011,-1.136467575230952,3.5110047009600778,-0.2809751023269488,1.8747599012165006,1.0457237621416726,Levered,71273.0,7.33261316872428,0.5764512335768074,1.4122576177285318,2661.0,-23.048289738430583,8.624528024322071,-535.4124748490946,45.08453608247423,0.0,-203.0,-8.865752232175971,OK,,INSUFFICIENT,,INSUFFICIENT,,BOTH_NEGATIVE,,INSUFFICIENT,,INSUFFICIENT,,BOTH_NEGATIVE,,INSUFFICIENT,,INSUFFICIENT,,,,,SELF_FUNDED_REINVESTMENT,-0.49,-1.14,0.0025778453390868927,0.003532424769047804
TATASTEEL,2017-03,-3.712410618082084,11.704467537555988,3.27785643683381,-11.023559586451254,3.0463532313192587,-2.4175543790265994,2.195034242047648,0.7257492113564669,Levered,70557.0,7.542976266837717,0.6512087771895133,1.220548436532003,1334.0,-2.5963060686015833,8.45065405747157,-31.998081074598222,38.988659793814435,-4.0,-23.0,-8.916707372207,OK,,INSUFFICIENT,,INSUFFICIENT,,DECLINE_TO_LOSS,,INSUFFICIENT,,INSUFFICIENT,,DECLINE_TO_LOSS,,INSUFFICIENT,,INSUFFICIENT,,,,,SELF_FUNDED_REINVESTMENT,-3.71,-11.02,0.0024106180820839818,0.0035595864512547593
TATASTEEL,2018-03,14.396060008600475,17.38999910749783,21.57421155546901,29.148527213287117,17.377040609601487,8.500780943072604,1.5138078888140494,4.8744271310724105,Levered,74248.0,2.2964245948286526,0.5904935751861328,1.282441080068675,-3707.0,0.4521783238460238,9.517318598933866,-20.892746435213887,53.16244541484716,12.0,9.0,-4.045448177001654,OK,-1.7629247393143754,OK,,INSUFFICIENT,,TURNAROUND,,TURNAROUND,,INSUFFICIENT,,TURNAROUND,,TURNAROUND,,INSUFFICIENT,,,,,EXPANSION_WITH_EXTERNAL_CAPITAL,14.4,29.15,0.003939991399525056,0.0014727867128812022
TATASTEEL,2019-03,5.785538057576315,18.59465081912107,14.905276243269128,13.234675371780922,13.845211233585285,3.918839384292852,1.4626913311570549,3.0680156657963447,Levered,95078.0,3.0826443601465487,0.6773508955076405,1.2670079233699234,-3840.0,2.777461083095812,18.504588727016724,-42.096031572023676,60.19650655021834,9.0,15.0,15.637420803615477,OK,1.1899352303948563,OK,,INSUFFICIENT,,TURNAROUND,20.006071169121277,OK,,INSUFFICIENT,,ZERO_BASE,24.57309396155174,OK,,INSUFFICIENT,39.87841591756194,5.277778890097932,14.069007878611028,-1.0556094218748828,SELF_FUNDED_REINVESTMENT,5.79,13.23,0.004461942423684917,0.004675371780921367
TATASTEEL,2020-03,0.8396689959017859,12.489897508886616,4.39002410293455,1.5956290094596066,3.2321594068582016,0.4712039783422771,1.5810590409916276,0.8148148148148148,Levered,110043.0,7.5480485630015774,0.5611782507656061,1.039137576086391,6157.0,17.179727427597957,10.021671184476851,524.4463373083474,64.2585152838428,1.0,74.0,7.579130582814586,OK,0.04483304721332182,OK,,INSUFFICIENT,,TURNAROUND,,TURNAROUND,,INSUFFICIENT,,TURNAROUND,,TURNAROUND,,INSUFFICIENT,289.41732538330496,4.618026802218115,27.20651210645449,1.812076511362164,SELF_FUNDED_REINVESTMENT,0.84,1.6,0.0003310040982140716,0.004370990540393471
TATASTEEL,2021-03,5.240124380974318,19.517063994779072,13.724775103330902,11.031937391398053,13.181147843185448,3.357809674919745,1.19210926871321,2.8199027211778627,Levered,77819.0,2.5360599641518657,0.6407881627984208,1.151125023016019,34890.0,5.412332112332113,6.037979704915096,426.007326007326,61.969115191986646,6.0,40.0,8.239630398977393,OK,8.917643492126203,OK,,INSUFFICIENT,-22.716707436712547,OK,,TURNAROUND,,INSUFFICIENT,-20.62994740159002,OK,,ZERO_BASE,,INSUFFICIENT,35.890251526251525,3.959390077991352,10.969300635489653,11.869722498203384,SELF_FUNDED_REINVESTMENT,5.24,11.03,0.00012438097431743955,0.0019373913980533786
TATASTEEL,2022-03,17.113121467131773,26.02486483384503,22.827196373161062,36.48016916718366,29.309382960358732,14.782488616325923,0.6602500808262629,10.19571585499817,Levered,62421.0,0.9634357153881772,0.8638101847589778,1.8303148070343918,33476.0,1.063043426189849,4.470013403891637,80.18395650195215,93.72891072891073,33.0,16.0,15.661861342639316,OK,16.785302798093515,OK,,INSUFFICIENT,66.02952924085908,OK,,TURNAROUND,,INSUFFICIENT,54.20216697275806,OK,,TURNAROUND,,INSUFFICIENT,8.585086109846943,3.1318539360205517,5.290561043370891,9.339912899648445,SELF_FUNDED_REINVESTMENT,17.11,36.48,0.0031214671317734144,0.0001691671836638875
TATASTEEL,2023-03,3.3182249653795104,13.272899861518042,10.081650935061413,7.833569391358336,13.051735603138715,2.829401953776507,0.8235482431462331,3.894903953008414,Levered,76483.0,2.2582007145177005,0.8526853915261602,1.6597417832370533,3504.0,2.6852012383900927,7.470218160450045,43.39318885448916,84.42424242424242,7.0,50.0,20.288905982534033,OK,14.575209507250019,OK,6.092099043107546,OK,90.17706677081614,OK,-14.56750384775095,OK,,TURNAROUND,91.29311827723889,OK,-10.219223176287473,OK,,TURNAROUND,39.66675665634675,3.107322907976174,11.467748383477517,1.0939434557361567,SELF_FUNDED_REINVESTMENT,3.32,7.829999999999999,0.0017750346204894463,0.00356939135833656
TATASTEEL,2024-03,-2.1425049417247384,9.70803461170916,2.775656605766,-5.334926929972293,3.5513100375732063,-1.823164211026616,0.9461835171402184,0.847229621736814,Levered,80824.0,4.975928092101213,0.8509498277091255,1.5399827973174567,6048.0,-4.134623217922607,6.219373306395661,-123.17718940936864,73.80513231756215,-4.0,-101.0,13.607181258352963,OK,7.766224835881497,OK,4.426324799674042,OK,,DECLINE_TO_LOSS,,DECLINE_TO_LOSS,,DECLINE_TO_LOSS,,DECLINE_TO_LOSS,,DECLINE_TO_LOSS,,DECLINE_TO_LOSS,,4.010546531210952,24.80897802130148,1.6385330523516455,SELF_FUNDED_REINVESTMENT,-2.14,-5.33,0.002504941724738252,0.004926929972293159
TCS,2013-03,22.346758957913288,28.639921256092332,28.795503976884852,36.51740777253152,46.653634446216365,27.104675344681507,0.008613085663882115,377.875,Levered,-1565.0,-0.08143407222395671,1.2129130401294,6.409137159137159,5577.0,0.8251633986928104,9.585800695359508,39.62063086104007,196.66326530612244,36.0,31.0,,INSUFFICIENT,,INSUFFICIENT,,INSUFFICIENT,,INSUFFICIENT,,INSUFFICIENT,,INSUFFICIENT,,INSUFFICIENT,,INSUFFICIENT,,INSUFFICIENT,,,,,SELF_FUNDED_REINVESTMENT,22.35,36.52,0.003241042086713719,0.002592227468483088
TCS,2014-03,23.630651884267014,30.746005940666677,31.09804544732242,39.29667649151337,51.40426735634042,28.927561388020173,0.006037198902327472,652.3333333333334,Levered,-3137.0,-0.11709593131765585,1.224154184560595,8.571772841575859,5299.0,0.7630353817504656,11.553741030937918,27.410511069728948,250.99489795918367,49.0,33.0,,INSUFFICIENT,,INSUFFICIENT,,INSUFFICIENT,,INSUFFICIENT,,INSUFFICIENT,,INSUFFICIENT,,INSUFFICIENT,,INSUFFICIENT,,INSUFFICIENT,,,,,SELF_FUNDED_REINVESTMENT,23.63,39.3,0.0006518842670146796,0.003323508486630544
TCS,2015-03,21.194320006761895,25.866368016228552,27.894937029836868,39.616865804285574,51.77573392426411,27.36026623748602,0.007070208353905401,253.8653846153846,Levered,-1304.0,-0.0462394950533669,1.2909244660247143,8.132668843443891,17562.0,0.9655533399800598,1.9091792747865777,87.54735792622134,258.34183673469386,51.0,78.0,,INSUFFICIENT,,INSUFFICIENT,,INSUFFICIENT,,INSUFFICIENT,,INSUFFICIENT,,INSUFFICIENT,,INSUFFICIENT,,INSUFFICIENT,,INSUFFICIENT,,,,,SELF_FUNDED_REINVESTMENT,21.19,39.62,0.004320006761894035,0.0031341957144235266
TCS,2016-03,22.401192864900686,28.2357380851573,29.336560941037863,34.2441467807294,44.692008917929805,27.565663544415624,0.0034472084646555608,965.8484848484849,Levered,-22577.0,-0.6687301916412428,1.23054444960415,9.227620180057754,14099.0,0.785150792998603,4.6113064447839776,57.92998603007642,360.7715736040609,62.0,35.0,19.926826807058262,OK,,INSUFFICIENT,,INSUFFICIENT,20.024123427360262,OK,,INSUFFICIENT,,INSUFFICIENT,19.866105802463508,OK,,INSUFFICIENT,,INSUFFICIENT,,,,,SELF_FUNDED_REINVESTMENT,22.4,34.23999999999999,0.0011928649006875958,0.00414678072941399
TCS,2017-03,22.342878456504415,27.390095451231712,29.283861451604697,30.571600900085834,39.93503115498884,25.75610995475555,0.003352123785000116,1079.53125,Levered,-41691.0,-1.1412186576152414,1.152765969921726,10.0817024185967,8328.0,0.9569753765603065,14.321923266025804,31.596919224494442,437.6345177664975,67.0,35.0,12.975756084679247,OK,,INSUFFICIENT,,INSUFFICIENT,10.88506703657599,OK,,INSUFFICIENT,,INSUFFICIENT,10.992314452464358,OK,,INSUFFICIENT,,INSUFFICIENT,,,,,SELF_FUNDED_REINVESTMENT,22.34,30.57,0.0028784565044155386,0.0016009000858332456
TCS,2018-03,21.02287496750715,26.41343904341045,27.735898102417465,30.401278075368854,39.99297218155198,24.618077354793297,0.002901513015694014,656.6153846153846,Levered,-35761.0,-0.9890204104209304,1.1710138310218214,10.281800718282803,25067.0,0.9685857805255024,0.0,96.85857805255024,445.69633507853405,67.0,37.0,9.157498447600322,OK,14.340869430011583,OK,,INSUFFICIENT,8.862369038731167,OK,12.95280041634883,OK,,INSUFFICIENT,9.52204445412388,OK,13.228162727841198,OK,,INSUFFICIENT,,,,,ASSET_MONETISATION_AND_DELEVERAGING,21.02,30.4,0.0028749675071502168,0.0012780753688552693
TCS,2019-03,21.549469831971216,26.973365286795982,28.51300328410588,35.28609440332715,46.65616481208383,27.710028884733234,0.000693155646982537,210.91414141414143,Levered,-29268.0,-0.6679599242303216,1.2858798430215714,11.917249796582588,28593.0,0.9059311830682466,0.0,90.59311830682466,238.52266666666668,84.0,36.0,10.468399359516333,OK,12.353179810852332,OK,,INSUFFICIENT,9.050219206448705,OK,10.300516425506201,OK,,INSUFFICIENT,10.652831653505789,OK,11.382417860287909,OK,,INSUFFICIENT,9.068666434319752,3.1999781991369094,7.598876463473081,9.989684697628878,ASSET_MONETISATION_AND_DELEVERAGING,21.55,35.29,0.0005301680287850274,0.003905596672851175
TCS,2020-03,20.673594607165384,26.829734499741953,27.507024574861898,38.56952666238737,46.773564463705306,27.010580469003635,0.09716377814231035,46.722943722943725,Levered,-18182.0,-0.3893278516519989,1.3065255937466183,7.4994743883792045,32369.0,0.9975960797608407,0.0,99.75960797608407,224.336,86.0,85.0,9.985111592655759,OK,10.644395991959787,OK,,INSUFFICIENT,7.1748433498890485,OK,10.09528600904459,OK,,INSUFFICIENT,8.677894568274303,OK,11.01602038533911,OK,,INSUFFICIENT,8.960171664560669,3.455895799158405,7.971612813430119,11.133671508845524,ASSET_MONETISATION_AND_DELEVERAGING,20.67,38.57,0.003594607165382513,0.0004733376126324629
TCS,2021-03,19.833472410873632,28.351108864213625,27.042155722177892,37.67311096456215,47.116568323640536,25.04923379900302,0.09018546157139055,69.69701726844583,Levered,-21578.0,-0.4452560769262515,1.2629777217059512,7.810142238713667,30846.0,1.191634420490142,4.845989389500356,94.7300534365211,233.60270270270271,88.0,43.0,10.072809184198906,OK,8.607474456825258,OK,,INSUFFICIENT,7.9565341146855095,OK,5.994965305597044,OK,,INSUFFICIENT,9.513911226375726,OK,7.255160357783463,OK,,INSUFFICIENT,10.780608992076655,4.061390788240603,7.879335561883537,8.787078123893016,SELF_FUNDED_REINVESTMENT,19.83,37.66999999999999,0.0034724108736341464,0.0031109645621612003
TCS,2022-03,20.051211448001087,27.669305464292794,27.363705581109127,43.13375739014349,54.117804800066004,27.283500326417077,0.08770571803587655,66.92729591836735,Levered,-22667.0,-0.39714410862899696,1.3606908688371038,9.003380599117287,39211.0,1.0390127181461157,0.38486811226884443,101.98184608182268,243.54918032786884,105.0,41.0,9.397022598968086,OK,10.204039995433668,OK,,INSUFFICIENT,6.800555392457164,OK,7.844453615982827,OK,,INSUFFICIENT,7.721734501594191,OK,9.40140494061652,OK,,INSUFFICIENT,10.977891752711384,4.735177195167099,7.376927901883486,9.289747829462302,SELF_FUNDED_REINVESTMENT,20.05,43.13,0.0012114480010865236,0.003757390143483974
TCS,2023-03,18.763139919630266,26.283831134845514,25.586140212367713,46.7829337344068,58.796069797782124,29.61171504770438,0.08502167566132886,74.05134788189987,Levered,-29475.0,-0.47003572112011227,1.5781854835887132,10.989909822081405,41965.0,0.9920100229298159,0.0,99.20100229298158,247.0601092896175,115.0,100.0,12.832886661793674,OK,12.864846978115496,OK,13.600460965450933,OK,9.244321791670718,OK,10.32689076721931,OK,11.632124737398254,OK,10.170789848949212,OK,11.410111155073954,OK,12.315458399071622,OK,9.59545233198591,4.48903410598956,6.55350960005103,10.33833516761899,ASSET_MONETISATION_AND_DELEVERAGING,18.76,46.78,0.0031399196302643873,0.002933734406795452
TCS,2024-03,19.136712150207767,26.690688396923118,26.05928773355805,50.944313673485176,63.72449497512943,31.689259788825343,0.0886406082507266,80.68766066838046,Levered,-23741.0,-0.3503689492325856,1.6559406621205455,12.287951438481942,44338.0,0.9617996051975097,0.0,96.17996051975098,249.9696132596685,127.0,58.0,13.632864555506409,OK,10.463614801716602,OK,11.404391189817975,OK,12.286310199806593,OK,7.871172131953608,OK,9.07908137484088,OK,13.007434657986106,OK,8.618771612987096,OK,9.991915190476197,OK,10.00429835788195,5.0966211362707075,8.002215613931524,9.613863669307202,ASSET_MONETISATION_AND_DELEVERAGING,19.14,50.94,0.0032878497922332883,0.004313673485178526
TECHM,2013-03,19.01644114651535,20.689655172413794,15.728211843445367,24.087725764835973,15.883044372612401,14.548085485307213,0.25433099889421307,10.495145631067961,Levered,-2719.0,-2.12256049960968,0.765026714158504,5.5204819277108435,233.0,0.6541698546289212,9.049905427033318,17.82708492731446,211.953125,25.0,5.0,,INSUFFICIENT,,INSUFFICIENT,,INSUFFICIENT,,INSUFFICIENT,,INSUFFICIENT,,INSUFFICIENT,,INSUFFICIENT,,INSUFFICIENT,,INSUFFICIENT,,,,,EXPANSION_WITH_EXTERNAL_CAPITAL,19.02,24.09,0.003558853484648239,0.0022742351640268055
TECHM,2014-03,16.28550154238911,22.189128816083397,20.71588128922455,33.34785449793073,40.806705081194345,19.209535759096614,0.03953387061642344,48.6875,Levered,-1109.0,-0.2510753905365633,1.1795483061480552,7.248265227447956,1596.0,0.5212279555845852,0.0,52.12279555845852,196.1965811965812,32.0,15.0,,INSUFFICIENT,,INSUFFICIENT,,INSUFFICIENT,,INSUFFICIENT,,INSUFFICIENT,,INSUFFICIENT,,INSUFFICIENT,,INSUFFICIENT,,INSUFFICIENT,,,,,ASSET_MONETISATION_AND_DELEVERAGING,16.29,33.35,0.004498457610889517,0.0021455020692684457
TECHM,2015-03,11.754564342867248,18.535873745634586,16.299014190354097,21.70966688438929,28.475440222428173,13.396815800080613,0.057152188112344876,53.43478260869565,Levered,-1403.0,-0.3264308980921359,1.1397118097541314,5.608975948425489,583.0,0.9206468597216999,8.24455152292118,21.925535915757806,127.58333333333333,27.0,22.0,,INSUFFICIENT,,INSUFFICIENT,,INSUFFICIENT,,INSUFFICIENT,,INSUFFICIENT,,INSUFFICIENT,,INSUFFICIENT,,INSUFFICIENT,,INSUFFICIENT,,,,,SELF_FUNDED_REINVESTMENT,11.75,21.71,0.004564342867247717,0.00033311561071158735
TECHM,2016-03,11.425228353589493,16.0791122518306,14.924133766135729,20.745665136042764,25.213620711643927,13.438401775804662,0.07477211979987664,40.76288659793814,Levered,-206.0,-0.043708890303416084,1.176204217536071,6.148526340218148,1684.0,1.0363396101750908,5.484260587302785,55.63263957713909,167.32798165137615,31.0,35.0,56.7955487379131,OK,,INSUFFICIENT,,INSUFFICIENT,32.305818681909585,OK,,INSUFFICIENT,,INSUFFICIENT,7.433707098896636,OK,,INSUFFICIENT,,INSUFFICIENT,,,,,SELF_FUNDED_REINVESTMENT,11.43,20.75,0.004771646410507202,0.004334863957236479
TECHM,2017-03,9.783466593459387,14.357777701520194,13.664596273291925,17.34501429701284,22.367016794922204,10.941397705031278,0.08310518951146803,30.868217054263567,Levered,-1030.0,-0.20766129032258066,1.1183559120389914,4.510990712074303,1178.0,1.4279200280603297,9.927593425071207,41.31883549631708,187.2095671981777,29.0,28.0,15.726672906617312,OK,,INSUFFICIENT,,INSUFFICIENT,-2.3518521200349807,OK,,INSUFFICIENT,,INSUFFICIENT,-3.2280839843050857,OK,,INSUFFICIENT,,INSUFFICIENT,,,,,SELF_FUNDED_REINVESTMENT,9.78,17.35,0.0034665934593878234,0.004985702987163165
TECHM,2018-03,12.302992883371786,15.305625060930037,16.38124329769603,20.092341983760548,23.73352165725047,12.441260556669185,0.12720904314599585,31.117283950617285,Levered,-2444.0,-0.3989552726085537,1.0112385396470704,4.037391760692731,235.0,0.9387216059165346,10.785428784973842,6.207078711040676,213.15610859728505,39.0,33.0,10.803295935107226,OK,34.95988471064084,OK,,INSUFFICIENT,12.50040625912472,OK,23.70321997995626,OK,,INSUFFICIENT,13.040381433805548,OK,9.301197394385863,OK,,INSUFFICIENT,,,,,SELF_FUNDED_REINVESTMENT,12.3,20.09,0.002992883371785382,0.002341983760548061
TECHM,2019-03,12.345288123884636,18.050198606873526,16.33757411778251,21.143702243036728,25.474619631075807,12.823656042576093,0.09839783090953907,42.67669172932331,Levered,-5346.0,-0.7855988243938281,1.0387490282843987,4.920266251239201,2328.0,1.0333411051527162,6.056070462264694,54.278386570296114,228.4346846846847,44.0,29.0,9.455039320798452,OK,13.06551195018606,OK,,INSUFFICIENT,12.317615570062145,OK,6.972013871466487,OK,,INSUFFICIENT,12.382061455639448,OK,6.576275663547415,OK,,INSUFFICIENT,382.35094893914663,80.84314616711856,303.8596252755327,0.14195959685962442,SELF_FUNDED_REINVESTMENT,12.35,21.14,0.004711876115363722,0.003702243036727282
TECHM,2020-03,10.570142128675274,14.926223283063903,14.239991320386242,17.865493054600467,20.60196994074481,10.442681815745752,0.16824829230275523,27.34375,Levered,-2178.0,-0.32526881720430106,0.9879414759633421,4.155545536519387,4358.0,1.1182961252245316,0.0,111.82961252245316,250.14908256880733,42.0,32.0,8.155441871080571,OK,10.262429096201808,OK,,INSUFFICIENT,10.979917123756987,OK,7.9449709259688195,OK,,INSUFFICIENT,13.140240479934251,OK,9.238846414037294,OK,,INSUFFICIENT,461.93545547857326,82.52704671526153,269.476369474313,0.2420892598655276,ASSET_MONETISATION_AND_DELEVERAGING,10.57,17.87,0.00014212867527341189,0.00450694539953389
TECHM,2021-03,11.499141460837405,17.952714304583278,16.185444459120326,17.506535290569072,22.06655621983721,10.991869097520327,0.11667001809772773,35.21264367816092,Levered,-7337.0,-0.9673038892551088,0.9558860663602848,4.1977156797516075,2661.0,1.859407305306685,14.352133139611675,61.1302549965541,284.4965675057208,46.0,89.0,7.14809923360793,OK,7.397740303281619,OK,,INSUFFICIENT,4.761735846681758,OK,7.536339520356772,OK,,INSUFFICIENT,5.6568701546746425,OK,8.212947767693679,OK,,INSUFFICIENT,427.447668274753,74.83127689523427,281.8359657218194,0.14301225514525687,SELF_FUNDED_REINVESTMENT,11.5,17.51,0.000858539162594596,0.003464709430929247
TECHM,2022-03,12.610312234018725,17.963535367110158,17.056399229494243,20.940266309603512,25.81005965292842,12.675612391930835,0.09737409804359146,46.717791411042946,Levered,-2266.0,-0.2480569239189929,1.0051783141210375,3.0198863636363638,5285.0,0.9387211367673179,0.0,93.8721136767318,306.21867881548974,57.0,47.0,8.719950583113057,OK,8.906956332092818,OK,,INSUFFICIENT,9.492435519915187,OK,14.5782633758762,OK,,INSUFFICIENT,9.011937795689429,OK,14.470972269648552,OK,,INSUFFICIENT,424.66123445825934,88.92519340920926,326.3832030651341,0.22105176093241596,ASSET_MONETISATION_AND_DELEVERAGING,12.61,20.94,0.00031223401872537693,0.000266309603510706
TECHM,2023-03,9.11428035278664,14.567461062112965,12.70782510790017,17.3936398796734,22.084529089486043,10.59855543675126,0.09812347801174617,20.773006134969325,Levered,-648.0,-0.07423530759537175,1.162851594038449,3.568845432627913,5346.0,1.1472102120650607,0.4240945768436855,110.06794317479927,317.3181818181818,50.0,91.0,13.066004941889808,OK,11.607961702305758,OK,22.729774888300035,OK,7.616591469841638,OK,5.108417819260591,OK,14.027407807251091,OK,5.983983294832651,OK,5.09476404473832,OK,7.177346253629313,OK,627.7373481572987,109.18637372869216,429.09179745675334,0.17534075915333044,SELF_FUNDED_REINVESTMENT,9.11,17.39,0.004280352786640407,0.0036398796734005145
TECHM,2024-03,4.60996999769213,8.666051234710363,6.954381106238941,8.987963553189097,12.381017599123467,5.555169297086839,0.09512917619708275,9.224489795918368,Levered,-701.0,-0.12902632063316768,1.2050337203643189,3.739912249154859,5058.0,2.6599916562369628,2.5348103700284637,211.0137672090113,302.3696145124716,24.0,150.0,11.160091311747644,OK,8.398437919098868,OK,10.707384026194822,OK,-18.035375119857278,OK,-10.985163688218591,OK,-2.418770735811082,OK,-19.49593629635379,OK,-11.416728965524282,OK,-2.835834213692645,OK,1260.3653066332918,113.28117439724025,576.3037658752071,0.16742270363873682,SELF_FUNDED_REINVESTMENT,4.61,8.99,3.0002307870091727e-05,0.002036446810903314
TITAN,2013-03,7.161908525140769,10.01679344067964,10.441568704929368,36.80203045685279,53.65482233502538,12.321549966009519,0.0,20.725490196078432,Levered,-3.0,-0.0026954177897574125,1.720428280081577,21.816810344827587,411.0,0.7627586206896552,1.402746221475847,56.68965517241379,22.134831460674157,8.0,26.0,,INSUFFICIENT,,INSUFFICIENT,,INSUFFICIENT,,INSUFFICIENT,,INSUFFICIENT,,INSUFFICIENT,,INSUFFICIENT,,INSUFFICIENT,,INSUFFICIENT,,,,,SELF_FUNDED_REINVESTMENT,7.16,36.8,0.0019085251407684467,0.0020304568527933498
TITAN,2014-03,6.726457399103139,9.581769927702021,10.039352063695434,29.131985731272298,32.94294294294294,12.027491408934708,0.31985731272294887,12.60919540229885,Levered,804.0,0.6901287553648069,1.7880870561282933,17.79641693811075,-826.0,-0.7551020408163265,2.4800951770842867,-112.38095238095238,28.348314606741575,8.0,25.0,,INSUFFICIENT,,INSUFFICIENT,,INSUFFICIENT,,INSUFFICIENT,,INSUFFICIENT,,INSUFFICIENT,,INSUFFICIENT,,INSUFFICIENT,,INSUFFICIENT,,,,,EXTERNALLY_FUNDED_INVESTMENT,6.73,29.13,0.0035426008968615363,0.0019857312722990628
TITAN,2015-03,6.849660035255603,9.678502476286411,9.485436078233862,26.459143968871597,35.48994974874372,13.905930470347649,0.0324254215304799,13.950617283950617,Levered,97.0,0.07950819672131147,2.030163599182004,17.042918454935624,385.0,0.616421568627451,0.9905145639217662,47.181372549019606,34.651685393258425,9.0,25.0,,INSUFFICIENT,,INSUFFICIENT,,INSUFFICIENT,,INSUFFICIENT,,INSUFFICIENT,,INSUFFICIENT,,INSUFFICIENT,,INSUFFICIENT,,INSUFFICIENT,,,,,SELF_FUNDED_REINVESTMENT,6.850000000000001,26.46,0.0003399647443984577,0.0008560311284036004
TITAN,2016-03,5.9861653068464,8.32742107130188,8.070237672933663,19.24721984602224,25.13812154696133,10.64333017975402,0.03222127174222983,21.666666666666668,Levered,83.0,0.08234126984126984,1.7779880163986124,14.625162127107652,417.0,0.8533333333333334,1.4100744945015964,61.77777777777778,39.40449438202247,8.0,29.0,3.660972000702678,OK,,INSUFFICIENT,,INSUFFICIENT,-2.353820578699717,OK,,INSUFFICIENT,,INSUFFICIENT,0.0,OK,,INSUFFICIENT,,INSUFFICIENT,,,,,SELF_FUNDED_REINVESTMENT,5.99,19.25,0.0038346931536006323,0.0027801539777598805
TITAN,2017-03,5.256013875273358,8.777618580800844,7.623859437448156,16.46586345381526,16.53311529026983,8.289724072312083,0.44460193716040636,26.605263157894736,Levered,1451.0,1.2932263814616756,1.5771883920076117,11.153069806560135,759.0,2.456241032998565,7.186486690294849,108.89526542324246,47.561797752808985,8.0,32.0,6.665779299482688,OK,,INSUFFICIENT,,INSUFFICIENT,-1.7539391806391635,OK,,INSUFFICIENT,,INSUFFICIENT,0.0,OK,,INSUFFICIENT,,INSUFFICIENT,,,,,SELF_FUNDED_REINVESTMENT,5.26,16.47,0.003986124726641727,0.004136546184739132
TITAN,2018-03,6.836228287841191,10.198511166253102,9.820099255583127,21.650294695481335,23.34463943371184,11.574414452263419,0.33222003929273086,29.867924528301888,Levered,1655.0,0.9655775962660443,1.6930994643419808,10.936227951153324,-51.0,-0.04627949183303085,0.0,-4.627949183303085,57.19101123595506,13.0,29.0,10.60666521345115,OK,9.75167577733258,OK,,INSUFFICIENT,10.53432036112838,OK,8.73483945710749,OK,,INSUFFICIENT,13.040381433805548,OK,10.197228772148016,OK,,INSUFFICIENT,,,,,ASSET_SALES_FUNDING_OPERATIONS,6.84,21.65,0.003771712158808782,0.0002946954813367597
TITAN,2019-03,7.022599726983164,10.081399464078062,10.162293341422721,22.8830313014827,23.750443105281814,11.861656703672075,0.3942339373970346,37.924528301886795,Levered,2285.0,1.0515416474919466,1.689069171648164,12.622208040842374,446.0,0.8948884089272858,4.029526265230801,32.10943124550036,68.20224719101124,16.0,32.0,20.600679407337232,OK,12.600592944675014,OK,,INSUFFICIENT,27.19386305027598,OK,13.575061677025646,OK,,INSUFFICIENT,25.99210498948732,OK,14.869835499703509,OK,,INSUFFICIENT,817.6674370050397,187.1070955518946,576.5251633686148,0.03926954870932747,SELF_FUNDED_REINVESTMENT,7.02,22.88,0.002599726983164352,0.003031301482700144
TITAN,2020-03,7.091962758882767,11.69960098802964,10.77332319969599,22.38716449242765,22.167921024337797,11.02333136444182,0.5341130604288499,13.662650602409638,Levered,3404.0,1.301223241590214,1.554341405788541,7.995442461071022,-348.0,-0.23308774279973207,0.0,-23.308774279973207,74.93258426966293,17.0,24.0,16.65562785115986,OK,12.060987161710424,OK,,INSUFFICIENT,28.906755177527145,OK,12.842819722823219,OK,,INSUFFICIENT,28.564079532911755,OK,13.564157249607756,OK,,INSUFFICIENT,871.4512659075687,195.09322837007048,595.159621559633,-0.026747077193924777,ASSET_SALES_FUNDING_OPERATIONS,7.090000000000001,22.39,0.0019627588827662024,0.002835507572349627
TITAN,2021-03,4.500092404361486,7.969876178155609,7.068933653668454,12.99186341203148,11.648267986296155,5.923133057650206,0.7520341469921302,7.536945812807882,Levered,2814.0,1.4771653543307086,1.3162247628314279,8.578676179151804,1340.0,4.249486652977413,12.931990389946405,137.5770020533881,84.23595505617978,11.0,37.0,10.320823733506334,OK,13.929578754150128,OK,,INSUFFICIENT,-4.032145097295469,OK,7.6096048922942305,OK,,INSUFFICIENT,-5.416268377977785,OK,6.576275663547415,OK,,INSUFFICIENT,1438.7115297741273,186.91543684140322,685.4304199475065,0.09562514736709395,SELF_FUNDED_REINVESTMENT,4.5,12.99,9.240436148605369e-05,0.0018634120314793279
TITAN,2022-03,7.632209451717073,11.611514288690579,10.840654189381576,23.6267870579383,18.832187236096033,10.37379648857844,0.782005804579168,14.321100917431192,Levered,6981.0,1.9826753763135472,1.3592127619407213,11.320361635220126,-724.0,-0.3293903548680619,0.0,-32.93903548680619,104.52808988764045,24.0,31.0,13.342040185867754,OK,16.777783146243497,OK,,INSUFFICIENT,16.53109144132707,OK,25.822694676390647,OK,,INSUFFICIENT,14.471424255333186,OK,24.57309396155174,OK,,INSUFFICIENT,727.8197406733394,171.96042029452866,431.1748906560636,-0.04525713393859416,ASSET_SALES_FUNDING_OPERATIONS,7.630000000000001,23.63,0.0022094517170723194,0.0032129420616975324
TITAN,2023-03,8.069008009858287,12.03203943314849,11.69932224276032,27.626360644671337,22.372513903289658,12.116950407105847,0.7903974348156274,15.823333333333334,Levered,6852.0,1.3207401696222052,1.5016654330125834,13.534022681787858,-444.0,0.4184483811850947,4.470733210104744,-13.56139279169212,133.1573033707865,37.0,27.0,24.4481339871518,OK,20.275922953840663,OK,14.893359685620444,OK,29.919085761202922,OK,24.330996964851504,OK,16.27171192734391,OK,29.593812818957765,OK,23.26837598530007,OK,16.549703683978834,OK,568.7909560171045,157.1362408235592,456.4322571318427,-0.02384249019473563,EXPANSION_WITH_EXTERNAL_CAPITAL,8.07,27.63,0.0009919901417134724,0.0036393553286622193
TITAN,2024-03,6.843630099444054,10.359408033826638,10.26153002897189,37.2192057915469,21.034468921792865,11.081877833074461,1.653145959757266,8.468497576736672,Levered,13183.0,2.2627875042911088,1.619298190002219,13.772984631976273,1506.0,0.4848398169336384,0.36997885835095135,43.077803203661325,105.53932584269663,39.0,28.0,33.14221885428872,OK,20.897163953120245,OK,16.675157366300255,OK,53.11021124836826,OK,20.274576296793036,OK,16.876825851348286,OK,52.4838939608516,OK,19.50578386760935,OK,17.164882683060824,OK,513.0920251716248,190.9687767486426,363.268316168898,0.0839572651499547,SELF_FUNDED_REINVESTMENT,6.84,37.22,0.0036300994440541245,0.0007942084531009641
TORNTPHARM,2013-03,13.581017795816422,21.76084920387137,19.231970028098658,30.590717299578056,29.125295508274228,11.590727418065548,0.4873417721518987,18.11764705882353,Levered,633.0,0.9055793991416309,0.8534505728750333,3.90609756097561,-94.0,0.35172413793103446,7.7115204495785195,-21.60919540229885,169.28571428571428,13.0,45.0,,INSUFFICIENT,,INSUFFICIENT,,INSUFFICIENT,,INSUFFICIENT,,INSUFFICIENT,,INSUFFICIENT,,INSUFFICIENT,,INSUFFICIENT,,INSUFFICIENT,,,,,EXPANSION_WITH_EXTERNAL_CAPITAL,13.58,30.59,0.001017795816421696,0.0007172995780564406
TORNTPHARM,2014-03,15.915627996164908,22.890699904122723,21.644295302013422,34.8922753547031,29.75288303130148,13.221823974512144,0.5948502364687336,15.305084745762711,Levered,946.0,0.9555555555555556,0.8307447232178415,4.768,181.0,0.9021084337349398,10.019175455417066,27.259036144578314,111.94117647058823,20.0,25.0,,INSUFFICIENT,,INSUFFICIENT,,INSUFFICIENT,,INSUFFICIENT,,INSUFFICIENT,,INSUFFICIENT,,INSUFFICIENT,,INSUFFICIENT,,INSUFFICIENT,,,,,EXPANSION_WITH_EXTERNAL_CAPITAL,15.92,34.89,0.004372003835092286,0.002275354703101584
TORNTPHARM,2015-03,16.199309749784298,22.001725625539258,24.05090595340811,30.148534725010034,21.315236092525332,9.603580562659847,1.099959855479727,6.371428571428571,Levered,2442.0,1.8698315467075037,0.5928388746803069,1.6364278150370632,-1303.0,1.0785619174434087,45.57808455565142,-173.50199733688416,146.52941176470588,22.0,25.0,,INSUFFICIENT,,INSUFFICIENT,,INSUFFICIENT,,INSUFFICIENT,,INSUFFICIENT,,INSUFFICIENT,,INSUFFICIENT,,INSUFFICIENT,,INSUFFICIENT,,,,,EXPANSION_WITH_EXTERNAL_CAPITAL,16.2,30.15,0.000690250215701127,0.0014652749899646267
TORNTPHARM,2016-03,25.915956333183786,40.87034544638852,37.78974128906834,49.59931310818546,43.226137529935,19.502588341210895,0.6731539782484258,13.733695652173912,Levered,1572.0,0.5685352622061483,0.7525320729237002,2.3389296956977965,1873.0,1.5822273514137335,12.995364139374907,108.07847663012117,205.52941176470588,51.0,34.0,27.808026287085408,OK,,INSUFFICIENT,,INSUFFICIENT,58.52694922655446,OK,,INSUFFICIENT,,INSUFFICIENT,57.71594697396814,OK,,INSUFFICIENT,,INSUFFICIENT,,,,,SELF_FUNDED_REINVESTMENT,25.92,49.6,0.0040436668162158185,0.000686891814538626
TORNTPHARM,2017-03,16.059147180192575,23.676066024759283,22.248968363136175,21.466329579407034,18.860224457076228,9.728153317362773,0.5768788784187543,6.281553398058253,Levered,1706.0,1.065584009993754,0.6057702322674722,1.5770065075921909,211.0,1.0802997858672376,13.720770288858322,22.591006423982872,255.94117647058823,28.0,25.0,11.710338046466262,OK,,INSUFFICIENT,,INSUFFICIENT,12.045116443623805,OK,,INSUFFICIENT,,INSUFFICIENT,11.868894208139679,OK,,INSUFFICIENT,,INSUFFICIENT,,,,,SELF_FUNDED_REINVESTMENT,16.06,21.47,0.0008528198074237991,0.0036704205929645184
TORNTPHARM,2018-03,11.394957983193276,22.672268907563026,20.823529411764703,14.665801427644388,11.177266576454668,4.76023309695991,1.3977936404931863,4.0227272727272725,Levered,5970.0,3.6225728155339807,0.4177490697184582,0.7574793125397836,-3783.0,1.3185840707964602,78.60504201680672,-557.9646017699115,271.94117647058823,20.0,35.0,8.67371479602963,OK,13.185815797308443,OK,,INSUFFICIENT,-3.351173414807851,OK,9.281862314917323,OK,,INSUFFICIENT,-3.1270693848535758,OK,8.997698704834534,OK,,INSUFFICIENT,,,,,EXPANSION_WITH_EXTERNAL_CAPITAL,11.39,14.67,0.004957983193275339,0.004198572355612384
TORNTPHARM,2019-03,5.682262478821843,25.843868108953473,13.892871106477259,9.227513227513228,9.90430177459816,3.0893502444554666,1.2778835978835978,2.115079365079365,Levered,5685.0,3.375890736342043,0.5436831290299724,0.9903200826019618,1552.0,4.123853211009174,3.2060471784178284,355.9633027522936,277.94117647058823,13.0,66.0,4.6914685002155565,OK,12.959868904863159,OK,,INSUFFICIENT,-36.87094200917074,OK,-8.068640631432466,OK,,INSUFFICIENT,-36.59487076693295,OK,-8.254943738950193,OK,,INSUFFICIENT,2205.2250917431193,203.48743703703704,590.2893289786223,0.16141812646931317,SELF_FUNDED_REINVESTMENT,5.680000000000001,9.229999999999999,0.002262478821842606,0.002486772486770761
TORNTPHARM,2020-03,12.910945962967629,27.333417306965615,20.632321451064367,21.24792703150912,15.441176470588236,7.316202712348323,1.199004975124378,3.631929046563193,Levered,5782.0,2.5226876090750436,0.5666666666666667,1.053896190096907,1393.0,1.3590243902439025,0.0,135.90243902439025,283.7647058823529,30.0,53.0,10.929520237082357,OK,11.358782714354444,OK,,INSUFFICIENT,3.147568877915652,OK,6.418414862657307,OK,,INSUFFICIENT,2.3264108093813185,OK,6.399531281508364,OK,,INSUFFICIENT,1182.9171707317073,251.34537728026535,643.1944808027923,0.11488753598895363,ASSET_MONETISATION_AND_DELEVERAGING,12.91,21.25,0.0009459629676289438,0.0020729684908786794
TORNTPHARM,2021-03,15.640224859462837,30.98063710181137,23.472829481574017,21.44570058239123,17.541075429424943,8.895204262877442,0.8348749571771155,5.3229461756373935,Levered,4693.0,1.8498226251478125,0.5687388987566607,1.1330502476999291,1561.0,1.601437699680511,5.546533416614616,124.68051118210863,343.4117647058824,37.0,47.0,10.394674554860405,OK,3.663532160847671,OK,,INSUFFICIENT,22.685021965474505,OK,-6.295347760786285,OK,,INSUFFICIENT,22.760102619214862,OK,-6.216527420737561,OK,,INSUFFICIENT,835.6111182108626,179.20265844467284,407.04951123374065,0.14920877482944894,SELF_FUNDED_REINVESTMENT,15.64,21.45,0.00022485946283623548,0.004299417608770284
TORNTPHARM,2022-03,9.132581100141044,28.573107663375648,17.40714621532675,13.052242566773057,14.776015165120224,6.02045560204556,0.6836888963547791,5.807843137254902,Levered,3844.0,1.793747083527765,0.6592282659228266,1.3246146660439047,1607.0,2.3204633204633205,2.30371415138693,206.8211068211068,350.1764705882353,23.0,105.0,3.503275619504187,OK,7.9047633663229755,OK,,INSUFFICIENT,21.239697240419055,OK,-3.6138066917305034,OK,,INSUFFICIENT,20.946924089664122,OK,-3.8578209936383057,OK,,INSUFFICIENT,1579.3539382239383,206.1411070048715,740.7380121325245,0.13095298135241767,SELF_FUNDED_REINVESTMENT,9.13,13.05,0.00258110014104318,0.0022425667730558985
TORNTPHARM,2023-03,12.941787941787942,29.54261954261954,22.66112266112266,20.087124878993222,18.84671911472292,8.521560574948666,0.8662471765085511,6.546546546546547,Levered,5170.0,1.7907862833391064,0.6584531143052703,1.1845831794114026,33.0,1.902008032128514,24.272349272349274,2.6506024096385543,183.37278106508876,37.0,60.0,6.611263407477397,OK,10.08588072171932,OK,11.625087759217422,OK,6.6960877514604,OK,12.92443635197773,OK,11.088220371947966,OK,7.240827497169455,OK,13.09264089979596,OK,11.026292374959578,OK,1318.7288514056224,264.89471119716035,635.600973328715,0.0020099677100514626,EXPANSION_WITH_EXTERNAL_CAPITAL,12.94,20.09,0.00178794178794206,0.002875121006777448
TORNTPHARM,2024-03,15.436241610738255,31.3944817300522,25.223713646532435,24.154025670945156,24.87589630446773,11.416752843846949,0.5866394399066511,7.6440677966101696,Levered,3849.0,1.095332953898691,0.7396070320579111,1.3182600147456378,3106.0,1.9722222222222223,1.4914243102162565,187.56038647342993,202.84023668639054,49.0,57.0,10.251830698592634,OK,6.932744476678732,OK,9.904998966029122,OK,9.770422181784767,OK,30.591457402327848,OK,9.569385326916846,OK,9.815788772150768,OK,30.391879544001377,OK,9.374632912519697,OK,1129.3299456521738,272.77864498249704,647.6856659077974,0.1660811237632738,SELF_FUNDED_REINVESTMENT,15.44,24.15,0.0037583892617440995,0.0040256709451576
TRENT,2013-03,-1.2664165103189493,0.23452157598499063,0.8911819887429643,-2.1933387489845653,1.207115628970775,-1.2222725215029424,0.2786352558895207,0.6551724137931034,Levered,26.0,0.40625,0.965142598460842,2.5290628706998812,-245.0,-1.1481481481481481,12.94559099437148,907.4074074074074,37.303030303030305,-1.0,-87.0,,INSUFFICIENT,,INSUFFICIENT,,INSUFFICIENT,,INSUFFICIENT,,INSUFFICIENT,,INSUFFICIENT,,INSUFFICIENT,,INSUFFICIENT,,INSUFFICIENT,,,,,EXPANSION_WITH_EXTERNAL_CAPITAL,-1.27,-2.19,0.003583489681050711,0.0033387489845653207
TRENT,2014-03,-0.8144020574367767,-0.42863266180882986,1.1573081868838404,-1.917255297679112,2.0408163265306123,-0.981404958677686,0.3350151362260343,1.0384615384615385,Levered,32.0,0.3950617283950617,1.2050619834710743,3.2402777777777776,-94.0,2.4210526315789473,2.0574367766823833,494.7368421052632,30.03030303030303,-1.0,-125.0,,INSUFFICIENT,,INSUFFICIENT,,INSUFFICIENT,,INSUFFICIENT,,INSUFFICIENT,,INSUFFICIENT,,INSUFFICIENT,,INSUFFICIENT,,INSUFFICIENT,,,,,CASH_BURN_AND_CONTRACTION,-0.8099999999999999,-1.92,0.004402057436776796,0.0027447023208879706
TRENT,2015-03,5.64798598949212,3.852889667250438,9.719789842381786,9.071729957805907,13.143872113676732,5.845038513819665,0.1877637130801688,10.090909090909092,Levered,-473.0,-1.5925925925925926,1.0348889895786135,3.4191616766467066,-316.0,-0.07751937984496124,13.39754816112084,-244.9612403100775,43.09090909090909,4.0,26.0,,INSUFFICIENT,,INSUFFICIENT,,INSUFFICIENT,,INSUFFICIENT,,INSUFFICIENT,,INSUFFICIENT,,INSUFFICIENT,,INSUFFICIENT,,INSUFFICIENT,,,,,EXTERNALLY_FUNDED_INVESTMENT,5.65,9.07,0.002014010507880748,0.001729957805906679
TRENT,2016-03,3.262158956109134,5.338078291814947,8.185053380782918,3.7568306010928962,7.4034334763948495,2.5498377375985166,0.273224043715847,2.875,Levered,-667.0,-3.768361581920904,0.7816411682892906,3.5345911949685536,11.0,1.981818181818182,5.812574139976276,20.0,44.36363636363637,2.0,54.0,-7.52518809134517,OK,,INSUFFICIENT,,INSUFFICIENT,,TURNAROUND,,INSUFFICIENT,,INSUFFICIENT,,TURNAROUND,,INSUFFICIENT,,INSUFFICIENT,,,,,SELF_FUNDED_REINVESTMENT,3.26,3.76,0.0021589561091341913,0.003169398907103549
TRENT,2017-03,4.690949227373068,7.39514348785872,9.602649006622517,5.4945054945054945,8.973697782362041,3.825382538253826,0.25339366515837103,3.782608695652174,Levered,-688.0,-3.2,0.8154815481548154,3.300546448087432,58.0,1.2,2.4282560706401766,68.23529411764706,46.878787878787875,3.0,39.0,-8.079054079373371,OK,,INSUFFICIENT,,INSUFFICIENT,,TURNAROUND,,INSUFFICIENT,,INSUFFICIENT,,TURNAROUND,,INSUFFICIENT,,INSUFFICIENT,,,,,SELF_FUNDED_REINVESTMENT,4.69,5.489999999999999,0.0009492273730673517,0.0045054945054952
TRENT,2018-03,4.033379694019471,9.643022716736208,8.854891052387575,5.454545454545454,9.617321248741188,3.724315068493151,0.245141065830721,4.340909090909091,Levered,-632.0,-2.6666666666666665,0.9233732876712328,3.5187601957585644,73.0,0.8850574712643678,0.18544274455261936,83.9080459770115,48.333333333333336,3.0,44.0,-1.8889293180393119,OK,0.23342924489198058,OK,,INSUFFICIENT,-12.304660425977742,OK,,TURNAROUND,,INSUFFICIENT,-9.143970358393016,OK,,TURNAROUND,,INSUFFICIENT,,,,,SELF_FUNDED_REINVESTMENT,4.03,5.45,0.0033796940194710245,0.004545454545453964
TRENT,2019-03,3.6121673003802277,9.163498098859316,8.212927756653993,5.771567436208992,10.093457943925234,3.7123876514263383,0.3001215066828676,4.235294117647059,Levered,-389.0,-1.4514925373134329,1.0277452129738178,3.972809667673716,-16.0,0.22105263157894736,1.4068441064638784,-16.842105263157894,49.878787878787875,3.0,45.0,15.975448153813687,OK,2.4255257678468922,OK,,INSUFFICIENT,19.983162620797668,OK,,TURNAROUND,,INSUFFICIENT,14.471424255333186,OK,,TURNAROUND,,INSUFFICIENT,7466.886842105263,430.9564094775213,3056.0096268656716,-0.002255572585911764,EXPANSION_WITH_EXTERNAL_CAPITAL,3.61,5.77,0.0021673003802278323,0.0015674362089921345
TRENT,2020-03,3.040734366035571,15.174985656913368,12.27768215720023,4.438860971524288,15.922619047619047,1.9248229526057745,0.12562814070351758,1.6273764258555132,Levered,-1215.0,-1.8,0.633012529507899,1.273192111029949,-448.0,3.4056603773584904,23.207114170969593,-422.64150943396226,66.33333333333333,3.0,29.0,24.372127426923896,OK,8.824393804055731,OK,,INSUFFICIENT,7.637180515122499,OK,-3.85134110013694,OK,,INSUFFICIENT,0.0,OK,-5.591248870509801,OK,,INSUFFICIENT,6649.053396226415,295.14223618090455,1205.8303407407407,-0.0635641623323144,EXPANSION_WITH_EXTERNAL_CAPITAL,3.04,4.44,0.0007343660355707549,0.0011390284757126778
TRENT,2021-03,-6.980331662167373,4.3964519861164675,2.1596606247589665,-7.825335062689148,2.1431305013394564,-3.1621243885394827,0.1297016861219196,0.21455938697318008,Levered,-1187.0,-3.792332268370607,0.453004891684137,0.8490504256712508,285.0,-1.574585635359116,0.0,-157.45856353591162,64.25,-4.0,-15.0,6.328770127869321,OK,8.990586420337365,OK,,INSUFFICIENT,,DECLINE_TO_LOSS,,DECLINE_TO_LOSS,,INSUFFICIENT,,DECLINE_TO_LOSS,,DECLINE_TO_LOSS,,INSUFFICIENT,,302.6796627756161,2551.6191373801917,0.040708583023355324,ASSET_MONETISATION_AND_DELEVERAGING,-6.98,-7.829999999999999,0.0003316621673725706,0.004664937310851158
TRENT,2022-03,0.7781236104935527,13.228101378390395,9.69319697643397,1.4805414551607445,6.150373818592185,0.45301579083613774,1.998730964467005,1.3415384615384616,Levered,3441.0,4.606425702811245,0.582190007765985,0.9596756987411991,58.0,1.6571428571428573,0.0,165.71428571428572,65.66666666666667,3.0,57.0,19.588082085555246,OK,19.942266579289726,OK,,INSUFFICIENT,-28.311722349272085,OK,-16.260604064943717,OK,,INSUFFICIENT,0.0,OK,0.0,OK,,INSUFFICIENT,17363.050857142858,257.06716582064297,861.9561981258367,0.009544076503474257,ASSET_MONETISATION_AND_DELEVERAGING,0.7799999999999999,1.48,0.0018763895064471958,0.0005414551607445528
TRENT,2023-03,4.780393108468818,13.516136859985439,11.659791312788158,15.177195685670261,13.611898016997168,4.875030932937392,1.7195685670261942,2.349633251833741,Levered,3354.0,2.3051546391752575,1.0197970799307101,1.820631764965761,492.0,1.5101522842639594,1.2496966755641834,124.8730964467005,72.11111111111111,13.0,18.0,33.21968705894829,OK,30.74843312034483,OK,14.478660981200232,OK,54.90429238399499,OK,35.26810123045472,OK,,TURNAROUND,63.032441550291594,OK,34.080129120845726,OK,,TURNAROUND,1481.3622588832486,224.82924884437597,417.20080412371135,0.08429612385348491,SELF_FUNDED_REINVESTMENT,4.78,15.18,0.00039310846881779327,0.0028043143297384887
TRENT,2024-03,11.935353535353535,15.927272727272726,18.496969696969696,36.30776794493609,39.323140353891084,20.622731080703712,0.4309242871189774,6.220108695652174,Levered,337.0,0.11385135135135135,1.7278693102485339,5.051020408163265,841.0,0.913337846987136,4.105050505050505,56.939742721733246,113.0,42.0,8.0,68.36335197744833,OK,36.30691600183056,OK,18.15797703617492,OK,,TURNAROUND,73.11367578503176,OK,,TURNAROUND,,TURNAROUND,69.52182030724354,OK,,TURNAROUND,386.81248476641844,140.44297935103245,191.3152297297297,0.14720244295143942,SELF_FUNDED_REINVESTMENT,11.94,36.31,0.004646464646464565,0.0022320550639136627
TVSMOTOR,2013-03,2.6364846870838883,5.832223701731025,5.233022636484687,22.024471635150167,19.97966446365023,5.8562555456965395,1.1879866518353726,3.8155339805825244,Levered,720.0,1.265377855887522,2.2212363206152026,4.714375392341494,344.0,2.3434343434343434,1.5978695073235687,173.73737373737376,,4.0,30.0,,INSUFFICIENT,,INSUFFICIENT,,INSUFFICIENT,,INSUFFICIENT,,INSUFFICIENT,,INSUFFICIENT,,INSUFFICIENT,,INSUFFICIENT,,INSUFFICIENT,,,,,SELF_FUNDED_REINVESTMENT,2.64,22.02,0.0035153129161118457,0.004471635150167685
TVSMOTOR,2014-03,2.23043893129771,5.868320610687023,4.615935114503817,16.1068044788975,20.487030174695605,5.148678414096916,0.6270456503014643,4.8375,Levered,289.0,0.539179104477612,2.3083700440528636,5.526697429136454,235.0,2.513368983957219,2.8029580152671754,125.66844919786095,,4.0,37.0,,INSUFFICIENT,,INSUFFICIENT,,INSUFFICIENT,,INSUFFICIENT,,INSUFFICIENT,,INSUFFICIENT,,INSUFFICIENT,,INSUFFICIENT,,INSUFFICIENT,,,,,SELF_FUNDED_REINVESTMENT,2.23,16.11,0.00043893129770999906,0.003195521102497878
TVSMOTOR,2015-03,3.1981279251170043,5.898985959438377,4.933697347893916,24.754716981132074,20.7037643207856,7.177242888402626,0.8445283018867924,8.161290322580646,Levered,580.0,0.8467153284671532,2.2442013129102847,6.2651191203420895,-332.0,0.2530487804878049,4.046411856474259,-101.21951219512195,,7.0,28.0,,INSUFFICIENT,,INSUFFICIENT,,INSUFFICIENT,,INSUFFICIENT,,INSUFFICIENT,,INSUFFICIENT,,INSUFFICIENT,,INSUFFICIENT,,INSUFFICIENT,,,,,EXPANSION_WITH_EXTERNAL_CAPITAL,3.2,24.75,0.0018720748829959,0.004716981132073528
TVSMOTOR,2016-03,3.7707655796782986,7.198734288476752,5.713281181330755,23.58438702583837,22.336769759450174,8.336572094830936,0.59978009895547,9.285714285714286,Levered,148.0,0.16228070175438597,2.210843373493976,5.58243375858685,331.0,2.1818181818181817,5.317746330315549,77.15617715617715,,9.0,28.0,14.84954360004187,OK,,INSUFFICIENT,,INSUFFICIENT,29.398934610938454,OK,,INSUFFICIENT,,INSUFFICIENT,31.03706971044482,OK,,INSUFFICIENT,,INSUFFICIENT,,,,,SELF_FUNDED_REINVESTMENT,3.77,23.58,0.0007655796782986002,0.0043870258383726934
TVSMOTOR,2017-03,4.084088903153334,6.988686512075744,5.761052716039477,22.95895354082093,20.351473922902493,8.306135770234988,0.591339648173207,11.966666666666667,Levered,156.0,0.15072463768115943,2.033779373368146,5.276460626587638,-20.0,1.3536345776031433,5.688838963331461,-3.9292730844793713,,11.0,23.0,14.127536208442603,OK,,INSUFFICIENT,,INSUFFICIENT,39.62356584881101,OK,,INSUFFICIENT,,INSUFFICIENT,40.10196653276936,OK,,INSUFFICIENT,,INSUFFICIENT,,,,,SELF_FUNDED_REINVESTMENT,4.08,22.96,0.004088903153333767,0.001046459179072201
TVSMOTOR,2018-03,4.069767441860465,9.614443084455324,7.766217870257037,24.8319641523525,13.210493441599,5.0416982562547386,2.5870052277819267,3.7544378698224854,Levered,6507.0,3.960438222763238,1.238817285822593,5.2811893988364575,-741.0,0.5323308270676692,6.7013463892288865,-111.42857142857143,,14.0,24.0,16.795115371787837,OK,16.821404430992427,OK,,INSUFFICIENT,26.565673313222437,OK,27.418148765476346,OK,,INSUFFICIENT,25.99210498948732,OK,28.473515712343932,OK,,INSUFFICIENT,,,,,EXPANSION_WITH_EXTERNAL_CAPITAL,4.07,24.83,0.000232558139535044,0.0019641523525031346
TVSMOTOR,2019-03,3.5962301587301586,10.729166666666666,8.660714285714285,22.863450015767896,14.00272676237068,4.34235745088644,2.9321980447808262,2.6334841628959276,Levered,8858.0,4.048446069469835,1.2074748442740777,5.987525987525988,-2022.0,-1.2662068965517241,5.476190476190476,-278.8965517241379,,15.0,24.0,21.00990590185301,OK,19.181226820701692,OK,,INSUFFICIENT,19.1132948748284,OK,31.129160252040357,OK,,INSUFFICIENT,18.56311014966876,OK,30.258554234867606,OK,,INSUFFICIENT,197.37011034482757,45.12561652475559,60.0564945155393,-1.4130637675424844,EXTERNALLY_FUNDED_INVESTMENT,3.6,22.86,0.0037698412698414785,0.003450015767896275
TVSMOTOR,2020-03,3.4325428404689906,12.011247281022866,9.12515252798557,19.70758452634785,11.563802608578728,3.3572021585720218,3.5306122448979593,2.0116959064327484,Levered,11220.0,4.929701230228471,0.9780510585305106,4.945945945945946,-717.0,0.5765069551777434,5.782800148548994,-110.81916537867077,,13.0,27.0,14.785907770291695,OK,12.9437128647647,OK,,INSUFFICIENT,8.325033690406602,OK,14.552899791135477,OK,,INSUFFICIENT,5.726427034643122,OK,13.179836563100178,OK,,INSUFFICIENT,263.13326120556417,51.857209869022235,71.9083611599297,-0.42115225141414936,EXPANSION_WITH_EXTERNAL_CAPITAL,3.43,19.71,0.0025428404689904482,0.002415473652149558
TVSMOTOR,2021-03,3.1306317903300553,11.49271407239586,8.768858452190928,15.88711784687745,10.639760089966263,2.780699748456437,3.182388293702639,1.9330306469920544,Levered,11711.0,5.16358024691358,0.8882231877429683,4.601042407012557,269.0,1.893092105263158,4.541475722156429,44.243421052631575,,13.0,28.0,5.926960825407179,OK,11.288109784327238,OK,,INSUFFICIENT,-2.9428998718965427,OK,7.223321748104405,OK,,INSUFFICIENT,-2.440004365244264,OK,7.631692251481081,OK,,INSUFFICIENT,340.0181578947369,54.019085445518684,90.83774691358025,0.13012075980462343,EXPANSION_WITH_EXTERNAL_CAPITAL,3.13,15.89,0.0006317903300554484,0.0028821531225506902
TVSMOTOR,2022-03,3.0014370765756517,11.311845616916443,8.240607678094847,16.613636363636363,9.922380975923272,2.715554069616256,3.5970454545454547,2.1351063829787233,Levered,15222.0,5.535272727272727,0.9047512909097664,4.076150627615063,-3046.0,-2.1545827633378933,6.039827550810921,-416.68946648426817,,16.0,24.0,6.503987667929678,OK,14.338662531121994,OK,,INSUFFICIENT,0.27510454981212185,OK,7.507786190936239,OK,,INSUFFICIENT,2.174590985807079,OK,7.781806771272581,OK,,INSUFFICIENT,340.7098358413133,56.604293181818186,100.23189818181817,-1.223003924895032,EXTERNALLY_FUNDED_INVESTMENT,3.0,16.61,0.00143707657565173,0.003636363636363882
TVSMOTOR,2023-03,4.093951335460061,12.594608119096767,10.333395884155877,23.77838328792007,11.850364047200603,3.737330478229836,4.064668483197093,2.415204678362573,Levered,21409.0,5.1426855632957,0.9128907922912206,5.562630480167015,-5713.0,-3.3651642475171886,4.090823794332896,-436.44003055767763,,28.0,18.0,19.26221894569402,OK,14.369173773190113,OK,15.588786237231055,OK,26.477067834219813,OK,14.504775670698656,OK,20.789016639620762,OK,29.14320482462449,OK,14.869835499703509,OK,21.48140440390669,OK,164.404820473644,39.09280835603997,62.46770117703579,-2.654666872299185,EXTERNALLY_FUNDED_INVESTMENT,4.09,23.78,0.003951335460061323,0.0016167120799295276
TVSMOTOR,2024-03,4.544641716694342,14.050325712096054,11.830374249584876,26.223466981132077,14.123208295211956,4.233295259851514,3.833431603773585,2.4019709543568464,Levered,24883.0,4.43863717445594,0.931491528650295,6.6448820234255646,-2254.0,-0.7043282743114109,2.557159279601482,-126.70039347948286,,36.0,23.0,26.31887127852206,OK,14.192387704277065,OK,16.660142551691372,OK,43.02900681569186,OK,19.665122106676503,OK,25.266064731460137,OK,40.427786232989085,OK,19.13578981670916,OK,24.57309396155174,OK,149.85464305789768,39.29708284198113,59.75261327149483,-0.8454886074536311,EXTERNALLY_FUNDED_INVESTMENT,4.54,26.22,0.004641716694341547,0.0034669811320782173
