company_id,year,metric,flag
ABB,2012-12,interest_coverage,Debt Free
ABB,2012-12,revenue_cagr_3y,INSUFFICIENT
ABB,2012-12,revenue_cagr_5y,INSUFFICIENT
ABB,2012-12,revenue_cagr_10y,INSUFFICIENT
ABB,2012-12,pat_cagr_3y,INSUFFICIENT
ABB,2012-12,pat_cagr_5y,INSUFFICIENT
ABB,2012-12,pat_cagr_10y,INSUFFICIENT
ABB,2012-12,eps_cagr_3y,INSUFFICIENT
ABB,2012-12,eps_cagr_5y,INSUFFICIENT
ABB,2012-12,eps_cagr_10y,INSUFFICIENT
ABB,2014-03,interest_coverage,Debt Free
ABB,2014-03,revenue_cagr_3y,INSUFFICIENT
ABB,2014-03,revenue_cagr_5y,INSUFFICIENT
ABB,2014-03,revenue_cagr_10y,INSUFFICIENT
ABB,2014-03,pat_cagr_3y,INSUFFICIENT
ABB,2014-03,pat_cagr_5y,INSUFFICIENT
ABB,2014-03,pat_cagr_10y,INSUFFICIENT
ABB,2014-03,eps_cagr_3y,INSUFFICIENT
ABB,2014-03,eps_cagr_5y,INSUFFICIENT
ABB,2014-03,eps_cagr_10y,INSUFFICIENT
ABB,2015-03,interest_coverage,Debt Free
ABB,2015-03,revenue_cagr_3y,INSUFFICIENT
ABB,2015-03,revenue_cagr_5y,INSUFFICIENT
ABB,2015-03,revenue_cagr_10y,INSUFFICIENT
ABB,2015-03,pat_cagr_3y,INSUFFICIENT
ABB,2015-03,pat_cagr_5y,INSUFFICIENT
ABB,2015-03,pat_cagr_10y,INSUFFICIENT
ABB,2015-03,eps_cagr_3y,INSUFFICIENT
ABB,2015-03,eps_cagr_5y,INSUFFICIENT
ABB,2015-03,eps_cagr_10y,INSUFFICIENT
ABB,2016-03,revenue_cagr_5y,INSUFFICIENT
ABB,2016-03,revenue_cagr_10y,INSUFFICIENT
ABB,2016-03,pat_cagr_5y,INSUFFICIENT
ABB,2016-03,pat_cagr_10y,INSUFFICIENT
ABB,2016-03,eps_cagr_5y,INSUFFICIENT
ABB,2016-03,eps_cagr_10y,INSUFFICIENT
ABB,2017-03,revenue_cagr_5y,INSUFFICIENT
ABB,2017-03,revenue_cagr_10y,INSUFFICIENT
ABB,2017-03,pat_cagr_5y,INSUFFICIENT
ABB,2017-03,pat_cagr_10y,INSUFFICIENT
ABB,2017-03,eps_cagr_5y,INSUFFICIENT
ABB,2017-03,eps_cagr_10y,INSUFFICIENT
ABB,2018-03,revenue_cagr_10y,INSUFFICIENT
ABB,2018-03,pat_cagr_10y,INSUFFICIENT
ABB,2018-03,eps_cagr_10y,INSUFFICIENT
ABB,2019-03,revenue_cagr_10y,INSUFFICIENT
ABB,2019-03,pat_cagr_10y,INSUFFICIENT
ABB,2019-03,eps_cagr_10y,INSUFFICIENT
ABB,2020-03,revenue_cagr_10y,INSUFFICIENT
ABB,2020-03,pat_cagr_10y,INSUFFICIENT
ABB,2020-03,eps_cagr_10y,INSUFFICIENT
ABB,2021-03,revenue_cagr_10y,INSUFFICIENT
ABB,2021-03,pat_cagr_10y,INSUFFICIENT
ABB,2021-03,eps_cagr_10y,INSUFFICIENT
ABB,2022-03,revenue_cagr_10y,INSUFFICIENT
ABB,2022-03,pat_cagr_10y,INSUFFICIENT
ABB,2022-03,eps_cagr_10y,INSUFFICIENT
ADANIENSOL,2014-03,interest_coverage,Debt Free
ADANIENSOL,2014-03,revenue_cagr_3y,INSUFFICIENT
ADANIENSOL,2014-03,revenue_cagr_5y,INSUFFICIENT
ADANIENSOL,2014-03,revenue_cagr_10y,INSUFFICIENT
ADANIENSOL,2014-03,pat_cagr_3y,INSUFFICIENT
ADANIENSOL,2014-03,pat_cagr_5y,INSUFFICIENT
ADANIENSOL,2014-03,pat_cagr_10y,INSUFFICIENT
ADANIENSOL,2014-03,eps_cagr_3y,INSUFFICIENT
ADANIENSOL,2014-03,eps_cagr_5y,INSUFFICIENT
ADANIENSOL,2014-03,eps_cagr_10y,INSUFFICIENT
ADANIENSOL,2015-03,revenue_cagr_3y,INSUFFICIENT
ADANIENSOL,2015-03,revenue_cagr_5y,INSUFFICIENT
ADANIENSOL,2015-03,revenue_cagr_10y,INSUFFICIENT
ADANIENSOL,2015-03,pat_cagr_3y,INSUFFICIENT
ADANIENSOL,2015-03,pat_cagr_5y,INSUFFICIENT
ADANIENSOL,2015-03,pat_cagr_10y,INSUFFICIENT
ADANIENSOL,2015-03,eps_cagr_3y,INSUFFICIENT
ADANIENSOL,2015-03,eps_cagr_5y,INSUFFICIENT
ADANIENSOL,2015-03,eps_cagr_10y,INSUFFICIENT
ADANIENSOL,2016-03,revenue_cagr_3y,INSUFFICIENT
ADANIENSOL,2016-03,revenue_cagr_5y,INSUFFICIENT
ADANIENSOL,2016-03,revenue_cagr_10y,INSUFFICIENT
ADANIENSOL,2016-03,pat_cagr_3y,INSUFFICIENT
ADANIENSOL,2016-03,pat_cagr_5y,INSUFFICIENT
ADANIENSOL,2016-03,pat_cagr_10y,INSUFFICIENT
ADANIENSOL,2016-03,eps_cagr_3y,INSUFFICIENT
ADANIENSOL,2016-03,eps_cagr_5y,INSUFFICIENT
ADANIENSOL,2016-03,eps_cagr_10y,INSUFFICIENT
ADANIENSOL,2017-03,revenue_cagr_3y,ZERO_BASE
ADANIENSOL,2017-03,revenue_cagr_5y,INSUFFICIENT
ADANIENSOL,2017-03,revenue_cagr_10y,INSUFFICIENT
ADANIENSOL,2017-03,pat_cagr_3y,ZERO_BASE
ADANIENSOL,2017-03,pat_cagr_5y,INSUFFICIENT
ADANIENSOL,2017-03,pat_cagr_10y,INSUFFICIENT
ADANIENSOL,2017-03,eps_cagr_3y,ZERO_BASE
ADANIENSOL,2017-03,eps_cagr_5y,INSUFFICIENT
ADANIENSOL,2017-03,eps_cagr_10y,INSUFFICIENT
ADANIENSOL,2018-03,revenue_cagr_5y,INSUFFICIENT
ADANIENSOL,2018-03,revenue_cagr_10y,INSUFFICIENT
ADANIENSOL,2018-03,pat_cagr_3y,TURNAROUND
ADANIENSOL,2018-03,pat_cagr_5y,INSUFFICIENT
ADANIENSOL,2018-03,pat_cagr_10y,INSUFFICIENT
ADANIENSOL,2018-03,eps_cagr_3y,ZERO_BASE
ADANIENSOL,2018-03,eps_cagr_5y,INSUFFICIENT
ADANIENSOL,2018-03,eps_cagr_10y,INSUFFICIENT
ADANIENSOL,2019-03,revenue_cagr_5y,ZERO_BASE
ADANIENSOL,2019-03,revenue_cagr_10y,INSUFFICIENT
ADANIENSOL,2019-03,pat_cagr_5y,ZERO_BASE
ADANIENSOL,2019-03,pat_cagr_10y,INSUFFICIENT
ADANIENSOL,2019-03,eps_cagr_5y,ZERO_BASE
ADANIENSOL,2019-03,eps_cagr_10y,INSUFFICIENT
ADANIENSOL,2020-03,revenue_cagr_10y,INSUFFICIENT
ADANIENSOL,2020-03,pat_cagr_5y,TURNAROUND
ADANIENSOL,2020-03,pat_cagr_10y,INSUFFICIENT
ADANIENSOL,2020-03,eps_cagr_5y,ZERO_BASE
ADANIENSOL,2020-03,eps_cagr_10y,INSUFFICIENT
ADANIENSOL,2021-03,revenue_cagr_10y,INSUFFICIENT
ADANIENSOL,2021-03,pat_cagr_10y,INSUFFICIENT
ADANIENSOL,2021-03,eps_cagr_10y,INSUFFICIENT
ADANIENSOL,2022-03,revenue_cagr_10y,INSUFFICIENT
ADANIENSOL,2022-03,pat_cagr_10y,INSUFFICIENT
ADANIENSOL,2022-03,eps_cagr_10y,INSUFFICIENT
ADANIENSOL,2023-03,revenue_cagr_10y,INSUFFICIENT
ADANIENSOL,2023-03,pat_cagr_10y,INSUFFICIENT
ADANIENSOL,2023-03,eps_cagr_10y,INSUFFICIENT
ADANIENSOL,2024-03,revenue_cagr_10y,ZERO_BASE
ADANIENSOL,2024-03,pat_cagr_10y,ZERO_BASE
ADANIENSOL,2024-03,eps_cagr_10y,ZERO_BASE
ADANIENT,2013-03,revenue_cagr_3y,INSUFFICIENT
ADANIENT,2013-03,revenue_cagr_5y,INSUFFICIENT
ADANIENT,2013-03,revenue_cagr_10y,INSUFFICIENT
ADANIENT,2013-03,pat_cagr_3y,INSUFFICIENT
ADANIENT,2013-03,pat_cagr_5y,INSUFFICIENT
ADANIENT,2013-03,pat_cagr_10y,INSUFFICIENT
ADANIENT,2013-03,eps_cagr_3y,INSUFFICIENT
ADANIENT,2013-03,eps_cagr_5y,INSUFFICIENT
ADANIENT,2013-03,eps_cagr_10y,INSUFFICIENT
ADANIENT,2014-03,revenue_cagr_3y,INSUFFICIENT
ADANIENT,2014-03,revenue_cagr_5y,INSUFFICIENT
ADANIENT,2014-03,revenue_cagr_10y,INSUFFICIENT
ADANIENT,2014-03,pat_cagr_3y,INSUFFICIENT
ADANIENT,2014-03,pat_cagr_5y,INSUFFICIENT
ADANIENT,2014-03,pat_cagr_10y,INSUFFICIENT
ADANIENT,2014-03,eps_cagr_3y,INSUFFICIENT
ADANIENT,2014-03,eps_cagr_5y,INSUFFICIENT
ADANIENT,2014-03,eps_cagr_10y,INSUFFICIENT
ADANIENT,2015-03,revenue_cagr_3y,INSUFFICIENT
ADANIENT,2015-03,revenue_cagr_5y,INSUFFICIENT
ADANIENT,2015-03,revenue_cagr_10y,INSUFFICIENT
ADANIENT,2015-03,pat_cagr_3y,INSUFFICIENT
ADANIENT,2015-03,pat_cagr_5y,INSUFFICIENT
ADANIENT,2015-03,pat_cagr_10y,INSUFFICIENT
ADANIENT,2015-03,eps_cagr_3y,INSUFFICIENT
ADANIENT,2015-03,eps_cagr_5y,INSUFFICIENT
ADANIENT,2015-03,eps_cagr_10y,INSUFFICIENT
ADANIENT,2016-03,revenue_cagr_5y,INSUFFICIENT
ADANIENT,2016-03,revenue_cagr_10y,INSUFFICIENT
ADANIENT,2016-03,pat_cagr_5y,INSUFFICIENT
ADANIENT,2016-03,pat_cagr_10y,INSUFFICIENT
ADANIENT,2016-03,eps_cagr_5y,INSUFFICIENT
ADANIENT,2016-03,eps_cagr_10y,INSUFFICIENT
ADANIENT,2017-03,revenue_cagr_5y,INSUFFICIENT
ADANIENT,2017-03,revenue_cagr_10y,INSUFFICIENT
ADANIENT,2017-03,pat_cagr_5y,INSUFFICIENT
ADANIENT,2017-03,pat_cagr_10y,INSUFFICIENT
ADANIENT,2017-03,eps_cagr_5y,INSUFFICIENT
ADANIENT,2017-03,eps_cagr_10y,INSUFFICIENT
ADANIENT,2018-03,revenue_cagr_10y,INSUFFICIENT
ADANIENT,2018-03,pat_cagr_10y,INSUFFICIENT
ADANIENT,2018-03,eps_cagr_10y,INSUFFICIENT
ADANIENT,2019-03,revenue_cagr_10y,INSUFFICIENT
ADANIENT,2019-03,pat_cagr_10y,INSUFFICIENT
ADANIENT,2019-03,eps_cagr_10y,INSUFFICIENT
ADANIENT,2020-03,revenue_cagr_10y,INSUFFICIENT
ADANIENT,2020-03,pat_cagr_10y,INSUFFICIENT
ADANIENT,2020-03,eps_cagr_10y,INSUFFICIENT
ADANIENT,2021-03,revenue_cagr_10y,INSUFFICIENT
ADANIENT,2021-03,pat_cagr_10y,INSUFFICIENT
ADANIENT,2021-03,eps_cagr_10y,INSUFFICIENT
ADANIENT,2022-03,revenue_cagr_10y,INSUFFICIENT
ADANIENT,2022-03,pat_cagr_10y,INSUFFICIENT
ADANIENT,2022-03,eps_cagr_10y,INSUFFICIENT
ADANIGREEN,2017-03,revenue_cagr_3y,INSUFFICIENT
ADANIGREEN,2017-03,revenue_cagr_5y,INSUFFICIENT
ADANIGREEN,2017-03,revenue_cagr_10y,INSUFFICIENT
ADANIGREEN,2017-03,pat_cagr_3y,INSUFFICIENT
ADANIGREEN,2017-03,pat_cagr_5y,INSUFFICIENT
ADANIGREEN,2017-03,pat_cagr_10y,INSUFFICIENT
ADANIGREEN,2017-03,eps_cagr_3y,INSUFFICIENT
ADANIGREEN,2017-03,eps_cagr_5y,INSUFFICIENT
ADANIGREEN,2017-03,eps_cagr_10y,INSUFFICIENT
ADANIGREEN,2018-03,revenue_cagr_3y,INSUFFICIENT
ADANIGREEN,2018-03,revenue_cagr_5y,INSUFFICIENT
ADANIGREEN,2018-03,revenue_cagr_10y,INSUFFICIENT
ADANIGREEN,2018-03,pat_cagr_3y,INSUFFICIENT
ADANIGREEN,2018-03,pat_cagr_5y,INSUFFICIENT
ADANIGREEN,2018-03,pat_cagr_10y,INSUFFICIENT
ADANIGREEN,2018-03,eps_cagr_3y,INSUFFICIENT
ADANIGREEN,2018-03,eps_cagr_5y,INSUFFICIENT
ADANIGREEN,2018-03,eps_cagr_10y,INSUFFICIENT
ADANIGREEN,2019-03,revenue_cagr_3y,INSUFFICIENT
ADANIGREEN,2019-03,revenue_cagr_5y,INSUFFICIENT
ADANIGREEN,2019-03,revenue_cagr_10y,INSUFFICIENT
ADANIGREEN,2019-03,pat_cagr_3y,INSUFFICIENT
ADANIGREEN,2019-03,pat_cagr_5y,INSUFFICIENT
ADANIGREEN,2019-03,pat_cagr_10y,INSUFFICIENT
ADANIGREEN,2019-03,eps_cagr_3y,INSUFFICIENT
ADANIGREEN,2019-03,eps_cagr_5y,INSUFFICIENT
ADANIGREEN,2019-03,eps_cagr_10y,INSUFFICIENT
ADANIGREEN,2020-03,revenue_cagr_5y,INSUFFICIENT
ADANIGREEN,2020-03,revenue_cagr_10y,INSUFFICIENT
ADANIGREEN,2020-03,pat_cagr_3y,BOTH_NEGATIVE
ADANIGREEN,2020-03,pat_cagr_5y,INSUFFICIENT
ADANIGREEN,2020-03,pat_cagr_10y,INSUFFICIENT
ADANIGREEN,2020-03,eps_cagr_3y,ZERO_BASE
ADANIGREEN,2020-03,eps_cagr_5y,INSUFFICIENT
ADANIGREEN,2020-03,eps_cagr_10y,INSUFFICIENT
ADANIGREEN,2021-03,revenue_cagr_5y,INSUFFICIENT
ADANIGREEN,2021-03,revenue_cagr_10y,INSUFFICIENT
ADANIGREEN,2021-03,pat_cagr_3y,TURNAROUND
ADANIGREEN,2021-03,pat_cagr_5y,INSUFFICIENT
ADANIGREEN,2021-03,pat_cagr_10y,INSUFFICIENT
ADANIGREEN,2021-03,eps_cagr_3y,TURNAROUND
ADANIGREEN,2021-03,eps_cagr_5y,INSUFFICIENT
ADANIGREEN,2021-03,eps_cagr_10y,INSUFFICIENT
ADANIGREEN,2022-03,revenue_cagr_10y,INSUFFICIENT
ADANIGREEN,2022-03,pat_cagr_3y,TURNAROUND
ADANIGREEN,2022-03,pat_cagr_5y,TURNAROUND
ADANIGREEN,2022-03,pat_cagr_10y,INSUFFICIENT
ADANIGREEN,2022-03,eps_cagr_3y,TURNAROUND
ADANIGREEN,2022-03,eps_cagr_5y,ZERO_BASE
ADANIGREEN,2022-03,eps_cagr_10y,INSUFFICIENT
ADANIGREEN,2023-03,revenue_cagr_10y,INSUFFICIENT
ADANIGREEN,2023-03,pat_cagr_3y,TURNAROUND
ADANIGREEN,2023-03,pat_cagr_5y,TURNAROUND
ADANIGREEN,2023-03,pat_cagr_10y,INSUFFICIENT
ADANIGREEN,2023-03,eps_cagr_3y,ZERO_BASE
ADANIGREEN,2023-03,eps_cagr_5y,TURNAROUND
ADANIGREEN,2023-03,eps_cagr_10y,INSUFFICIENT
ADANIGREEN,2024-03,revenue_cagr_10y,INSUFFICIENT
ADANIGREEN,2024-03,pat_cagr_5y,TURNAROUND
ADANIGREEN,2024-03,pat_cagr_10y,INSUFFICIENT
ADANIGREEN,2024-03,eps_cagr_5y,TURNAROUND
ADANIGREEN,2024-03,eps_cagr_10y,INSUFFICIENT
ADANIPORTS,2013-03,revenue_cagr_3y,INSUFFICIENT
ADANIPORTS,2013-03,revenue_cagr_5y,INSUFFICIENT
ADANIPORTS,2013-03,revenue_cagr_10y,INSUFFICIENT
ADANIPORTS,2013-03,pat_cagr_3y,INSUFFICIENT
ADANIPORTS,2013-03,pat_cagr_5y,INSUFFICIENT
ADANIPORTS,2013-03,pat_cagr_10y,INSUFFICIENT
ADANIPORTS,2013-03,eps_cagr_3y,INSUFFICIENT
ADANIPORTS,2013-03,eps_cagr_5y,INSUFFICIENT
ADANIPORTS,2013-03,eps_cagr_10y,INSUFFICIENT
ADANIPORTS,2014-03,revenue_cagr_3y,INSUFFICIENT
ADANIPORTS,2014-03,revenue_cagr_5y,INSUFFICIENT
ADANIPORTS,2014-03,revenue_cagr_10y,INSUFFICIENT
ADANIPORTS,2014-03,pat_cagr_3y,INSUFFICIENT
ADANIPORTS,2014-03,pat_cagr_5y,INSUFFICIENT
ADANIPORTS,2014-03,pat_cagr_10y,INSUFFICIENT
ADANIPORTS,2014-03,eps_cagr_3y,INSUFFICIENT
ADANIPORTS,2014-03,eps_cagr_5y,INSUFFICIENT
ADANIPORTS,2014-03,eps_cagr_10y,INSUFFICIENT
ADANIPORTS,2015-03,revenue_cagr_3y,INSUFFICIENT
ADANIPORTS,2015-03,revenue_cagr_5y,INSUFFICIENT
ADANIPORTS,2015-03,revenue_cagr_10y,INSUFFICIENT
ADANIPORTS,2015-03,pat_cagr_3y,INSUFFICIENT
ADANIPORTS,2015-03,pat_cagr_5y,INSUFFICIENT
ADANIPORTS,2015-03,pat_cagr_10y,INSUFFICIENT
ADANIPORTS,2015-03,eps_cagr_3y,INSUFFICIENT
ADANIPORTS,2015-03,eps_cagr_5y,INSUFFICIENT
ADANIPORTS,2015-03,eps_cagr_10y,INSUFFICIENT
ADANIPORTS,2016-03,revenue_cagr_5y,INSUFFICIENT
ADANIPORTS,2016-03,revenue_cagr_10y,INSUFFICIENT
ADANIPORTS,2016-03,pat_cagr_5y,INSUFFICIENT
ADANIPORTS,2016-03,pat_cagr_10y,INSUFFICIENT
ADANIPORTS,2016-03,eps_cagr_5y,INSUFFICIENT
ADANIPORTS,2016-03,eps_cagr_10y,INSUFFICIENT
ADANIPORTS,2017-03,revenue_cagr_5y,INSUFFICIENT
ADANIPORTS,2017-03,revenue_cagr_10y,INSUFFICIENT
ADANIPORTS,2017-03,pat_cagr_5y,INSUFFICIENT
ADANIPORTS,2017-03,pat_cagr_10y,INSUFFICIENT
ADANIPORTS,2017-03,eps_cagr_5y,INSUFFICIENT
ADANIPORTS,2017-03,eps_cagr_10y,INSUFFICIENT
ADANIPORTS,2018-03,revenue_cagr_10y,INSUFFICIENT
ADANIPORTS,2018-03,pat_cagr_10y,INSUFFICIENT
ADANIPORTS,2018-03,eps_cagr_10y,INSUFFICIENT
ADANIPORTS,2019-03,revenue_cagr_10y,INSUFFICIENT
ADANIPORTS,2019-03,pat_cagr_10y,INSUFFICIENT
ADANIPORTS,2019-03,eps_cagr_10y,INSUFFICIENT
ADANIPORTS,2020-03,revenue_cagr_10y,INSUFFICIENT
ADANIPORTS,2020-03,pat_cagr_10y,INSUFFICIENT
ADANIPORTS,2020-03,eps_cagr_10y,INSUFFICIENT
ADANIPORTS,2021-03,revenue_cagr_10y,INSUFFICIENT
ADANIPORTS,2021-03,pat_cagr_10y,INSUFFICIENT
ADANIPORTS,2021-03,eps_cagr_10y,INSUFFICIENT
ADANIPORTS,2022-03,revenue_cagr_10y,INSUFFICIENT
ADANIPORTS,2022-03,pat_cagr_10y,INSUFFICIENT
ADANIPORTS,2022-03,eps_cagr_10y,INSUFFICIENT
ADANIPOWER,2013-03,revenue_cagr_3y,INSUFFICIENT
ADANIPOWER,2013-03,revenue_cagr_5y,INSUFFICIENT
ADANIPOWER,2013-03,revenue_cagr_10y,INSUFFICIENT
ADANIPOWER,2013-03,pat_cagr_3y,INSUFFICIENT
ADANIPOWER,2013-03,pat_cagr_5y,INSUFFICIENT
ADANIPOWER,2013-03,pat_cagr_10y,INSUFFICIENT
ADANIPOWER,2013-03,eps_cagr_3y,INSUFFICIENT
ADANIPOWER,2013-03,eps_cagr_5y,INSUFFICIENT
ADANIPOWER,2013-03,eps_cagr_10y,INSUFFICIENT
ADANIPOWER,2014-03,revenue_cagr_3y,INSUFFICIENT
ADANIPOWER,2014-03,revenue_cagr_5y,INSUFFICIENT
ADANIPOWER,2014-03,revenue_cagr_10y,INSUFFICIENT
ADANIPOWER,2014-03,pat_cagr_3y,INSUFFICIENT
ADANIPOWER,2014-03,pat_cagr_5y,INSUFFICIENT
ADANIPOWER,2014-03,pat_cagr_10y,INSUFFICIENT
ADANIPOWER,2014-03,eps_cagr_3y,INSUFFICIENT
ADANIPOWER,2014-03,eps_cagr_5y,INSUFFICIENT
ADANIPOWER,2014-03,eps_cagr_10y,INSUFFICIENT
ADANIPOWER,2015-03,revenue_cagr_3y,INSUFFICIENT
ADANIPOWER,2015-03,revenue_cagr_5y,INSUFFICIENT
ADANIPOWER,2015-03,revenue_cagr_10y,INSUFFICIENT
ADANIPOWER,2015-03,pat_cagr_3y,INSUFFICIENT
ADANIPOWER,2015-03,pat_cagr_5y,INSUFFICIENT
ADANIPOWER,2015-03,pat_cagr_10y,INSUFFICIENT
ADANIPOWER,2015-03,eps_cagr_3y,INSUFFICIENT
ADANIPOWER,2015-03,eps_cagr_5y,INSUFFICIENT
ADANIPOWER,2015-03,eps_cagr_10y,INSUFFICIENT
ADANIPOWER,2016-03,revenue_cagr_5y,INSUFFICIENT
ADANIPOWER,2016-03,revenue_cagr_10y,INSUFFICIENT
ADANIPOWER,2016-03,pat_cagr_3y,TURNAROUND
ADANIPOWER,2016-03,pat_cagr_5y,INSUFFICIENT
ADANIPOWER,2016-03,pat_cagr_10y,INSUFFICIENT
ADANIPOWER,2016-03,eps_cagr_3y,TURNAROUND
ADANIPOWER,2016-03,eps_cagr_5y,INSUFFICIENT
ADANIPOWER,2016-03,eps_cagr_10y,INSUFFICIENT
ADANIPOWER,2017-03,revenue_cagr_5y,INSUFFICIENT
ADANIPOWER,2017-03,revenue_cagr_10y,INSUFFICIENT
ADANIPOWER,2017-03,pat_cagr_3y,BOTH_NEGATIVE
ADANIPOWER,2017-03,pat_cagr_5y,INSUFFICIENT
ADANIPOWER,2017-03,pat_cagr_10y,INSUFFICIENT
ADANIPOWER,2017-03,eps_cagr_3y,BOTH_NEGATIVE
ADANIPOWER,2017-03,eps_cagr_5y,INSUFFICIENT
ADANIPOWER,2017-03,eps_cagr_10y,INSUFFICIENT
ADANIPOWER,2018-03,revenue_cagr_10y,INSUFFICIENT
ADANIPOWER,2018-03,pat_cagr_3y,BOTH_NEGATIVE
ADANIPOWER,2018-03,pat_cagr_5y,BOTH_NEGATIVE
ADANIPOWER,2018-03,pat_cagr_10y,INSUFFICIENT
ADANIPOWER,2018-03,eps_cagr_3y,BOTH_NEGATIVE
ADANIPOWER,2018-03,eps_cagr_5y,BOTH_NEGATIVE
ADANIPOWER,2018-03,eps_cagr_10y,INSUFFICIENT
ADANIPOWER,2019-03,revenue_cagr_10y,INSUFFICIENT
ADANIPOWER,2019-03,pat_cagr_3y,DECLINE_TO_LOSS
ADANIPOWER,2019-03,pat_cagr_5y,BOTH_NEGATIVE
ADANIPOWER,2019-03,pat_cagr_10y,INSUFFICIENT
ADANIPOWER,2019-03,eps_cagr_3y,DECLINE_TO_LOSS
ADANIPOWER,2019-03,eps_cagr_5y,BOTH_NEGATIVE
ADANIPOWER,2019-03,eps_cagr_10y,INSUFFICIENT
ADANIPOWER,2020-03,revenue_cagr_10y,INSUFFICIENT
ADANIPOWER,2020-03,pat_cagr_3y,BOTH_NEGATIVE
ADANIPOWER,2020-03,pat_cagr_5y,BOTH_NEGATIVE
ADANIPOWER,2020-03,pat_cagr_10y,INSUFFICIENT
ADANIPOWER,2020-03,eps_cagr_3y,BOTH_NEGATIVE
ADANIPOWER,2020-03,eps_cagr_5y,BOTH_NEGATIVE
ADANIPOWER,2020-03,eps_cagr_10y,INSUFFICIENT
ADANIPOWER,2021-03,revenue_cagr_10y,INSUFFICIENT
ADANIPOWER,2021-03,pat_cagr_3y,TURNAROUND
ADANIPOWER,2021-03,pat_cagr_10y,INSUFFICIENT
ADANIPOWER,2021-03,eps_cagr_3y,TURNAROUND
ADANIPOWER,2021-03,eps_cagr_10y,INSUFFICIENT
ADANIPOWER,2022-03,revenue_cagr_10y,INSUFFICIENT
ADANIPOWER,2022-03,pat_cagr_3y,TURNAROUND
ADANIPOWER,2022-03,pat_cagr_5y,TURNAROUND
ADANIPOWER,2022-03,pat_cagr_10y,INSUFFICIENT
ADANIPOWER,2022-03,eps_cagr_3y,TURNAROUND
ADANIPOWER,2022-03,eps_cagr_5y,TURNAROUND
ADANIPOWER,2022-03,eps_cagr_10y,INSUFFICIENT
ADANIPOWER,2023-03,pat_cagr_3y,TURNAROUND
ADANIPOWER,2023-03,pat_cagr_5y,TURNAROUND
ADANIPOWER,2023-03,pat_cagr_10y,TURNAROUND
ADANIPOWER,2023-03,eps_cagr_3y,TURNAROUND
ADANIPOWER,2023-03,eps_cagr_5y,TURNAROUND
ADANIPOWER,2023-03,eps_cagr_10y,TURNAROUND
ADANIPOWER,2024-03,pat_cagr_5y,TURNAROUND
ADANIPOWER,2024-03,pat_cagr_10y,TURNAROUND
ADANIPOWER,2024-03,eps_cagr_5y,TURNAROUND
ADANIPOWER,2024-03,eps_cagr_10y,TURNAROUND
AMBUJACEM,2012-12,revenue_cagr_3y,INSUFFICIENT
AMBUJACEM,2012-12,revenue_cagr_5y,INSUFFICIENT
AMBUJACEM,2012-12,revenue_cagr_10y,INSUFFICIENT
AMBUJACEM,2012-12,pat_cagr_3y,INSUFFICIENT
AMBUJACEM,2012-12,pat_cagr_5y,INSUFFICIENT
AMBUJACEM,2012-12,pat_cagr_10y,INSUFFICIENT
AMBUJACEM,2012-12,eps_cagr_3y,INSUFFICIENT
AMBUJACEM,2012-12,eps_cagr_5y,INSUFFICIENT
AMBUJACEM,2012-12,eps_cagr_10y,INSUFFICIENT
AMBUJACEM,2013-12,revenue_cagr_3y,INSUFFICIENT
AMBUJACEM,2013-12,revenue_cagr_5y,INSUFFICIENT
AMBUJACEM,2013-12,revenue_cagr_10y,INSUFFICIENT
AMBUJACEM,2013-12,pat_cagr_3y,INSUFFICIENT
AMBUJACEM,2013-12,pat_cagr_5y,INSUFFICIENT
AMBUJACEM,2013-12,pat_cagr_10y,INSUFFICIENT
AMBUJACEM,2013-12,eps_cagr_3y,INSUFFICIENT
AMBUJACEM,2013-12,eps_cagr_5y,INSUFFICIENT
AMBUJACEM,2013-12,eps_cagr_10y,INSUFFICIENT
AMBUJACEM,2014-12,revenue_cagr_3y,INSUFFICIENT
AMBUJACEM,2014-12,revenue_cagr_5y,INSUFFICIENT
AMBUJACEM,2014-12,revenue_cagr_10y,INSUFFICIENT
AMBUJACEM,2014-12,pat_cagr_3y,INSUFFICIENT
AMBUJACEM,2014-12,pat_cagr_5y,INSUFFICIENT
AMBUJACEM,2014-12,pat_cagr_10y,INSUFFICIENT
AMBUJACEM,2014-12,eps_cagr_3y,INSUFFICIENT
AMBUJACEM,2014-12,eps_cagr_5y,INSUFFICIENT
AMBUJACEM,2014-12,eps_cagr_10y,INSUFFICIENT
AMBUJACEM,2015-12,revenue_cagr_5y,INSUFFICIENT
AMBUJACEM,2015-12,revenue_cagr_10y,INSUFFICIENT
AMBUJACEM,2015-12,pat_cagr_5y,INSUFFICIENT
AMBUJACEM,2015-12,pat_cagr_10y,INSUFFICIENT
AMBUJACEM,2015-12,eps_cagr_5y,INSUFFICIENT
AMBUJACEM,2015-12,eps_cagr_10y,INSUFFICIENT
AMBUJACEM,2016-12,revenue_cagr_5y,INSUFFICIENT
AMBUJACEM,2016-12,revenue_cagr_10y,INSUFFICIENT
AMBUJACEM,2016-12,pat_cagr_5y,INSUFFICIENT
AMBUJACEM,2016-12,pat_cagr_10y,INSUFFICIENT
AMBUJACEM,2016-12,eps_cagr_5y,INSUFFICIENT
AMBUJACEM,2016-12,eps_cagr_10y,INSUFFICIENT
AMBUJACEM,2017-12,revenue_cagr_10y,INSUFFICIENT
AMBUJACEM,2017-12,pat_cagr_10y,INSUFFICIENT
AMBUJACEM,2017-12,eps_cagr_10y,INSUFFICIENT
AMBUJACEM,2018-12,revenue_cagr_10y,INSUFFICIENT
AMBUJACEM,2018-12,pat_cagr_10y,INSUFFICIENT
AMBUJACEM,2018-12,eps_cagr_10y,INSUFFICIENT
AMBUJACEM,2019-12,revenue_cagr_10y,INSUFFICIENT
AMBUJACEM,2019-12,pat_cagr_10y,INSUFFICIENT
AMBUJACEM,2019-12,eps_cagr_10y,INSUFFICIENT
AMBUJACEM,2020-12,revenue_cagr_10y,INSUFFICIENT
AMBUJACEM,2020-12,pat_cagr_10y,INSUFFICIENT
AMBUJACEM,2020-12,eps_cagr_10y,INSUFFICIENT
AMBUJACEM,2021-12,revenue_cagr_10y,INSUFFICIENT
AMBUJACEM,2021-12,pat_cagr_10y,INSUFFICIENT
AMBUJACEM,2021-12,eps_cagr_10y,INSUFFICIENT
APOLLOHOSP,2013-03,revenue_cagr_3y,INSUFFICIENT
APOLLOHOSP,2013-03,revenue_cagr_5y,INSUFFICIENT
APOLLOHOSP,2013-03,revenue_cagr_10y,INSUFFICIENT
APOLLOHOSP,2013-03,pat_cagr_3y,INSUFFICIENT
APOLLOHOSP,2013-03,pat_cagr_5y,INSUFFICIENT
APOLLOHOSP,2013-03,pat_cagr_10y,INSUFFICIENT
APOLLOHOSP,2013-03,eps_cagr_3y,INSUFFICIENT
APOLLOHOSP,2013-03,eps_cagr_5y,INSUFFICIENT
APOLLOHOSP,2013-03,eps_cagr_10y,INSUFFICIENT
APOLLOHOSP,2014-03,revenue_cagr_3y,INSUFFICIENT
APOLLOHOSP,2014-03,revenue_cagr_5y,INSUFFICIENT
APOLLOHOSP,2014-03,revenue_cagr_10y,INSUFFICIENT
APOLLOHOSP,2014-03,pat_cagr_3y,INSUFFICIENT
APOLLOHOSP,2014-03,pat_cagr_5y,INSUFFICIENT
APOLLOHOSP,2014-03,pat_cagr_10y,INSUFFICIENT
APOLLOHOSP,2014-03,eps_cagr_3y,INSUFFICIENT
APOLLOHOSP,2014-03,eps_cagr_5y,INSUFFICIENT
APOLLOHOSP,2014-03,eps_cagr_10y,INSUFFICIENT
APOLLOHOSP,2015-03,revenue_cagr_3y,INSUFFICIENT
APOLLOHOSP,2015-03,revenue_cagr_5y,INSUFFICIENT
APOLLOHOSP,2015-03,revenue_cagr_10y,INSUFFICIENT
APOLLOHOSP,2015-03,pat_cagr_3y,INSUFFICIENT
APOLLOHOSP,2015-03,pat_cagr_5y,INSUFFICIENT
APOLLOHOSP,2015-03,pat_cagr_10y,INSUFFICIENT
APOLLOHOSP,2015-03,eps_cagr_3y,INSUFFICIENT
APOLLOHOSP,2015-03,eps_cagr_5y,INSUFFICIENT
APOLLOHOSP,2015-03,eps_cagr_10y,INSUFFICIENT
APOLLOHOSP,2016-03,revenue_cagr_5y,INSUFFICIENT
APOLLOHOSP,2016-03,revenue_cagr_10y,INSUFFICIENT
APOLLOHOSP,2016-03,pat_cagr_5y,INSUFFICIENT
APOLLOHOSP,2016-03,pat_cagr_10y,INSUFFICIENT
APOLLOHOSP,2016-03,eps_cagr_5y,INSUFFICIENT
APOLLOHOSP,2016-03,eps_cagr_10y,INSUFFICIENT
APOLLOHOSP,2017-03,revenue_cagr_5y,INSUFFICIENT
APOLLOHOSP,2017-03,revenue_cagr_10y,INSUFFICIENT
APOLLOHOSP,2017-03,pat_cagr_5y,INSUFFICIENT
APOLLOHOSP,2017-03,pat_cagr_10y,INSUFFICIENT
APOLLOHOSP,2017-03,eps_cagr_5y,INSUFFICIENT
APOLLOHOSP,2017-03,eps_cagr_10y,INSUFFICIENT
APOLLOHOSP,2018-03,revenue_cagr_10y,INSUFFICIENT
APOLLOHOSP,2018-03,pat_cagr_10y,INSUFFICIENT
APOLLOHOSP,2018-03,eps_cagr_10y,INSUFFICIENT
APOLLOHOSP,2019-03,revenue_cagr_10y,INSUFFICIENT
APOLLOHOSP,2019-03,pat_cagr_10y,INSUFFICIENT
APOLLOHOSP,2019-03,eps_cagr_10y,INSUFFICIENT
APOLLOHOSP,2020-03,revenue_cagr_10y,INSUFFICIENT
APOLLOHOSP,2020-03,pat_cagr_10y,INSUFFICIENT
APOLLOHOSP,2020-03,eps_cagr_10y,INSUFFICIENT
APOLLOHOSP,2021-03,revenue_cagr_10y,INSUFFICIENT
APOLLOHOSP,2021-03,pat_cagr_10y,INSUFFICIENT
APOLLOHOSP,2021-03,eps_cagr_10y,INSUFFICIENT
APOLLOHOSP,2022-03,revenue_cagr_10y,INSUFFICIENT
APOLLOHOSP,2022-03,pat_cagr_10y,INSUFFICIENT
APOLLOHOSP,2022-03,eps_cagr_10y,INSUFFICIENT
ASIANPAINT,2013-03,revenue_cagr_3y,INSUFFICIENT
ASIANPAINT,2013-03,revenue_cagr_5y,INSUFFICIENT
ASIANPAINT,2013-03,revenue_cagr_10y,INSUFFICIENT
ASIANPAINT,2013-03,pat_cagr_3y,INSUFFICIENT
ASIANPAINT,2013-03,pat_cagr_5y,INSUFFICIENT
ASIANPAINT,2013-03,pat_cagr_10y,INSUFFICIENT
ASIANPAINT,2013-03,eps_cagr_3y,INSUFFICIENT
ASIANPAINT,2013-03,eps_cagr_5y,INSUFFICIENT
ASIANPAINT,2013-03,eps_cagr_10y,INSUFFICIENT
ASIANPAINT,2014-03,revenue_cagr_3y,INSUFFICIENT
ASIANPAINT,2014-03,revenue_cagr_5y,INSUFFICIENT
ASIANPAINT,2014-03,revenue_cagr_10y,INSUFFICIENT
ASIANPAINT,2014-03,pat_cagr_3y,INSUFFICIENT
ASIANPAINT,2014-03,pat_cagr_5y,INSUFFICIENT
ASIANPAINT,2014-03,pat_cagr_10y,INSUFFICIENT
ASIANPAINT,2014-03,eps_cagr_3y,INSUFFICIENT
ASIANPAINT,2014-03,eps_cagr_5y,INSUFFICIENT
ASIANPAINT,2014-03,eps_cagr_10y,INSUFFICIENT
ASIANPAINT,2015-03,revenue_cagr_3y,INSUFFICIENT
ASIANPAINT,2015-03,revenue_cagr_5y,INSUFFICIENT
ASIANPAINT,2015-03,revenue_cagr_10y,INSUFFICIENT
ASIANPAINT,2015-03,pat_cagr_3y,INSUFFICIENT
ASIANPAINT,2015-03,pat_cagr_5y,INSUFFICIENT
ASIANPAINT,2015-03,pat_cagr_10y,INSUFFICIENT
ASIANPAINT,2015-03,eps_cagr_3y,INSUFFICIENT
ASIANPAINT,2015-03,eps_cagr_5y,INSUFFICIENT
ASIANPAINT,2015-03,eps_cagr_10y,INSUFFICIENT
ASIANPAINT,2016-03,revenue_cagr_5y,INSUFFICIENT
ASIANPAINT,2016-03,revenue_cagr_10y,INSUFFICIENT
ASIANPAINT,2016-03,pat_cagr_5y,INSUFFICIENT
ASIANPAINT,2016-03,pat_cagr_10y,INSUFFICIENT
ASIANPAINT,2016-03,eps_cagr_5y,INSUFFICIENT
ASIANPAINT,2016-03,eps_cagr_10y,INSUFFICIENT
ASIANPAINT,2017-03,revenue_cagr_5y,INSUFFICIENT
ASIANPAINT,2017-03,revenue_cagr_10y,INSUFFICIENT
ASIANPAINT,2017-03,pat_cagr_5y,INSUFFICIENT
ASIANPAINT,2017-03,pat_cagr_10y,INSUFFICIENT
ASIANPAINT,2017-03,eps_cagr_5y,INSUFFICIENT
ASIANPAINT,2017-03,eps_cagr_10y,INSUFFICIENT
ASIANPAINT,2018-03,revenue_cagr_10y,INSUFFICIENT
ASIANPAINT,2018-03,pat_cagr_10y,INSUFFICIENT
ASIANPAINT,2018-03,eps_cagr_10y,INSUFFICIENT
ASIANPAINT,2019-03,revenue_cagr_10y,INSUFFICIENT
ASIANPAINT,2019-03,pat_cagr_10y,INSUFFICIENT
ASIANPAINT,2019-03,eps_cagr_10y,INSUFFICIENT
ASIANPAINT,2020-03,revenue_cagr_10y,INSUFFICIENT
ASIANPAINT,2020-03,pat_cagr_10y,INSUFFICIENT
ASIANPAINT,2020-03,eps_cagr_10y,INSUFFICIENT
ASIANPAINT,2021-03,revenue_cagr_10y,INSUFFICIENT
ASIANPAINT,2021-03,pat_cagr_10y,INSUFFICIENT
ASIANPAINT,2021-03,eps_cagr_10y,INSUFFICIENT
ASIANPAINT,2022-03,revenue_cagr_10y,INSUFFICIENT
ASIANPAINT,2022-03,pat_cagr_10y,INSUFFICIENT
ASIANPAINT,2022-03,eps_cagr_10y,INSUFFICIENT
ATGL,2018-03,revenue_cagr_3y,INSUFFICIENT
ATGL,2018-03,revenue_cagr_5y,INSUFFICIENT
ATGL,2018-03,revenue_cagr_10y,INSUFFICIENT
ATGL,2018-03,pat_cagr_3y,INSUFFICIENT
ATGL,2018-03,pat_cagr_5y,INSUFFICIENT
ATGL,2018-03,pat_cagr_10y,INSUFFICIENT
ATGL,2018-03,eps_cagr_3y,INSUFFICIENT
ATGL,2018-03,eps_cagr_5y,INSUFFICIENT
ATGL,2018-03,eps_cagr_10y,INSUFFICIENT
ATGL,2019-03,revenue_cagr_3y,INSUFFICIENT
ATGL,2019-03,revenue_cagr_5y,INSUFFICIENT
ATGL,2019-03,revenue_cagr_10y,INSUFFICIENT
ATGL,2019-03,pat_cagr_3y,INSUFFICIENT
ATGL,2019-03,pat_cagr_5y,INSUFFICIENT
ATGL,2019-03,pat_cagr_10y,INSUFFICIENT
ATGL,2019-03,eps_cagr_3y,INSUFFICIENT
ATGL,2019-03,eps_cagr_5y,INSUFFICIENT
ATGL,2019-03,eps_cagr_10y,INSUFFICIENT
ATGL,2020-03,revenue_cagr_3y,INSUFFICIENT
ATGL,2020-03,revenue_cagr_5y,INSUFFICIENT
ATGL,2020-03,revenue_cagr_10y,INSUFFICIENT
ATGL,2020-03,pat_cagr_3y,INSUFFICIENT
ATGL,2020-03,pat_cagr_5y,INSUFFICIENT
ATGL,2020-03,pat_cagr_10y,INSUFFICIENT
ATGL,2020-03,eps_cagr_3y,INSUFFICIENT
ATGL,2020-03,eps_cagr_5y,INSUFFICIENT
ATGL,2020-03,eps_cagr_10y,INSUFFICIENT
ATGL,2021-03,revenue_cagr_5y,INSUFFICIENT
ATGL,2021-03,revenue_cagr_10y,INSUFFICIENT
ATGL,2021-03,pat_cagr_5y,INSUFFICIENT
ATGL,2021-03,pat_cagr_10y,INSUFFICIENT
ATGL,2021-03,eps_cagr_5y,INSUFFICIENT
ATGL,2021-03,eps_cagr_10y,INSUFFICIENT
ATGL,2022-03,revenue_cagr_5y,INSUFFICIENT
ATGL,2022-03,revenue_cagr_10y,INSUFFICIENT
ATGL,2022-03,pat_cagr_5y,INSUFFICIENT
ATGL,2022-03,pat_cagr_10y,INSUFFICIENT
ATGL,2022-03,eps_cagr_5y,INSUFFICIENT
ATGL,2022-03,eps_cagr_10y,INSUFFICIENT
ATGL,2023-03,revenue_cagr_10y,INSUFFICIENT
ATGL,2023-03,pat_cagr_10y,INSUFFICIENT
ATGL,2023-03,eps_cagr_10y,INSUFFICIENT
ATGL,2024-03,revenue_cagr_10y,INSUFFICIENT
ATGL,2024-03,pat_cagr_10y,INSUFFICIENT
ATGL,2024-03,eps_cagr_10y,INSUFFICIENT
AXISBANK,2013-03,revenue_cagr_3y,INSUFFICIENT
AXISBANK,2013-03,revenue_cagr_5y,INSUFFICIENT
AXISBANK,2013-03,revenue_cagr_10y,INSUFFICIENT
AXISBANK,2013-03,pat_cagr_3y,INSUFFICIENT
AXISBANK,2013-03,pat_cagr_5y,INSUFFICIENT
AXISBANK,2013-03,pat_cagr_10y,INSUFFICIENT
AXISBANK,2013-03,eps_cagr_3y,INSUFFICIENT
AXISBANK,2013-03,eps_cagr_5y,INSUFFICIENT
AXISBANK,2013-03,eps_cagr_10y,INSUFFICIENT
AXISBANK,2014-03,revenue_cagr_3y,INSUFFICIENT
AXISBANK,2014-03,revenue_cagr_5y,INSUFFICIENT
AXISBANK,2014-03,revenue_cagr_10y,INSUFFICIENT
AXISBANK,2014-03,pat_cagr_3y,INSUFFICIENT
AXISBANK,2014-03,pat_cagr_5y,INSUFFICIENT
AXISBANK,2014-03,pat_cagr_10y,INSUFFICIENT
AXISBANK,2014-03,eps_cagr_3y,INSUFFICIENT
AXISBANK,2014-03,eps_cagr_5y,INSUFFICIENT
AXISBANK,2014-03,eps_cagr_10y,INSUFFICIENT
AXISBANK,2015-03,revenue_cagr_3y,INSUFFICIENT
AXISBANK,2015-03,revenue_cagr_5y,INSUFFICIENT
AXISBANK,2015-03,revenue_cagr_10y,INSUFFICIENT
AXISBANK,2015-03,pat_cagr_3y,INSUFFICIENT
AXISBANK,2015-03,pat_cagr_5y,INSUFFICIENT
AXISBANK,2015-03,pat_cagr_10y,INSUFFICIENT
AXISBANK,2015-03,eps_cagr_3y,INSUFFICIENT
AXISBANK,2015-03,eps_cagr_5y,INSUFFICIENT
AXISBANK,2015-03,eps_cagr_10y,INSUFFICIENT
AXISBANK,2016-03,revenue_cagr_5y,INSUFFICIENT
AXISBANK,2016-03,revenue_cagr_10y,INSUFFICIENT
AXISBANK,2016-03,pat_cagr_5y,INSUFFICIENT
AXISBANK,2016-03,pat_cagr_10y,INSUFFICIENT
AXISBANK,2016-03,eps_cagr_5y,INSUFFICIENT
AXISBANK,2016-03,eps_cagr_10y,INSUFFICIENT
AXISBANK,2017-03,revenue_cagr_5y,INSUFFICIENT
AXISBANK,2017-03,revenue_cagr_10y,INSUFFICIENT
AXISBANK,2017-03,pat_cagr_5y,INSUFFICIENT
AXISBANK,2017-03,pat_cagr_10y,INSUFFICIENT
AXISBANK,2017-03,eps_cagr_5y,INSUFFICIENT
AXISBANK,2017-03,eps_cagr_10y,INSUFFICIENT
AXISBANK,2018-03,revenue_cagr_10y,INSUFFICIENT
AXISBANK,2018-03,pat_cagr_10y,INSUFFICIENT
AXISBANK,2018-03,eps_cagr_10y,INSUFFICIENT
AXISBANK,2019-03,revenue_cagr_10y,INSUFFICIENT
AXISBANK,2019-03,pat_cagr_10y,INSUFFICIENT
AXISBANK,2019-03,eps_cagr_10y,INSUFFICIENT
AXISBANK,2020-03,revenue_cagr_10y,INSUFFICIENT
AXISBANK,2020-03,pat_cagr_10y,INSUFFICIENT
AXISBANK,2020-03,eps_cagr_10y,INSUFFICIENT
AXISBANK,2021-03,revenue_cagr_10y,INSUFFICIENT
AXISBANK,2021-03,pat_cagr_10y,INSUFFICIENT
AXISBANK,2021-03,eps_cagr_10y,INSUFFICIENT
AXISBANK,2022-03,revenue_cagr_10y,INSUFFICIENT
AXISBANK,2022-03,pat_cagr_10y,INSUFFICIENT
AXISBANK,2022-03,eps_cagr_10y,INSUFFICIENT
BAJAJ-AUTO,2013-03,revenue_cagr_3y,INSUFFICIENT
BAJAJ-AUTO,2013-03,revenue_cagr_5y,INSUFFICIENT
BAJAJ-AUTO,2013-03,revenue_cagr_10y,INSUFFICIENT
BAJAJ-AUTO,2013-03,pat_cagr_3y,INSUFFICIENT
BAJAJ-AUTO,2013-03,pat_cagr_5y,INSUFFICIENT
BAJAJ-AUTO,2013-03,pat_cagr_10y,INSUFFICIENT
BAJAJ-AUTO,2013-03,eps_cagr_3y,INSUFFICIENT
BAJAJ-AUTO,2013-03,eps_cagr_5y,INSUFFICIENT
BAJAJ-AUTO,2013-03,eps_cagr_10y,INSUFFICIENT
BAJAJ-AUTO,2014-03,revenue_cagr_3y,INSUFFICIENT
BAJAJ-AUTO,2014-03,revenue_cagr_5y,INSUFFICIENT
BAJAJ-AUTO,2014-03,revenue_cagr_10y,INSUFFICIENT
BAJAJ-AUTO,2014-03,pat_cagr_3y,INSUFFICIENT
BAJAJ-AUTO,2014-03,pat_cagr_5y,INSUFFICIENT
BAJAJ-AUTO,2014-03,pat_cagr_10y,INSUFFICIENT
BAJAJ-AUTO,2014-03,eps_cagr_3y,INSUFFICIENT
BAJAJ-AUTO,2014-03,eps_cagr_5y,INSUFFICIENT
BAJAJ-AUTO,2014-03,eps_cagr_10y,INSUFFICIENT
BAJAJ-AUTO,2015-03,revenue_cagr_3y,INSUFFICIENT
BAJAJ-AUTO,2015-03,revenue_cagr_5y,INSUFFICIENT
BAJAJ-AUTO,2015-03,revenue_cagr_10y,INSUFFICIENT
BAJAJ-AUTO,2015-03,pat_cagr_3y,INSUFFICIENT
BAJAJ-AUTO,2015-03,pat_cagr_5y,INSUFFICIENT
BAJAJ-AUTO,2015-03,pat_cagr_10y,INSUFFICIENT
BAJAJ-AUTO,2015-03,eps_cagr_3y,INSUFFICIENT
BAJAJ-AUTO,2015-03,eps_cagr_5y,INSUFFICIENT
BAJAJ-AUTO,2015-03,eps_cagr_10y,INSUFFICIENT
BAJAJ-AUTO,2016-03,revenue_cagr_5y,INSUFFICIENT
BAJAJ-AUTO,2016-03,revenue_cagr_10y,INSUFFICIENT
BAJAJ-AUTO,2016-03,pat_cagr_5y,INSUFFICIENT
BAJAJ-AUTO,2016-03,pat_cagr_10y,INSUFFICIENT
BAJAJ-AUTO,2016-03,eps_cagr_5y,INSUFFICIENT
BAJAJ-AUTO,2016-03,eps_cagr_10y,INSUFFICIENT
BAJAJ-AUTO,2017-03,revenue_cagr_5y,INSUFFICIENT
BAJAJ-AUTO,2017-03,revenue_cagr_10y,INSUFFICIENT
BAJAJ-AUTO,2017-03,pat_cagr_5y,INSUFFICIENT
BAJAJ-AUTO,2017-03,pat_cagr_10y,INSUFFICIENT
BAJAJ-AUTO,2017-03,eps_cagr_5y,INSUFFICIENT
BAJAJ-AUTO,2017-03,eps_cagr_10y,INSUFFICIENT
BAJAJ-AUTO,2018-03,revenue_cagr_10y,INSUFFICIENT
BAJAJ-AUTO,2018-03,pat_cagr_10y,INSUFFICIENT
BAJAJ-AUTO,2018-03,eps_cagr_10y,INSUFFICIENT
BAJAJ-AUTO,2019-03,revenue_cagr_10y,INSUFFICIENT
BAJAJ-AUTO,2019-03,pat_cagr_10y,INSUFFICIENT
BAJAJ-AUTO,2019-03,eps_cagr_10y,INSUFFICIENT
BAJAJ-AUTO,2020-03,revenue_cagr_10y,INSUFFICIENT
BAJAJ-AUTO,2020-03,pat_cagr_10y,INSUFFICIENT
BAJAJ-AUTO,2020-03,eps_cagr_10y,INSUFFICIENT
BAJAJ-AUTO,2021-03,revenue_cagr_10y,INSUFFICIENT
BAJAJ-AUTO,2021-03,pat_cagr_10y,INSUFFICIENT
BAJAJ-AUTO,2021-03,eps_cagr_10y,INSUFFICIENT
BAJAJ-AUTO,2022-03,revenue_cagr_10y,INSUFFICIENT
BAJAJ-AUTO,2022-03,pat_cagr_10y,INSUFFICIENT
BAJAJ-AUTO,2022-03,eps_cagr_10y,INSUFFICIENT
BAJAJFINSV,2013-03,revenue_cagr_3y,INSUFFICIENT
BAJAJFINSV,2013-03,revenue_cagr_5y,INSUFFICIENT
BAJAJFINSV,2013-03,revenue_cagr_10y,INSUFFICIENT
BAJAJFINSV,2013-03,pat_cagr_3y,INSUFFICIENT
BAJAJFINSV,2013-03,pat_cagr_5y,INSUFFICIENT
BAJAJFINSV,2013-03,pat_cagr_10y,INSUFFICIENT
BAJAJFINSV,2013-03,eps_cagr_3y,INSUFFICIENT
BAJAJFINSV,2013-03,eps_cagr_5y,INSUFFICIENT
BAJAJFINSV,2013-03,eps_cagr_10y,INSUFFICIENT
BAJAJFINSV,2014-03,revenue_cagr_3y,INSUFFICIENT
BAJAJFINSV,2014-03,revenue_cagr_5y,INSUFFICIENT
BAJAJFINSV,2014-03,revenue_cagr_10y,INSUFFICIENT
BAJAJFINSV,2014-03,pat_cagr_3y,INSUFFICIENT
BAJAJFINSV,2014-03,pat_cagr_5y,INSUFFICIENT
BAJAJFINSV,2014-03,pat_cagr_10y,INSUFFICIENT
BAJAJFINSV,2014-03,eps_cagr_3y,INSUFFICIENT
BAJAJFINSV,2014-03,eps_cagr_5y,INSUFFICIENT
BAJAJFINSV,2014-03,eps_cagr_10y,INSUFFICIENT
BAJAJFINSV,2015-03,revenue_cagr_3y,INSUFFICIENT
BAJAJFINSV,2015-03,revenue_cagr_5y,INSUFFICIENT
BAJAJFINSV,2015-03,revenue_cagr_10y,INSUFFICIENT
BAJAJFINSV,2015-03,pat_cagr_3y,INSUFFICIENT
BAJAJFINSV,2015-03,pat_cagr_5y,INSUFFICIENT
BAJAJFINSV,2015-03,pat_cagr_10y,INSUFFICIENT
BAJAJFINSV,2015-03,eps_cagr_3y,INSUFFICIENT
BAJAJFINSV,2015-03,eps_cagr_5y,INSUFFICIENT
BAJAJFINSV,2015-03,eps_cagr_10y,INSUFFICIENT
BAJAJFINSV,2016-03,revenue_cagr_5y,INSUFFICIENT
BAJAJFINSV,2016-03,revenue_cagr_10y,INSUFFICIENT
BAJAJFINSV,2016-03,pat_cagr_5y,INSUFFICIENT
BAJAJFINSV,2016-03,pat_cagr_10y,INSUFFICIENT
BAJAJFINSV,2016-03,eps_cagr_5y,INSUFFICIENT
BAJAJFINSV,2016-03,eps_cagr_10y,INSUFFICIENT
BAJAJFINSV,2017-03,revenue_cagr_5y,INSUFFICIENT
BAJAJFINSV,2017-03,revenue_cagr_10y,INSUFFICIENT
BAJAJFINSV,2017-03,pat_cagr_5y,INSUFFICIENT
BAJAJFINSV,2017-03,pat_cagr_10y,INSUFFICIENT
BAJAJFINSV,2017-03,eps_cagr_5y,INSUFFICIENT
BAJAJFINSV,2017-03,eps_cagr_10y,INSUFFICIENT
BAJAJFINSV,2018-03,revenue_cagr_10y,INSUFFICIENT
BAJAJFINSV,2018-03,pat_cagr_10y,INSUFFICIENT
BAJAJFINSV,2018-03,eps_cagr_10y,INSUFFICIENT
BAJAJFINSV,2019-03,revenue_cagr_10y,INSUFFICIENT
BAJAJFINSV,2019-03,pat_cagr_10y,INSUFFICIENT
BAJAJFINSV,2019-03,eps_cagr_10y,INSUFFICIENT
BAJAJFINSV,2020-03,revenue_cagr_10y,INSUFFICIENT
BAJAJFINSV,2020-03,pat_cagr_10y,INSUFFICIENT
BAJAJFINSV,2020-03,eps_cagr_10y,INSUFFICIENT
BAJAJFINSV,2021-03,revenue_cagr_10y,INSUFFICIENT
BAJAJFINSV,2021-03,pat_cagr_10y,INSUFFICIENT
BAJAJFINSV,2021-03,eps_cagr_10y,INSUFFICIENT
BAJAJFINSV,2022-03,revenue_cagr_10y,INSUFFICIENT
BAJAJFINSV,2022-03,pat_cagr_10y,INSUFFICIENT
BAJAJFINSV,2022-03,eps_cagr_10y,INSUFFICIENT
BAJAJHLDNG,2013-03,interest_coverage,Debt Free
BAJAJHLDNG,2013-03,revenue_cagr_3y,INSUFFICIENT
BAJAJHLDNG,2013-03,revenue_cagr_5y,INSUFFICIENT
BAJAJHLDNG,2013-03,revenue_cagr_10y,INSUFFICIENT
BAJAJHLDNG,2013-03,pat_cagr_3y,INSUFFICIENT
BAJAJHLDNG,2013-03,pat_cagr_5y,INSUFFICIENT
BAJAJHLDNG,2013-03,pat_cagr_10y,INSUFFICIENT
BAJAJHLDNG,2013-03,eps_cagr_3y,INSUFFICIENT
BAJAJHLDNG,2013-03,eps_cagr_5y,INSUFFICIENT
BAJAJHLDNG,2013-03,eps_cagr_10y,INSUFFICIENT
BAJAJHLDNG,2014-03,interest_coverage,Debt Free
BAJAJHLDNG,2014-03,revenue_cagr_3y,INSUFFICIENT
BAJAJHLDNG,2014-03,revenue_cagr_5y,INSUFFICIENT
BAJAJHLDNG,2014-03,revenue_cagr_10y,INSUFFICIENT
BAJAJHLDNG,2014-03,pat_cagr_3y,INSUFFICIENT
BAJAJHLDNG,2014-03,pat_cagr_5y,INSUFFICIENT
BAJAJHLDNG,2014-03,pat_cagr_10y,INSUFFICIENT
BAJAJHLDNG,2014-03,eps_cagr_3y,INSUFFICIENT
BAJAJHLDNG,2014-03,eps_cagr_5y,INSUFFICIENT
BAJAJHLDNG,2014-03,eps_cagr_10y,INSUFFICIENT
BAJAJHLDNG,2015-03,interest_coverage,Debt Free
BAJAJHLDNG,2015-03,revenue_cagr_3y,INSUFFICIENT
BAJAJHLDNG,2015-03,revenue_cagr_5y,INSUFFICIENT
BAJAJHLDNG,2015-03,revenue_cagr_10y,INSUFFICIENT
BAJAJHLDNG,2015-03,pat_cagr_3y,INSUFFICIENT
BAJAJHLDNG,2015-03,pat_cagr_5y,INSUFFICIENT
BAJAJHLDNG,2015-03,pat_cagr_10y,INSUFFICIENT
BAJAJHLDNG,2015-03,eps_cagr_3y,INSUFFICIENT
BAJAJHLDNG,2015-03,eps_cagr_5y,INSUFFICIENT
BAJAJHLDNG,2015-03,eps_cagr_10y,INSUFFICIENT
BAJAJHLDNG,2016-03,interest_coverage,Debt Free
BAJAJHLDNG,2016-03,revenue_cagr_5y,INSUFFICIENT
BAJAJHLDNG,2016-03,revenue_cagr_10y,INSUFFICIENT
BAJAJHLDNG,2016-03,pat_cagr_5y,INSUFFICIENT
BAJAJHLDNG,2016-03,pat_cagr_10y,INSUFFICIENT
BAJAJHLDNG,2016-03,eps_cagr_5y,INSUFFICIENT
BAJAJHLDNG,2016-03,eps_cagr_10y,INSUFFICIENT
BAJAJHLDNG,2017-03,interest_coverage,Debt Free
BAJAJHLDNG,2017-03,revenue_cagr_5y,INSUFFICIENT
BAJAJHLDNG,2017-03,revenue_cagr_10y,INSUFFICIENT
BAJAJHLDNG,2017-03,pat_cagr_5y,INSUFFICIENT
BAJAJHLDNG,2017-03,pat_cagr_10y,INSUFFICIENT
BAJAJHLDNG,2017-03,eps_cagr_5y,INSUFFICIENT
BAJAJHLDNG,2017-03,eps_cagr_10y,INSUFFICIENT
BAJAJHLDNG,2018-03,interest_coverage,Debt Free
BAJAJHLDNG,2018-03,revenue_cagr_10y,INSUFFICIENT
BAJAJHLDNG,2018-03,pat_cagr_10y,INSUFFICIENT
BAJAJHLDNG,2018-03,eps_cagr_10y,INSUFFICIENT
BAJAJHLDNG,2019-03,interest_coverage,Debt Free
BAJAJHLDNG,2019-03,revenue_cagr_10y,INSUFFICIENT
BAJAJHLDNG,2019-03,pat_cagr_10y,INSUFFICIENT
BAJAJHLDNG,2019-03,eps_cagr_10y,INSUFFICIENT
BAJAJHLDNG,2020-03,revenue_cagr_10y,INSUFFICIENT
BAJAJHLDNG,2020-03,pat_cagr_10y,INSUFFICIENT
BAJAJHLDNG,2020-03,eps_cagr_10y,INSUFFICIENT
BAJAJHLDNG,2021-03,revenue_cagr_10y,INSUFFICIENT
BAJAJHLDNG,2021-03,pat_cagr_10y,INSUFFICIENT
BAJAJHLDNG,2021-03,eps_cagr_10y,INSUFFICIENT
BAJAJHLDNG,2022-03,revenue_cagr_10y,INSUFFICIENT
BAJAJHLDNG,2022-03,pat_cagr_10y,INSUFFICIENT
BAJAJHLDNG,2022-03,eps_cagr_10y,INSUFFICIENT
BAJFINANCE,2015-03,revenue_cagr_3y,INSUFFICIENT
BAJFINANCE,2015-03,revenue_cagr_5y,INSUFFICIENT
BAJFINANCE,2015-03,revenue_cagr_10y,INSUFFICIENT
BAJFINANCE,2015-03,pat_cagr_3y,INSUFFICIENT
BAJFINANCE,2015-03,pat_cagr_5y,INSUFFICIENT
BAJFINANCE,2015-03,pat_cagr_10y,INSUFFICIENT
BAJFINANCE,2015-03,eps_cagr_3y,INSUFFICIENT
BAJFINANCE,2015-03,eps_cagr_5y,INSUFFICIENT
BAJFINANCE,2015-03,eps_cagr_10y,INSUFFICIENT
BAJFINANCE,2016-03,revenue_cagr_3y,INSUFFICIENT
BAJFINANCE,2016-03,revenue_cagr_5y,INSUFFICIENT
BAJFINANCE,2016-03,revenue_cagr_10y,INSUFFICIENT
BAJFINANCE,2016-03,pat_cagr_3y,INSUFFICIENT
BAJFINANCE,2016-03,pat_cagr_5y,INSUFFICIENT
BAJFINANCE,2016-03,pat_cagr_10y,INSUFFICIENT
BAJFINANCE,2016-03,eps_cagr_3y,INSUFFICIENT
BAJFINANCE,2016-03,eps_cagr_5y,INSUFFICIENT
BAJFINANCE,2016-03,eps_cagr_10y,INSUFFICIENT
BAJFINANCE,2017-03,revenue_cagr_3y,INSUFFICIENT
BAJFINANCE,2017-03,revenue_cagr_5y,INSUFFICIENT
BAJFINANCE,2017-03,revenue_cagr_10y,INSUFFICIENT
BAJFINANCE,2017-03,pat_cagr_3y,INSUFFICIENT
BAJFINANCE,2017-03,pat_cagr_5y,INSUFFICIENT
BAJFINANCE,2017-03,pat_cagr_10y,INSUFFICIENT
BAJFINANCE,2017-03,eps_cagr_3y,INSUFFICIENT
BAJFINANCE,2017-03,eps_cagr_5y,INSUFFICIENT
BAJFINANCE,2017-03,eps_cagr_10y,INSUFFICIENT
BAJFINANCE,2018-03,revenue_cagr_5y,INSUFFICIENT
BAJFINANCE,2018-03,revenue_cagr_10y,INSUFFICIENT
BAJFINANCE,2018-03,pat_cagr_5y,INSUFFICIENT
BAJFINANCE,2018-03,pat_cagr_10y,INSUFFICIENT
BAJFINANCE,2018-03,eps_cagr_5y,INSUFFICIENT
BAJFINANCE,2018-03,eps_cagr_10y,INSUFFICIENT
BAJFINANCE,2019-03,revenue_cagr_5y,INSUFFICIENT
BAJFINANCE,2019-03,revenue_cagr_10y,INSUFFICIENT
BAJFINANCE,2019-03,pat_cagr_5y,INSUFFICIENT
BAJFINANCE,2019-03,pat_cagr_10y,INSUFFICIENT
BAJFINANCE,2019-03,eps_cagr_5y,INSUFFICIENT
BAJFINANCE,2019-03,eps_cagr_10y,INSUFFICIENT
BAJFINANCE,2020-03,revenue_cagr_10y,INSUFFICIENT
BAJFINANCE,2020-03,pat_cagr_10y,INSUFFICIENT
BAJFINANCE,2020-03,eps_cagr_10y,INSUFFICIENT
BAJFINANCE,2021-03,revenue_cagr_10y,INSUFFICIENT
BAJFINANCE,2021-03,pat_cagr_10y,INSUFFICIENT
BAJFINANCE,2021-03,eps_cagr_10y,INSUFFICIENT
BAJFINANCE,2022-03,interest_coverage,Invalid Interest
BAJFINANCE,2022-03,revenue_cagr_10y,INSUFFICIENT
BAJFINANCE,2022-03,pat_cagr_10y,INSUFFICIENT
BAJFINANCE,2022-03,eps_cagr_10y,INSUFFICIENT
BAJFINANCE,2023-03,interest_coverage,Invalid Interest
BAJFINANCE,2023-03,revenue_cagr_10y,INSUFFICIENT
BAJFINANCE,2023-03,pat_cagr_10y,INSUFFICIENT
BAJFINANCE,2023-03,eps_cagr_10y,INSUFFICIENT
BAJFINANCE,2024-03,revenue_cagr_10y,INSUFFICIENT
BAJFINANCE,2024-03,pat_cagr_10y,INSUFFICIENT
BAJFINANCE,2024-03,eps_cagr_10y,INSUFFICIENT
BANKBARODA,2013-03,revenue_cagr_3y,INSUFFICIENT
BANKBARODA,2013-03,revenue_cagr_5y,INSUFFICIENT
BANKBARODA,2013-03,revenue_cagr_10y,INSUFFICIENT
BANKBARODA,2013-03,pat_cagr_3y,INSUFFICIENT
BANKBARODA,2013-03,pat_cagr_5y,INSUFFICIENT
BANKBARODA,2013-03,pat_cagr_10y,INSUFFICIENT
BANKBARODA,2013-03,eps_cagr_3y,INSUFFICIENT
BANKBARODA,2013-03,eps_cagr_5y,INSUFFICIENT
BANKBARODA,2013-03,eps_cagr_10y,INSUFFICIENT
BANKBARODA,2014-03,revenue_cagr_3y,INSUFFICIENT
BANKBARODA,2014-03,revenue_cagr_5y,INSUFFICIENT
BANKBARODA,2014-03,revenue_cagr_10y,INSUFFICIENT
BANKBARODA,2014-03,pat_cagr_3y,INSUFFICIENT
BANKBARODA,2014-03,pat_cagr_5y,INSUFFICIENT
BANKBARODA,2014-03,pat_cagr_10y,INSUFFICIENT
BANKBARODA,2014-03,eps_cagr_3y,INSUFFICIENT
BANKBARODA,2014-03,eps_cagr_5y,INSUFFICIENT
BANKBARODA,2014-03,eps_cagr_10y,INSUFFICIENT
BANKBARODA,2015-03,revenue_cagr_3y,INSUFFICIENT
BANKBARODA,2015-03,revenue_cagr_5y,INSUFFICIENT
BANKBARODA,2015-03,revenue_cagr_10y,INSUFFICIENT
BANKBARODA,2015-03,pat_cagr_3y,INSUFFICIENT
BANKBARODA,2015-03,pat_cagr_5y,INSUFFICIENT
BANKBARODA,2015-03,pat_cagr_10y,INSUFFICIENT
BANKBARODA,2015-03,eps_cagr_3y,INSUFFICIENT
BANKBARODA,2015-03,eps_cagr_5y,INSUFFICIENT
BANKBARODA,2015-03,eps_cagr_10y,INSUFFICIENT
BANKBARODA,2016-03,revenue_cagr_5y,INSUFFICIENT
BANKBARODA,2016-03,revenue_cagr_10y,INSUFFICIENT
BANKBARODA,2016-03,pat_cagr_3y,DECLINE_TO_LOSS
BANKBARODA,2016-03,pat_cagr_5y,INSUFFICIENT
BANKBARODA,2016-03,pat_cagr_10y,INSUFFICIENT
BANKBARODA,2016-03,eps_cagr_3y,DECLINE_TO_LOSS
BANKBARODA,2016-03,eps_cagr_5y,INSUFFICIENT
BANKBARODA,2016-03,eps_cagr_10y,INSUFFICIENT
BANKBARODA,2017-03,revenue_cagr_5y,INSUFFICIENT
BANKBARODA,2017-03,revenue_cagr_10y,INSUFFICIENT
BANKBARODA,2017-03,pat_cagr_5y,INSUFFICIENT
BANKBARODA,2017-03,pat_cagr_10y,INSUFFICIENT
BANKBARODA,2017-03,eps_cagr_5y,INSUFFICIENT
BANKBARODA,2017-03,eps_cagr_10y,INSUFFICIENT
BANKBARODA,2018-03,revenue_cagr_10y,INSUFFICIENT
BANKBARODA,2018-03,pat_cagr_3y,DECLINE_TO_LOSS
BANKBARODA,2018-03,pat_cagr_5y,DECLINE_TO_LOSS
BANKBARODA,2018-03,pat_cagr_10y,INSUFFICIENT
BANKBARODA,2018-03,eps_cagr_3y,DECLINE_TO_LOSS
BANKBARODA,2018-03,eps_cagr_5y,DECLINE_TO_LOSS
BANKBARODA,2018-03,eps_cagr_10y,INSUFFICIENT
BANKBARODA,2019-03,revenue_cagr_10y,INSUFFICIENT
BANKBARODA,2019-03,pat_cagr_3y,TURNAROUND
BANKBARODA,2019-03,pat_cagr_10y,INSUFFICIENT
BANKBARODA,2019-03,eps_cagr_3y,TURNAROUND
BANKBARODA,2019-03,eps_cagr_10y,INSUFFICIENT
BANKBARODA,2020-03,revenue_cagr_10y,INSUFFICIENT
BANKBARODA,2020-03,pat_cagr_10y,INSUFFICIENT
BANKBARODA,2020-03,eps_cagr_10y,INSUFFICIENT
BANKBARODA,2021-03,revenue_cagr_10y,INSUFFICIENT
BANKBARODA,2021-03,pat_cagr_3y,TURNAROUND
BANKBARODA,2021-03,pat_cagr_5y,TURNAROUND
BANKBARODA,2021-03,pat_cagr_10y,INSUFFICIENT
BANKBARODA,2021-03,eps_cagr_3y,TURNAROUND
BANKBARODA,2021-03,eps_cagr_5y,TURNAROUND
BANKBARODA,2021-03,eps_cagr_10y,INSUFFICIENT
BANKBARODA,2022-03,revenue_cagr_10y,INSUFFICIENT
BANKBARODA,2022-03,pat_cagr_10y,INSUFFICIENT
BANKBARODA,2022-03,eps_cagr_10y,INSUFFICIENT
BANKBARODA,2023-03,pat_cagr_5y,TURNAROUND
BANKBARODA,2023-03,eps_cagr_5y,TURNAROUND
BEL,2013-03,revenue_cagr_3y,INSUFFICIENT
BEL,2013-03,revenue_cagr_5y,INSUFFICIENT
BEL,2013-03,revenue_cagr_10y,INSUFFICIENT
BEL,2013-03,pat_cagr_3y,INSUFFICIENT
BEL,2013-03,pat_cagr_5y,INSUFFICIENT
BEL,2013-03,pat_cagr_10y,INSUFFICIENT
BEL,2013-03,eps_cagr_3y,INSUFFICIENT
BEL,2013-03,eps_cagr_5y,INSUFFICIENT
BEL,2013-03,eps_cagr_10y,INSUFFICIENT
BEL,2014-03,revenue_cagr_3y,INSUFFICIENT
BEL,2014-03,revenue_cagr_5y,INSUFFICIENT
BEL,2014-03,revenue_cagr_10y,INSUFFICIENT
BEL,2014-03,pat_cagr_3y,INSUFFICIENT
BEL,2014-03,pat_cagr_5y,INSUFFICIENT
BEL,2014-03,pat_cagr_10y,INSUFFICIENT
BEL,2014-03,eps_cagr_3y,INSUFFICIENT
BEL,2014-03,eps_cagr_5y,INSUFFICIENT
BEL,2014-03,eps_cagr_10y,INSUFFICIENT
BEL,2015-03,revenue_cagr_3y,INSUFFICIENT
BEL,2015-03,revenue_cagr_5y,INSUFFICIENT
BEL,2015-03,revenue_cagr_10y,INSUFFICIENT
BEL,2015-03,pat_cagr_3y,INSUFFICIENT
BEL,2015-03,pat_cagr_5y,INSUFFICIENT
BEL,2015-03,pat_cagr_10y,INSUFFICIENT
BEL,2015-03,eps_cagr_3y,INSUFFICIENT
BEL,2015-03,eps_cagr_5y,INSUFFICIENT
BEL,2015-03,eps_cagr_10y,INSUFFICIENT
BEL,2016-03,revenue_cagr_5y,INSUFFICIENT
BEL,2016-03,revenue_cagr_10y,INSUFFICIENT
BEL,2016-03,pat_cagr_5y,INSUFFICIENT
BEL,2016-03,pat_cagr_10y,INSUFFICIENT
BEL,2016-03,eps_cagr_5y,INSUFFICIENT
BEL,2016-03,eps_cagr_10y,INSUFFICIENT
BEL,2017-03,revenue_cagr_5y,INSUFFICIENT
BEL,2017-03,revenue_cagr_10y,INSUFFICIENT
BEL,2017-03,pat_cagr_5y,INSUFFICIENT
BEL,2017-03,pat_cagr_10y,INSUFFICIENT
BEL,2017-03,eps_cagr_5y,INSUFFICIENT
BEL,2017-03,eps_cagr_10y,INSUFFICIENT
BEL,2018-03,revenue_cagr_10y,INSUFFICIENT
BEL,2018-03,pat_cagr_10y,INSUFFICIENT
BEL,2018-03,eps_cagr_10y,INSUFFICIENT
BEL,2019-03,revenue_cagr_10y,INSUFFICIENT
BEL,2019-03,pat_cagr_10y,INSUFFICIENT
BEL,2019-03,eps_cagr_10y,INSUFFICIENT
BEL,2020-03,revenue_cagr_10y,INSUFFICIENT
BEL,2020-03,pat_cagr_10y,INSUFFICIENT
BEL,2020-03,eps_cagr_10y,INSUFFICIENT
BEL,2021-03,revenue_cagr_10y,INSUFFICIENT
BEL,2021-03,pat_cagr_10y,INSUFFICIENT
BEL,2021-03,eps_cagr_10y,INSUFFICIENT
BEL,2022-03,revenue_cagr_10y,INSUFFICIENT
BEL,2022-03,pat_cagr_10y,INSUFFICIENT
BEL,2022-03,eps_cagr_10y,INSUFFICIENT
BHARTIARTL,2013-03,revenue_cagr_3y,INSUFFICIENT
BHARTIARTL,2013-03,revenue_cagr_5y,INSUFFICIENT
BHARTIARTL,2013-03,revenue_cagr_10y,INSUFFICIENT
BHARTIARTL,2013-03,pat_cagr_3y,INSUFFICIENT
BHARTIARTL,2013-03,pat_cagr_5y,INSUFFICIENT
BHARTIARTL,2013-03,pat_cagr_10y,INSUFFICIENT
BHARTIARTL,2013-03,eps_cagr_3y,INSUFFICIENT
BHARTIARTL,2013-03,eps_cagr_5y,INSUFFICIENT
BHARTIARTL,2013-03,eps_cagr_10y,INSUFFICIENT
BHARTIARTL,2014-03,revenue_cagr_3y,INSUFFICIENT
BHARTIARTL,2014-03,revenue_cagr_5y,INSUFFICIENT
BHARTIARTL,2014-03,revenue_cagr_10y,INSUFFICIENT
BHARTIARTL,2014-03,pat_cagr_3y,INSUFFICIENT
BHARTIARTL,2014-03,pat_cagr_5y,INSUFFICIENT
BHARTIARTL,2014-03,pat_cagr_10y,INSUFFICIENT
BHARTIARTL,2014-03,eps_cagr_3y,INSUFFICIENT
BHARTIARTL,2014-03,eps_cagr_5y,INSUFFICIENT
BHARTIARTL,2014-03,eps_cagr_10y,INSUFFICIENT
BHARTIARTL,2015-03,revenue_cagr_3y,INSUFFICIENT
BHARTIARTL,2015-03,revenue_cagr_5y,INSUFFICIENT
BHARTIARTL,2015-03,revenue_cagr_10y,INSUFFICIENT
BHARTIARTL,2015-03,pat_cagr_3y,INSUFFICIENT
BHARTIARTL,2015-03,pat_cagr_5y,INSUFFICIENT
BHARTIARTL,2015-03,pat_cagr_10y,INSUFFICIENT
BHARTIARTL,2015-03,eps_cagr_3y,INSUFFICIENT
BHARTIARTL,2015-03,eps_cagr_5y,INSUFFICIENT
BHARTIARTL,2015-03,eps_cagr_10y,INSUFFICIENT
BHARTIARTL,2016-03,revenue_cagr_5y,INSUFFICIENT
BHARTIARTL,2016-03,revenue_cagr_10y,INSUFFICIENT
BHARTIARTL,2016-03,pat_cagr_5y,INSUFFICIENT
BHARTIARTL,2016-03,pat_cagr_10y,INSUFFICIENT
BHARTIARTL,2016-03,eps_cagr_5y,INSUFFICIENT
BHARTIARTL,2016-03,eps_cagr_10y,INSUFFICIENT
BHARTIARTL,2017-03,revenue_cagr_5y,INSUFFICIENT
BHARTIARTL,2017-03,revenue_cagr_10y,INSUFFICIENT
BHARTIARTL,2017-03,pat_cagr_5y,INSUFFICIENT
BHARTIARTL,2017-03,pat_cagr_10y,INSUFFICIENT
BHARTIARTL,2017-03,eps_cagr_5y,INSUFFICIENT
BHARTIARTL,2017-03,eps_cagr_10y,INSUFFICIENT
BHARTIARTL,2018-03,revenue_cagr_10y,INSUFFICIENT
BHARTIARTL,2018-03,pat_cagr_10y,INSUFFICIENT
BHARTIARTL,2018-03,eps_cagr_10y,INSUFFICIENT
BHARTIARTL,2019-03,revenue_cagr_10y,INSUFFICIENT
BHARTIARTL,2019-03,pat_cagr_10y,INSUFFICIENT
BHARTIARTL,2019-03,eps_cagr_10y,INSUFFICIENT
BHARTIARTL,2020-03,revenue_cagr_10y,INSUFFICIENT
BHARTIARTL,2020-03,pat_cagr_3y,DECLINE_TO_LOSS
BHARTIARTL,2020-03,pat_cagr_5y,DECLINE_TO_LOSS
BHARTIARTL,2020-03,pat_cagr_10y,INSUFFICIENT
BHARTIARTL,2020-03,eps_cagr_3y,DECLINE_TO_LOSS
BHARTIARTL,2020-03,eps_cagr_5y,DECLINE_TO_LOSS
BHARTIARTL,2020-03,eps_cagr_10y,INSUFFICIENT
BHARTIARTL,2021-03,revenue_cagr_10y,INSUFFICIENT
BHARTIARTL,2021-03,pat_cagr_3y,DECLINE_TO_LOSS
BHARTIARTL,2021-03,pat_cagr_5y,DECLINE_TO_LOSS
BHARTIARTL,2021-03,pat_cagr_10y,INSUFFICIENT
BHARTIARTL,2021-03,eps_cagr_3y,DECLINE_TO_LOSS
BHARTIARTL,2021-03,eps_cagr_5y,DECLINE_TO_LOSS
BHARTIARTL,2021-03,eps_cagr_10y,INSUFFICIENT
BHARTIARTL,2022-03,revenue_cagr_10y,INSUFFICIENT
BHARTIARTL,2022-03,pat_cagr_10y,INSUFFICIENT
BHARTIARTL,2022-03,eps_cagr_10y,INSUFFICIENT
BHARTIARTL,2023-03,pat_cagr_3y,TURNAROUND
BHARTIARTL,2023-03,eps_cagr_3y,TURNAROUND
BHARTIARTL,2024-03,pat_cagr_3y,TURNAROUND
BHARTIARTL,2024-03,eps_cagr_3y,TURNAROUND
BHEL,2013-03,revenue_cagr_3y,INSUFFICIENT
BHEL,2013-03,revenue_cagr_5y,INSUFFICIENT
BHEL,2013-03,revenue_cagr_10y,INSUFFICIENT
BHEL,2013-03,pat_cagr_3y,INSUFFICIENT
BHEL,2013-03,pat_cagr_5y,INSUFFICIENT
BHEL,2013-03,pat_cagr_10y,INSUFFICIENT
BHEL,2013-03,eps_cagr_3y,INSUFFICIENT
BHEL,2013-03,eps_cagr_5y,INSUFFICIENT
BHEL,2013-03,eps_cagr_10y,INSUFFICIENT
BHEL,2014-03,revenue_cagr_3y,INSUFFICIENT
BHEL,2014-03,revenue_cagr_5y,INSUFFICIENT
BHEL,2014-03,revenue_cagr_10y,INSUFFICIENT
BHEL,2014-03,pat_cagr_3y,INSUFFICIENT
BHEL,2014-03,pat_cagr_5y,INSUFFICIENT
BHEL,2014-03,pat_cagr_10y,INSUFFICIENT
BHEL,2014-03,eps_cagr_3y,INSUFFICIENT
BHEL,2014-03,eps_cagr_5y,INSUFFICIENT
BHEL,2014-03,eps_cagr_10y,INSUFFICIENT
BHEL,2015-03,revenue_cagr_3y,INSUFFICIENT
BHEL,2015-03,revenue_cagr_5y,INSUFFICIENT
BHEL,2015-03,revenue_cagr_10y,INSUFFICIENT
BHEL,2015-03,pat_cagr_3y,INSUFFICIENT
BHEL,2015-03,pat_cagr_5y,INSUFFICIENT
BHEL,2015-03,pat_cagr_10y,INSUFFICIENT
BHEL,2015-03,eps_cagr_3y,INSUFFICIENT
BHEL,2015-03,eps_cagr_5y,INSUFFICIENT
BHEL,2015-03,eps_cagr_10y,INSUFFICIENT
BHEL,2016-03,revenue_cagr_5y,INSUFFICIENT
BHEL,2016-03,revenue_cagr_10y,INSUFFICIENT
BHEL,2016-03,pat_cagr_3y,DECLINE_TO_LOSS
BHEL,2016-03,pat_cagr_5y,INSUFFICIENT
BHEL,2016-03,pat_cagr_10y,INSUFFICIENT
BHEL,2016-03,eps_cagr_3y,DECLINE_TO_LOSS
BHEL,2016-03,eps_cagr_5y,INSUFFICIENT
BHEL,2016-03,eps_cagr_10y,INSUFFICIENT
BHEL,2017-03,revenue_cagr_5y,INSUFFICIENT
BHEL,2017-03,revenue_cagr_10y,INSUFFICIENT
BHEL,2017-03,pat_cagr_5y,INSUFFICIENT
BHEL,2017-03,pat_cagr_10y,INSUFFICIENT
BHEL,2017-03,eps_cagr_5y,INSUFFICIENT
BHEL,2017-03,eps_cagr_10y,INSUFFICIENT
BHEL,2018-03,revenue_cagr_10y,INSUFFICIENT
BHEL,2018-03,pat_cagr_10y,INSUFFICIENT
BHEL,2018-03,eps_cagr_10y,INSUFFICIENT
BHEL,2019-03,revenue_cagr_10y,INSUFFICIENT
BHEL,2019-03,pat_cagr_3y,TURNAROUND
BHEL,2019-03,pat_cagr_10y,INSUFFICIENT
BHEL,2019-03,eps_cagr_3y,TURNAROUND
BHEL,2019-03,eps_cagr_10y,INSUFFICIENT
BHEL,2020-03,revenue_cagr_10y,INSUFFICIENT
BHEL,2020-03,pat_cagr_3y,DECLINE_TO_LOSS
BHEL,2020-03,pat_cagr_5y,DECLINE_TO_LOSS
BHEL,2020-03,pat_cagr_10y,INSUFFICIENT
BHEL,2020-03,eps_cagr_3y,DECLINE_TO_LOSS
BHEL,2020-03,eps_cagr_5y,DECLINE_TO_LOSS
BHEL,2020-03,eps_cagr_10y,INSUFFICIENT
BHEL,2021-03,revenue_cagr_10y,INSUFFICIENT
BHEL,2021-03,pat_cagr_3y,DECLINE_TO_LOSS
BHEL,2021-03,pat_cagr_5y,BOTH_NEGATIVE
BHEL,2021-03,pat_cagr_10y,INSUFFICIENT
BHEL,2021-03,eps_cagr_3y,DECLINE_TO_LOSS
BHEL,2021-03,eps_cagr_5y,BOTH_NEGATIVE
BHEL,2021-03,eps_cagr_10y,INSUFFICIENT
BHEL,2022-03,revenue_cagr_10y,INSUFFICIENT
BHEL,2022-03,pat_cagr_10y,INSUFFICIENT
BHEL,2022-03,eps_cagr_10y,INSUFFICIENT
BHEL,2023-03,pat_cagr_3y,TURNAROUND
BHEL,2023-03,eps_cagr_3y,TURNAROUND
BHEL,2024-03,pat_cagr_3y,TURNAROUND
BHEL,2024-03,eps_cagr_3y,TURNAROUND
BOSCHLTD,2012-12,revenue_cagr_3y,INSUFFICIENT
BOSCHLTD,2012-12,revenue_cagr_5y,INSUFFICIENT
BOSCHLTD,2012-12,revenue_cagr_10y,INSUFFICIENT
BOSCHLTD,2012-12,pat_cagr_3y,INSUFFICIENT
BOSCHLTD,2012-12,pat_cagr_5y,INSUFFICIENT
BOSCHLTD,2012-12,pat_cagr_10y,INSUFFICIENT
BOSCHLTD,2012-12,eps_cagr_3y,INSUFFICIENT
BOSCHLTD,2012-12,eps_cagr_5y,INSUFFICIENT
BOSCHLTD,2012-12,eps_cagr_10y,INSUFFICIENT
BOSCHLTD,2013-12,interest_coverage,Debt Free
BOSCHLTD,2013-12,revenue_cagr_3y,INSUFFICIENT
BOSCHLTD,2013-12,revenue_cagr_5y,INSUFFICIENT
BOSCHLTD,2013-12,revenue_cagr_10y,INSUFFICIENT
BOSCHLTD,2013-12,pat_cagr_3y,INSUFFICIENT
BOSCHLTD,2013-12,pat_cagr_5y,INSUFFICIENT
BOSCHLTD,2013-12,pat_cagr_10y,INSUFFICIENT
BOSCHLTD,2013-12,eps_cagr_3y,INSUFFICIENT
BOSCHLTD,2013-12,eps_cagr_5y,INSUFFICIENT
BOSCHLTD,2013-12,eps_cagr_10y,INSUFFICIENT
BOSCHLTD,2015-03,revenue_cagr_3y,INSUFFICIENT
BOSCHLTD,2015-03,revenue_cagr_5y,INSUFFICIENT
BOSCHLTD,2015-03,revenue_cagr_10y,INSUFFICIENT
BOSCHLTD,2015-03,pat_cagr_3y,INSUFFICIENT
BOSCHLTD,2015-03,pat_cagr_5y,INSUFFICIENT
BOSCHLTD,2015-03,pat_cagr_10y,INSUFFICIENT
BOSCHLTD,2015-03,eps_cagr_3y,INSUFFICIENT
BOSCHLTD,2015-03,eps_cagr_5y,INSUFFICIENT
BOSCHLTD,2015-03,eps_cagr_10y,INSUFFICIENT
BOSCHLTD,2016-03,revenue_cagr_5y,INSUFFICIENT
BOSCHLTD,2016-03,revenue_cagr_10y,INSUFFICIENT
BOSCHLTD,2016-03,pat_cagr_5y,INSUFFICIENT
BOSCHLTD,2016-03,pat_cagr_10y,INSUFFICIENT
BOSCHLTD,2016-03,eps_cagr_5y,INSUFFICIENT
BOSCHLTD,2016-03,eps_cagr_10y,INSUFFICIENT
BOSCHLTD,2017-03,revenue_cagr_5y,INSUFFICIENT
BOSCHLTD,2017-03,revenue_cagr_10y,INSUFFICIENT
BOSCHLTD,2017-03,pat_cagr_5y,INSUFFICIENT
BOSCHLTD,2017-03,pat_cagr_10y,INSUFFICIENT
BOSCHLTD,2017-03,eps_cagr_5y,INSUFFICIENT
BOSCHLTD,2017-03,eps_cagr_10y,INSUFFICIENT
BOSCHLTD,2018-03,revenue_cagr_10y,INSUFFICIENT
BOSCHLTD,2018-03,pat_cagr_10y,INSUFFICIENT
BOSCHLTD,2018-03,eps_cagr_10y,INSUFFICIENT
BOSCHLTD,2019-03,revenue_cagr_10y,INSUFFICIENT
BOSCHLTD,2019-03,pat_cagr_10y,INSUFFICIENT
BOSCHLTD,2019-03,eps_cagr_10y,INSUFFICIENT
BOSCHLTD,2020-03,revenue_cagr_10y,INSUFFICIENT
BOSCHLTD,2020-03,pat_cagr_10y,INSUFFICIENT
BOSCHLTD,2020-03,eps_cagr_10y,INSUFFICIENT
BOSCHLTD,2021-03,revenue_cagr_10y,INSUFFICIENT
BOSCHLTD,2021-03,pat_cagr_10y,INSUFFICIENT
BOSCHLTD,2021-03,eps_cagr_10y,INSUFFICIENT
BOSCHLTD,2022-03,revenue_cagr_10y,INSUFFICIENT
BOSCHLTD,2022-03,pat_cagr_10y,INSUFFICIENT
BOSCHLTD,2022-03,eps_cagr_10y,INSUFFICIENT
BPCL,2013-03,revenue_cagr_3y,INSUFFICIENT
BPCL,2013-03,revenue_cagr_5y,INSUFFICIENT
BPCL,2013-03,revenue_cagr_10y,INSUFFICIENT
BPCL,2013-03,pat_cagr_3y,INSUFFICIENT
BPCL,2013-03,pat_cagr_5y,INSUFFICIENT
BPCL,2013-03,pat_cagr_10y,INSUFFICIENT
BPCL,2013-03,eps_cagr_3y,INSUFFICIENT
BPCL,2013-03,eps_cagr_5y,INSUFFICIENT
BPCL,2013-03,eps_cagr_10y,INSUFFICIENT
BPCL,2014-03,revenue_cagr_3y,INSUFFICIENT
BPCL,2014-03,revenue_cagr_5y,INSUFFICIENT
BPCL,2014-03,revenue_cagr_10y,INSUFFICIENT
BPCL,2014-03,pat_cagr_3y,INSUFFICIENT
BPCL,2014-03,pat_cagr_5y,INSUFFICIENT
BPCL,2014-03,pat_cagr_10y,INSUFFICIENT
BPCL,2014-03,eps_cagr_3y,INSUFFICIENT
BPCL,2014-03,eps_cagr_5y,INSUFFICIENT
BPCL,2014-03,eps_cagr_10y,INSUFFICIENT
BPCL,2015-03,revenue_cagr_3y,INSUFFICIENT
BPCL,2015-03,revenue_cagr_5y,INSUFFICIENT
BPCL,2015-03,revenue_cagr_10y,INSUFFICIENT
BPCL,2015-03,pat_cagr_3y,INSUFFICIENT
BPCL,2015-03,pat_cagr_5y,INSUFFICIENT
BPCL,2015-03,pat_cagr_10y,INSUFFICIENT
BPCL,2015-03,eps_cagr_3y,INSUFFICIENT
BPCL,2015-03,eps_cagr_5y,INSUFFICIENT
BPCL,2015-03,eps_cagr_10y,INSUFFICIENT
BPCL,2016-03,revenue_cagr_5y,INSUFFICIENT
BPCL,2016-03,revenue_cagr_10y,INSUFFICIENT
BPCL,2016-03,pat_cagr_5y,INSUFFICIENT
BPCL,2016-03,pat_cagr_10y,INSUFFICIENT
BPCL,2016-03,eps_cagr_5y,INSUFFICIENT
BPCL,2016-03,eps_cagr_10y,INSUFFICIENT
BPCL,2017-03,revenue_cagr_5y,INSUFFICIENT
BPCL,2017-03,revenue_cagr_10y,INSUFFICIENT
BPCL,2017-03,pat_cagr_5y,INSUFFICIENT
BPCL,2017-03,pat_cagr_10y,INSUFFICIENT
BPCL,2017-03,eps_cagr_5y,INSUFFICIENT
BPCL,2017-03,eps_cagr_10y,INSUFFICIENT
BPCL,2018-03,revenue_cagr_10y,INSUFFICIENT
BPCL,2018-03,pat_cagr_10y,INSUFFICIENT
BPCL,2018-03,eps_cagr_10y,INSUFFICIENT
BPCL,2019-03,revenue_cagr_10y,INSUFFICIENT
BPCL,2019-03,pat_cagr_10y,INSUFFICIENT
BPCL,2019-03,eps_cagr_10y,INSUFFICIENT
BPCL,2020-03,revenue_cagr_10y,INSUFFICIENT
BPCL,2020-03,pat_cagr_10y,INSUFFICIENT
BPCL,2020-03,eps_cagr_10y,INSUFFICIENT
BPCL,2021-03,revenue_cagr_10y,INSUFFICIENT
BPCL,2021-03,pat_cagr_10y,INSUFFICIENT
BPCL,2021-03,eps_cagr_10y,INSUFFICIENT
BPCL,2022-03,revenue_cagr_10y,INSUFFICIENT
BPCL,2022-03,pat_cagr_10y,INSUFFICIENT
BPCL,2022-03,eps_cagr_10y,INSUFFICIENT
BRITANNIA,2013-03,revenue_cagr_3y,INSUFFICIENT
BRITANNIA,2013-03,revenue_cagr_5y,INSUFFICIENT
BRITANNIA,2013-03,revenue_cagr_10y,INSUFFICIENT
BRITANNIA,2013-03,pat_cagr_3y,INSUFFICIENT
BRITANNIA,2013-03,pat_cagr_5y,INSUFFICIENT
BRITANNIA,2013-03,pat_cagr_10y,INSUFFICIENT
BRITANNIA,2013-03,eps_cagr_3y,INSUFFICIENT
BRITANNIA,2013-03,eps_cagr_5y,INSUFFICIENT
BRITANNIA,2013-03,eps_cagr_10y,INSUFFICIENT
BRITANNIA,2014-03,revenue_cagr_3y,INSUFFICIENT
BRITANNIA,2014-03,revenue_cagr_5y,INSUFFICIENT
BRITANNIA,2014-03,revenue_cagr_10y,INSUFFICIENT
BRITANNIA,2014-03,pat_cagr_3y,INSUFFICIENT
BRITANNIA,2014-03,pat_cagr_5y,INSUFFICIENT
BRITANNIA,2014-03,pat_cagr_10y,INSUFFICIENT
BRITANNIA,2014-03,eps_cagr_3y,INSUFFICIENT
BRITANNIA,2014-03,eps_cagr_5y,INSUFFICIENT
BRITANNIA,2014-03,eps_cagr_10y,INSUFFICIENT
BRITANNIA,2015-03,revenue_cagr_3y,INSUFFICIENT
BRITANNIA,2015-03,revenue_cagr_5y,INSUFFICIENT
BRITANNIA,2015-03,revenue_cagr_10y,INSUFFICIENT
BRITANNIA,2015-03,pat_cagr_3y,INSUFFICIENT
BRITANNIA,2015-03,pat_cagr_5y,INSUFFICIENT
BRITANNIA,2015-03,pat_cagr_10y,INSUFFICIENT
BRITANNIA,2015-03,eps_cagr_3y,INSUFFICIENT
BRITANNIA,2015-03,eps_cagr_5y,INSUFFICIENT
BRITANNIA,2015-03,eps_cagr_10y,INSUFFICIENT
BRITANNIA,2016-03,revenue_cagr_5y,INSUFFICIENT
BRITANNIA,2016-03,revenue_cagr_10y,INSUFFICIENT
BRITANNIA,2016-03,pat_cagr_5y,INSUFFICIENT
BRITANNIA,2016-03,pat_cagr_10y,INSUFFICIENT
BRITANNIA,2016-03,eps_cagr_5y,INSUFFICIENT
BRITANNIA,2016-03,eps_cagr_10y,INSUFFICIENT
BRITANNIA,2017-03,revenue_cagr_5y,INSUFFICIENT
BRITANNIA,2017-03,revenue_cagr_10y,INSUFFICIENT
BRITANNIA,2017-03,pat_cagr_5y,INSUFFICIENT
BRITANNIA,2017-03,pat_cagr_10y,INSUFFICIENT
BRITANNIA,2017-03,eps_cagr_5y,INSUFFICIENT
BRITANNIA,2017-03,eps_cagr_10y,INSUFFICIENT
BRITANNIA,2018-03,revenue_cagr_10y,INSUFFICIENT
BRITANNIA,2018-03,pat_cagr_10y,INSUFFICIENT
BRITANNIA,2018-03,eps_cagr_10y,INSUFFICIENT
BRITANNIA,2019-03,revenue_cagr_10y,INSUFFICIENT
BRITANNIA,2019-03,pat_cagr_10y,INSUFFICIENT
BRITANNIA,2019-03,eps_cagr_10y,INSUFFICIENT
BRITANNIA,2020-03,revenue_cagr_10y,INSUFFICIENT
BRITANNIA,2020-03,pat_cagr_10y,INSUFFICIENT
BRITANNIA,2020-03,eps_cagr_10y,INSUFFICIENT
BRITANNIA,2021-03,revenue_cagr_10y,INSUFFICIENT
BRITANNIA,2021-03,pat_cagr_10y,INSUFFICIENT
BRITANNIA,2021-03,eps_cagr_10y,INSUFFICIENT
BRITANNIA,2022-03,revenue_cagr_10y,INSUFFICIENT
BRITANNIA,2022-03,pat_cagr_10y,INSUFFICIENT
BRITANNIA,2022-03,eps_cagr_10y,INSUFFICIENT
CANBK,2013-03,revenue_cagr_3y,INSUFFICIENT
CANBK,2013-03,revenue_cagr_5y,INSUFFICIENT
CANBK,2013-03,revenue_cagr_10y,INSUFFICIENT
CANBK,2013-03,pat_cagr_3y,INSUFFICIENT
CANBK,2013-03,pat_cagr_5y,INSUFFICIENT
CANBK,2013-03,pat_cagr_10y,INSUFFICIENT
CANBK,2013-03,eps_cagr_3y,INSUFFICIENT
CANBK,2013-03,eps_cagr_5y,INSUFFICIENT
CANBK,2013-03,eps_cagr_10y,INSUFFICIENT
CANBK,2014-03,revenue_cagr_3y,INSUFFICIENT
CANBK,2014-03,revenue_cagr_5y,INSUFFICIENT
CANBK,2014-03,revenue_cagr_10y,INSUFFICIENT
CANBK,2014-03,pat_cagr_3y,INSUFFICIENT
CANBK,2014-03,pat_cagr_5y,INSUFFICIENT
CANBK,2014-03,pat_cagr_10y,INSUFFICIENT
CANBK,2014-03,eps_cagr_3y,INSUFFICIENT
CANBK,2014-03,eps_cagr_5y,INSUFFICIENT
CANBK,2014-03,eps_cagr_10y,INSUFFICIENT
CANBK,2015-03,revenue_cagr_3y,INSUFFICIENT
CANBK,2015-03,revenue_cagr_5y,INSUFFICIENT
CANBK,2015-03,revenue_cagr_10y,INSUFFICIENT
CANBK,2015-03,pat_cagr_3y,INSUFFICIENT
CANBK,2015-03,pat_cagr_5y,INSUFFICIENT
CANBK,2015-03,pat_cagr_10y,INSUFFICIENT
CANBK,2015-03,eps_cagr_3y,INSUFFICIENT
CANBK,2015-03,eps_cagr_5y,INSUFFICIENT
CANBK,2015-03,eps_cagr_10y,INSUFFICIENT
CANBK,2016-03,revenue_cagr_5y,INSUFFICIENT
CANBK,2016-03,revenue_cagr_10y,INSUFFICIENT
CANBK,2016-03,pat_cagr_3y,DECLINE_TO_LOSS
CANBK,2016-03,pat_cagr_5y,INSUFFICIENT
CANBK,2016-03,pat_cagr_10y,INSUFFICIENT
CANBK,2016-03,eps_cagr_3y,DECLINE_TO_LOSS
CANBK,2016-03,eps_cagr_5y,INSUFFICIENT
CANBK,2016-03,eps_cagr_10y,INSUFFICIENT
CANBK,2017-03,revenue_cagr_5y,INSUFFICIENT
CANBK,2017-03,revenue_cagr_10y,INSUFFICIENT
CANBK,2017-03,pat_cagr_5y,INSUFFICIENT
CANBK,2017-03,pat_cagr_10y,INSUFFICIENT
CANBK,2017-03,eps_cagr_5y,INSUFFICIENT
CANBK,2017-03,eps_cagr_10y,INSUFFICIENT
CANBK,2018-03,revenue_cagr_10y,INSUFFICIENT
CANBK,2018-03,pat_cagr_3y,DECLINE_TO_LOSS
CANBK,2018-03,pat_cagr_5y,DECLINE_TO_LOSS
CANBK,2018-03,pat_cagr_10y,INSUFFICIENT
CANBK,2018-03,eps_cagr_3y,DECLINE_TO_LOSS
CANBK,2018-03,eps_cagr_5y,DECLINE_TO_LOSS
CANBK,2018-03,eps_cagr_10y,INSUFFICIENT
CANBK,2019-03,revenue_cagr_10y,INSUFFICIENT
CANBK,2019-03,pat_cagr_3y,TURNAROUND
CANBK,2019-03,pat_cagr_10y,INSUFFICIENT
CANBK,2019-03,eps_cagr_3y,TURNAROUND
CANBK,2019-03,eps_cagr_10y,INSUFFICIENT
CANBK,2020-03,revenue_cagr_10y,INSUFFICIENT
CANBK,2020-03,pat_cagr_3y,DECLINE_TO_LOSS
CANBK,2020-03,pat_cagr_5y,DECLINE_TO_LOSS
CANBK,2020-03,pat_cagr_10y,INSUFFICIENT
CANBK,2020-03,eps_cagr_3y,DECLINE_TO_LOSS
CANBK,2020-03,eps_cagr_5y,DECLINE_TO_LOSS
CANBK,2020-03,eps_cagr_10y,INSUFFICIENT
CANBK,2021-03,revenue_cagr_10y,INSUFFICIENT
CANBK,2021-03,pat_cagr_3y,TURNAROUND
CANBK,2021-03,pat_cagr_5y,TURNAROUND
CANBK,2021-03,pat_cagr_10y,INSUFFICIENT
CANBK,2021-03,eps_cagr_3y,TURNAROUND
CANBK,2021-03,eps_cagr_5y,TURNAROUND
CANBK,2021-03,eps_cagr_10y,INSUFFICIENT
CANBK,2022-03,revenue_cagr_10y,INSUFFICIENT
CANBK,2022-03,pat_cagr_10y,INSUFFICIENT
CANBK,2022-03,eps_cagr_10y,INSUFFICIENT
CANBK,2023-03,pat_cagr_3y,TURNAROUND
CANBK,2023-03,pat_cagr_5y,TURNAROUND
CANBK,2023-03,eps_cagr_3y,TURNAROUND
CANBK,2023-03,eps_cagr_5y,TURNAROUND
CHOLAFIN,2013-03,revenue_cagr_3y,INSUFFICIENT
CHOLAFIN,2013-03,revenue_cagr_5y,INSUFFICIENT
CHOLAFIN,2013-03,revenue_cagr_10y,INSUFFICIENT
CHOLAFIN,2013-03,pat_cagr_3y,INSUFFICIENT
CHOLAFIN,2013-03,pat_cagr_5y,INSUFFICIENT
CHOLAFIN,2013-03,pat_cagr_10y,INSUFFICIENT
CHOLAFIN,2013-03,eps_cagr_3y,INSUFFICIENT
CHOLAFIN,2013-03,eps_cagr_5y,INSUFFICIENT
CHOLAFIN,2013-03,eps_cagr_10y,INSUFFICIENT
CHOLAFIN,2014-03,revenue_cagr_3y,INSUFFICIENT
CHOLAFIN,2014-03,revenue_cagr_5y,INSUFFICIENT
CHOLAFIN,2014-03,revenue_cagr_10y,INSUFFICIENT
CHOLAFIN,2014-03,pat_cagr_3y,INSUFFICIENT
CHOLAFIN,2014-03,pat_cagr_5y,INSUFFICIENT
CHOLAFIN,2014-03,pat_cagr_10y,INSUFFICIENT
CHOLAFIN,2014-03,eps_cagr_3y,INSUFFICIENT
CHOLAFIN,2014-03,eps_cagr_5y,INSUFFICIENT
CHOLAFIN,2014-03,eps_cagr_10y,INSUFFICIENT
CHOLAFIN,2015-03,interest_coverage,Debt Free
CHOLAFIN,2015-03,revenue_cagr_3y,INSUFFICIENT
CHOLAFIN,2015-03,revenue_cagr_5y,INSUFFICIENT
CHOLAFIN,2015-03,revenue_cagr_10y,INSUFFICIENT
CHOLAFIN,2015-03,pat_cagr_3y,INSUFFICIENT
CHOLAFIN,2015-03,pat_cagr_5y,INSUFFICIENT
CHOLAFIN,2015-03,pat_cagr_10y,INSUFFICIENT
CHOLAFIN,2015-03,eps_cagr_3y,INSUFFICIENT
CHOLAFIN,2015-03,eps_cagr_5y,INSUFFICIENT
CHOLAFIN,2015-03,eps_cagr_10y,INSUFFICIENT
CHOLAFIN,2016-03,revenue_cagr_5y,INSUFFICIENT
CHOLAFIN,2016-03,revenue_cagr_10y,INSUFFICIENT
CHOLAFIN,2016-03,pat_cagr_5y,INSUFFICIENT
CHOLAFIN,2016-03,pat_cagr_10y,INSUFFICIENT
CHOLAFIN,2016-03,eps_cagr_5y,INSUFFICIENT
CHOLAFIN,2016-03,eps_cagr_10y,INSUFFICIENT
CHOLAFIN,2017-03,revenue_cagr_5y,INSUFFICIENT
CHOLAFIN,2017-03,revenue_cagr_10y,INSUFFICIENT
CHOLAFIN,2017-03,pat_cagr_5y,INSUFFICIENT
CHOLAFIN,2017-03,pat_cagr_10y,INSUFFICIENT
CHOLAFIN,2017-03,eps_cagr_5y,INSUFFICIENT
CHOLAFIN,2017-03,eps_cagr_10y,INSUFFICIENT
CHOLAFIN,2018-03,interest_coverage,Debt Free
CHOLAFIN,2018-03,revenue_cagr_10y,INSUFFICIENT
CHOLAFIN,2018-03,pat_cagr_10y,INSUFFICIENT
CHOLAFIN,2018-03,eps_cagr_10y,INSUFFICIENT
CHOLAFIN,2019-03,revenue_cagr_10y,INSUFFICIENT
CHOLAFIN,2019-03,pat_cagr_10y,INSUFFICIENT
CHOLAFIN,2019-03,eps_cagr_10y,INSUFFICIENT
CHOLAFIN,2020-03,interest_coverage,Debt Free
CHOLAFIN,2020-03,revenue_cagr_10y,INSUFFICIENT
CHOLAFIN,2020-03,pat_cagr_10y,INSUFFICIENT
CHOLAFIN,2020-03,eps_cagr_10y,INSUFFICIENT
CHOLAFIN,2021-03,revenue_cagr_10y,INSUFFICIENT
CHOLAFIN,2021-03,pat_cagr_10y,INSUFFICIENT
CHOLAFIN,2021-03,eps_cagr_10y,INSUFFICIENT
CHOLAFIN,2022-03,revenue_cagr_10y,INSUFFICIENT
CHOLAFIN,2022-03,pat_cagr_10y,INSUFFICIENT
CHOLAFIN,2022-03,eps_cagr_10y,INSUFFICIENT
CIPLA,2013-03,revenue_cagr_3y,INSUFFICIENT
CIPLA,2013-03,revenue_cagr_5y,INSUFFICIENT
CIPLA,2013-03,revenue_cagr_10y,INSUFFICIENT
CIPLA,2013-03,pat_cagr_3y,INSUFFICIENT
CIPLA,2013-03,pat_cagr_5y,INSUFFICIENT
CIPLA,2013-03,pat_cagr_10y,INSUFFICIENT
CIPLA,2013-03,eps_cagr_3y,INSUFFICIENT
CIPLA,2013-03,eps_cagr_5y,INSUFFICIENT
CIPLA,2013-03,eps_cagr_10y,INSUFFICIENT
CIPLA,2014-03,revenue_cagr_3y,INSUFFICIENT
CIPLA,2014-03,revenue_cagr_5y,INSUFFICIENT
CIPLA,2014-03,revenue_cagr_10y,INSUFFICIENT
CIPLA,2014-03,pat_cagr_3y,INSUFFICIENT
CIPLA,2014-03,pat_cagr_5y,INSUFFICIENT
CIPLA,2014-03,pat_cagr_10y,INSUFFICIENT
CIPLA,2014-03,eps_cagr_3y,INSUFFICIENT
CIPLA,2014-03,eps_cagr_5y,INSUFFICIENT
CIPLA,2014-03,eps_cagr_10y,INSUFFICIENT
CIPLA,2015-03,revenue_cagr_3y,INSUFFICIENT
CIPLA,2015-03,revenue_cagr_5y,INSUFFICIENT
CIPLA,2015-03,revenue_cagr_10y,INSUFFICIENT
CIPLA,2015-03,pat_cagr_3y,INSUFFICIENT
CIPLA,2015-03,pat_cagr_5y,INSUFFICIENT
CIPLA,2015-03,pat_cagr_10y,INSUFFICIENT
CIPLA,2015-03,eps_cagr_3y,INSUFFICIENT
CIPLA,2015-03,eps_cagr_5y,INSUFFICIENT
CIPLA,2015-03,eps_cagr_10y,INSUFFICIENT
CIPLA,2016-03,revenue_cagr_5y,INSUFFICIENT
CIPLA,2016-03,revenue_cagr_10y,INSUFFICIENT
CIPLA,2016-03,pat_cagr_5y,INSUFFICIENT
CIPLA,2016-03,pat_cagr_10y,INSUFFICIENT
CIPLA,2016-03,eps_cagr_5y,INSUFFICIENT
CIPLA,2016-03,eps_cagr_10y,INSUFFICIENT
CIPLA,2017-03,revenue_cagr_5y,INSUFFICIENT
CIPLA,2017-03,revenue_cagr_10y,INSUFFICIENT
CIPLA,2017-03,pat_cagr_5y,INSUFFICIENT
CIPLA,2017-03,pat_cagr_10y,INSUFFICIENT
CIPLA,2017-03,eps_cagr_5y,INSUFFICIENT
CIPLA,2017-03,eps_cagr_10y,INSUFFICIENT
CIPLA,2018-03,revenue_cagr_10y,INSUFFICIENT
CIPLA,2018-03,pat_cagr_10y,INSUFFICIENT
CIPLA,2018-03,eps_cagr_10y,INSUFFICIENT
CIPLA,2019-03,revenue_cagr_10y,INSUFFICIENT
CIPLA,2019-03,pat_cagr_10y,INSUFFICIENT
CIPLA,2019-03,eps_cagr_10y,INSUFFICIENT
CIPLA,2020-03,revenue_cagr_10y,INSUFFICIENT
CIPLA,2020-03,pat_cagr_10y,INSUFFICIENT
CIPLA,2020-03,eps_cagr_10y,INSUFFICIENT
CIPLA,2021-03,revenue_cagr_10y,INSUFFICIENT
CIPLA,2021-03,pat_cagr_10y,INSUFFICIENT
CIPLA,2021-03,eps_cagr_10y,INSUFFICIENT
CIPLA,2022-03,revenue_cagr_10y,INSUFFICIENT
CIPLA,2022-03,pat_cagr_10y,INSUFFICIENT
CIPLA,2022-03,eps_cagr_10y,INSUFFICIENT
COALINDIA,2013-03,revenue_cagr_3y,INSUFFICIENT
COALINDIA,2013-03,revenue_cagr_5y,INSUFFICIENT
COALINDIA,2013-03,revenue_cagr_10y,INSUFFICIENT
COALINDIA,2013-03,pat_cagr_3y,INSUFFICIENT
COALINDIA,2013-03,pat_cagr_5y,INSUFFICIENT
COALINDIA,2013-03,pat_cagr_10y,INSUFFICIENT
COALINDIA,2013-03,eps_cagr_3y,INSUFFICIENT
COALINDIA,2013-03,eps_cagr_5y,INSUFFICIENT
COALINDIA,2013-03,eps_cagr_10y,INSUFFICIENT
COALINDIA,2014-03,revenue_cagr_3y,INSUFFICIENT
COALINDIA,2014-03,revenue_cagr_5y,INSUFFICIENT
COALINDIA,2014-03,revenue_cagr_10y,INSUFFICIENT
COALINDIA,2014-03,pat_cagr_3y,INSUFFICIENT
COALINDIA,2014-03,pat_cagr_5y,INSUFFICIENT
COALINDIA,2014-03,pat_cagr_10y,INSUFFICIENT
COALINDIA,2014-03,eps_cagr_3y,INSUFFICIENT
COALINDIA,2014-03,eps_cagr_5y,INSUFFICIENT
COALINDIA,2014-03,eps_cagr_10y,INSUFFICIENT
COALINDIA,2015-03,revenue_cagr_3y,INSUFFICIENT
COALINDIA,2015-03,revenue_cagr_5y,INSUFFICIENT
COALINDIA,2015-03,revenue_cagr_10y,INSUFFICIENT
COALINDIA,2015-03,pat_cagr_3y,INSUFFICIENT
COALINDIA,2015-03,pat_cagr_5y,INSUFFICIENT
COALINDIA,2015-03,pat_cagr_10y,INSUFFICIENT
COALINDIA,2015-03,eps_cagr_3y,INSUFFICIENT
COALINDIA,2015-03,eps_cagr_5y,INSUFFICIENT
COALINDIA,2015-03,eps_cagr_10y,INSUFFICIENT
COALINDIA,2016-03,revenue_cagr_5y,INSUFFICIENT
COALINDIA,2016-03,revenue_cagr_10y,INSUFFICIENT
COALINDIA,2016-03,pat_cagr_5y,INSUFFICIENT
COALINDIA,2016-03,pat_cagr_10y,INSUFFICIENT
COALINDIA,2016-03,eps_cagr_5y,INSUFFICIENT
COALINDIA,2016-03,eps_cagr_10y,INSUFFICIENT
COALINDIA,2017-03,revenue_cagr_5y,INSUFFICIENT
COALINDIA,2017-03,revenue_cagr_10y,INSUFFICIENT
COALINDIA,2017-03,pat_cagr_5y,INSUFFICIENT
COALINDIA,2017-03,pat_cagr_10y,INSUFFICIENT
COALINDIA,2017-03,eps_cagr_5y,INSUFFICIENT
COALINDIA,2017-03,eps_cagr_10y,INSUFFICIENT
COALINDIA,2018-03,revenue_cagr_10y,INSUFFICIENT
COALINDIA,2018-03,pat_cagr_10y,INSUFFICIENT
COALINDIA,2018-03,eps_cagr_10y,INSUFFICIENT
COALINDIA,2019-03,revenue_cagr_10y,INSUFFICIENT
COALINDIA,2019-03,pat_cagr_10y,INSUFFICIENT
COALINDIA,2019-03,eps_cagr_10y,INSUFFICIENT
COALINDIA,2020-03,revenue_cagr_10y,INSUFFICIENT
COALINDIA,2020-03,pat_cagr_10y,INSUFFICIENT
COALINDIA,2020-03,eps_cagr_10y,INSUFFICIENT
COALINDIA,2021-03,revenue_cagr_10y,INSUFFICIENT
COALINDIA,2021-03,pat_cagr_10y,INSUFFICIENT
COALINDIA,2021-03,eps_cagr_10y,INSUFFICIENT
COALINDIA,2022-03,revenue_cagr_10y,INSUFFICIENT
COALINDIA,2022-03,pat_cagr_10y,INSUFFICIENT
COALINDIA,2022-03,eps_cagr_10y,INSUFFICIENT
DABUR,2013-03,revenue_cagr_3y,INSUFFICIENT
DABUR,2013-03,revenue_cagr_5y,INSUFFICIENT
DABUR,2013-03,revenue_cagr_10y,INSUFFICIENT
DABUR,2013-03,pat_cagr_3y,INSUFFICIENT
DABUR,2013-03,pat_cagr_5y,INSUFFICIENT
DABUR,2013-03,pat_cagr_10y,INSUFFICIENT
DABUR,2013-03,eps_cagr_3y,INSUFFICIENT
DABUR,2013-03,eps_cagr_5y,INSUFFICIENT
DABUR,2013-03,eps_cagr_10y,INSUFFICIENT
DABUR,2014-03,revenue_cagr_3y,INSUFFICIENT
DABUR,2014-03,revenue_cagr_5y,INSUFFICIENT
DABUR,2014-03,revenue_cagr_10y,INSUFFICIENT
DABUR,2014-03,pat_cagr_3y,INSUFFICIENT
DABUR,2014-03,pat_cagr_5y,INSUFFICIENT
DABUR,2014-03,pat_cagr_10y,INSUFFICIENT
DABUR,2014-03,eps_cagr_3y,INSUFFICIENT
DABUR,2014-03,eps_cagr_5y,INSUFFICIENT
DABUR,2014-03,eps_cagr_10y,INSUFFICIENT
DABUR,2015-03,revenue_cagr_3y,INSUFFICIENT
DABUR,2015-03,revenue_cagr_5y,INSUFFICIENT
DABUR,2015-03,revenue_cagr_10y,INSUFFICIENT
DABUR,2015-03,pat_cagr_3y,INSUFFICIENT
DABUR,2015-03,pat_cagr_5y,INSUFFICIENT
DABUR,2015-03,pat_cagr_10y,INSUFFICIENT
DABUR,2015-03,eps_cagr_3y,INSUFFICIENT
DABUR,2015-03,eps_cagr_5y,INSUFFICIENT
DABUR,2015-03,eps_cagr_10y,INSUFFICIENT
DABUR,2016-03,revenue_cagr_5y,INSUFFICIENT
DABUR,2016-03,revenue_cagr_10y,INSUFFICIENT
DABUR,2016-03,pat_cagr_5y,INSUFFICIENT
DABUR,2016-03,pat_cagr_10y,INSUFFICIENT
DABUR,2016-03,eps_cagr_5y,INSUFFICIENT
DABUR,2016-03,eps_cagr_10y,INSUFFICIENT
DABUR,2017-03,revenue_cagr_5y,INSUFFICIENT
DABUR,2017-03,revenue_cagr_10y,INSUFFICIENT
DABUR,2017-03,pat_cagr_5y,INSUFFICIENT
DABUR,2017-03,pat_cagr_10y,INSUFFICIENT
DABUR,2017-03,eps_cagr_5y,INSUFFICIENT
DABUR,2017-03,eps_cagr_10y,INSUFFICIENT
DABUR,2018-03,revenue_cagr_10y,INSUFFICIENT
DABUR,2018-03,pat_cagr_10y,INSUFFICIENT
DABUR,2018-03,eps_cagr_10y,INSUFFICIENT
DABUR,2019-03,revenue_cagr_10y,INSUFFICIENT
DABUR,2019-03,pat_cagr_10y,INSUFFICIENT
DABUR,2019-03,eps_cagr_10y,INSUFFICIENT
DABUR,2020-03,revenue_cagr_10y,INSUFFICIENT
DABUR,2020-03,pat_cagr_10y,INSUFFICIENT
DABUR,2020-03,eps_cagr_10y,INSUFFICIENT
DABUR,2021-03,revenue_cagr_10y,INSUFFICIENT
DABUR,2021-03,pat_cagr_10y,INSUFFICIENT
DABUR,2021-03,eps_cagr_10y,INSUFFICIENT
DABUR,2022-03,revenue_cagr_10y,INSUFFICIENT
DABUR,2022-03,pat_cagr_10y,INSUFFICIENT
DABUR,2022-03,eps_cagr_10y,INSUFFICIENT
DIVISLAB,2013-03,revenue_cagr_3y,INSUFFICIENT
DIVISLAB,2013-03,revenue_cagr_5y,INSUFFICIENT
DIVISLAB,2013-03,revenue_cagr_10y,INSUFFICIENT
DIVISLAB,2013-03,pat_cagr_3y,INSUFFICIENT
DIVISLAB,2013-03,pat_cagr_5y,INSUFFICIENT
DIVISLAB,2013-03,pat_cagr_10y,INSUFFICIENT
DIVISLAB,2013-03,eps_cagr_3y,INSUFFICIENT
DIVISLAB,2013-03,eps_cagr_5y,INSUFFICIENT
DIVISLAB,2013-03,eps_cagr_10y,INSUFFICIENT
DIVISLAB,2014-03,revenue_cagr_3y,INSUFFICIENT
DIVISLAB,2014-03,revenue_cagr_5y,INSUFFICIENT
DIVISLAB,2014-03,revenue_cagr_10y,INSUFFICIENT
DIVISLAB,2014-03,pat_cagr_3y,INSUFFICIENT
DIVISLAB,2014-03,pat_cagr_5y,INSUFFICIENT
DIVISLAB,2014-03,pat_cagr_10y,INSUFFICIENT
DIVISLAB,2014-03,eps_cagr_3y,INSUFFICIENT
DIVISLAB,2014-03,eps_cagr_5y,INSUFFICIENT
DIVISLAB,2014-03,eps_cagr_10y,INSUFFICIENT
DIVISLAB,2015-03,revenue_cagr_3y,INSUFFICIENT
DIVISLAB,2015-03,revenue_cagr_5y,INSUFFICIENT
DIVISLAB,2015-03,revenue_cagr_10y,INSUFFICIENT
DIVISLAB,2015-03,pat_cagr_3y,INSUFFICIENT
DIVISLAB,2015-03,pat_cagr_5y,INSUFFICIENT
DIVISLAB,2015-03,pat_cagr_10y,INSUFFICIENT
DIVISLAB,2015-03,eps_cagr_3y,INSUFFICIENT
DIVISLAB,2015-03,eps_cagr_5y,INSUFFICIENT
DIVISLAB,2015-03,eps_cagr_10y,INSUFFICIENT
DIVISLAB,2016-03,revenue_cagr_5y,INSUFFICIENT
DIVISLAB,2016-03,revenue_cagr_10y,INSUFFICIENT
DIVISLAB,2016-03,pat_cagr_5y,INSUFFICIENT
DIVISLAB,2016-03,pat_cagr_10y,INSUFFICIENT
DIVISLAB,2016-03,eps_cagr_5y,INSUFFICIENT
DIVISLAB,2016-03,eps_cagr_10y,INSUFFICIENT
DIVISLAB,2017-03,revenue_cagr_5y,INSUFFICIENT
DIVISLAB,2017-03,revenue_cagr_10y,INSUFFICIENT
DIVISLAB,2017-03,pat_cagr_5y,INSUFFICIENT
DIVISLAB,2017-03,pat_cagr_10y,INSUFFICIENT
DIVISLAB,2017-03,eps_cagr_5y,INSUFFICIENT
DIVISLAB,2017-03,eps_cagr_10y,INSUFFICIENT
DIVISLAB,2018-03,revenue_cagr_10y,INSUFFICIENT
DIVISLAB,2018-03,pat_cagr_10y,INSUFFICIENT
DIVISLAB,2018-03,eps_cagr_10y,INSUFFICIENT
DIVISLAB,2019-03,revenue_cagr_10y,INSUFFICIENT
DIVISLAB,2019-03,pat_cagr_10y,INSUFFICIENT
DIVISLAB,2019-03,eps_cagr_10y,INSUFFICIENT
DIVISLAB,2020-03,revenue_cagr_10y,INSUFFICIENT
DIVISLAB,2020-03,pat_cagr_10y,INSUFFICIENT
DIVISLAB,2020-03,eps_cagr_10y,INSUFFICIENT
DIVISLAB,2021-03,revenue_cagr_10y,INSUFFICIENT
DIVISLAB,2021-03,pat_cagr_10y,INSUFFICIENT
DIVISLAB,2021-03,eps_cagr_10y,INSUFFICIENT
DIVISLAB,2022-03,revenue_cagr_10y,INSUFFICIENT
DIVISLAB,2022-03,pat_cagr_10y,INSUFFICIENT
DIVISLAB,2022-03,eps_cagr_10y,INSUFFICIENT
DLF,2013-03,revenue_cagr_3y,INSUFFICIENT
DLF,2013-03,revenue_cagr_5y,INSUFFICIENT
DLF,2013-03,revenue_cagr_10y,INSUFFICIENT
DLF,2013-03,pat_cagr_3y,INSUFFICIENT
DLF,2013-03,pat_cagr_5y,INSUFFICIENT
DLF,2013-03,pat_cagr_10y,INSUFFICIENT
DLF,2013-03,eps_cagr_3y,INSUFFICIENT
DLF,2013-03,eps_cagr_5y,INSUFFICIENT
DLF,2013-03,eps_cagr_10y,INSUFFICIENT
DLF,2014-03,revenue_cagr_3y,INSUFFICIENT
DLF,2014-03,revenue_cagr_5y,INSUFFICIENT
DLF,2014-03,revenue_cagr_10y,INSUFFICIENT
DLF,2014-03,pat_cagr_3y,INSUFFICIENT
DLF,2014-03,pat_cagr_5y,INSUFFICIENT
DLF,2014-03,pat_cagr_10y,INSUFFICIENT
DLF,2014-03,eps_cagr_3y,INSUFFICIENT
DLF,2014-03,eps_cagr_5y,INSUFFICIENT
DLF,2014-03,eps_cagr_10y,INSUFFICIENT
DLF,2015-03,revenue_cagr_3y,INSUFFICIENT
DLF,2015-03,revenue_cagr_5y,INSUFFICIENT
DLF,2015-03,revenue_cagr_10y,INSUFFICIENT
DLF,2015-03,pat_cagr_3y,INSUFFICIENT
DLF,2015-03,pat_cagr_5y,INSUFFICIENT
DLF,2015-03,pat_cagr_10y,INSUFFICIENT
DLF,2015-03,eps_cagr_3y,INSUFFICIENT
DLF,2015-03,eps_cagr_5y,INSUFFICIENT
DLF,2015-03,eps_cagr_10y,INSUFFICIENT
DLF,2016-03,revenue_cagr_5y,INSUFFICIENT
DLF,2016-03,revenue_cagr_10y,INSUFFICIENT
DLF,2016-03,pat_cagr_5y,INSUFFICIENT
DLF,2016-03,pat_cagr_10y,INSUFFICIENT
DLF,2016-03,eps_cagr_5y,INSUFFICIENT
DLF,2016-03,eps_cagr_10y,INSUFFICIENT
DLF,2017-03,revenue_cagr_5y,INSUFFICIENT
DLF,2017-03,revenue_cagr_10y,INSUFFICIENT
DLF,2017-03,pat_cagr_5y,INSUFFICIENT
DLF,2017-03,pat_cagr_10y,INSUFFICIENT
DLF,2017-03,eps_cagr_5y,INSUFFICIENT
DLF,2017-03,eps_cagr_10y,INSUFFICIENT
DLF,2018-03,revenue_cagr_10y,INSUFFICIENT
DLF,2018-03,pat_cagr_10y,INSUFFICIENT
DLF,2018-03,eps_cagr_10y,INSUFFICIENT
DLF,2019-03,revenue_cagr_10y,INSUFFICIENT
DLF,2019-03,pat_cagr_10y,INSUFFICIENT
DLF,2019-03,eps_cagr_10y,INSUFFICIENT
DLF,2020-03,revenue_cagr_10y,INSUFFICIENT
DLF,2020-03,pat_cagr_3y,DECLINE_TO_LOSS
DLF,2020-03,pat_cagr_5y,DECLINE_TO_LOSS
DLF,2020-03,pat_cagr_10y,INSUFFICIENT
DLF,2020-03,eps_cagr_3y,DECLINE_TO_LOSS
DLF,2020-03,eps_cagr_5y,DECLINE_TO_LOSS
DLF,2020-03,eps_cagr_10y,INSUFFICIENT
DLF,2021-03,revenue_cagr_10y,INSUFFICIENT
DLF,2021-03,pat_cagr_10y,INSUFFICIENT
DLF,2021-03,eps_cagr_10y,INSUFFICIENT
DLF,2022-03,revenue_cagr_10y,INSUFFICIENT
DLF,2022-03,pat_cagr_10y,INSUFFICIENT
DLF,2022-03,eps_cagr_10y,INSUFFICIENT
DLF,2023-03,pat_cagr_3y,TURNAROUND
DLF,2023-03,eps_cagr_3y,TURNAROUND
DMART,2013-03,revenue_cagr_3y,INSUFFICIENT
DMART,2013-03,revenue_cagr_5y,INSUFFICIENT
DMART,2013-03,revenue_cagr_10y,INSUFFICIENT
DMART,2013-03,pat_cagr_3y,INSUFFICIENT
DMART,2013-03,pat_cagr_5y,INSUFFICIENT
DMART,2013-03,pat_cagr_10y,INSUFFICIENT
DMART,2013-03,eps_cagr_3y,INSUFFICIENT
DMART,2013-03,eps_cagr_5y,INSUFFICIENT
DMART,2013-03,eps_cagr_10y,INSUFFICIENT
DMART,2014-03,revenue_cagr_3y,INSUFFICIENT
DMART,2014-03,revenue_cagr_5y,INSUFFICIENT
DMART,2014-03,revenue_cagr_10y,INSUFFICIENT
DMART,2014-03,pat_cagr_3y,INSUFFICIENT
DMART,2014-03,pat_cagr_5y,INSUFFICIENT
DMART,2014-03,pat_cagr_10y,INSUFFICIENT
DMART,2014-03,eps_cagr_3y,INSUFFICIENT
DMART,2014-03,eps_cagr_5y,INSUFFICIENT
DMART,2014-03,eps_cagr_10y,INSUFFICIENT
DMART,2015-03,revenue_cagr_3y,INSUFFICIENT
DMART,2015-03,revenue_cagr_5y,INSUFFICIENT
DMART,2015-03,revenue_cagr_10y,INSUFFICIENT
DMART,2015-03,pat_cagr_3y,INSUFFICIENT
DMART,2015-03,pat_cagr_5y,INSUFFICIENT
DMART,2015-03,pat_cagr_10y,INSUFFICIENT
DMART,2015-03,eps_cagr_3y,INSUFFICIENT
DMART,2015-03,eps_cagr_5y,INSUFFICIENT
DMART,2015-03,eps_cagr_10y,INSUFFICIENT
DMART,2016-03,revenue_cagr_5y,INSUFFICIENT
DMART,2016-03,revenue_cagr_10y,INSUFFICIENT
DMART,2016-03,pat_cagr_5y,INSUFFICIENT
DMART,2016-03,pat_cagr_10y,INSUFFICIENT
DMART,2016-03,eps_cagr_5y,INSUFFICIENT
DMART,2016-03,eps_cagr_10y,INSUFFICIENT
DMART,2017-03,revenue_cagr_5y,INSUFFICIENT
DMART,2017-03,revenue_cagr_10y,INSUFFICIENT
DMART,2017-03,pat_cagr_5y,INSUFFICIENT
DMART,2017-03,pat_cagr_10y,INSUFFICIENT
DMART,2017-03,eps_cagr_5y,INSUFFICIENT
DMART,2017-03,eps_cagr_10y,INSUFFICIENT
DMART,2018-03,revenue_cagr_10y,INSUFFICIENT
DMART,2018-03,pat_cagr_10y,INSUFFICIENT
DMART,2018-03,eps_cagr_10y,INSUFFICIENT
DMART,2019-03,revenue_cagr_10y,INSUFFICIENT
DMART,2019-03,pat_cagr_10y,INSUFFICIENT
DMART,2019-03,eps_cagr_10y,INSUFFICIENT
DMART,2020-03,revenue_cagr_10y,INSUFFICIENT
DMART,2020-03,pat_cagr_10y,INSUFFICIENT
DMART,2020-03,eps_cagr_10y,INSUFFICIENT
DMART,2021-03,revenue_cagr_10y,INSUFFICIENT
DMART,2021-03,pat_cagr_10y,INSUFFICIENT
DMART,2021-03,eps_cagr_10y,INSUFFICIENT
DMART,2022-03,revenue_cagr_10y,INSUFFICIENT
DMART,2022-03,pat_cagr_10y,INSUFFICIENT
DMART,2022-03,eps_cagr_10y,INSUFFICIENT
DRREDDY,2013-03,revenue_cagr_3y,INSUFFICIENT
DRREDDY,2013-03,revenue_cagr_5y,INSUFFICIENT
DRREDDY,2013-03,revenue_cagr_10y,INSUFFICIENT
DRREDDY,2013-03,pat_cagr_3y,INSUFFICIENT
DRREDDY,2013-03,pat_cagr_5y,INSUFFICIENT
DRREDDY,2013-03,pat_cagr_10y,INSUFFICIENT
DRREDDY,2013-03,eps_cagr_3y,INSUFFICIENT
DRREDDY,2013-03,eps_cagr_5y,INSUFFICIENT
DRREDDY,2013-03,eps_cagr_10y,INSUFFICIENT
DRREDDY,2014-03,revenue_cagr_3y,INSUFFICIENT
DRREDDY,2014-03,revenue_cagr_5y,INSUFFICIENT
DRREDDY,2014-03,revenue_cagr_10y,INSUFFICIENT
DRREDDY,2014-03,pat_cagr_3y,INSUFFICIENT
DRREDDY,2014-03,pat_cagr_5y,INSUFFICIENT
DRREDDY,2014-03,pat_cagr_10y,INSUFFICIENT
DRREDDY,2014-03,eps_cagr_3y,INSUFFICIENT
DRREDDY,2014-03,eps_cagr_5y,INSUFFICIENT
DRREDDY,2014-03,eps_cagr_10y,INSUFFICIENT
DRREDDY,2015-03,revenue_cagr_3y,INSUFFICIENT
DRREDDY,2015-03,revenue_cagr_5y,INSUFFICIENT
DRREDDY,2015-03,revenue_cagr_10y,INSUFFICIENT
DRREDDY,2015-03,pat_cagr_3y,INSUFFICIENT
DRREDDY,2015-03,pat_cagr_5y,INSUFFICIENT
DRREDDY,2015-03,pat_cagr_10y,INSUFFICIENT
DRREDDY,2015-03,eps_cagr_3y,INSUFFICIENT
DRREDDY,2015-03,eps_cagr_5y,INSUFFICIENT
DRREDDY,2015-03,eps_cagr_10y,INSUFFICIENT
DRREDDY,2016-03,revenue_cagr_5y,INSUFFICIENT
DRREDDY,2016-03,revenue_cagr_10y,INSUFFICIENT
DRREDDY,2016-03,pat_cagr_5y,INSUFFICIENT
DRREDDY,2016-03,pat_cagr_10y,INSUFFICIENT
DRREDDY,2016-03,eps_cagr_5y,INSUFFICIENT
DRREDDY,2016-03,eps_cagr_10y,INSUFFICIENT
DRREDDY,2017-03,revenue_cagr_5y,INSUFFICIENT
DRREDDY,2017-03,revenue_cagr_10y,INSUFFICIENT
DRREDDY,2017-03,pat_cagr_5y,INSUFFICIENT
DRREDDY,2017-03,pat_cagr_10y,INSUFFICIENT
DRREDDY,2017-03,eps_cagr_5y,INSUFFICIENT
DRREDDY,2017-03,eps_cagr_10y,INSUFFICIENT
DRREDDY,2018-03,revenue_cagr_10y,INSUFFICIENT
DRREDDY,2018-03,pat_cagr_10y,INSUFFICIENT
DRREDDY,2018-03,eps_cagr_10y,INSUFFICIENT
DRREDDY,2019-03,revenue_cagr_10y,INSUFFICIENT
DRREDDY,2019-03,pat_cagr_10y,INSUFFICIENT
DRREDDY,2019-03,eps_cagr_10y,INSUFFICIENT
DRREDDY,2020-03,revenue_cagr_10y,INSUFFICIENT
DRREDDY,2020-03,pat_cagr_10y,INSUFFICIENT
DRREDDY,2020-03,eps_cagr_10y,INSUFFICIENT
DRREDDY,2021-03,revenue_cagr_10y,INSUFFICIENT
DRREDDY,2021-03,pat_cagr_10y,INSUFFICIENT
DRREDDY,2021-03,eps_cagr_10y,INSUFFICIENT
DRREDDY,2022-03,revenue_cagr_10y,INSUFFICIENT
DRREDDY,2022-03,pat_cagr_10y,INSUFFICIENT
DRREDDY,2022-03,eps_cagr_10y,INSUFFICIENT
EICHERMOT,2012-12,revenue_cagr_3y,INSUFFICIENT
EICHERMOT,2012-12,revenue_cagr_5y,INSUFFICIENT
EICHERMOT,2012-12,revenue_cagr_10y,INSUFFICIENT
EICHERMOT,2012-12,pat_cagr_3y,INSUFFICIENT
EICHERMOT,2012-12,pat_cagr_5y,INSUFFICIENT
EICHERMOT,2012-12,pat_cagr_10y,INSUFFICIENT
EICHERMOT,2012-12,eps_cagr_3y,INSUFFICIENT
EICHERMOT,2012-12,eps_cagr_5y,INSUFFICIENT
EICHERMOT,2012-12,eps_cagr_10y,INSUFFICIENT
EICHERMOT,2013-12,revenue_cagr_3y,INSUFFICIENT
EICHERMOT,2013-12,revenue_cagr_5y,INSUFFICIENT
EICHERMOT,2013-12,revenue_cagr_10y,INSUFFICIENT
EICHERMOT,2013-12,pat_cagr_3y,INSUFFICIENT
EICHERMOT,2013-12,pat_cagr_5y,INSUFFICIENT
EICHERMOT,2013-12,pat_cagr_10y,INSUFFICIENT
EICHERMOT,2013-12,eps_cagr_3y,INSUFFICIENT
EICHERMOT,2013-12,eps_cagr_5y,INSUFFICIENT
EICHERMOT,2013-12,eps_cagr_10y,INSUFFICIENT
EICHERMOT,2014-12,revenue_cagr_3y,INSUFFICIENT
EICHERMOT,2014-12,revenue_cagr_5y,INSUFFICIENT
EICHERMOT,2014-12,revenue_cagr_10y,INSUFFICIENT
EICHERMOT,2014-12,pat_cagr_3y,INSUFFICIENT
EICHERMOT,2014-12,pat_cagr_5y,INSUFFICIENT
EICHERMOT,2014-12,pat_cagr_10y,INSUFFICIENT
EICHERMOT,2014-12,eps_cagr_3y,INSUFFICIENT
EICHERMOT,2014-12,eps_cagr_5y,INSUFFICIENT
EICHERMOT,2014-12,eps_cagr_10y,INSUFFICIENT
EICHERMOT,2016-03,revenue_cagr_5y,INSUFFICIENT
EICHERMOT,2016-03,revenue_cagr_10y,INSUFFICIENT
EICHERMOT,2016-03,pat_cagr_5y,INSUFFICIENT
EICHERMOT,2016-03,pat_cagr_10y,INSUFFICIENT
EICHERMOT,2016-03,eps_cagr_5y,INSUFFICIENT
EICHERMOT,2016-03,eps_cagr_10y,INSUFFICIENT
EICHERMOT,2017-03,revenue_cagr_5y,INSUFFICIENT
EICHERMOT,2017-03,revenue_cagr_10y,INSUFFICIENT
EICHERMOT,2017-03,pat_cagr_5y,INSUFFICIENT
EICHERMOT,2017-03,pat_cagr_10y,INSUFFICIENT
EICHERMOT,2017-03,eps_cagr_5y,INSUFFICIENT
EICHERMOT,2017-03,eps_cagr_10y,INSUFFICIENT
EICHERMOT,2018-03,revenue_cagr_10y,INSUFFICIENT
EICHERMOT,2018-03,pat_cagr_10y,INSUFFICIENT
EICHERMOT,2018-03,eps_cagr_10y,INSUFFICIENT
EICHERMOT,2019-03,revenue_cagr_10y,INSUFFICIENT
EICHERMOT,2019-03,pat_cagr_10y,INSUFFICIENT
EICHERMOT,2019-03,eps_cagr_10y,INSUFFICIENT
EICHERMOT,2020-03,revenue_cagr_10y,INSUFFICIENT
EICHERMOT,2020-03,pat_cagr_10y,INSUFFICIENT
EICHERMOT,2020-03,eps_cagr_10y,INSUFFICIENT
EICHERMOT,2021-03,revenue_cagr_10y,INSUFFICIENT
EICHERMOT,2021-03,pat_cagr_10y,INSUFFICIENT
EICHERMOT,2021-03,eps_cagr_10y,INSUFFICIENT
EICHERMOT,2022-03,revenue_cagr_10y,INSUFFICIENT
EICHERMOT,2022-03,pat_cagr_10y,INSUFFICIENT
EICHERMOT,2022-03,eps_cagr_10y,INSUFFICIENT
GAIL,2013-03,revenue_cagr_3y,INSUFFICIENT
GAIL,2013-03,revenue_cagr_5y,INSUFFICIENT
GAIL,2013-03,revenue_cagr_10y,INSUFFICIENT
GAIL,2013-03,pat_cagr_3y,INSUFFICIENT
GAIL,2013-03,pat_cagr_5y,INSUFFICIENT
GAIL,2013-03,pat_cagr_10y,INSUFFICIENT
GAIL,2013-03,eps_cagr_3y,INSUFFICIENT
GAIL,2013-03,eps_cagr_5y,INSUFFICIENT
GAIL,2013-03,eps_cagr_10y,INSUFFICIENT
GAIL,2014-03,revenue_cagr_3y,INSUFFICIENT
GAIL,2014-03,revenue_cagr_5y,INSUFFICIENT
GAIL,2014-03,revenue_cagr_10y,INSUFFICIENT
GAIL,2014-03,pat_cagr_3y,INSUFFICIENT
GAIL,2014-03,pat_cagr_5y,INSUFFICIENT
GAIL,2014-03,pat_cagr_10y,INSUFFICIENT
GAIL,2014-03,eps_cagr_3y,INSUFFICIENT
GAIL,2014-03,eps_cagr_5y,INSUFFICIENT
GAIL,2014-03,eps_cagr_10y,INSUFFICIENT
GAIL,2015-03,revenue_cagr_3y,INSUFFICIENT
GAIL,2015-03,revenue_cagr_5y,INSUFFICIENT
GAIL,2015-03,revenue_cagr_10y,INSUFFICIENT
GAIL,2015-03,pat_cagr_3y,INSUFFICIENT
GAIL,2015-03,pat_cagr_5y,INSUFFICIENT
GAIL,2015-03,pat_cagr_10y,INSUFFICIENT
GAIL,2015-03,eps_cagr_3y,INSUFFICIENT
GAIL,2015-03,eps_cagr_5y,INSUFFICIENT
GAIL,2015-03,eps_cagr_10y,INSUFFICIENT
GAIL,2016-03,revenue_cagr_5y,INSUFFICIENT
GAIL,2016-03,revenue_cagr_10y,INSUFFICIENT
GAIL,2016-03,pat_cagr_5y,INSUFFICIENT
GAIL,2016-03,pat_cagr_10y,INSUFFICIENT
GAIL,2016-03,eps_cagr_5y,INSUFFICIENT
GAIL,2016-03,eps_cagr_10y,INSUFFICIENT
GAIL,2017-03,revenue_cagr_5y,INSUFFICIENT
GAIL,2017-03,revenue_cagr_10y,INSUFFICIENT
GAIL,2017-03,pat_cagr_5y,INSUFFICIENT
GAIL,2017-03,pat_cagr_10y,INSUFFICIENT
GAIL,2017-03,eps_cagr_5y,INSUFFICIENT
GAIL,2017-03,eps_cagr_10y,INSUFFICIENT
GAIL,2018-03,revenue_cagr_10y,INSUFFICIENT
GAIL,2018-03,pat_cagr_10y,INSUFFICIENT
GAIL,2018-03,eps_cagr_10y,INSUFFICIENT
GAIL,2019-03,revenue_cagr_10y,INSUFFICIENT
GAIL,2019-03,pat_cagr_10y,INSUFFICIENT
GAIL,2019-03,eps_cagr_10y,INSUFFICIENT
GAIL,2020-03,revenue_cagr_10y,INSUFFICIENT
GAIL,2020-03,pat_cagr_10y,INSUFFICIENT
GAIL,2020-03,eps_cagr_10y,INSUFFICIENT
GAIL,2021-03,revenue_cagr_10y,INSUFFICIENT
GAIL,2021-03,pat_cagr_10y,INSUFFICIENT
GAIL,2021-03,eps_cagr_10y,INSUFFICIENT
GAIL,2022-03,revenue_cagr_10y,INSUFFICIENT
GAIL,2022-03,pat_cagr_10y,INSUFFICIENT
GAIL,2022-03,eps_cagr_10y,INSUFFICIENT
GODREJCP,2013-03,revenue_cagr_3y,INSUFFICIENT
GODREJCP,2013-03,revenue_cagr_5y,INSUFFICIENT
GODREJCP,2013-03,revenue_cagr_10y,INSUFFICIENT
GODREJCP,2013-03,pat_cagr_3y,INSUFFICIENT
GODREJCP,2013-03,pat_cagr_5y,INSUFFICIENT
GODREJCP,2013-03,pat_cagr_10y,INSUFFICIENT
GODREJCP,2013-03,eps_cagr_3y,INSUFFICIENT
GODREJCP,2013-03,eps_cagr_5y,INSUFFICIENT
GODREJCP,2013-03,eps_cagr_10y,INSUFFICIENT
GODREJCP,2014-03,revenue_cagr_3y,INSUFFICIENT
GODREJCP,2014-03,revenue_cagr_5y,INSUFFICIENT
GODREJCP,2014-03,revenue_cagr_10y,INSUFFICIENT
GODREJCP,2014-03,pat_cagr_3y,INSUFFICIENT
GODREJCP,2014-03,pat_cagr_5y,INSUFFICIENT
GODREJCP,2014-03,pat_cagr_10y,INSUFFICIENT
GODREJCP,2014-03,eps_cagr_3y,INSUFFICIENT
GODREJCP,2014-03,eps_cagr_5y,INSUFFICIENT
GODREJCP,2014-03,eps_cagr_10y,INSUFFICIENT
GODREJCP,2015-03,revenue_cagr_3y,INSUFFICIENT
GODREJCP,2015-03,revenue_cagr_5y,INSUFFICIENT
GODREJCP,2015-03,revenue_cagr_10y,INSUFFICIENT
GODREJCP,2015-03,pat_cagr_3y,INSUFFICIENT
GODREJCP,2015-03,pat_cagr_5y,INSUFFICIENT
GODREJCP,2015-03,pat_cagr_10y,INSUFFICIENT
GODREJCP,2015-03,eps_cagr_3y,INSUFFICIENT
GODREJCP,2015-03,eps_cagr_5y,INSUFFICIENT
GODREJCP,2015-03,eps_cagr_10y,INSUFFICIENT
GODREJCP,2016-03,revenue_cagr_5y,INSUFFICIENT
GODREJCP,2016-03,revenue_cagr_10y,INSUFFICIENT
GODREJCP,2016-03,pat_cagr_5y,INSUFFICIENT
GODREJCP,2016-03,pat_cagr_10y,INSUFFICIENT
GODREJCP,2016-03,eps_cagr_5y,INSUFFICIENT
GODREJCP,2016-03,eps_cagr_10y,INSUFFICIENT
GODREJCP,2017-03,revenue_cagr_5y,INSUFFICIENT
GODREJCP,2017-03,revenue_cagr_10y,INSUFFICIENT
GODREJCP,2017-03,pat_cagr_5y,INSUFFICIENT
GODREJCP,2017-03,pat_cagr_10y,INSUFFICIENT
GODREJCP,2017-03,eps_cagr_5y,INSUFFICIENT
GODREJCP,2017-03,eps_cagr_10y,INSUFFICIENT
GODREJCP,2018-03,revenue_cagr_10y,INSUFFICIENT
GODREJCP,2018-03,pat_cagr_10y,INSUFFICIENT
GODREJCP,2018-03,eps_cagr_10y,INSUFFICIENT
GODREJCP,2019-03,revenue_cagr_10y,INSUFFICIENT
GODREJCP,2019-03,pat_cagr_10y,INSUFFICIENT
GODREJCP,2019-03,eps_cagr_10y,INSUFFICIENT
GODREJCP,2020-03,revenue_cagr_10y,INSUFFICIENT
GODREJCP,2020-03,pat_cagr_10y,INSUFFICIENT
GODREJCP,2020-03,eps_cagr_10y,INSUFFICIENT
GODREJCP,2021-03,revenue_cagr_10y,INSUFFICIENT
GODREJCP,2021-03,pat_cagr_10y,INSUFFICIENT
GODREJCP,2021-03,eps_cagr_10y,INSUFFICIENT
GODREJCP,2022-03,revenue_cagr_10y,INSUFFICIENT
GODREJCP,2022-03,pat_cagr_10y,INSUFFICIENT
GODREJCP,2022-03,eps_cagr_10y,INSUFFICIENT
GODREJCP,2024-03,pat_cagr_3y,DECLINE_TO_LOSS
GODREJCP,2024-03,pat_cagr_5y,DECLINE_TO_LOSS
GODREJCP,2024-03,pat_cagr_10y,DECLINE_TO_LOSS
GODREJCP,2024-03,eps_cagr_3y,DECLINE_TO_LOSS
GODREJCP,2024-03,eps_cagr_5y,DECLINE_TO_LOSS
GODREJCP,2024-03,eps_cagr_10y,DECLINE_TO_LOSS
GRASIM,2013-03,revenue_cagr_3y,INSUFFICIENT
GRASIM,2013-03,revenue_cagr_5y,INSUFFICIENT
GRASIM,2013-03,revenue_cagr_10y,INSUFFICIENT
GRASIM,2013-03,pat_cagr_3y,INSUFFICIENT
GRASIM,2013-03,pat_cagr_5y,INSUFFICIENT
GRASIM,2013-03,pat_cagr_10y,INSUFFICIENT
GRASIM,2013-03,eps_cagr_3y,INSUFFICIENT
GRASIM,2013-03,eps_cagr_5y,INSUFFICIENT
GRASIM,2013-03,eps_cagr_10y,INSUFFICIENT
GRASIM,2014-03,revenue_cagr_3y,INSUFFICIENT
GRASIM,2014-03,revenue_cagr_5y,INSUFFICIENT
GRASIM,2014-03,revenue_cagr_10y,INSUFFICIENT
GRASIM,2014-03,pat_cagr_3y,INSUFFICIENT
GRASIM,2014-03,pat_cagr_5y,INSUFFICIENT
GRASIM,2014-03,pat_cagr_10y,INSUFFICIENT
GRASIM,2014-03,eps_cagr_3y,INSUFFICIENT
GRASIM,2014-03,eps_cagr_5y,INSUFFICIENT
GRASIM,2014-03,eps_cagr_10y,INSUFFICIENT
GRASIM,2015-03,revenue_cagr_3y,INSUFFICIENT
GRASIM,2015-03,revenue_cagr_5y,INSUFFICIENT
GRASIM,2015-03,revenue_cagr_10y,INSUFFICIENT
GRASIM,2015-03,pat_cagr_3y,INSUFFICIENT
GRASIM,2015-03,pat_cagr_5y,INSUFFICIENT
GRASIM,2015-03,pat_cagr_10y,INSUFFICIENT
GRASIM,2015-03,eps_cagr_3y,INSUFFICIENT
GRASIM,2015-03,eps_cagr_5y,INSUFFICIENT
GRASIM,2015-03,eps_cagr_10y,INSUFFICIENT
GRASIM,2016-03,revenue_cagr_5y,INSUFFICIENT
GRASIM,2016-03,revenue_cagr_10y,INSUFFICIENT
GRASIM,2016-03,pat_cagr_5y,INSUFFICIENT
GRASIM,2016-03,pat_cagr_10y,INSUFFICIENT
GRASIM,2016-03,eps_cagr_5y,INSUFFICIENT
GRASIM,2016-03,eps_cagr_10y,INSUFFICIENT
GRASIM,2017-03,revenue_cagr_5y,INSUFFICIENT
GRASIM,2017-03,revenue_cagr_10y,INSUFFICIENT
GRASIM,2017-03,pat_cagr_5y,INSUFFICIENT
GRASIM,2017-03,pat_cagr_10y,INSUFFICIENT
GRASIM,2017-03,eps_cagr_5y,INSUFFICIENT
GRASIM,2017-03,eps_cagr_10y,INSUFFICIENT
GRASIM,2018-03,revenue_cagr_10y,INSUFFICIENT
GRASIM,2018-03,pat_cagr_10y,INSUFFICIENT
GRASIM,2018-03,eps_cagr_10y,INSUFFICIENT
GRASIM,2019-03,revenue_cagr_10y,INSUFFICIENT
GRASIM,2019-03,pat_cagr_10y,INSUFFICIENT
GRASIM,2019-03,eps_cagr_10y,INSUFFICIENT
GRASIM,2020-03,revenue_cagr_10y,INSUFFICIENT
GRASIM,2020-03,pat_cagr_10y,INSUFFICIENT
GRASIM,2020-03,eps_cagr_10y,INSUFFICIENT
GRASIM,2021-03,revenue_cagr_10y,INSUFFICIENT
GRASIM,2021-03,pat_cagr_10y,INSUFFICIENT
GRASIM,2021-03,eps_cagr_10y,INSUFFICIENT
GRASIM,2022-03,revenue_cagr_10y,INSUFFICIENT
GRASIM,2022-03,pat_cagr_10y,INSUFFICIENT
GRASIM,2022-03,eps_cagr_10y,INSUFFICIENT
HAL,2013-03,return_on_equity_pct,NON_POSITIVE_OR_MISSING_EQUITY
HAL,2013-03,revenue_cagr_3y,INSUFFICIENT
HAL,2013-03,revenue_cagr_5y,INSUFFICIENT
HAL,2013-03,revenue_cagr_10y,INSUFFICIENT
HAL,2013-03,pat_cagr_3y,INSUFFICIENT
HAL,2013-03,pat_cagr_5y,INSUFFICIENT
HAL,2013-03,pat_cagr_10y,INSUFFICIENT
HAL,2013-03,eps_cagr_3y,INSUFFICIENT
HAL,2013-03,eps_cagr_5y,INSUFFICIENT
HAL,2013-03,eps_cagr_10y,INSUFFICIENT
HAL,2014-03,return_on_equity_pct,NON_POSITIVE_OR_MISSING_EQUITY
HAL,2014-03,revenue_cagr_3y,INSUFFICIENT
HAL,2014-03,revenue_cagr_5y,INSUFFICIENT
HAL,2014-03,revenue_cagr_10y,INSUFFICIENT
HAL,2014-03,pat_cagr_3y,INSUFFICIENT
HAL,2014-03,pat_cagr_5y,INSUFFICIENT
HAL,2014-03,pat_cagr_10y,INSUFFICIENT
HAL,2014-03,eps_cagr_3y,INSUFFICIENT
HAL,2014-03,eps_cagr_5y,INSUFFICIENT
HAL,2014-03,eps_cagr_10y,INSUFFICIENT
HAL,2015-03,return_on_equity_pct,NON_POSITIVE_OR_MISSING_EQUITY
HAL,2015-03,revenue_cagr_3y,INSUFFICIENT
HAL,2015-03,revenue_cagr_5y,INSUFFICIENT
HAL,2015-03,revenue_cagr_10y,INSUFFICIENT
HAL,2015-03,pat_cagr_3y,INSUFFICIENT
HAL,2015-03,pat_cagr_5y,INSUFFICIENT
HAL,2015-03,pat_cagr_10y,INSUFFICIENT
HAL,2015-03,eps_cagr_3y,INSUFFICIENT
HAL,2015-03,eps_cagr_5y,INSUFFICIENT
HAL,2015-03,eps_cagr_10y,INSUFFICIENT
HAL,2016-03,revenue_cagr_5y,INSUFFICIENT
HAL,2016-03,revenue_cagr_10y,INSUFFICIENT
HAL,2016-03,pat_cagr_5y,INSUFFICIENT
HAL,2016-03,pat_cagr_10y,INSUFFICIENT
HAL,2016-03,eps_cagr_5y,INSUFFICIENT
HAL,2016-03,eps_cagr_10y,INSUFFICIENT
HAL,2017-03,revenue_cagr_5y,INSUFFICIENT
HAL,2017-03,revenue_cagr_10y,INSUFFICIENT
HAL,2017-03,pat_cagr_5y,INSUFFICIENT
HAL,2017-03,pat_cagr_10y,INSUFFICIENT
HAL,2017-03,eps_cagr_5y,INSUFFICIENT
HAL,2017-03,eps_cagr_10y,INSUFFICIENT
HAL,2018-03,revenue_cagr_10y,INSUFFICIENT
HAL,2018-03,pat_cagr_10y,INSUFFICIENT
HAL,2018-03,eps_cagr_10y,INSUFFICIENT
HAL,2019-03,revenue_cagr_10y,INSUFFICIENT
HAL,2019-03,pat_cagr_10y,INSUFFICIENT
HAL,2019-03,eps_cagr_10y,INSUFFICIENT
HAL,2020-03,revenue_cagr_10y,INSUFFICIENT
HAL,2020-03,pat_cagr_10y,INSUFFICIENT
HAL,2020-03,eps_cagr_10y,INSUFFICIENT
HAL,2021-03,revenue_cagr_10y,INSUFFICIENT
HAL,2021-03,pat_cagr_10y,INSUFFICIENT
HAL,2021-03,eps_cagr_10y,INSUFFICIENT
HAL,2022-03,revenue_cagr_10y,INSUFFICIENT
HAL,2022-03,pat_cagr_10y,INSUFFICIENT
HAL,2022-03,eps_cagr_10y,INSUFFICIENT
HAVELLS,2013-03,revenue_cagr_3y,INSUFFICIENT
HAVELLS,2013-03,revenue_cagr_5y,INSUFFICIENT
HAVELLS,2013-03,revenue_cagr_10y,INSUFFICIENT
HAVELLS,2013-03,pat_cagr_3y,INSUFFICIENT
HAVELLS,2013-03,pat_cagr_5y,INSUFFICIENT
HAVELLS,2013-03,pat_cagr_10y,INSUFFICIENT
HAVELLS,2013-03,eps_cagr_3y,INSUFFICIENT
HAVELLS,2013-03,eps_cagr_5y,INSUFFICIENT
HAVELLS,2013-03,eps_cagr_10y,INSUFFICIENT
HAVELLS,2014-03,revenue_cagr_3y,INSUFFICIENT
HAVELLS,2014-03,revenue_cagr_5y,INSUFFICIENT
HAVELLS,2014-03,revenue_cagr_10y,INSUFFICIENT
HAVELLS,2014-03,pat_cagr_3y,INSUFFICIENT
HAVELLS,2014-03,pat_cagr_5y,INSUFFICIENT
HAVELLS,2014-03,pat_cagr_10y,INSUFFICIENT
HAVELLS,2014-03,eps_cagr_3y,INSUFFICIENT
HAVELLS,2014-03,eps_cagr_5y,INSUFFICIENT
HAVELLS,2014-03,eps_cagr_10y,INSUFFICIENT
HAVELLS,2015-03,revenue_cagr_3y,INSUFFICIENT
HAVELLS,2015-03,revenue_cagr_5y,INSUFFICIENT
HAVELLS,2015-03,revenue_cagr_10y,INSUFFICIENT
HAVELLS,2015-03,pat_cagr_3y,INSUFFICIENT
HAVELLS,2015-03,pat_cagr_5y,INSUFFICIENT
HAVELLS,2015-03,pat_cagr_10y,INSUFFICIENT
HAVELLS,2015-03,eps_cagr_3y,INSUFFICIENT
HAVELLS,2015-03,eps_cagr_5y,INSUFFICIENT
HAVELLS,2015-03,eps_cagr_10y,INSUFFICIENT
HAVELLS,2016-03,revenue_cagr_5y,INSUFFICIENT
HAVELLS,2016-03,revenue_cagr_10y,INSUFFICIENT
HAVELLS,2016-03,pat_cagr_5y,INSUFFICIENT
HAVELLS,2016-03,pat_cagr_10y,INSUFFICIENT
HAVELLS,2016-03,eps_cagr_5y,INSUFFICIENT
HAVELLS,2016-03,eps_cagr_10y,INSUFFICIENT
HAVELLS,2017-03,revenue_cagr_5y,INSUFFICIENT
HAVELLS,2017-03,revenue_cagr_10y,INSUFFICIENT
HAVELLS,2017-03,pat_cagr_5y,INSUFFICIENT
HAVELLS,2017-03,pat_cagr_10y,INSUFFICIENT
HAVELLS,2017-03,eps_cagr_5y,INSUFFICIENT
HAVELLS,2017-03,eps_cagr_10y,INSUFFICIENT
HAVELLS,2018-03,revenue_cagr_10y,INSUFFICIENT
HAVELLS,2018-03,pat_cagr_10y,INSUFFICIENT
HAVELLS,2018-03,eps_cagr_10y,INSUFFICIENT
HAVELLS,2019-03,revenue_cagr_10y,INSUFFICIENT
HAVELLS,2019-03,pat_cagr_10y,INSUFFICIENT
HAVELLS,2019-03,eps_cagr_10y,INSUFFICIENT
HAVELLS,2020-03,revenue_cagr_10y,INSUFFICIENT
HAVELLS,2020-03,pat_cagr_10y,INSUFFICIENT
HAVELLS,2020-03,eps_cagr_10y,INSUFFICIENT
HAVELLS,2021-03,revenue_cagr_10y,INSUFFICIENT
HAVELLS,2021-03,pat_cagr_10y,INSUFFICIENT
HAVELLS,2021-03,eps_cagr_10y,INSUFFICIENT
HAVELLS,2022-03,revenue_cagr_10y,INSUFFICIENT
HAVELLS,2022-03,pat_cagr_10y,INSUFFICIENT
HAVELLS,2022-03,eps_cagr_10y,INSUFFICIENT
HCLTECH,2013-06,revenue_cagr_3y,INSUFFICIENT
HCLTECH,2013-06,revenue_cagr_5y,INSUFFICIENT
HCLTECH,2013-06,revenue_cagr_10y,INSUFFICIENT
HCLTECH,2013-06,pat_cagr_3y,INSUFFICIENT
HCLTECH,2013-06,pat_cagr_5y,INSUFFICIENT
HCLTECH,2013-06,pat_cagr_10y,INSUFFICIENT
HCLTECH,2013-06,eps_cagr_3y,INSUFFICIENT
HCLTECH,2013-06,eps_cagr_5y,INSUFFICIENT
HCLTECH,2013-06,eps_cagr_10y,INSUFFICIENT
HCLTECH,2014-06,revenue_cagr_3y,INSUFFICIENT
HCLTECH,2014-06,revenue_cagr_5y,INSUFFICIENT
HCLTECH,2014-06,revenue_cagr_10y,INSUFFICIENT
HCLTECH,2014-06,pat_cagr_3y,INSUFFICIENT
HCLTECH,2014-06,pat_cagr_5y,INSUFFICIENT
HCLTECH,2014-06,pat_cagr_10y,INSUFFICIENT
HCLTECH,2014-06,eps_cagr_3y,INSUFFICIENT
HCLTECH,2014-06,eps_cagr_5y,INSUFFICIENT
HCLTECH,2014-06,eps_cagr_10y,INSUFFICIENT
HCLTECH,2015-06,revenue_cagr_3y,INSUFFICIENT
HCLTECH,2015-06,revenue_cagr_5y,INSUFFICIENT
HCLTECH,2015-06,revenue_cagr_10y,INSUFFICIENT
HCLTECH,2015-06,pat_cagr_3y,INSUFFICIENT
HCLTECH,2015-06,pat_cagr_5y,INSUFFICIENT
HCLTECH,2015-06,pat_cagr_10y,INSUFFICIENT
HCLTECH,2015-06,eps_cagr_3y,INSUFFICIENT
HCLTECH,2015-06,eps_cagr_5y,INSUFFICIENT
HCLTECH,2015-06,eps_cagr_10y,INSUFFICIENT
HCLTECH,2016-03,revenue_cagr_5y,INSUFFICIENT
HCLTECH,2016-03,revenue_cagr_10y,INSUFFICIENT
HCLTECH,2016-03,pat_cagr_5y,INSUFFICIENT
HCLTECH,2016-03,pat_cagr_10y,INSUFFICIENT
HCLTECH,2016-03,eps_cagr_5y,INSUFFICIENT
HCLTECH,2016-03,eps_cagr_10y,INSUFFICIENT
HCLTECH,2017-03,revenue_cagr_5y,INSUFFICIENT
HCLTECH,2017-03,revenue_cagr_10y,INSUFFICIENT
HCLTECH,2017-03,pat_cagr_5y,INSUFFICIENT
HCLTECH,2017-03,pat_cagr_10y,INSUFFICIENT
HCLTECH,2017-03,eps_cagr_5y,INSUFFICIENT
HCLTECH,2017-03,eps_cagr_10y,INSUFFICIENT
HCLTECH,2018-03,revenue_cagr_10y,INSUFFICIENT
HCLTECH,2018-03,pat_cagr_10y,INSUFFICIENT
HCLTECH,2018-03,eps_cagr_10y,INSUFFICIENT
HCLTECH,2019-03,revenue_cagr_10y,INSUFFICIENT
HCLTECH,2019-03,pat_cagr_10y,INSUFFICIENT
HCLTECH,2019-03,eps_cagr_10y,INSUFFICIENT
HCLTECH,2020-03,revenue_cagr_10y,INSUFFICIENT
HCLTECH,2020-03,pat_cagr_10y,INSUFFICIENT
HCLTECH,2020-03,eps_cagr_10y,INSUFFICIENT
HCLTECH,2021-03,revenue_cagr_10y,INSUFFICIENT
HCLTECH,2021-03,pat_cagr_10y,INSUFFICIENT
HCLTECH,2021-03,eps_cagr_10y,INSUFFICIENT
HCLTECH,2022-03,revenue_cagr_10y,INSUFFICIENT
HCLTECH,2022-03,pat_cagr_10y,INSUFFICIENT
HCLTECH,2022-03,eps_cagr_10y,INSUFFICIENT
HDFCBANK,2013-03,revenue_cagr_3y,INSUFFICIENT
HDFCBANK,2013-03,revenue_cagr_5y,INSUFFICIENT
HDFCBANK,2013-03,revenue_cagr_10y,INSUFFICIENT
HDFCBANK,2013-03,pat_cagr_3y,INSUFFICIENT
HDFCBANK,2013-03,pat_cagr_5y,INSUFFICIENT
HDFCBANK,2013-03,pat_cagr_10y,INSUFFICIENT
HDFCBANK,2013-03,eps_cagr_3y,INSUFFICIENT
HDFCBANK,2013-03,eps_cagr_5y,INSUFFICIENT
HDFCBANK,2013-03,eps_cagr_10y,INSUFFICIENT
HDFCBANK,2014-03,revenue_cagr_3y,INSUFFICIENT
HDFCBANK,2014-03,revenue_cagr_5y,INSUFFICIENT
HDFCBANK,2014-03,revenue_cagr_10y,INSUFFICIENT
HDFCBANK,2014-03,pat_cagr_3y,INSUFFICIENT
HDFCBANK,2014-03,pat_cagr_5y,INSUFFICIENT
HDFCBANK,2014-03,pat_cagr_10y,INSUFFICIENT
HDFCBANK,2014-03,eps_cagr_3y,INSUFFICIENT
HDFCBANK,2014-03,eps_cagr_5y,INSUFFICIENT
HDFCBANK,2014-03,eps_cagr_10y,INSUFFICIENT
HDFCBANK,2015-03,revenue_cagr_3y,INSUFFICIENT
HDFCBANK,2015-03,revenue_cagr_5y,INSUFFICIENT
HDFCBANK,2015-03,revenue_cagr_10y,INSUFFICIENT
HDFCBANK,2015-03,pat_cagr_3y,INSUFFICIENT
HDFCBANK,2015-03,pat_cagr_5y,INSUFFICIENT
HDFCBANK,2015-03,pat_cagr_10y,INSUFFICIENT
HDFCBANK,2015-03,eps_cagr_3y,INSUFFICIENT
HDFCBANK,2015-03,eps_cagr_5y,INSUFFICIENT
HDFCBANK,2015-03,eps_cagr_10y,INSUFFICIENT
HDFCBANK,2016-03,revenue_cagr_5y,INSUFFICIENT
HDFCBANK,2016-03,revenue_cagr_10y,INSUFFICIENT
HDFCBANK,2016-03,pat_cagr_5y,INSUFFICIENT
HDFCBANK,2016-03,pat_cagr_10y,INSUFFICIENT
HDFCBANK,2016-03,eps_cagr_5y,INSUFFICIENT
HDFCBANK,2016-03,eps_cagr_10y,INSUFFICIENT
HDFCBANK,2017-03,revenue_cagr_5y,INSUFFICIENT
HDFCBANK,2017-03,revenue_cagr_10y,INSUFFICIENT
HDFCBANK,2017-03,pat_cagr_5y,INSUFFICIENT
HDFCBANK,2017-03,pat_cagr_10y,INSUFFICIENT
HDFCBANK,2017-03,eps_cagr_5y,INSUFFICIENT
HDFCBANK,2017-03,eps_cagr_10y,INSUFFICIENT
HDFCBANK,2018-03,revenue_cagr_10y,INSUFFICIENT
HDFCBANK,2018-03,pat_cagr_10y,INSUFFICIENT
HDFCBANK,2018-03,eps_cagr_10y,INSUFFICIENT
HDFCBANK,2019-03,revenue_cagr_10y,INSUFFICIENT
HDFCBANK,2019-03,pat_cagr_10y,INSUFFICIENT
HDFCBANK,2019-03,eps_cagr_10y,INSUFFICIENT
HDFCBANK,2020-03,revenue_cagr_10y,INSUFFICIENT
HDFCBANK,2020-03,pat_cagr_10y,INSUFFICIENT
HDFCBANK,2020-03,eps_cagr_10y,INSUFFICIENT
HDFCBANK,2021-03,revenue_cagr_10y,INSUFFICIENT
HDFCBANK,2021-03,pat_cagr_10y,INSUFFICIENT
HDFCBANK,2021-03,eps_cagr_10y,INSUFFICIENT
HDFCBANK,2022-03,revenue_cagr_10y,INSUFFICIENT
HDFCBANK,2022-03,pat_cagr_10y,INSUFFICIENT
HDFCBANK,2022-03,eps_cagr_10y,INSUFFICIENT
HDFCLIFE,2013-03,revenue_cagr_3y,INSUFFICIENT
HDFCLIFE,2013-03,revenue_cagr_5y,INSUFFICIENT
HDFCLIFE,2013-03,revenue_cagr_10y,INSUFFICIENT
HDFCLIFE,2013-03,pat_cagr_3y,INSUFFICIENT
HDFCLIFE,2013-03,pat_cagr_5y,INSUFFICIENT
HDFCLIFE,2013-03,pat_cagr_10y,INSUFFICIENT
HDFCLIFE,2013-03,eps_cagr_3y,INSUFFICIENT
HDFCLIFE,2013-03,eps_cagr_5y,INSUFFICIENT
HDFCLIFE,2013-03,eps_cagr_10y,INSUFFICIENT
HDFCLIFE,2014-03,revenue_cagr_3y,INSUFFICIENT
HDFCLIFE,2014-03,revenue_cagr_5y,INSUFFICIENT
HDFCLIFE,2014-03,revenue_cagr_10y,INSUFFICIENT
HDFCLIFE,2014-03,pat_cagr_3y,INSUFFICIENT
HDFCLIFE,2014-03,pat_cagr_5y,INSUFFICIENT
HDFCLIFE,2014-03,pat_cagr_10y,INSUFFICIENT
HDFCLIFE,2014-03,eps_cagr_3y,INSUFFICIENT
HDFCLIFE,2014-03,eps_cagr_5y,INSUFFICIENT
HDFCLIFE,2014-03,eps_cagr_10y,INSUFFICIENT
HDFCLIFE,2015-03,revenue_cagr_3y,INSUFFICIENT
HDFCLIFE,2015-03,revenue_cagr_5y,INSUFFICIENT
HDFCLIFE,2015-03,revenue_cagr_10y,INSUFFICIENT
HDFCLIFE,2015-03,pat_cagr_3y,INSUFFICIENT
HDFCLIFE,2015-03,pat_cagr_5y,INSUFFICIENT
HDFCLIFE,2015-03,pat_cagr_10y,INSUFFICIENT
HDFCLIFE,2015-03,eps_cagr_3y,INSUFFICIENT
HDFCLIFE,2015-03,eps_cagr_5y,INSUFFICIENT
HDFCLIFE,2015-03,eps_cagr_10y,INSUFFICIENT
HDFCLIFE,2016-03,revenue_cagr_5y,INSUFFICIENT
HDFCLIFE,2016-03,revenue_cagr_10y,INSUFFICIENT
HDFCLIFE,2016-03,pat_cagr_5y,INSUFFICIENT
HDFCLIFE,2016-03,pat_cagr_10y,INSUFFICIENT
HDFCLIFE,2016-03,eps_cagr_5y,INSUFFICIENT
HDFCLIFE,2016-03,eps_cagr_10y,INSUFFICIENT
HDFCLIFE,2017-03,revenue_cagr_5y,INSUFFICIENT
HDFCLIFE,2017-03,revenue_cagr_10y,INSUFFICIENT
HDFCLIFE,2017-03,pat_cagr_5y,INSUFFICIENT
HDFCLIFE,2017-03,pat_cagr_10y,INSUFFICIENT
HDFCLIFE,2017-03,eps_cagr_5y,INSUFFICIENT
HDFCLIFE,2017-03,eps_cagr_10y,INSUFFICIENT
HDFCLIFE,2018-03,revenue_cagr_10y,INSUFFICIENT
HDFCLIFE,2018-03,pat_cagr_10y,INSUFFICIENT
HDFCLIFE,2018-03,eps_cagr_10y,INSUFFICIENT
HDFCLIFE,2019-03,revenue_cagr_10y,INSUFFICIENT
HDFCLIFE,2019-03,pat_cagr_10y,INSUFFICIENT
HDFCLIFE,2019-03,eps_cagr_10y,INSUFFICIENT
HDFCLIFE,2020-03,revenue_cagr_10y,INSUFFICIENT
HDFCLIFE,2020-03,pat_cagr_10y,INSUFFICIENT
HDFCLIFE,2020-03,eps_cagr_10y,INSUFFICIENT
HDFCLIFE,2021-03,revenue_cagr_10y,INSUFFICIENT
HDFCLIFE,2021-03,pat_cagr_10y,INSUFFICIENT
HDFCLIFE,2021-03,eps_cagr_10y,INSUFFICIENT
HDFCLIFE,2022-03,revenue_cagr_10y,INSUFFICIENT
HDFCLIFE,2022-03,pat_cagr_10y,INSUFFICIENT
HDFCLIFE,2022-03,eps_cagr_10y,INSUFFICIENT
HEROMOTOCO,2014-03,revenue_cagr_3y,INSUFFICIENT
HEROMOTOCO,2014-03,revenue_cagr_5y,INSUFFICIENT
HEROMOTOCO,2014-03,revenue_cagr_10y,INSUFFICIENT
HEROMOTOCO,2014-03,pat_cagr_3y,INSUFFICIENT
HEROMOTOCO,2014-03,pat_cagr_5y,INSUFFICIENT
HEROMOTOCO,2014-03,pat_cagr_10y,INSUFFICIENT
HEROMOTOCO,2014-03,eps_cagr_3y,INSUFFICIENT
HEROMOTOCO,2014-03,eps_cagr_5y,INSUFFICIENT
HEROMOTOCO,2014-03,eps_cagr_10y,INSUFFICIENT
HEROMOTOCO,2015-03,revenue_cagr_3y,INSUFFICIENT
HEROMOTOCO,2015-03,revenue_cagr_5y,INSUFFICIENT
HEROMOTOCO,2015-03,revenue_cagr_10y,INSUFFICIENT
HEROMOTOCO,2015-03,pat_cagr_3y,INSUFFICIENT
HEROMOTOCO,2015-03,pat_cagr_5y,INSUFFICIENT
HEROMOTOCO,2015-03,pat_cagr_10y,INSUFFICIENT
HEROMOTOCO,2015-03,eps_cagr_3y,INSUFFICIENT
HEROMOTOCO,2015-03,eps_cagr_5y,INSUFFICIENT
HEROMOTOCO,2015-03,eps_cagr_10y,INSUFFICIENT
HEROMOTOCO,2016-03,revenue_cagr_3y,INSUFFICIENT
HEROMOTOCO,2016-03,revenue_cagr_5y,INSUFFICIENT
HEROMOTOCO,2016-03,revenue_cagr_10y,INSUFFICIENT
HEROMOTOCO,2016-03,pat_cagr_3y,INSUFFICIENT
HEROMOTOCO,2016-03,pat_cagr_5y,INSUFFICIENT
HEROMOTOCO,2016-03,pat_cagr_10y,INSUFFICIENT
HEROMOTOCO,2016-03,eps_cagr_3y,INSUFFICIENT
HEROMOTOCO,2016-03,eps_cagr_5y,INSUFFICIENT
HEROMOTOCO,2016-03,eps_cagr_10y,INSUFFICIENT
HEROMOTOCO,2017-03,revenue_cagr_5y,INSUFFICIENT
HEROMOTOCO,2017-03,revenue_cagr_10y,INSUFFICIENT
HEROMOTOCO,2017-03,pat_cagr_5y,INSUFFICIENT
HEROMOTOCO,2017-03,pat_cagr_10y,INSUFFICIENT
HEROMOTOCO,2017-03,eps_cagr_5y,INSUFFICIENT
HEROMOTOCO,2017-03,eps_cagr_10y,INSUFFICIENT
HEROMOTOCO,2018-03,revenue_cagr_5y,INSUFFICIENT
HEROMOTOCO,2018-03,revenue_cagr_10y,INSUFFICIENT
HEROMOTOCO,2018-03,pat_cagr_5y,INSUFFICIENT
HEROMOTOCO,2018-03,pat_cagr_10y,INSUFFICIENT
HEROMOTOCO,2018-03,eps_cagr_5y,INSUFFICIENT
HEROMOTOCO,2018-03,eps_cagr_10y,INSUFFICIENT
HEROMOTOCO,2019-03,revenue_cagr_10y,INSUFFICIENT
HEROMOTOCO,2019-03,pat_cagr_10y,INSUFFICIENT
HEROMOTOCO,2019-03,eps_cagr_10y,INSUFFICIENT
HEROMOTOCO,2020-03,revenue_cagr_10y,INSUFFICIENT
HEROMOTOCO,2020-03,pat_cagr_10y,INSUFFICIENT
HEROMOTOCO,2020-03,eps_cagr_10y,INSUFFICIENT
HEROMOTOCO,2021-03,revenue_cagr_10y,INSUFFICIENT
HEROMOTOCO,2021-03,pat_cagr_10y,INSUFFICIENT
HEROMOTOCO,2021-03,eps_cagr_10y,INSUFFICIENT
HEROMOTOCO,2022-03,revenue_cagr_10y,INSUFFICIENT
HEROMOTOCO,2022-03,pat_cagr_10y,INSUFFICIENT
HEROMOTOCO,2022-03,eps_cagr_10y,INSUFFICIENT
HEROMOTOCO,2023-03,revenue_cagr_10y,INSUFFICIENT
HEROMOTOCO,2023-03,pat_cagr_10y,INSUFFICIENT
HEROMOTOCO,2023-03,eps_cagr_10y,INSUFFICIENT
HINDALCO,2013-03,revenue_cagr_3y,INSUFFICIENT
HINDALCO,2013-03,revenue_cagr_5y,INSUFFICIENT
HINDALCO,2013-03,revenue_cagr_10y,INSUFFICIENT
HINDALCO,2013-03,pat_cagr_3y,INSUFFICIENT
HINDALCO,2013-03,pat_cagr_5y,INSUFFICIENT
HINDALCO,2013-03,pat_cagr_10y,INSUFFICIENT
HINDALCO,2013-03,eps_cagr_3y,INSUFFICIENT
HINDALCO,2013-03,eps_cagr_5y,INSUFFICIENT
HINDALCO,2013-03,eps_cagr_10y,INSUFFICIENT
HINDALCO,2014-03,revenue_cagr_3y,INSUFFICIENT
HINDALCO,2014-03,revenue_cagr_5y,INSUFFICIENT
HINDALCO,2014-03,revenue_cagr_10y,INSUFFICIENT
HINDALCO,2014-03,pat_cagr_3y,INSUFFICIENT
HINDALCO,2014-03,pat_cagr_5y,INSUFFICIENT
HINDALCO,2014-03,pat_cagr_10y,INSUFFICIENT
HINDALCO,2014-03,eps_cagr_3y,INSUFFICIENT
HINDALCO,2014-03,eps_cagr_5y,INSUFFICIENT
HINDALCO,2014-03,eps_cagr_10y,INSUFFICIENT
HINDALCO,2015-03,interest_coverage,Invalid Interest
HINDALCO,2015-03,revenue_cagr_3y,INSUFFICIENT
HINDALCO,2015-03,revenue_cagr_5y,INSUFFICIENT
HINDALCO,2015-03,revenue_cagr_10y,INSUFFICIENT
HINDALCO,2015-03,pat_cagr_3y,INSUFFICIENT
HINDALCO,2015-03,pat_cagr_5y,INSUFFICIENT
HINDALCO,2015-03,pat_cagr_10y,INSUFFICIENT
HINDALCO,2015-03,eps_cagr_3y,INSUFFICIENT
HINDALCO,2015-03,eps_cagr_5y,INSUFFICIENT
HINDALCO,2015-03,eps_cagr_10y,INSUFFICIENT
HINDALCO,2016-03,revenue_cagr_5y,INSUFFICIENT
HINDALCO,2016-03,revenue_cagr_10y,INSUFFICIENT
HINDALCO,2016-03,pat_cagr_3y,DECLINE_TO_LOSS
HINDALCO,2016-03,pat_cagr_5y,INSUFFICIENT
HINDALCO,2016-03,pat_cagr_10y,INSUFFICIENT
HINDALCO,2016-03,eps_cagr_3y,DECLINE_TO_LOSS
HINDALCO,2016-03,eps_cagr_5y,INSUFFICIENT
HINDALCO,2016-03,eps_cagr_10y,INSUFFICIENT
HINDALCO,2017-03,revenue_cagr_5y,INSUFFICIENT
HINDALCO,2017-03,revenue_cagr_10y,INSUFFICIENT
HINDALCO,2017-03,pat_cagr_5y,INSUFFICIENT
HINDALCO,2017-03,pat_cagr_10y,INSUFFICIENT
HINDALCO,2017-03,eps_cagr_5y,INSUFFICIENT
HINDALCO,2017-03,eps_cagr_10y,INSUFFICIENT
HINDALCO,2018-03,revenue_cagr_10y,INSUFFICIENT
HINDALCO,2018-03,pat_cagr_10y,INSUFFICIENT
HINDALCO,2018-03,eps_cagr_10y,INSUFFICIENT
HINDALCO,2019-03,revenue_cagr_10y,INSUFFICIENT
HINDALCO,2019-03,pat_cagr_3y,TURNAROUND
HINDALCO,2019-03,pat_cagr_10y,INSUFFICIENT
HINDALCO,2019-03,eps_cagr_3y,TURNAROUND
HINDALCO,2019-03,eps_cagr_10y,INSUFFICIENT
HINDALCO,2020-03,revenue_cagr_10y,INSUFFICIENT
HINDALCO,2020-03,pat_cagr_10y,INSUFFICIENT
HINDALCO,2020-03,eps_cagr_10y,INSUFFICIENT
HINDALCO,2021-03,interest_coverage,Invalid Interest
HINDALCO,2021-03,revenue_cagr_10y,INSUFFICIENT
HINDALCO,2021-03,pat_cagr_5y,TURNAROUND
HINDALCO,2021-03,pat_cagr_10y,INSUFFICIENT
HINDALCO,2021-03,eps_cagr_5y,TURNAROUND
HINDALCO,2021-03,eps_cagr_10y,INSUFFICIENT
HINDALCO,2022-03,revenue_cagr_10y,INSUFFICIENT
HINDALCO,2022-03,pat_cagr_10y,INSUFFICIENT
HINDALCO,2022-03,eps_cagr_10y,INSUFFICIENT
HINDUNILVR,2013-03,revenue_cagr_3y,INSUFFICIENT
HINDUNILVR,2013-03,revenue_cagr_5y,INSUFFICIENT
HINDUNILVR,2013-03,revenue_cagr_10y,INSUFFICIENT
HINDUNILVR,2013-03,pat_cagr_3y,INSUFFICIENT
HINDUNILVR,2013-03,pat_cagr_5y,INSUFFICIENT
HINDUNILVR,2013-03,pat_cagr_10y,INSUFFICIENT
HINDUNILVR,2013-03,eps_cagr_3y,INSUFFICIENT
HINDUNILVR,2013-03,eps_cagr_5y,INSUFFICIENT
HINDUNILVR,2013-03,eps_cagr_10y,INSUFFICIENT
HINDUNILVR,2014-03,revenue_cagr_3y,INSUFFICIENT
HINDUNILVR,2014-03,revenue_cagr_5y,INSUFFICIENT
HINDUNILVR,2014-03,revenue_cagr_10y,INSUFFICIENT
HINDUNILVR,2014-03,pat_cagr_3y,INSUFFICIENT
HINDUNILVR,2014-03,pat_cagr_5y,INSUFFICIENT
HINDUNILVR,2014-03,pat_cagr_10y,INSUFFICIENT
HINDUNILVR,2014-03,eps_cagr_3y,INSUFFICIENT
HINDUNILVR,2014-03,eps_cagr_5y,INSUFFICIENT
HINDUNILVR,2014-03,eps_cagr_10y,INSUFFICIENT
HINDUNILVR,2015-03,revenue_cagr_3y,INSUFFICIENT
HINDUNILVR,2015-03,revenue_cagr_5y,INSUFFICIENT
HINDUNILVR,2015-03,revenue_cagr_10y,INSUFFICIENT
HINDUNILVR,2015-03,pat_cagr_3y,INSUFFICIENT
HINDUNILVR,2015-03,pat_cagr_5y,INSUFFICIENT
HINDUNILVR,2015-03,pat_cagr_10y,INSUFFICIENT
HINDUNILVR,2015-03,eps_cagr_3y,INSUFFICIENT
HINDUNILVR,2015-03,eps_cagr_5y,INSUFFICIENT
HINDUNILVR,2015-03,eps_cagr_10y,INSUFFICIENT
HINDUNILVR,2016-03,revenue_cagr_5y,INSUFFICIENT
HINDUNILVR,2016-03,revenue_cagr_10y,INSUFFICIENT
HINDUNILVR,2016-03,pat_cagr_5y,INSUFFICIENT
HINDUNILVR,2016-03,pat_cagr_10y,INSUFFICIENT
HINDUNILVR,2016-03,eps_cagr_5y,INSUFFICIENT
HINDUNILVR,2016-03,eps_cagr_10y,INSUFFICIENT
HINDUNILVR,2017-03,revenue_cagr_5y,INSUFFICIENT
HINDUNILVR,2017-03,revenue_cagr_10y,INSUFFICIENT
HINDUNILVR,2017-03,pat_cagr_5y,INSUFFICIENT
HINDUNILVR,2017-03,pat_cagr_10y,INSUFFICIENT
HINDUNILVR,2017-03,eps_cagr_5y,INSUFFICIENT
HINDUNILVR,2017-03,eps_cagr_10y,INSUFFICIENT
HINDUNILVR,2018-03,revenue_cagr_10y,INSUFFICIENT
HINDUNILVR,2018-03,pat_cagr_10y,INSUFFICIENT
HINDUNILVR,2018-03,eps_cagr_10y,INSUFFICIENT
HINDUNILVR,2019-03,revenue_cagr_10y,INSUFFICIENT
HINDUNILVR,2019-03,pat_cagr_10y,INSUFFICIENT
HINDUNILVR,2019-03,eps_cagr_10y,INSUFFICIENT
HINDUNILVR,2020-03,revenue_cagr_10y,INSUFFICIENT
HINDUNILVR,2020-03,pat_cagr_10y,INSUFFICIENT
HINDUNILVR,2020-03,eps_cagr_10y,INSUFFICIENT
HINDUNILVR,2021-03,revenue_cagr_10y,INSUFFICIENT
HINDUNILVR,2021-03,pat_cagr_10y,INSUFFICIENT
HINDUNILVR,2021-03,eps_cagr_10y,INSUFFICIENT
HINDUNILVR,2022-03,revenue_cagr_10y,INSUFFICIENT
HINDUNILVR,2022-03,pat_cagr_10y,INSUFFICIENT
HINDUNILVR,2022-03,eps_cagr_10y,INSUFFICIENT
ICICIBANK,2013-03,revenue_cagr_3y,INSUFFICIENT
ICICIBANK,2013-03,revenue_cagr_5y,INSUFFICIENT
ICICIBANK,2013-03,revenue_cagr_10y,INSUFFICIENT
ICICIBANK,2013-03,pat_cagr_3y,INSUFFICIENT
ICICIBANK,2013-03,pat_cagr_5y,INSUFFICIENT
ICICIBANK,2013-03,pat_cagr_10y,INSUFFICIENT
ICICIBANK,2013-03,eps_cagr_3y,INSUFFICIENT
ICICIBANK,2013-03,eps_cagr_5y,INSUFFICIENT
ICICIBANK,2013-03,eps_cagr_10y,INSUFFICIENT
ICICIBANK,2014-03,revenue_cagr_3y,INSUFFICIENT
ICICIBANK,2014-03,revenue_cagr_5y,INSUFFICIENT
ICICIBANK,2014-03,revenue_cagr_10y,INSUFFICIENT
ICICIBANK,2014-03,pat_cagr_3y,INSUFFICIENT
ICICIBANK,2014-03,pat_cagr_5y,INSUFFICIENT
ICICIBANK,2014-03,pat_cagr_10y,INSUFFICIENT
ICICIBANK,2014-03,eps_cagr_3y,INSUFFICIENT
ICICIBANK,2014-03,eps_cagr_5y,INSUFFICIENT
ICICIBANK,2014-03,eps_cagr_10y,INSUFFICIENT
ICICIBANK,2015-03,revenue_cagr_3y,INSUFFICIENT
ICICIBANK,2015-03,revenue_cagr_5y,INSUFFICIENT
ICICIBANK,2015-03,revenue_cagr_10y,INSUFFICIENT
ICICIBANK,2015-03,pat_cagr_3y,INSUFFICIENT
ICICIBANK,2015-03,pat_cagr_5y,INSUFFICIENT
ICICIBANK,2015-03,pat_cagr_10y,INSUFFICIENT
ICICIBANK,2015-03,eps_cagr_3y,INSUFFICIENT
ICICIBANK,2015-03,eps_cagr_5y,INSUFFICIENT
ICICIBANK,2015-03,eps_cagr_10y,INSUFFICIENT
ICICIBANK,2016-03,revenue_cagr_5y,INSUFFICIENT
ICICIBANK,2016-03,revenue_cagr_10y,INSUFFICIENT
ICICIBANK,2016-03,pat_cagr_5y,INSUFFICIENT
ICICIBANK,2016-03,pat_cagr_10y,INSUFFICIENT
ICICIBANK,2016-03,eps_cagr_5y,INSUFFICIENT
ICICIBANK,2016-03,eps_cagr_10y,INSUFFICIENT
ICICIBANK,2017-03,revenue_cagr_5y,INSUFFICIENT
ICICIBANK,2017-03,revenue_cagr_10y,INSUFFICIENT
ICICIBANK,2017-03,pat_cagr_5y,INSUFFICIENT
ICICIBANK,2017-03,pat_cagr_10y,INSUFFICIENT
ICICIBANK,2017-03,eps_cagr_5y,INSUFFICIENT
ICICIBANK,2017-03,eps_cagr_10y,INSUFFICIENT
ICICIBANK,2018-03,revenue_cagr_10y,INSUFFICIENT
ICICIBANK,2018-03,pat_cagr_10y,INSUFFICIENT
ICICIBANK,2018-03,eps_cagr_10y,INSUFFICIENT
ICICIBANK,2019-03,revenue_cagr_10y,INSUFFICIENT
ICICIBANK,2019-03,pat_cagr_10y,INSUFFICIENT
ICICIBANK,2019-03,eps_cagr_10y,INSUFFICIENT
ICICIBANK,2020-03,revenue_cagr_10y,INSUFFICIENT
ICICIBANK,2020-03,pat_cagr_10y,INSUFFICIENT
ICICIBANK,2020-03,eps_cagr_10y,INSUFFICIENT
ICICIBANK,2021-03,revenue_cagr_10y,INSUFFICIENT
ICICIBANK,2021-03,pat_cagr_10y,INSUFFICIENT
ICICIBANK,2021-03,eps_cagr_10y,INSUFFICIENT
ICICIBANK,2022-03,revenue_cagr_10y,INSUFFICIENT
ICICIBANK,2022-03,pat_cagr_10y,INSUFFICIENT
ICICIBANK,2022-03,eps_cagr_10y,INSUFFICIENT
ICICIGI,2013-03,revenue_cagr_3y,INSUFFICIENT
ICICIGI,2013-03,revenue_cagr_5y,INSUFFICIENT
ICICIGI,2013-03,revenue_cagr_10y,INSUFFICIENT
ICICIGI,2013-03,pat_cagr_3y,INSUFFICIENT
ICICIGI,2013-03,pat_cagr_5y,INSUFFICIENT
ICICIGI,2013-03,pat_cagr_10y,INSUFFICIENT
ICICIGI,2013-03,eps_cagr_3y,INSUFFICIENT
ICICIGI,2013-03,eps_cagr_5y,INSUFFICIENT
ICICIGI,2013-03,eps_cagr_10y,INSUFFICIENT
ICICIGI,2014-03,revenue_cagr_3y,INSUFFICIENT
ICICIGI,2014-03,revenue_cagr_5y,INSUFFICIENT
ICICIGI,2014-03,revenue_cagr_10y,INSUFFICIENT
ICICIGI,2014-03,pat_cagr_3y,INSUFFICIENT
ICICIGI,2014-03,pat_cagr_5y,INSUFFICIENT
ICICIGI,2014-03,pat_cagr_10y,INSUFFICIENT
ICICIGI,2014-03,eps_cagr_3y,INSUFFICIENT
ICICIGI,2014-03,eps_cagr_5y,INSUFFICIENT
ICICIGI,2014-03,eps_cagr_10y,INSUFFICIENT
ICICIGI,2015-03,revenue_cagr_3y,INSUFFICIENT
ICICIGI,2015-03,revenue_cagr_5y,INSUFFICIENT
ICICIGI,2015-03,revenue_cagr_10y,INSUFFICIENT
ICICIGI,2015-03,pat_cagr_3y,INSUFFICIENT
ICICIGI,2015-03,pat_cagr_5y,INSUFFICIENT
ICICIGI,2015-03,pat_cagr_10y,INSUFFICIENT
ICICIGI,2015-03,eps_cagr_3y,INSUFFICIENT
ICICIGI,2015-03,eps_cagr_5y,INSUFFICIENT
ICICIGI,2015-03,eps_cagr_10y,INSUFFICIENT
ICICIGI,2016-03,interest_coverage,Debt Free
ICICIGI,2016-03,revenue_cagr_5y,INSUFFICIENT
ICICIGI,2016-03,revenue_cagr_10y,INSUFFICIENT
ICICIGI,2016-03,pat_cagr_5y,INSUFFICIENT
ICICIGI,2016-03,pat_cagr_10y,INSUFFICIENT
ICICIGI,2016-03,eps_cagr_5y,INSUFFICIENT
ICICIGI,2016-03,eps_cagr_10y,INSUFFICIENT
ICICIGI,2017-03,interest_coverage,Invalid Interest
ICICIGI,2017-03,revenue_cagr_5y,INSUFFICIENT
ICICIGI,2017-03,revenue_cagr_10y,INSUFFICIENT
ICICIGI,2017-03,pat_cagr_5y,INSUFFICIENT
ICICIGI,2017-03,pat_cagr_10y,INSUFFICIENT
ICICIGI,2017-03,eps_cagr_5y,INSUFFICIENT
ICICIGI,2017-03,eps_cagr_10y,INSUFFICIENT
ICICIGI,2018-03,revenue_cagr_10y,INSUFFICIENT
ICICIGI,2018-03,pat_cagr_10y,INSUFFICIENT
ICICIGI,2018-03,eps_cagr_10y,INSUFFICIENT
ICICIGI,2019-03,interest_coverage,Invalid Interest
ICICIGI,2019-03,revenue_cagr_10y,INSUFFICIENT
ICICIGI,2019-03,pat_cagr_10y,INSUFFICIENT
ICICIGI,2019-03,eps_cagr_10y,INSUFFICIENT
ICICIGI,2020-03,revenue_cagr_10y,INSUFFICIENT
ICICIGI,2020-03,pat_cagr_10y,INSUFFICIENT
ICICIGI,2020-03,eps_cagr_10y,INSUFFICIENT
ICICIGI,2021-03,revenue_cagr_10y,INSUFFICIENT
ICICIGI,2021-03,pat_cagr_10y,INSUFFICIENT
ICICIGI,2021-03,eps_cagr_10y,INSUFFICIENT
ICICIGI,2022-03,revenue_cagr_10y,INSUFFICIENT
ICICIGI,2022-03,pat_cagr_10y,INSUFFICIENT
ICICIGI,2022-03,eps_cagr_10y,INSUFFICIENT
ICICIPRULI,2013-03,revenue_cagr_3y,INSUFFICIENT
ICICIPRULI,2013-03,revenue_cagr_5y,INSUFFICIENT
ICICIPRULI,2013-03,revenue_cagr_10y,INSUFFICIENT
ICICIPRULI,2013-03,pat_cagr_3y,INSUFFICIENT
ICICIPRULI,2013-03,pat_cagr_5y,INSUFFICIENT
ICICIPRULI,2013-03,pat_cagr_10y,INSUFFICIENT
ICICIPRULI,2013-03,eps_cagr_3y,INSUFFICIENT
ICICIPRULI,2013-03,eps_cagr_5y,INSUFFICIENT
ICICIPRULI,2013-03,eps_cagr_10y,INSUFFICIENT
ICICIPRULI,2014-03,revenue_cagr_3y,INSUFFICIENT
ICICIPRULI,2014-03,revenue_cagr_5y,INSUFFICIENT
ICICIPRULI,2014-03,revenue_cagr_10y,INSUFFICIENT
ICICIPRULI,2014-03,pat_cagr_3y,INSUFFICIENT
ICICIPRULI,2014-03,pat_cagr_5y,INSUFFICIENT
ICICIPRULI,2014-03,pat_cagr_10y,INSUFFICIENT
ICICIPRULI,2014-03,eps_cagr_3y,INSUFFICIENT
ICICIPRULI,2014-03,eps_cagr_5y,INSUFFICIENT
ICICIPRULI,2014-03,eps_cagr_10y,INSUFFICIENT
ICICIPRULI,2015-03,revenue_cagr_3y,INSUFFICIENT
ICICIPRULI,2015-03,revenue_cagr_5y,INSUFFICIENT
ICICIPRULI,2015-03,revenue_cagr_10y,INSUFFICIENT
ICICIPRULI,2015-03,pat_cagr_3y,INSUFFICIENT
ICICIPRULI,2015-03,pat_cagr_5y,INSUFFICIENT
ICICIPRULI,2015-03,pat_cagr_10y,INSUFFICIENT
ICICIPRULI,2015-03,eps_cagr_3y,INSUFFICIENT
ICICIPRULI,2015-03,eps_cagr_5y,INSUFFICIENT
ICICIPRULI,2015-03,eps_cagr_10y,INSUFFICIENT
ICICIPRULI,2016-03,interest_coverage,Debt Free
ICICIPRULI,2016-03,revenue_cagr_5y,INSUFFICIENT
ICICIPRULI,2016-03,revenue_cagr_10y,INSUFFICIENT
ICICIPRULI,2016-03,pat_cagr_5y,INSUFFICIENT
ICICIPRULI,2016-03,pat_cagr_10y,INSUFFICIENT
ICICIPRULI,2016-03,eps_cagr_5y,INSUFFICIENT
ICICIPRULI,2016-03,eps_cagr_10y,INSUFFICIENT
ICICIPRULI,2017-03,revenue_cagr_5y,INSUFFICIENT
ICICIPRULI,2017-03,revenue_cagr_10y,INSUFFICIENT
ICICIPRULI,2017-03,pat_cagr_5y,INSUFFICIENT
ICICIPRULI,2017-03,pat_cagr_10y,INSUFFICIENT
ICICIPRULI,2017-03,eps_cagr_5y,INSUFFICIENT
ICICIPRULI,2017-03,eps_cagr_10y,INSUFFICIENT
ICICIPRULI,2018-03,revenue_cagr_10y,INSUFFICIENT
ICICIPRULI,2018-03,pat_cagr_10y,INSUFFICIENT
ICICIPRULI,2018-03,eps_cagr_10y,INSUFFICIENT
ICICIPRULI,2019-03,revenue_cagr_10y,INSUFFICIENT
ICICIPRULI,2019-03,pat_cagr_10y,INSUFFICIENT
ICICIPRULI,2019-03,eps_cagr_10y,INSUFFICIENT
ICICIPRULI,2020-03,revenue_cagr_10y,INSUFFICIENT
ICICIPRULI,2020-03,pat_cagr_10y,INSUFFICIENT
ICICIPRULI,2020-03,eps_cagr_10y,INSUFFICIENT
ICICIPRULI,2021-03,revenue_cagr_10y,INSUFFICIENT
ICICIPRULI,2021-03,pat_cagr_10y,INSUFFICIENT
ICICIPRULI,2021-03,eps_cagr_10y,INSUFFICIENT
ICICIPRULI,2022-03,revenue_cagr_10y,INSUFFICIENT
ICICIPRULI,2022-03,pat_cagr_10y,INSUFFICIENT
ICICIPRULI,2022-03,eps_cagr_10y,INSUFFICIENT
INDIGO,2013-03,revenue_cagr_3y,INSUFFICIENT
INDIGO,2013-03,revenue_cagr_5y,INSUFFICIENT
INDIGO,2013-03,revenue_cagr_10y,INSUFFICIENT
INDIGO,2013-03,pat_cagr_3y,INSUFFICIENT
INDIGO,2013-03,pat_cagr_5y,INSUFFICIENT
INDIGO,2013-03,pat_cagr_10y,INSUFFICIENT
INDIGO,2013-03,eps_cagr_3y,INSUFFICIENT
INDIGO,2013-03,eps_cagr_5y,INSUFFICIENT
INDIGO,2013-03,eps_cagr_10y,INSUFFICIENT
INDIGO,2014-03,revenue_cagr_3y,INSUFFICIENT
INDIGO,2014-03,revenue_cagr_5y,INSUFFICIENT
INDIGO,2014-03,revenue_cagr_10y,INSUFFICIENT
INDIGO,2014-03,pat_cagr_3y,INSUFFICIENT
INDIGO,2014-03,pat_cagr_5y,INSUFFICIENT
INDIGO,2014-03,pat_cagr_10y,INSUFFICIENT
INDIGO,2014-03,eps_cagr_3y,INSUFFICIENT
INDIGO,2014-03,eps_cagr_5y,INSUFFICIENT
INDIGO,2014-03,eps_cagr_10y,INSUFFICIENT
INDIGO,2015-03,revenue_cagr_3y,INSUFFICIENT
INDIGO,2015-03,revenue_cagr_5y,INSUFFICIENT
INDIGO,2015-03,revenue_cagr_10y,INSUFFICIENT
INDIGO,2015-03,pat_cagr_3y,INSUFFICIENT
INDIGO,2015-03,pat_cagr_5y,INSUFFICIENT
INDIGO,2015-03,pat_cagr_10y,INSUFFICIENT
INDIGO,2015-03,eps_cagr_3y,INSUFFICIENT
INDIGO,2015-03,eps_cagr_5y,INSUFFICIENT
INDIGO,2015-03,eps_cagr_10y,INSUFFICIENT
INDIGO,2016-03,revenue_cagr_5y,INSUFFICIENT
INDIGO,2016-03,revenue_cagr_10y,INSUFFICIENT
INDIGO,2016-03,pat_cagr_5y,INSUFFICIENT
INDIGO,2016-03,pat_cagr_10y,INSUFFICIENT
INDIGO,2016-03,eps_cagr_5y,INSUFFICIENT
INDIGO,2016-03,eps_cagr_10y,INSUFFICIENT
INDIGO,2017-03,revenue_cagr_5y,INSUFFICIENT
INDIGO,2017-03,revenue_cagr_10y,INSUFFICIENT
INDIGO,2017-03,pat_cagr_5y,INSUFFICIENT
INDIGO,2017-03,pat_cagr_10y,INSUFFICIENT
INDIGO,2017-03,eps_cagr_5y,INSUFFICIENT
INDIGO,2017-03,eps_cagr_10y,INSUFFICIENT
INDIGO,2018-03,revenue_cagr_10y,INSUFFICIENT
INDIGO,2018-03,pat_cagr_10y,INSUFFICIENT
INDIGO,2018-03,eps_cagr_10y,INSUFFICIENT
INDIGO,2019-03,revenue_cagr_10y,INSUFFICIENT
INDIGO,2019-03,pat_cagr_10y,INSUFFICIENT
INDIGO,2019-03,eps_cagr_10y,INSUFFICIENT
INDIGO,2020-03,revenue_cagr_10y,INSUFFICIENT
INDIGO,2020-03,pat_cagr_3y,DECLINE_TO_LOSS
INDIGO,2020-03,pat_cagr_5y,DECLINE_TO_LOSS
INDIGO,2020-03,pat_cagr_10y,INSUFFICIENT
INDIGO,2020-03,eps_cagr_3y,DECLINE_TO_LOSS
INDIGO,2020-03,eps_cagr_5y,DECLINE_TO_LOSS
INDIGO,2020-03,eps_cagr_10y,INSUFFICIENT
INDIGO,2021-03,revenue_cagr_10y,INSUFFICIENT
INDIGO,2021-03,pat_cagr_3y,DECLINE_TO_LOSS
INDIGO,2021-03,pat_cagr_5y,DECLINE_TO_LOSS
INDIGO,2021-03,pat_cagr_10y,INSUFFICIENT
INDIGO,2021-03,eps_cagr_3y,DECLINE_TO_LOSS
INDIGO,2021-03,eps_cagr_5y,DECLINE_TO_LOSS
INDIGO,2021-03,eps_cagr_10y,INSUFFICIENT
INDIGO,2022-03,revenue_cagr_10y,INSUFFICIENT
INDIGO,2022-03,pat_cagr_3y,DECLINE_TO_LOSS
INDIGO,2022-03,pat_cagr_5y,DECLINE_TO_LOSS
INDIGO,2022-03,pat_cagr_10y,INSUFFICIENT
INDIGO,2022-03,eps_cagr_3y,DECLINE_TO_LOSS
INDIGO,2022-03,eps_cagr_5y,DECLINE_TO_LOSS
INDIGO,2022-03,eps_cagr_10y,INSUFFICIENT
INDIGO,2023-03,pat_cagr_3y,BOTH_NEGATIVE
INDIGO,2023-03,pat_cagr_5y,DECLINE_TO_LOSS
INDIGO,2023-03,pat_cagr_10y,DECLINE_TO_LOSS
INDIGO,2023-03,eps_cagr_3y,BOTH_NEGATIVE
INDIGO,2023-03,eps_cagr_5y,DECLINE_TO_LOSS
INDIGO,2023-03,eps_cagr_10y,DECLINE_TO_LOSS
INDIGO,2024-03,pat_cagr_3y,TURNAROUND
INDIGO,2024-03,eps_cagr_3y,TURNAROUND
INDUSINDBK,2013-03,revenue_cagr_3y,INSUFFICIENT
INDUSINDBK,2013-03,revenue_cagr_5y,INSUFFICIENT
INDUSINDBK,2013-03,revenue_cagr_10y,INSUFFICIENT
INDUSINDBK,2013-03,pat_cagr_3y,INSUFFICIENT
INDUSINDBK,2013-03,pat_cagr_5y,INSUFFICIENT
INDUSINDBK,2013-03,pat_cagr_10y,INSUFFICIENT
INDUSINDBK,2013-03,eps_cagr_3y,INSUFFICIENT
INDUSINDBK,2013-03,eps_cagr_5y,INSUFFICIENT
INDUSINDBK,2013-03,eps_cagr_10y,INSUFFICIENT
INDUSINDBK,2014-03,revenue_cagr_3y,INSUFFICIENT
INDUSINDBK,2014-03,revenue_cagr_5y,INSUFFICIENT
INDUSINDBK,2014-03,revenue_cagr_10y,INSUFFICIENT
INDUSINDBK,2014-03,pat_cagr_3y,INSUFFICIENT
INDUSINDBK,2014-03,pat_cagr_5y,INSUFFICIENT
INDUSINDBK,2014-03,pat_cagr_10y,INSUFFICIENT
INDUSINDBK,2014-03,eps_cagr_3y,INSUFFICIENT
INDUSINDBK,2014-03,eps_cagr_5y,INSUFFICIENT
INDUSINDBK,2014-03,eps_cagr_10y,INSUFFICIENT
INDUSINDBK,2015-03,revenue_cagr_3y,INSUFFICIENT
INDUSINDBK,2015-03,revenue_cagr_5y,INSUFFICIENT
INDUSINDBK,2015-03,revenue_cagr_10y,INSUFFICIENT
INDUSINDBK,2015-03,pat_cagr_3y,INSUFFICIENT
INDUSINDBK,2015-03,pat_cagr_5y,INSUFFICIENT
INDUSINDBK,2015-03,pat_cagr_10y,INSUFFICIENT
INDUSINDBK,2015-03,eps_cagr_3y,INSUFFICIENT
INDUSINDBK,2015-03,eps_cagr_5y,INSUFFICIENT
INDUSINDBK,2015-03,eps_cagr_10y,INSUFFICIENT
INDUSINDBK,2016-03,revenue_cagr_5y,INSUFFICIENT
INDUSINDBK,2016-03,revenue_cagr_10y,INSUFFICIENT
INDUSINDBK,2016-03,pat_cagr_5y,INSUFFICIENT
INDUSINDBK,2016-03,pat_cagr_10y,INSUFFICIENT
INDUSINDBK,2016-03,eps_cagr_5y,INSUFFICIENT
INDUSINDBK,2016-03,eps_cagr_10y,INSUFFICIENT
INDUSINDBK,2017-03,revenue_cagr_5y,INSUFFICIENT
INDUSINDBK,2017-03,revenue_cagr_10y,INSUFFICIENT
INDUSINDBK,2017-03,pat_cagr_5y,INSUFFICIENT
INDUSINDBK,2017-03,pat_cagr_10y,INSUFFICIENT
INDUSINDBK,2017-03,eps_cagr_5y,INSUFFICIENT
INDUSINDBK,2017-03,eps_cagr_10y,INSUFFICIENT
INDUSINDBK,2018-03,revenue_cagr_10y,INSUFFICIENT
INDUSINDBK,2018-03,pat_cagr_10y,INSUFFICIENT
INDUSINDBK,2018-03,eps_cagr_10y,INSUFFICIENT
INDUSINDBK,2019-03,revenue_cagr_10y,INSUFFICIENT
INDUSINDBK,2019-03,pat_cagr_10y,INSUFFICIENT
INDUSINDBK,2019-03,eps_cagr_10y,INSUFFICIENT
INDUSINDBK,2020-03,revenue_cagr_10y,INSUFFICIENT
INDUSINDBK,2020-03,pat_cagr_10y,INSUFFICIENT
INDUSINDBK,2020-03,eps_cagr_10y,INSUFFICIENT
INDUSINDBK,2021-03,revenue_cagr_10y,INSUFFICIENT
INDUSINDBK,2021-03,pat_cagr_10y,INSUFFICIENT
INDUSINDBK,2021-03,eps_cagr_10y,INSUFFICIENT
INDUSINDBK,2022-03,revenue_cagr_10y,INSUFFICIENT
INDUSINDBK,2022-03,pat_cagr_10y,INSUFFICIENT
INDUSINDBK,2022-03,eps_cagr_10y,INSUFFICIENT
INFY,2013-03,revenue_cagr_3y,INSUFFICIENT
INFY,2013-03,revenue_cagr_5y,INSUFFICIENT
INFY,2013-03,revenue_cagr_10y,INSUFFICIENT
INFY,2013-03,pat_cagr_3y,INSUFFICIENT
INFY,2013-03,pat_cagr_5y,INSUFFICIENT
INFY,2013-03,pat_cagr_10y,INSUFFICIENT
INFY,2013-03,eps_cagr_3y,INSUFFICIENT
INFY,2013-03,eps_cagr_5y,INSUFFICIENT
INFY,2013-03,eps_cagr_10y,INSUFFICIENT
INFY,2014-03,revenue_cagr_3y,INSUFFICIENT
INFY,2014-03,revenue_cagr_5y,INSUFFICIENT
INFY,2014-03,revenue_cagr_10y,INSUFFICIENT
INFY,2014-03,pat_cagr_3y,INSUFFICIENT
INFY,2014-03,pat_cagr_5y,INSUFFICIENT
INFY,2014-03,pat_cagr_10y,INSUFFICIENT
INFY,2014-03,eps_cagr_3y,INSUFFICIENT
INFY,2014-03,eps_cagr_5y,INSUFFICIENT
INFY,2014-03,eps_cagr_10y,INSUFFICIENT
INFY,2015-03,revenue_cagr_3y,INSUFFICIENT
INFY,2015-03,revenue_cagr_5y,INSUFFICIENT
INFY,2015-03,revenue_cagr_10y,INSUFFICIENT
INFY,2015-03,pat_cagr_3y,INSUFFICIENT
INFY,2015-03,pat_cagr_5y,INSUFFICIENT
INFY,2015-03,pat_cagr_10y,INSUFFICIENT
INFY,2015-03,eps_cagr_3y,INSUFFICIENT
INFY,2015-03,eps_cagr_5y,INSUFFICIENT
INFY,2015-03,eps_cagr_10y,INSUFFICIENT
INFY,2016-03,interest_coverage,Debt Free
INFY,2016-03,revenue_cagr_5y,INSUFFICIENT
INFY,2016-03,revenue_cagr_10y,INSUFFICIENT
INFY,2016-03,pat_cagr_5y,INSUFFICIENT
INFY,2016-03,pat_cagr_10y,INSUFFICIENT
INFY,2016-03,eps_cagr_5y,INSUFFICIENT
INFY,2016-03,eps_cagr_10y,INSUFFICIENT
INFY,2017-03,interest_coverage,Debt Free
INFY,2017-03,revenue_cagr_5y,INSUFFICIENT
INFY,2017-03,revenue_cagr_10y,INSUFFICIENT
INFY,2017-03,pat_cagr_5y,INSUFFICIENT
INFY,2017-03,pat_cagr_10y,INSUFFICIENT
INFY,2017-03,eps_cagr_5y,INSUFFICIENT
INFY,2017-03,eps_cagr_10y,INSUFFICIENT
INFY,2018-03,interest_coverage,Debt Free
INFY,2018-03,revenue_cagr_10y,INSUFFICIENT
INFY,2018-03,pat_cagr_10y,INSUFFICIENT
INFY,2018-03,eps_cagr_10y,INSUFFICIENT
INFY,2019-03,interest_coverage,Debt Free
INFY,2019-03,revenue_cagr_10y,INSUFFICIENT
INFY,2019-03,pat_cagr_10y,INSUFFICIENT
INFY,2019-03,eps_cagr_10y,INSUFFICIENT
INFY,2020-03,revenue_cagr_10y,INSUFFICIENT
INFY,2020-03,pat_cagr_10y,INSUFFICIENT
INFY,2020-03,eps_cagr_10y,INSUFFICIENT
INFY,2021-03,revenue_cagr_10y,INSUFFICIENT
INFY,2021-03,pat_cagr_10y,INSUFFICIENT
INFY,2021-03,eps_cagr_10y,INSUFFICIENT
INFY,2022-03,revenue_cagr_10y,INSUFFICIENT
INFY,2022-03,pat_cagr_10y,INSUFFICIENT
INFY,2022-03,eps_cagr_10y,INSUFFICIENT
IOC,2013-03,revenue_cagr_3y,INSUFFICIENT
IOC,2013-03,revenue_cagr_5y,INSUFFICIENT
IOC,2013-03,revenue_cagr_10y,INSUFFICIENT
IOC,2013-03,pat_cagr_3y,INSUFFICIENT
IOC,2013-03,pat_cagr_5y,INSUFFICIENT
IOC,2013-03,pat_cagr_10y,INSUFFICIENT
IOC,2013-03,eps_cagr_3y,INSUFFICIENT
IOC,2013-03,eps_cagr_5y,INSUFFICIENT
IOC,2013-03,eps_cagr_10y,INSUFFICIENT
IOC,2014-03,revenue_cagr_3y,INSUFFICIENT
IOC,2014-03,revenue_cagr_5y,INSUFFICIENT
IOC,2014-03,revenue_cagr_10y,INSUFFICIENT
IOC,2014-03,pat_cagr_3y,INSUFFICIENT
IOC,2014-03,pat_cagr_5y,INSUFFICIENT
IOC,2014-03,pat_cagr_10y,INSUFFICIENT
IOC,2014-03,eps_cagr_3y,INSUFFICIENT
IOC,2014-03,eps_cagr_5y,INSUFFICIENT
IOC,2014-03,eps_cagr_10y,INSUFFICIENT
IOC,2015-03,revenue_cagr_3y,INSUFFICIENT
IOC,2015-03,revenue_cagr_5y,INSUFFICIENT
IOC,2015-03,revenue_cagr_10y,INSUFFICIENT
IOC,2015-03,pat_cagr_3y,INSUFFICIENT
IOC,2015-03,pat_cagr_5y,INSUFFICIENT
IOC,2015-03,pat_cagr_10y,INSUFFICIENT
IOC,2015-03,eps_cagr_3y,INSUFFICIENT
IOC,2015-03,eps_cagr_5y,INSUFFICIENT
IOC,2015-03,eps_cagr_10y,INSUFFICIENT
IOC,2016-03,revenue_cagr_5y,INSUFFICIENT
IOC,2016-03,revenue_cagr_10y,INSUFFICIENT
IOC,2016-03,pat_cagr_5y,INSUFFICIENT
IOC,2016-03,pat_cagr_10y,INSUFFICIENT
IOC,2016-03,eps_cagr_5y,INSUFFICIENT
IOC,2016-03,eps_cagr_10y,INSUFFICIENT
IOC,2017-03,revenue_cagr_5y,INSUFFICIENT
IOC,2017-03,revenue_cagr_10y,INSUFFICIENT
IOC,2017-03,pat_cagr_5y,INSUFFICIENT
IOC,2017-03,pat_cagr_10y,INSUFFICIENT
IOC,2017-03,eps_cagr_5y,INSUFFICIENT
IOC,2017-03,eps_cagr_10y,INSUFFICIENT
IOC,2018-03,revenue_cagr_10y,INSUFFICIENT
IOC,2018-03,pat_cagr_10y,INSUFFICIENT
IOC,2018-03,eps_cagr_10y,INSUFFICIENT
IOC,2019-03,revenue_cagr_10y,INSUFFICIENT
IOC,2019-03,pat_cagr_10y,INSUFFICIENT
IOC,2019-03,eps_cagr_10y,INSUFFICIENT
IOC,2020-03,revenue_cagr_10y,INSUFFICIENT
IOC,2020-03,pat_cagr_3y,DECLINE_TO_LOSS
IOC,2020-03,pat_cagr_5y,DECLINE_TO_LOSS
IOC,2020-03,pat_cagr_10y,INSUFFICIENT
IOC,2020-03,eps_cagr_3y,DECLINE_TO_LOSS
IOC,2020-03,eps_cagr_5y,DECLINE_TO_LOSS
IOC,2020-03,eps_cagr_10y,INSUFFICIENT
IOC,2021-03,revenue_cagr_10y,INSUFFICIENT
IOC,2021-03,pat_cagr_10y,INSUFFICIENT
IOC,2021-03,eps_cagr_10y,INSUFFICIENT
IOC,2022-03,revenue_cagr_10y,INSUFFICIENT
IOC,2022-03,pat_cagr_10y,INSUFFICIENT
IOC,2022-03,eps_cagr_10y,INSUFFICIENT
IOC,2023-03,pat_cagr_3y,TURNAROUND
IOC,2023-03,eps_cagr_3y,TURNAROUND
IRCTC,2015-03,interest_coverage,Debt Free
IRCTC,2015-03,revenue_cagr_3y,INSUFFICIENT
IRCTC,2015-03,revenue_cagr_5y,INSUFFICIENT
IRCTC,2015-03,revenue_cagr_10y,INSUFFICIENT
IRCTC,2015-03,pat_cagr_3y,INSUFFICIENT
IRCTC,2015-03,pat_cagr_5y,INSUFFICIENT
IRCTC,2015-03,pat_cagr_10y,INSUFFICIENT
IRCTC,2015-03,eps_cagr_3y,INSUFFICIENT
IRCTC,2015-03,eps_cagr_5y,INSUFFICIENT
IRCTC,2015-03,eps_cagr_10y,INSUFFICIENT
IRCTC,2016-03,interest_coverage,Debt Free
IRCTC,2016-03,revenue_cagr_3y,INSUFFICIENT
IRCTC,2016-03,revenue_cagr_5y,INSUFFICIENT
IRCTC,2016-03,revenue_cagr_10y,INSUFFICIENT
IRCTC,2016-03,pat_cagr_3y,INSUFFICIENT
IRCTC,2016-03,pat_cagr_5y,INSUFFICIENT
IRCTC,2016-03,pat_cagr_10y,INSUFFICIENT
IRCTC,2016-03,eps_cagr_3y,INSUFFICIENT
IRCTC,2016-03,eps_cagr_5y,INSUFFICIENT
IRCTC,2016-03,eps_cagr_10y,INSUFFICIENT
IRCTC,2017-03,revenue_cagr_3y,INSUFFICIENT
IRCTC,2017-03,revenue_cagr_5y,INSUFFICIENT
IRCTC,2017-03,revenue_cagr_10y,INSUFFICIENT
IRCTC,2017-03,pat_cagr_3y,INSUFFICIENT
IRCTC,2017-03,pat_cagr_5y,INSUFFICIENT
IRCTC,2017-03,pat_cagr_10y,INSUFFICIENT
IRCTC,2017-03,eps_cagr_3y,INSUFFICIENT
IRCTC,2017-03,eps_cagr_5y,INSUFFICIENT
IRCTC,2017-03,eps_cagr_10y,INSUFFICIENT
IRCTC,2018-03,revenue_cagr_5y,INSUFFICIENT
IRCTC,2018-03,revenue_cagr_10y,INSUFFICIENT
IRCTC,2018-03,pat_cagr_5y,INSUFFICIENT
IRCTC,2018-03,pat_cagr_10y,INSUFFICIENT
IRCTC,2018-03,eps_cagr_5y,INSUFFICIENT
IRCTC,2018-03,eps_cagr_10y,INSUFFICIENT
IRCTC,2019-03,revenue_cagr_5y,INSUFFICIENT
IRCTC,2019-03,revenue_cagr_10y,INSUFFICIENT
IRCTC,2019-03,pat_cagr_5y,INSUFFICIENT
IRCTC,2019-03,pat_cagr_10y,INSUFFICIENT
IRCTC,2019-03,eps_cagr_5y,INSUFFICIENT
IRCTC,2019-03,eps_cagr_10y,INSUFFICIENT
IRCTC,2020-03,revenue_cagr_10y,INSUFFICIENT
IRCTC,2020-03,pat_cagr_10y,INSUFFICIENT
IRCTC,2020-03,eps_cagr_10y,INSUFFICIENT
IRCTC,2021-03,revenue_cagr_10y,INSUFFICIENT
IRCTC,2021-03,pat_cagr_10y,INSUFFICIENT
IRCTC,2021-03,eps_cagr_10y,INSUFFICIENT
IRCTC,2022-03,revenue_cagr_10y,INSUFFICIENT
IRCTC,2022-03,pat_cagr_10y,INSUFFICIENT
IRCTC,2022-03,eps_cagr_10y,INSUFFICIENT
IRCTC,2023-03,revenue_cagr_10y,INSUFFICIENT
IRCTC,2023-03,pat_cagr_10y,INSUFFICIENT
IRCTC,2023-03,eps_cagr_10y,INSUFFICIENT
IRCTC,2024-03,revenue_cagr_10y,INSUFFICIENT
IRCTC,2024-03,pat_cagr_10y,INSUFFICIENT
IRCTC,2024-03,eps_cagr_10y,INSUFFICIENT
IRFC,2013-03,revenue_cagr_3y,INSUFFICIENT
IRFC,2013-03,revenue_cagr_5y,INSUFFICIENT
IRFC,2013-03,revenue_cagr_10y,INSUFFICIENT
IRFC,2013-03,pat_cagr_3y,INSUFFICIENT
IRFC,2013-03,pat_cagr_5y,INSUFFICIENT
IRFC,2013-03,pat_cagr_10y,INSUFFICIENT
IRFC,2013-03,eps_cagr_3y,INSUFFICIENT
IRFC,2013-03,eps_cagr_5y,INSUFFICIENT
IRFC,2013-03,eps_cagr_10y,INSUFFICIENT
IRFC,2014-03,revenue_cagr_3y,INSUFFICIENT
IRFC,2014-03,revenue_cagr_5y,INSUFFICIENT
IRFC,2014-03,revenue_cagr_10y,INSUFFICIENT
IRFC,2014-03,pat_cagr_3y,INSUFFICIENT
IRFC,2014-03,pat_cagr_5y,INSUFFICIENT
IRFC,2014-03,pat_cagr_10y,INSUFFICIENT
IRFC,2014-03,eps_cagr_3y,INSUFFICIENT
IRFC,2014-03,eps_cagr_5y,INSUFFICIENT
IRFC,2014-03,eps_cagr_10y,INSUFFICIENT
IRFC,2015-03,revenue_cagr_3y,INSUFFICIENT
IRFC,2015-03,revenue_cagr_5y,INSUFFICIENT
IRFC,2015-03,revenue_cagr_10y,INSUFFICIENT
IRFC,2015-03,pat_cagr_3y,INSUFFICIENT
IRFC,2015-03,pat_cagr_5y,INSUFFICIENT
IRFC,2015-03,pat_cagr_10y,INSUFFICIENT
IRFC,2015-03,eps_cagr_3y,INSUFFICIENT
IRFC,2015-03,eps_cagr_5y,INSUFFICIENT
IRFC,2015-03,eps_cagr_10y,INSUFFICIENT
IRFC,2016-03,revenue_cagr_5y,INSUFFICIENT
IRFC,2016-03,revenue_cagr_10y,INSUFFICIENT
IRFC,2016-03,pat_cagr_5y,INSUFFICIENT
IRFC,2016-03,pat_cagr_10y,INSUFFICIENT
IRFC,2016-03,eps_cagr_5y,INSUFFICIENT
IRFC,2016-03,eps_cagr_10y,INSUFFICIENT
IRFC,2017-03,revenue_cagr_5y,INSUFFICIENT
IRFC,2017-03,revenue_cagr_10y,INSUFFICIENT
IRFC,2017-03,pat_cagr_5y,INSUFFICIENT
IRFC,2017-03,pat_cagr_10y,INSUFFICIENT
IRFC,2017-03,eps_cagr_5y,INSUFFICIENT
IRFC,2017-03,eps_cagr_10y,INSUFFICIENT
IRFC,2018-03,revenue_cagr_10y,INSUFFICIENT
IRFC,2018-03,pat_cagr_10y,INSUFFICIENT
IRFC,2018-03,eps_cagr_10y,INSUFFICIENT
IRFC,2019-03,revenue_cagr_10y,INSUFFICIENT
IRFC,2019-03,pat_cagr_10y,INSUFFICIENT
IRFC,2019-03,eps_cagr_10y,INSUFFICIENT
IRFC,2020-03,revenue_cagr_10y,INSUFFICIENT
IRFC,2020-03,pat_cagr_10y,INSUFFICIENT
IRFC,2020-03,eps_cagr_10y,INSUFFICIENT
IRFC,2021-03,revenue_cagr_10y,INSUFFICIENT
IRFC,2021-03,pat_cagr_10y,INSUFFICIENT
IRFC,2021-03,eps_cagr_10y,INSUFFICIENT
IRFC,2022-03,revenue_cagr_10y,INSUFFICIENT
IRFC,2022-03,pat_cagr_10y,INSUFFICIENT
IRFC,2022-03,eps_cagr_10y,INSUFFICIENT
ITC,2013-03,revenue_cagr_3y,INSUFFICIENT
ITC,2013-03,revenue_cagr_5y,INSUFFICIENT
ITC,2013-03,revenue_cagr_10y,INSUFFICIENT
ITC,2013-03,pat_cagr_3y,INSUFFICIENT
ITC,2013-03,pat_cagr_5y,INSUFFICIENT
ITC,2013-03,pat_cagr_10y,INSUFFICIENT
ITC,2013-03,eps_cagr_3y,INSUFFICIENT
ITC,2013-03,eps_cagr_5y,INSUFFICIENT
ITC,2013-03,eps_cagr_10y,INSUFFICIENT
ITC,2014-03,revenue_cagr_3y,INSUFFICIENT
ITC,2014-03,revenue_cagr_5y,INSUFFICIENT
ITC,2014-03,revenue_cagr_10y,INSUFFICIENT
ITC,2014-03,pat_cagr_3y,INSUFFICIENT
ITC,2014-03,pat_cagr_5y,INSUFFICIENT
ITC,2014-03,pat_cagr_10y,INSUFFICIENT
ITC,2014-03,eps_cagr_3y,INSUFFICIENT
ITC,2014-03,eps_cagr_5y,INSUFFICIENT
ITC,2014-03,eps_cagr_10y,INSUFFICIENT
ITC,2015-03,revenue_cagr_3y,INSUFFICIENT
ITC,2015-03,revenue_cagr_5y,INSUFFICIENT
ITC,2015-03,revenue_cagr_10y,INSUFFICIENT
ITC,2015-03,pat_cagr_3y,INSUFFICIENT
ITC,2015-03,pat_cagr_5y,INSUFFICIENT
ITC,2015-03,pat_cagr_10y,INSUFFICIENT
ITC,2015-03,eps_cagr_3y,INSUFFICIENT
ITC,2015-03,eps_cagr_5y,INSUFFICIENT
ITC,2015-03,eps_cagr_10y,INSUFFICIENT
ITC,2016-03,revenue_cagr_5y,INSUFFICIENT
ITC,2016-03,revenue_cagr_10y,INSUFFICIENT
ITC,2016-03,pat_cagr_5y,INSUFFICIENT
ITC,2016-03,pat_cagr_10y,INSUFFICIENT
ITC,2016-03,eps_cagr_5y,INSUFFICIENT
ITC,2016-03,eps_cagr_10y,INSUFFICIENT
ITC,2017-03,revenue_cagr_5y,INSUFFICIENT
ITC,2017-03,revenue_cagr_10y,INSUFFICIENT
ITC,2017-03,pat_cagr_5y,INSUFFICIENT
ITC,2017-03,pat_cagr_10y,INSUFFICIENT
ITC,2017-03,eps_cagr_5y,INSUFFICIENT
ITC,2017-03,eps_cagr_10y,INSUFFICIENT
ITC,2018-03,revenue_cagr_10y,INSUFFICIENT
ITC,2018-03,pat_cagr_10y,INSUFFICIENT
ITC,2018-03,eps_cagr_10y,INSUFFICIENT
ITC,2019-03,revenue_cagr_10y,INSUFFICIENT
ITC,2019-03,pat_cagr_10y,INSUFFICIENT
ITC,2019-03,eps_cagr_10y,INSUFFICIENT
ITC,2020-03,revenue_cagr_10y,INSUFFICIENT
ITC,2020-03,pat_cagr_10y,INSUFFICIENT
ITC,2020-03,eps_cagr_10y,INSUFFICIENT
ITC,2021-03,revenue_cagr_10y,INSUFFICIENT
ITC,2021-03,pat_cagr_10y,INSUFFICIENT
ITC,2021-03,eps_cagr_10y,INSUFFICIENT
ITC,2022-03,revenue_cagr_10y,INSUFFICIENT
ITC,2022-03,pat_cagr_10y,INSUFFICIENT
ITC,2022-03,eps_cagr_10y,INSUFFICIENT
JINDALSTEL,2013-03,revenue_cagr_3y,INSUFFICIENT
JINDALSTEL,2013-03,revenue_cagr_5y,INSUFFICIENT
JINDALSTEL,2013-03,revenue_cagr_10y,INSUFFICIENT
JINDALSTEL,2013-03,pat_cagr_3y,INSUFFICIENT
JINDALSTEL,2013-03,pat_cagr_5y,INSUFFICIENT
JINDALSTEL,2013-03,pat_cagr_10y,INSUFFICIENT
JINDALSTEL,2013-03,eps_cagr_3y,INSUFFICIENT
JINDALSTEL,2013-03,eps_cagr_5y,INSUFFICIENT
JINDALSTEL,2013-03,eps_cagr_10y,INSUFFICIENT
JINDALSTEL,2014-03,revenue_cagr_3y,INSUFFICIENT
JINDALSTEL,2014-03,revenue_cagr_5y,INSUFFICIENT
JINDALSTEL,2014-03,revenue_cagr_10y,INSUFFICIENT
JINDALSTEL,2014-03,pat_cagr_3y,INSUFFICIENT
JINDALSTEL,2014-03,pat_cagr_5y,INSUFFICIENT
JINDALSTEL,2014-03,pat_cagr_10y,INSUFFICIENT
JINDALSTEL,2014-03,eps_cagr_3y,INSUFFICIENT
JINDALSTEL,2014-03,eps_cagr_5y,INSUFFICIENT
JINDALSTEL,2014-03,eps_cagr_10y,INSUFFICIENT
JINDALSTEL,2015-03,revenue_cagr_3y,INSUFFICIENT
JINDALSTEL,2015-03,revenue_cagr_5y,INSUFFICIENT
JINDALSTEL,2015-03,revenue_cagr_10y,INSUFFICIENT
JINDALSTEL,2015-03,pat_cagr_3y,INSUFFICIENT
JINDALSTEL,2015-03,pat_cagr_5y,INSUFFICIENT
JINDALSTEL,2015-03,pat_cagr_10y,INSUFFICIENT
JINDALSTEL,2015-03,eps_cagr_3y,INSUFFICIENT
JINDALSTEL,2015-03,eps_cagr_5y,INSUFFICIENT
JINDALSTEL,2015-03,eps_cagr_10y,INSUFFICIENT
JINDALSTEL,2016-03,revenue_cagr_5y,INSUFFICIENT
JINDALSTEL,2016-03,revenue_cagr_10y,INSUFFICIENT
JINDALSTEL,2016-03,pat_cagr_3y,DECLINE_TO_LOSS
JINDALSTEL,2016-03,pat_cagr_5y,INSUFFICIENT
JINDALSTEL,2016-03,pat_cagr_10y,INSUFFICIENT
JINDALSTEL,2016-03,eps_cagr_3y,DECLINE_TO_LOSS
JINDALSTEL,2016-03,eps_cagr_5y,INSUFFICIENT
JINDALSTEL,2016-03,eps_cagr_10y,INSUFFICIENT
JINDALSTEL,2017-03,revenue_cagr_5y,INSUFFICIENT
JINDALSTEL,2017-03,revenue_cagr_10y,INSUFFICIENT
JINDALSTEL,2017-03,pat_cagr_3y,DECLINE_TO_LOSS
JINDALSTEL,2017-03,pat_cagr_5y,INSUFFICIENT
JINDALSTEL,2017-03,pat_cagr_10y,INSUFFICIENT
JINDALSTEL,2017-03,eps_cagr_3y,DECLINE_TO_LOSS
JINDALSTEL,2017-03,eps_cagr_5y,INSUFFICIENT
JINDALSTEL,2017-03,eps_cagr_10y,INSUFFICIENT
JINDALSTEL,2018-03,revenue_cagr_10y,INSUFFICIENT
JINDALSTEL,2018-03,pat_cagr_3y,BOTH_NEGATIVE
JINDALSTEL,2018-03,pat_cagr_5y,DECLINE_TO_LOSS
JINDALSTEL,2018-03,pat_cagr_10y,INSUFFICIENT
JINDALSTEL,2018-03,eps_cagr_3y,BOTH_NEGATIVE
JINDALSTEL,2018-03,eps_cagr_5y,DECLINE_TO_LOSS
JINDALSTEL,2018-03,eps_cagr_10y,INSUFFICIENT
JINDALSTEL,2019-03,revenue_cagr_10y,INSUFFICIENT
JINDALSTEL,2019-03,pat_cagr_3y,BOTH_NEGATIVE
JINDALSTEL,2019-03,pat_cagr_5y,DECLINE_TO_LOSS
JINDALSTEL,2019-03,pat_cagr_10y,INSUFFICIENT
JINDALSTEL,2019-03,eps_cagr_3y,BOTH_NEGATIVE
JINDALSTEL,2019-03,eps_cagr_5y,DECLINE_TO_LOSS
JINDALSTEL,2019-03,eps_cagr_10y,INSUFFICIENT
JINDALSTEL,2020-03,revenue_cagr_10y,INSUFFICIENT
JINDALSTEL,2020-03,pat_cagr_3y,BOTH_NEGATIVE
JINDALSTEL,2020-03,pat_cagr_5y,BOTH_NEGATIVE
JINDALSTEL,2020-03,pat_cagr_10y,INSUFFICIENT
JINDALSTEL,2020-03,eps_cagr_3y,BOTH_NEGATIVE
JINDALSTEL,2020-03,eps_cagr_5y,BOTH_NEGATIVE
JINDALSTEL,2020-03,eps_cagr_10y,INSUFFICIENT
JINDALSTEL,2021-03,revenue_cagr_10y,INSUFFICIENT
JINDALSTEL,2021-03,pat_cagr_3y,TURNAROUND
JINDALSTEL,2021-03,pat_cagr_5y,TURNAROUND
JINDALSTEL,2021-03,pat_cagr_10y,INSUFFICIENT
JINDALSTEL,2021-03,eps_cagr_3y,TURNAROUND
JINDALSTEL,2021-03,eps_cagr_5y,TURNAROUND
JINDALSTEL,2021-03,eps_cagr_10y,INSUFFICIENT
JINDALSTEL,2022-03,revenue_cagr_10y,INSUFFICIENT
JINDALSTEL,2022-03,pat_cagr_3y,TURNAROUND
JINDALSTEL,2022-03,pat_cagr_5y,TURNAROUND
JINDALSTEL,2022-03,pat_cagr_10y,INSUFFICIENT
JINDALSTEL,2022-03,eps_cagr_3y,TURNAROUND
JINDALSTEL,2022-03,eps_cagr_5y,TURNAROUND
JINDALSTEL,2022-03,eps_cagr_10y,INSUFFICIENT
JINDALSTEL,2023-03,pat_cagr_3y,TURNAROUND
JINDALSTEL,2023-03,pat_cagr_5y,TURNAROUND
JINDALSTEL,2023-03,eps_cagr_3y,TURNAROUND
JINDALSTEL,2023-03,eps_cagr_5y,TURNAROUND
JINDALSTEL,2024-03,pat_cagr_5y,TURNAROUND
JINDALSTEL,2024-03,eps_cagr_5y,TURNAROUND
JIOFIN,2023-03,interest_coverage,Debt Free
JIOFIN,2023-03,revenue_cagr_3y,INSUFFICIENT
JIOFIN,2023-03,revenue_cagr_5y,INSUFFICIENT
JIOFIN,2023-03,revenue_cagr_10y,INSUFFICIENT
JIOFIN,2023-03,pat_cagr_3y,INSUFFICIENT
JIOFIN,2023-03,pat_cagr_5y,INSUFFICIENT
JIOFIN,2023-03,pat_cagr_10y,INSUFFICIENT
JIOFIN,2023-03,eps_cagr_3y,INSUFFICIENT
JIOFIN,2023-03,eps_cagr_5y,INSUFFICIENT
JIOFIN,2023-03,eps_cagr_10y,INSUFFICIENT
JIOFIN,2024-03,revenue_cagr_3y,INSUFFICIENT
JIOFIN,2024-03,revenue_cagr_5y,INSUFFICIENT
JIOFIN,2024-03,revenue_cagr_10y,INSUFFICIENT
JIOFIN,2024-03,pat_cagr_3y,INSUFFICIENT
JIOFIN,2024-03,pat_cagr_5y,INSUFFICIENT
JIOFIN,2024-03,pat_cagr_10y,INSUFFICIENT
JIOFIN,2024-03,eps_cagr_3y,INSUFFICIENT
JIOFIN,2024-03,eps_cagr_5y,INSUFFICIENT
JIOFIN,2024-03,eps_cagr_10y,INSUFFICIENT
JSWENERGY,2013-03,revenue_cagr_3y,INSUFFICIENT
JSWENERGY,2013-03,revenue_cagr_5y,INSUFFICIENT
JSWENERGY,2013-03,revenue_cagr_10y,INSUFFICIENT
JSWENERGY,2013-03,pat_cagr_3y,INSUFFICIENT
JSWENERGY,2013-03,pat_cagr_5y,INSUFFICIENT
JSWENERGY,2013-03,pat_cagr_10y,INSUFFICIENT
JSWENERGY,2013-03,eps_cagr_3y,INSUFFICIENT
JSWENERGY,2013-03,eps_cagr_5y,INSUFFICIENT
JSWENERGY,2013-03,eps_cagr_10y,INSUFFICIENT
JSWENERGY,2014-03,revenue_cagr_3y,INSUFFICIENT
JSWENERGY,2014-03,revenue_cagr_5y,INSUFFICIENT
JSWENERGY,2014-03,revenue_cagr_10y,INSUFFICIENT
JSWENERGY,2014-03,pat_cagr_3y,INSUFFICIENT
JSWENERGY,2014-03,pat_cagr_5y,INSUFFICIENT
JSWENERGY,2014-03,pat_cagr_10y,INSUFFICIENT
JSWENERGY,2014-03,eps_cagr_3y,INSUFFICIENT
JSWENERGY,2014-03,eps_cagr_5y,INSUFFICIENT
JSWENERGY,2014-03,eps_cagr_10y,INSUFFICIENT
JSWENERGY,2015-03,revenue_cagr_3y,INSUFFICIENT
JSWENERGY,2015-03,revenue_cagr_5y,INSUFFICIENT
JSWENERGY,2015-03,revenue_cagr_10y,INSUFFICIENT
JSWENERGY,2015-03,pat_cagr_3y,INSUFFICIENT
JSWENERGY,2015-03,pat_cagr_5y,INSUFFICIENT
JSWENERGY,2015-03,pat_cagr_10y,INSUFFICIENT
JSWENERGY,2015-03,eps_cagr_3y,INSUFFICIENT
JSWENERGY,2015-03,eps_cagr_5y,INSUFFICIENT
JSWENERGY,2015-03,eps_cagr_10y,INSUFFICIENT
JSWENERGY,2016-03,revenue_cagr_5y,INSUFFICIENT
JSWENERGY,2016-03,revenue_cagr_10y,INSUFFICIENT
JSWENERGY,2016-03,pat_cagr_5y,INSUFFICIENT
JSWENERGY,2016-03,pat_cagr_10y,INSUFFICIENT
JSWENERGY,2016-03,eps_cagr_5y,INSUFFICIENT
JSWENERGY,2016-03,eps_cagr_10y,INSUFFICIENT
JSWENERGY,2017-03,revenue_cagr_5y,INSUFFICIENT
JSWENERGY,2017-03,revenue_cagr_10y,INSUFFICIENT
JSWENERGY,2017-03,pat_cagr_5y,INSUFFICIENT
JSWENERGY,2017-03,pat_cagr_10y,INSUFFICIENT
JSWENERGY,2017-03,eps_cagr_5y,INSUFFICIENT
JSWENERGY,2017-03,eps_cagr_10y,INSUFFICIENT
JSWENERGY,2018-03,revenue_cagr_10y,INSUFFICIENT
JSWENERGY,2018-03,pat_cagr_10y,INSUFFICIENT
JSWENERGY,2018-03,eps_cagr_10y,INSUFFICIENT
JSWENERGY,2019-03,revenue_cagr_10y,INSUFFICIENT
JSWENERGY,2019-03,pat_cagr_10y,INSUFFICIENT
JSWENERGY,2019-03,eps_cagr_10y,INSUFFICIENT
JSWENERGY,2020-03,revenue_cagr_10y,INSUFFICIENT
JSWENERGY,2020-03,pat_cagr_10y,INSUFFICIENT
JSWENERGY,2020-03,eps_cagr_10y,INSUFFICIENT
JSWENERGY,2021-03,revenue_cagr_10y,INSUFFICIENT
JSWENERGY,2021-03,pat_cagr_10y,INSUFFICIENT
JSWENERGY,2021-03,eps_cagr_3y,ZERO_BASE
JSWENERGY,2021-03,eps_cagr_10y,INSUFFICIENT
JSWENERGY,2022-03,revenue_cagr_10y,INSUFFICIENT
JSWENERGY,2022-03,pat_cagr_10y,INSUFFICIENT
JSWENERGY,2022-03,eps_cagr_10y,INSUFFICIENT
JSWENERGY,2023-03,eps_cagr_5y,ZERO_BASE
JSWSTEEL,2013-03,revenue_cagr_3y,INSUFFICIENT
JSWSTEEL,2013-03,revenue_cagr_5y,INSUFFICIENT
JSWSTEEL,2013-03,revenue_cagr_10y,INSUFFICIENT
JSWSTEEL,2013-03,pat_cagr_3y,INSUFFICIENT
JSWSTEEL,2013-03,pat_cagr_5y,INSUFFICIENT
JSWSTEEL,2013-03,pat_cagr_10y,INSUFFICIENT
JSWSTEEL,2013-03,eps_cagr_3y,INSUFFICIENT
JSWSTEEL,2013-03,eps_cagr_5y,INSUFFICIENT
JSWSTEEL,2013-03,eps_cagr_10y,INSUFFICIENT
JSWSTEEL,2014-03,revenue_cagr_3y,INSUFFICIENT
JSWSTEEL,2014-03,revenue_cagr_5y,INSUFFICIENT
JSWSTEEL,2014-03,revenue_cagr_10y,INSUFFICIENT
JSWSTEEL,2014-03,pat_cagr_3y,INSUFFICIENT
JSWSTEEL,2014-03,pat_cagr_5y,INSUFFICIENT
JSWSTEEL,2014-03,pat_cagr_10y,INSUFFICIENT
JSWSTEEL,2014-03,eps_cagr_3y,INSUFFICIENT
JSWSTEEL,2014-03,eps_cagr_5y,INSUFFICIENT
JSWSTEEL,2014-03,eps_cagr_10y,INSUFFICIENT
JSWSTEEL,2015-03,revenue_cagr_3y,INSUFFICIENT
JSWSTEEL,2015-03,revenue_cagr_5y,INSUFFICIENT
JSWSTEEL,2015-03,revenue_cagr_10y,INSUFFICIENT
JSWSTEEL,2015-03,pat_cagr_3y,INSUFFICIENT
JSWSTEEL,2015-03,pat_cagr_5y,INSUFFICIENT
JSWSTEEL,2015-03,pat_cagr_10y,INSUFFICIENT
JSWSTEEL,2015-03,eps_cagr_3y,INSUFFICIENT
JSWSTEEL,2015-03,eps_cagr_5y,INSUFFICIENT
JSWSTEEL,2015-03,eps_cagr_10y,INSUFFICIENT
JSWSTEEL,2016-03,revenue_cagr_5y,INSUFFICIENT
JSWSTEEL,2016-03,revenue_cagr_10y,INSUFFICIENT
JSWSTEEL,2016-03,pat_cagr_3y,DECLINE_TO_LOSS
JSWSTEEL,2016-03,pat_cagr_5y,INSUFFICIENT
JSWSTEEL,2016-03,pat_cagr_10y,INSUFFICIENT
JSWSTEEL,2016-03,eps_cagr_3y,DECLINE_TO_LOSS
JSWSTEEL,2016-03,eps_cagr_5y,INSUFFICIENT
JSWSTEEL,2016-03,eps_cagr_10y,INSUFFICIENT
JSWSTEEL,2017-03,revenue_cagr_5y,INSUFFICIENT
JSWSTEEL,2017-03,revenue_cagr_10y,INSUFFICIENT
JSWSTEEL,2017-03,pat_cagr_5y,INSUFFICIENT
JSWSTEEL,2017-03,pat_cagr_10y,INSUFFICIENT
JSWSTEEL,2017-03,eps_cagr_5y,INSUFFICIENT
JSWSTEEL,2017-03,eps_cagr_10y,INSUFFICIENT
JSWSTEEL,2018-03,revenue_cagr_10y,INSUFFICIENT
JSWSTEEL,2018-03,pat_cagr_10y,INSUFFICIENT
JSWSTEEL,2018-03,eps_cagr_10y,INSUFFICIENT
JSWSTEEL,2019-03,revenue_cagr_10y,INSUFFICIENT
JSWSTEEL,2019-03,pat_cagr_3y,TURNAROUND
JSWSTEEL,2019-03,pat_cagr_10y,INSUFFICIENT
JSWSTEEL,2019-03,eps_cagr_3y,TURNAROUND
JSWSTEEL,2019-03,eps_cagr_10y,INSUFFICIENT
JSWSTEEL,2020-03,revenue_cagr_10y,INSUFFICIENT
JSWSTEEL,2020-03,pat_cagr_10y,INSUFFICIENT
JSWSTEEL,2020-03,eps_cagr_10y,INSUFFICIENT
JSWSTEEL,2021-03,revenue_cagr_10y,INSUFFICIENT
JSWSTEEL,2021-03,pat_cagr_5y,TURNAROUND
JSWSTEEL,2021-03,pat_cagr_10y,INSUFFICIENT
JSWSTEEL,2021-03,eps_cagr_5y,TURNAROUND
JSWSTEEL,2021-03,eps_cagr_10y,INSUFFICIENT
JSWSTEEL,2022-03,revenue_cagr_10y,INSUFFICIENT
JSWSTEEL,2022-03,pat_cagr_10y,INSUFFICIENT
JSWSTEEL,2022-03,eps_cagr_10y,INSUFFICIENT
KOTAKBANK,2013-03,revenue_cagr_3y,INSUFFICIENT
KOTAKBANK,2013-03,revenue_cagr_5y,INSUFFICIENT
KOTAKBANK,2013-03,revenue_cagr_10y,INSUFFICIENT
KOTAKBANK,2013-03,pat_cagr_3y,INSUFFICIENT
KOTAKBANK,2013-03,pat_cagr_5y,INSUFFICIENT
KOTAKBANK,2013-03,pat_cagr_10y,INSUFFICIENT
KOTAKBANK,2013-03,eps_cagr_3y,INSUFFICIENT
KOTAKBANK,2013-03,eps_cagr_5y,INSUFFICIENT
KOTAKBANK,2013-03,eps_cagr_10y,INSUFFICIENT
KOTAKBANK,2014-03,revenue_cagr_3y,INSUFFICIENT
KOTAKBANK,2014-03,revenue_cagr_5y,INSUFFICIENT
KOTAKBANK,2014-03,revenue_cagr_10y,INSUFFICIENT
KOTAKBANK,2014-03,pat_cagr_3y,INSUFFICIENT
KOTAKBANK,2014-03,pat_cagr_5y,INSUFFICIENT
KOTAKBANK,2014-03,pat_cagr_10y,INSUFFICIENT
KOTAKBANK,2014-03,eps_cagr_3y,INSUFFICIENT
KOTAKBANK,2014-03,eps_cagr_5y,INSUFFICIENT
KOTAKBANK,2014-03,eps_cagr_10y,INSUFFICIENT
KOTAKBANK,2015-03,revenue_cagr_3y,INSUFFICIENT
KOTAKBANK,2015-03,revenue_cagr_5y,INSUFFICIENT
KOTAKBANK,2015-03,revenue_cagr_10y,INSUFFICIENT
KOTAKBANK,2015-03,pat_cagr_3y,INSUFFICIENT
KOTAKBANK,2015-03,pat_cagr_5y,INSUFFICIENT
KOTAKBANK,2015-03,pat_cagr_10y,INSUFFICIENT
KOTAKBANK,2015-03,eps_cagr_3y,INSUFFICIENT
KOTAKBANK,2015-03,eps_cagr_5y,INSUFFICIENT
KOTAKBANK,2015-03,eps_cagr_10y,INSUFFICIENT
KOTAKBANK,2016-03,revenue_cagr_5y,INSUFFICIENT
KOTAKBANK,2016-03,revenue_cagr_10y,INSUFFICIENT
KOTAKBANK,2016-03,pat_cagr_5y,INSUFFICIENT
KOTAKBANK,2016-03,pat_cagr_10y,INSUFFICIENT
KOTAKBANK,2016-03,eps_cagr_5y,INSUFFICIENT
KOTAKBANK,2016-03,eps_cagr_10y,INSUFFICIENT
KOTAKBANK,2017-03,revenue_cagr_5y,INSUFFICIENT
KOTAKBANK,2017-03,revenue_cagr_10y,INSUFFICIENT
KOTAKBANK,2017-03,pat_cagr_5y,INSUFFICIENT
KOTAKBANK,2017-03,pat_cagr_10y,INSUFFICIENT
KOTAKBANK,2017-03,eps_cagr_5y,INSUFFICIENT
KOTAKBANK,2017-03,eps_cagr_10y,INSUFFICIENT
KOTAKBANK,2018-03,revenue_cagr_10y,INSUFFICIENT
KOTAKBANK,2018-03,pat_cagr_10y,INSUFFICIENT
KOTAKBANK,2018-03,eps_cagr_10y,INSUFFICIENT
KOTAKBANK,2019-03,revenue_cagr_10y,INSUFFICIENT
KOTAKBANK,2019-03,pat_cagr_10y,INSUFFICIENT
KOTAKBANK,2019-03,eps_cagr_10y,INSUFFICIENT
KOTAKBANK,2020-03,revenue_cagr_10y,INSUFFICIENT
KOTAKBANK,2020-03,pat_cagr_10y,INSUFFICIENT
KOTAKBANK,2020-03,eps_cagr_10y,INSUFFICIENT
KOTAKBANK,2021-03,revenue_cagr_10y,INSUFFICIENT
KOTAKBANK,2021-03,pat_cagr_10y,INSUFFICIENT
KOTAKBANK,2021-03,eps_cagr_10y,INSUFFICIENT
KOTAKBANK,2022-03,revenue_cagr_10y,INSUFFICIENT
KOTAKBANK,2022-03,pat_cagr_10y,INSUFFICIENT
KOTAKBANK,2022-03,eps_cagr_10y,INSUFFICIENT
LICI,2019-03,interest_coverage,Debt Free
LICI,2019-03,revenue_cagr_3y,INSUFFICIENT
LICI,2019-03,revenue_cagr_5y,INSUFFICIENT
LICI,2019-03,revenue_cagr_10y,INSUFFICIENT
LICI,2019-03,pat_cagr_3y,INSUFFICIENT
LICI,2019-03,pat_cagr_5y,INSUFFICIENT
LICI,2019-03,pat_cagr_10y,INSUFFICIENT
LICI,2019-03,eps_cagr_3y,INSUFFICIENT
LICI,2019-03,eps_cagr_5y,INSUFFICIENT
LICI,2019-03,eps_cagr_10y,INSUFFICIENT
LICI,2020-03,interest_coverage,Debt Free
LICI,2020-03,revenue_cagr_3y,INSUFFICIENT
LICI,2020-03,revenue_cagr_5y,INSUFFICIENT
LICI,2020-03,revenue_cagr_10y,INSUFFICIENT
LICI,2020-03,pat_cagr_3y,INSUFFICIENT
LICI,2020-03,pat_cagr_5y,INSUFFICIENT
LICI,2020-03,pat_cagr_10y,INSUFFICIENT
LICI,2020-03,eps_cagr_3y,INSUFFICIENT
LICI,2020-03,eps_cagr_5y,INSUFFICIENT
LICI,2020-03,eps_cagr_10y,INSUFFICIENT
LICI,2021-03,interest_coverage,Debt Free
LICI,2021-03,revenue_cagr_3y,INSUFFICIENT
LICI,2021-03,revenue_cagr_5y,INSUFFICIENT
LICI,2021-03,revenue_cagr_10y,INSUFFICIENT
LICI,2021-03,pat_cagr_3y,INSUFFICIENT
LICI,2021-03,pat_cagr_5y,INSUFFICIENT
LICI,2021-03,pat_cagr_10y,INSUFFICIENT
LICI,2021-03,eps_cagr_3y,INSUFFICIENT
LICI,2021-03,eps_cagr_5y,INSUFFICIENT
LICI,2021-03,eps_cagr_10y,INSUFFICIENT
LICI,2022-03,interest_coverage,Debt Free
LICI,2022-03,revenue_cagr_5y,INSUFFICIENT
LICI,2022-03,revenue_cagr_10y,INSUFFICIENT
LICI,2022-03,pat_cagr_5y,INSUFFICIENT
LICI,2022-03,pat_cagr_10y,INSUFFICIENT
LICI,2022-03,eps_cagr_3y,INSUFFICIENT
LICI,2022-03,eps_cagr_5y,INSUFFICIENT
LICI,2022-03,eps_cagr_10y,INSUFFICIENT
LICI,2023-03,revenue_cagr_5y,INSUFFICIENT
LICI,2023-03,revenue_cagr_10y,INSUFFICIENT
LICI,2023-03,pat_cagr_5y,INSUFFICIENT
LICI,2023-03,pat_cagr_10y,INSUFFICIENT
LICI,2023-03,eps_cagr_3y,INSUFFICIENT
LICI,2023-03,eps_cagr_5y,INSUFFICIENT
LICI,2023-03,eps_cagr_10y,INSUFFICIENT
LICI,2024-03,revenue_cagr_10y,INSUFFICIENT
LICI,2024-03,pat_cagr_10y,INSUFFICIENT
LICI,2024-03,eps_cagr_5y,INSUFFICIENT
LICI,2024-03,eps_cagr_10y,INSUFFICIENT
LODHA,2011-03,revenue_cagr_3y,INSUFFICIENT
LODHA,2011-03,revenue_cagr_5y,INSUFFICIENT
LODHA,2011-03,revenue_cagr_10y,INSUFFICIENT
LODHA,2011-03,pat_cagr_3y,INSUFFICIENT
LODHA,2011-03,pat_cagr_5y,INSUFFICIENT
LODHA,2011-03,pat_cagr_10y,INSUFFICIENT
LODHA,2011-03,eps_cagr_3y,INSUFFICIENT
LODHA,2011-03,eps_cagr_5y,INSUFFICIENT
LODHA,2011-03,eps_cagr_10y,INSUFFICIENT
LODHA,2012-03,revenue_cagr_3y,INSUFFICIENT
LODHA,2012-03,revenue_cagr_5y,INSUFFICIENT
LODHA,2012-03,revenue_cagr_10y,INSUFFICIENT
LODHA,2012-03,pat_cagr_3y,INSUFFICIENT
LODHA,2012-03,pat_cagr_5y,INSUFFICIENT
LODHA,2012-03,pat_cagr_10y,INSUFFICIENT
LODHA,2012-03,eps_cagr_3y,INSUFFICIENT
LODHA,2012-03,eps_cagr_5y,INSUFFICIENT
LODHA,2012-03,eps_cagr_10y,INSUFFICIENT
LODHA,2015-03,revenue_cagr_3y,INSUFFICIENT
LODHA,2015-03,revenue_cagr_5y,INSUFFICIENT
LODHA,2015-03,revenue_cagr_10y,INSUFFICIENT
LODHA,2015-03,pat_cagr_3y,INSUFFICIENT
LODHA,2015-03,pat_cagr_5y,INSUFFICIENT
LODHA,2015-03,pat_cagr_10y,INSUFFICIENT
LODHA,2015-03,eps_cagr_3y,INSUFFICIENT
LODHA,2015-03,eps_cagr_5y,INSUFFICIENT
LODHA,2015-03,eps_cagr_10y,INSUFFICIENT
LODHA,2016-03,revenue_cagr_5y,INSUFFICIENT
LODHA,2016-03,revenue_cagr_10y,INSUFFICIENT
LODHA,2016-03,pat_cagr_5y,INSUFFICIENT
LODHA,2016-03,pat_cagr_10y,INSUFFICIENT
LODHA,2016-03,eps_cagr_5y,INSUFFICIENT
LODHA,2016-03,eps_cagr_10y,INSUFFICIENT
LODHA,2017-03,revenue_cagr_5y,INSUFFICIENT
LODHA,2017-03,revenue_cagr_10y,INSUFFICIENT
LODHA,2017-03,pat_cagr_5y,INSUFFICIENT
LODHA,2017-03,pat_cagr_10y,INSUFFICIENT
LODHA,2017-03,eps_cagr_5y,INSUFFICIENT
LODHA,2017-03,eps_cagr_10y,INSUFFICIENT
LODHA,2018-03,revenue_cagr_10y,INSUFFICIENT
LODHA,2018-03,pat_cagr_10y,INSUFFICIENT
LODHA,2018-03,eps_cagr_10y,INSUFFICIENT
LODHA,2019-03,revenue_cagr_10y,INSUFFICIENT
LODHA,2019-03,pat_cagr_10y,INSUFFICIENT
LODHA,2019-03,eps_cagr_10y,INSUFFICIENT
LODHA,2020-03,revenue_cagr_10y,INSUFFICIENT
LODHA,2020-03,pat_cagr_10y,INSUFFICIENT
LODHA,2020-03,eps_cagr_10y,INSUFFICIENT
LODHA,2021-03,revenue_cagr_10y,INSUFFICIENT
LODHA,2021-03,pat_cagr_10y,INSUFFICIENT
LODHA,2021-03,eps_cagr_10y,INSUFFICIENT
LODHA,2022-03,revenue_cagr_10y,INSUFFICIENT
LODHA,2022-03,pat_cagr_10y,INSUFFICIENT
LODHA,2022-03,eps_cagr_10y,INSUFFICIENT
LT,2013-03,revenue_cagr_3y,INSUFFICIENT
LT,2013-03,revenue_cagr_5y,INSUFFICIENT
LT,2013-03,revenue_cagr_10y,INSUFFICIENT
LT,2013-03,pat_cagr_3y,INSUFFICIENT
LT,2013-03,pat_cagr_5y,INSUFFICIENT
LT,2013-03,pat_cagr_10y,INSUFFICIENT
LT,2013-03,eps_cagr_3y,INSUFFICIENT
LT,2013-03,eps_cagr_5y,INSUFFICIENT
LT,2013-03,eps_cagr_10y,INSUFFICIENT
LT,2014-03,revenue_cagr_3y,INSUFFICIENT
LT,2014-03,revenue_cagr_5y,INSUFFICIENT
LT,2014-03,revenue_cagr_10y,INSUFFICIENT
LT,2014-03,pat_cagr_3y,INSUFFICIENT
LT,2014-03,pat_cagr_5y,INSUFFICIENT
LT,2014-03,pat_cagr_10y,INSUFFICIENT
LT,2014-03,eps_cagr_3y,INSUFFICIENT
LT,2014-03,eps_cagr_5y,INSUFFICIENT
LT,2014-03,eps_cagr_10y,INSUFFICIENT
LT,2015-03,revenue_cagr_3y,INSUFFICIENT
LT,2015-03,revenue_cagr_5y,INSUFFICIENT
LT,2015-03,revenue_cagr_10y,INSUFFICIENT
LT,2015-03,pat_cagr_3y,INSUFFICIENT
LT,2015-03,pat_cagr_5y,INSUFFICIENT
LT,2015-03,pat_cagr_10y,INSUFFICIENT
LT,2015-03,eps_cagr_3y,INSUFFICIENT
LT,2015-03,eps_cagr_5y,INSUFFICIENT
LT,2015-03,eps_cagr_10y,INSUFFICIENT
LT,2016-03,revenue_cagr_5y,INSUFFICIENT
LT,2016-03,revenue_cagr_10y,INSUFFICIENT
LT,2016-03,pat_cagr_5y,INSUFFICIENT
LT,2016-03,pat_cagr_10y,INSUFFICIENT
LT,2016-03,eps_cagr_5y,INSUFFICIENT
LT,2016-03,eps_cagr_10y,INSUFFICIENT
LT,2017-03,revenue_cagr_5y,INSUFFICIENT
LT,2017-03,revenue_cagr_10y,INSUFFICIENT
LT,2017-03,pat_cagr_5y,INSUFFICIENT
LT,2017-03,pat_cagr_10y,INSUFFICIENT
LT,2017-03,eps_cagr_5y,INSUFFICIENT
LT,2017-03,eps_cagr_10y,INSUFFICIENT
LT,2018-03,revenue_cagr_10y,INSUFFICIENT
LT,2018-03,pat_cagr_10y,INSUFFICIENT
LT,2018-03,eps_cagr_10y,INSUFFICIENT
LT,2019-03,revenue_cagr_10y,INSUFFICIENT
LT,2019-03,pat_cagr_10y,INSUFFICIENT
LT,2019-03,eps_cagr_10y,INSUFFICIENT
LT,2020-03,revenue_cagr_10y,INSUFFICIENT
LT,2020-03,pat_cagr_10y,INSUFFICIENT
LT,2020-03,eps_cagr_10y,INSUFFICIENT
LT,2021-03,revenue_cagr_10y,INSUFFICIENT
LT,2021-03,pat_cagr_10y,INSUFFICIENT
LT,2021-03,eps_cagr_10y,INSUFFICIENT
LT,2022-03,revenue_cagr_10y,INSUFFICIENT
LT,2022-03,pat_cagr_10y,INSUFFICIENT
LT,2022-03,eps_cagr_10y,INSUFFICIENT
LTIM,2013-03,revenue_cagr_3y,INSUFFICIENT
LTIM,2013-03,revenue_cagr_5y,INSUFFICIENT
LTIM,2013-03,revenue_cagr_10y,INSUFFICIENT
LTIM,2013-03,pat_cagr_3y,INSUFFICIENT
LTIM,2013-03,pat_cagr_5y,INSUFFICIENT
LTIM,2013-03,pat_cagr_10y,INSUFFICIENT
LTIM,2013-03,eps_cagr_3y,INSUFFICIENT
LTIM,2013-03,eps_cagr_5y,INSUFFICIENT
LTIM,2013-03,eps_cagr_10y,INSUFFICIENT
LTIM,2014-03,revenue_cagr_3y,INSUFFICIENT
LTIM,2014-03,revenue_cagr_5y,INSUFFICIENT
LTIM,2014-03,revenue_cagr_10y,INSUFFICIENT
LTIM,2014-03,pat_cagr_3y,INSUFFICIENT
LTIM,2014-03,pat_cagr_5y,INSUFFICIENT
LTIM,2014-03,pat_cagr_10y,INSUFFICIENT
LTIM,2014-03,eps_cagr_3y,INSUFFICIENT
LTIM,2014-03,eps_cagr_5y,INSUFFICIENT
LTIM,2014-03,eps_cagr_10y,INSUFFICIENT
LTIM,2015-03,revenue_cagr_3y,INSUFFICIENT
LTIM,2015-03,revenue_cagr_5y,INSUFFICIENT
LTIM,2015-03,revenue_cagr_10y,INSUFFICIENT
LTIM,2015-03,pat_cagr_3y,INSUFFICIENT
LTIM,2015-03,pat_cagr_5y,INSUFFICIENT
LTIM,2015-03,pat_cagr_10y,INSUFFICIENT
LTIM,2015-03,eps_cagr_3y,INSUFFICIENT
LTIM,2015-03,eps_cagr_5y,INSUFFICIENT
LTIM,2015-03,eps_cagr_10y,INSUFFICIENT
LTIM,2016-03,revenue_cagr_5y,INSUFFICIENT
LTIM,2016-03,revenue_cagr_10y,INSUFFICIENT
LTIM,2016-03,pat_cagr_5y,INSUFFICIENT
LTIM,2016-03,pat_cagr_10y,INSUFFICIENT
LTIM,2016-03,eps_cagr_5y,INSUFFICIENT
LTIM,2016-03,eps_cagr_10y,INSUFFICIENT
LTIM,2017-03,revenue_cagr_5y,INSUFFICIENT
LTIM,2017-03,revenue_cagr_10y,INSUFFICIENT
LTIM,2017-03,pat_cagr_5y,INSUFFICIENT
LTIM,2017-03,pat_cagr_10y,INSUFFICIENT
LTIM,2017-03,eps_cagr_5y,INSUFFICIENT
LTIM,2017-03,eps_cagr_10y,INSUFFICIENT
LTIM,2018-03,revenue_cagr_10y,INSUFFICIENT
LTIM,2018-03,pat_cagr_10y,INSUFFICIENT
LTIM,2018-03,eps_cagr_10y,INSUFFICIENT
LTIM,2019-03,revenue_cagr_10y,INSUFFICIENT
LTIM,2019-03,pat_cagr_10y,INSUFFICIENT
LTIM,2019-03,eps_cagr_10y,INSUFFICIENT
LTIM,2020-03,revenue_cagr_10y,INSUFFICIENT
LTIM,2020-03,pat_cagr_10y,INSUFFICIENT
LTIM,2020-03,eps_cagr_10y,INSUFFICIENT
LTIM,2021-03,revenue_cagr_10y,INSUFFICIENT
LTIM,2021-03,pat_cagr_10y,INSUFFICIENT
LTIM,2021-03,eps_cagr_10y,INSUFFICIENT
LTIM,2022-03,revenue_cagr_10y,INSUFFICIENT
LTIM,2022-03,pat_cagr_10y,INSUFFICIENT
LTIM,2022-03,eps_cagr_10y,INSUFFICIENT
M&M,2013-03,revenue_cagr_3y,INSUFFICIENT
M&M,2013-03,revenue_cagr_5y,INSUFFICIENT
M&M,2013-03,revenue_cagr_10y,INSUFFICIENT
M&M,2013-03,pat_cagr_3y,INSUFFICIENT
M&M,2013-03,pat_cagr_5y,INSUFFICIENT
M&M,2013-03,pat_cagr_10y,INSUFFICIENT
M&M,2013-03,eps_cagr_3y,INSUFFICIENT
M&M,2013-03,eps_cagr_5y,INSUFFICIENT
M&M,2013-03,eps_cagr_10y,INSUFFICIENT
M&M,2014-03,revenue_cagr_3y,INSUFFICIENT
M&M,2014-03,revenue_cagr_5y,INSUFFICIENT
M&M,2014-03,revenue_cagr_10y,INSUFFICIENT
M&M,2014-03,pat_cagr_3y,INSUFFICIENT
M&M,2014-03,pat_cagr_5y,INSUFFICIENT
M&M,2014-03,pat_cagr_10y,INSUFFICIENT
M&M,2014-03,eps_cagr_3y,INSUFFICIENT
M&M,2014-03,eps_cagr_5y,INSUFFICIENT
M&M,2014-03,eps_cagr_10y,INSUFFICIENT
M&M,2015-03,revenue_cagr_3y,INSUFFICIENT
M&M,2015-03,revenue_cagr_5y,INSUFFICIENT
M&M,2015-03,revenue_cagr_10y,INSUFFICIENT
M&M,2015-03,pat_cagr_3y,INSUFFICIENT
M&M,2015-03,pat_cagr_5y,INSUFFICIENT
M&M,2015-03,pat_cagr_10y,INSUFFICIENT
M&M,2015-03,eps_cagr_3y,INSUFFICIENT
M&M,2015-03,eps_cagr_5y,INSUFFICIENT
M&M,2015-03,eps_cagr_10y,INSUFFICIENT
M&M,2016-03,revenue_cagr_5y,INSUFFICIENT
M&M,2016-03,revenue_cagr_10y,INSUFFICIENT
M&M,2016-03,pat_cagr_5y,INSUFFICIENT
M&M,2016-03,pat_cagr_10y,INSUFFICIENT
M&M,2016-03,eps_cagr_5y,INSUFFICIENT
M&M,2016-03,eps_cagr_10y,INSUFFICIENT
M&M,2017-03,revenue_cagr_5y,INSUFFICIENT
M&M,2017-03,revenue_cagr_10y,INSUFFICIENT
M&M,2017-03,pat_cagr_5y,INSUFFICIENT
M&M,2017-03,pat_cagr_10y,INSUFFICIENT
M&M,2017-03,eps_cagr_5y,INSUFFICIENT
M&M,2017-03,eps_cagr_10y,INSUFFICIENT
M&M,2018-03,revenue_cagr_10y,INSUFFICIENT
M&M,2018-03,pat_cagr_10y,INSUFFICIENT
M&M,2018-03,eps_cagr_10y,INSUFFICIENT
M&M,2019-03,revenue_cagr_10y,INSUFFICIENT
M&M,2019-03,pat_cagr_10y,INSUFFICIENT
M&M,2019-03,eps_cagr_10y,INSUFFICIENT
M&M,2020-03,revenue_cagr_10y,INSUFFICIENT
M&M,2020-03,pat_cagr_3y,DECLINE_TO_LOSS
M&M,2020-03,pat_cagr_5y,DECLINE_TO_LOSS
M&M,2020-03,pat_cagr_10y,INSUFFICIENT
M&M,2020-03,eps_cagr_10y,INSUFFICIENT
M&M,2021-03,revenue_cagr_10y,INSUFFICIENT
M&M,2021-03,pat_cagr_10y,INSUFFICIENT
M&M,2021-03,eps_cagr_10y,INSUFFICIENT
M&M,2022-03,revenue_cagr_10y,INSUFFICIENT
M&M,2022-03,pat_cagr_10y,INSUFFICIENT
M&M,2022-03,eps_cagr_10y,INSUFFICIENT
M&M,2023-03,pat_cagr_3y,TURNAROUND
MARUTI,2013-03,revenue_cagr_3y,INSUFFICIENT
MARUTI,2013-03,revenue_cagr_5y,INSUFFICIENT
MARUTI,2013-03,revenue_cagr_10y,INSUFFICIENT
MARUTI,2013-03,pat_cagr_3y,INSUFFICIENT
MARUTI,2013-03,pat_cagr_5y,INSUFFICIENT
MARUTI,2013-03,pat_cagr_10y,INSUFFICIENT
MARUTI,2013-03,eps_cagr_3y,INSUFFICIENT
MARUTI,2013-03,eps_cagr_5y,INSUFFICIENT
MARUTI,2013-03,eps_cagr_10y,INSUFFICIENT
MARUTI,2014-03,revenue_cagr_3y,INSUFFICIENT
MARUTI,2014-03,revenue_cagr_5y,INSUFFICIENT
MARUTI,2014-03,revenue_cagr_10y,INSUFFICIENT
MARUTI,2014-03,pat_cagr_3y,INSUFFICIENT
MARUTI,2014-03,pat_cagr_5y,INSUFFICIENT
MARUTI,2014-03,pat_cagr_10y,INSUFFICIENT
MARUTI,2014-03,eps_cagr_3y,INSUFFICIENT
MARUTI,2014-03,eps_cagr_5y,INSUFFICIENT
MARUTI,2014-03,eps_cagr_10y,INSUFFICIENT
MARUTI,2015-03,revenue_cagr_3y,INSUFFICIENT
MARUTI,2015-03,revenue_cagr_5y,INSUFFICIENT
MARUTI,2015-03,revenue_cagr_10y,INSUFFICIENT
MARUTI,2015-03,pat_cagr_3y,INSUFFICIENT
MARUTI,2015-03,pat_cagr_5y,INSUFFICIENT
MARUTI,2015-03,pat_cagr_10y,INSUFFICIENT
MARUTI,2015-03,eps_cagr_3y,INSUFFICIENT
MARUTI,2015-03,eps_cagr_5y,INSUFFICIENT
MARUTI,2015-03,eps_cagr_10y,INSUFFICIENT
MARUTI,2016-03,revenue_cagr_5y,INSUFFICIENT
MARUTI,2016-03,revenue_cagr_10y,INSUFFICIENT
MARUTI,2016-03,pat_cagr_5y,INSUFFICIENT
MARUTI,2016-03,pat_cagr_10y,INSUFFICIENT
MARUTI,2016-03,eps_cagr_5y,INSUFFICIENT
MARUTI,2016-03,eps_cagr_10y,INSUFFICIENT
MARUTI,2017-03,revenue_cagr_5y,INSUFFICIENT
MARUTI,2017-03,revenue_cagr_10y,INSUFFICIENT
MARUTI,2017-03,pat_cagr_5y,INSUFFICIENT
MARUTI,2017-03,pat_cagr_10y,INSUFFICIENT
MARUTI,2017-03,eps_cagr_5y,INSUFFICIENT
MARUTI,2017-03,eps_cagr_10y,INSUFFICIENT
MARUTI,2018-03,revenue_cagr_10y,INSUFFICIENT
MARUTI,2018-03,pat_cagr_10y,INSUFFICIENT
MARUTI,2018-03,eps_cagr_10y,INSUFFICIENT
MARUTI,2019-03,revenue_cagr_10y,INSUFFICIENT
MARUTI,2019-03,pat_cagr_10y,INSUFFICIENT
MARUTI,2019-03,eps_cagr_10y,INSUFFICIENT
MARUTI,2020-03,revenue_cagr_10y,INSUFFICIENT
MARUTI,2020-03,pat_cagr_10y,INSUFFICIENT
MARUTI,2020-03,eps_cagr_10y,INSUFFICIENT
MARUTI,2021-03,revenue_cagr_10y,INSUFFICIENT
MARUTI,2021-03,pat_cagr_10y,INSUFFICIENT
MARUTI,2021-03,eps_cagr_10y,INSUFFICIENT
MARUTI,2022-03,revenue_cagr_10y,INSUFFICIENT
MARUTI,2022-03,pat_cagr_10y,INSUFFICIENT
MARUTI,2022-03,eps_cagr_10y,INSUFFICIENT
MOTHERSON,2013-03,revenue_cagr_3y,INSUFFICIENT
MOTHERSON,2013-03,revenue_cagr_5y,INSUFFICIENT
MOTHERSON,2013-03,revenue_cagr_10y,INSUFFICIENT
MOTHERSON,2013-03,pat_cagr_3y,INSUFFICIENT
MOTHERSON,2013-03,pat_cagr_5y,INSUFFICIENT
MOTHERSON,2013-03,pat_cagr_10y,INSUFFICIENT
MOTHERSON,2013-03,eps_cagr_3y,INSUFFICIENT
MOTHERSON,2013-03,eps_cagr_5y,INSUFFICIENT
MOTHERSON,2013-03,eps_cagr_10y,INSUFFICIENT
MOTHERSON,2014-03,revenue_cagr_3y,INSUFFICIENT
MOTHERSON,2014-03,revenue_cagr_5y,INSUFFICIENT
MOTHERSON,2014-03,revenue_cagr_10y,INSUFFICIENT
MOTHERSON,2014-03,pat_cagr_3y,INSUFFICIENT
MOTHERSON,2014-03,pat_cagr_5y,INSUFFICIENT
MOTHERSON,2014-03,pat_cagr_10y,INSUFFICIENT
MOTHERSON,2014-03,eps_cagr_3y,INSUFFICIENT
MOTHERSON,2014-03,eps_cagr_5y,INSUFFICIENT
MOTHERSON,2014-03,eps_cagr_10y,INSUFFICIENT
MOTHERSON,2015-03,revenue_cagr_3y,INSUFFICIENT
MOTHERSON,2015-03,revenue_cagr_5y,INSUFFICIENT
MOTHERSON,2015-03,revenue_cagr_10y,INSUFFICIENT
MOTHERSON,2015-03,pat_cagr_3y,INSUFFICIENT
MOTHERSON,2015-03,pat_cagr_5y,INSUFFICIENT
MOTHERSON,2015-03,pat_cagr_10y,INSUFFICIENT
MOTHERSON,2015-03,eps_cagr_3y,INSUFFICIENT
MOTHERSON,2015-03,eps_cagr_5y,INSUFFICIENT
MOTHERSON,2015-03,eps_cagr_10y,INSUFFICIENT
MOTHERSON,2016-03,revenue_cagr_5y,INSUFFICIENT
MOTHERSON,2016-03,revenue_cagr_10y,INSUFFICIENT
MOTHERSON,2016-03,pat_cagr_5y,INSUFFICIENT
MOTHERSON,2016-03,pat_cagr_10y,INSUFFICIENT
MOTHERSON,2016-03,eps_cagr_5y,INSUFFICIENT
MOTHERSON,2016-03,eps_cagr_10y,INSUFFICIENT
MOTHERSON,2017-03,revenue_cagr_5y,INSUFFICIENT
MOTHERSON,2017-03,revenue_cagr_10y,INSUFFICIENT
MOTHERSON,2017-03,pat_cagr_5y,INSUFFICIENT
MOTHERSON,2017-03,pat_cagr_10y,INSUFFICIENT
MOTHERSON,2017-03,eps_cagr_5y,INSUFFICIENT
MOTHERSON,2017-03,eps_cagr_10y,INSUFFICIENT
MOTHERSON,2018-03,revenue_cagr_10y,INSUFFICIENT
MOTHERSON,2018-03,pat_cagr_10y,INSUFFICIENT
MOTHERSON,2018-03,eps_cagr_10y,INSUFFICIENT
MOTHERSON,2019-03,revenue_cagr_10y,INSUFFICIENT
MOTHERSON,2019-03,pat_cagr_10y,INSUFFICIENT
MOTHERSON,2019-03,eps_cagr_10y,INSUFFICIENT
MOTHERSON,2020-03,revenue_cagr_10y,INSUFFICIENT
MOTHERSON,2020-03,pat_cagr_10y,INSUFFICIENT
MOTHERSON,2020-03,eps_cagr_10y,INSUFFICIENT
MOTHERSON,2021-03,revenue_cagr_10y,INSUFFICIENT
MOTHERSON,2021-03,pat_cagr_10y,INSUFFICIENT
MOTHERSON,2021-03,eps_cagr_10y,INSUFFICIENT
MOTHERSON,2022-03,revenue_cagr_10y,INSUFFICIENT
MOTHERSON,2022-03,pat_cagr_10y,INSUFFICIENT
MOTHERSON,2022-03,eps_cagr_10y,INSUFFICIENT
NAUKRI,2013-03,revenue_cagr_3y,INSUFFICIENT
NAUKRI,2013-03,revenue_cagr_5y,INSUFFICIENT
NAUKRI,2013-03,revenue_cagr_10y,INSUFFICIENT
NAUKRI,2013-03,pat_cagr_3y,INSUFFICIENT
NAUKRI,2013-03,pat_cagr_5y,INSUFFICIENT
NAUKRI,2013-03,pat_cagr_10y,INSUFFICIENT
NAUKRI,2013-03,eps_cagr_3y,INSUFFICIENT
NAUKRI,2013-03,eps_cagr_5y,INSUFFICIENT
NAUKRI,2013-03,eps_cagr_10y,INSUFFICIENT
NAUKRI,2014-03,revenue_cagr_3y,INSUFFICIENT
NAUKRI,2014-03,revenue_cagr_5y,INSUFFICIENT
NAUKRI,2014-03,revenue_cagr_10y,INSUFFICIENT
NAUKRI,2014-03,pat_cagr_3y,INSUFFICIENT
NAUKRI,2014-03,pat_cagr_5y,INSUFFICIENT
NAUKRI,2014-03,pat_cagr_10y,INSUFFICIENT
NAUKRI,2014-03,eps_cagr_3y,INSUFFICIENT
NAUKRI,2014-03,eps_cagr_5y,INSUFFICIENT
NAUKRI,2014-03,eps_cagr_10y,INSUFFICIENT
NAUKRI,2015-03,revenue_cagr_3y,INSUFFICIENT
NAUKRI,2015-03,revenue_cagr_5y,INSUFFICIENT
NAUKRI,2015-03,revenue_cagr_10y,INSUFFICIENT
NAUKRI,2015-03,pat_cagr_3y,INSUFFICIENT
NAUKRI,2015-03,pat_cagr_5y,INSUFFICIENT
NAUKRI,2015-03,pat_cagr_10y,INSUFFICIENT
NAUKRI,2015-03,eps_cagr_3y,INSUFFICIENT
NAUKRI,2015-03,eps_cagr_5y,INSUFFICIENT
NAUKRI,2015-03,eps_cagr_10y,INSUFFICIENT
NAUKRI,2016-03,revenue_cagr_5y,INSUFFICIENT
NAUKRI,2016-03,revenue_cagr_10y,INSUFFICIENT
NAUKRI,2016-03,pat_cagr_5y,INSUFFICIENT
NAUKRI,2016-03,pat_cagr_10y,INSUFFICIENT
NAUKRI,2016-03,eps_cagr_5y,INSUFFICIENT
NAUKRI,2016-03,eps_cagr_10y,INSUFFICIENT
NAUKRI,2017-03,revenue_cagr_5y,INSUFFICIENT
NAUKRI,2017-03,revenue_cagr_10y,INSUFFICIENT
NAUKRI,2017-03,pat_cagr_3y,DECLINE_TO_LOSS
NAUKRI,2017-03,pat_cagr_5y,INSUFFICIENT
NAUKRI,2017-03,pat_cagr_10y,INSUFFICIENT
NAUKRI,2017-03,eps_cagr_3y,DECLINE_TO_LOSS
NAUKRI,2017-03,eps_cagr_5y,INSUFFICIENT
NAUKRI,2017-03,eps_cagr_10y,INSUFFICIENT
NAUKRI,2018-03,revenue_cagr_10y,INSUFFICIENT
NAUKRI,2018-03,pat_cagr_3y,TURNAROUND
NAUKRI,2018-03,pat_cagr_10y,INSUFFICIENT
NAUKRI,2018-03,eps_cagr_10y,INSUFFICIENT
NAUKRI,2019-03,revenue_cagr_10y,INSUFFICIENT
NAUKRI,2019-03,pat_cagr_10y,INSUFFICIENT
NAUKRI,2019-03,eps_cagr_10y,INSUFFICIENT
NAUKRI,2020-03,revenue_cagr_10y,INSUFFICIENT
NAUKRI,2020-03,pat_cagr_3y,BOTH_NEGATIVE
NAUKRI,2020-03,pat_cagr_5y,BOTH_NEGATIVE
NAUKRI,2020-03,pat_cagr_10y,INSUFFICIENT
NAUKRI,2020-03,eps_cagr_3y,BOTH_NEGATIVE
NAUKRI,2020-03,eps_cagr_5y,DECLINE_TO_LOSS
NAUKRI,2020-03,eps_cagr_10y,INSUFFICIENT
NAUKRI,2021-03,revenue_cagr_10y,INSUFFICIENT
NAUKRI,2021-03,pat_cagr_10y,INSUFFICIENT
NAUKRI,2021-03,eps_cagr_10y,INSUFFICIENT
NAUKRI,2022-03,revenue_cagr_10y,INSUFFICIENT
NAUKRI,2022-03,pat_cagr_5y,TURNAROUND
NAUKRI,2022-03,pat_cagr_10y,INSUFFICIENT
NAUKRI,2022-03,eps_cagr_5y,TURNAROUND
NAUKRI,2022-03,eps_cagr_10y,INSUFFICIENT
NAUKRI,2023-03,pat_cagr_3y,BOTH_NEGATIVE
NAUKRI,2023-03,pat_cagr_5y,DECLINE_TO_LOSS
NAUKRI,2023-03,pat_cagr_10y,DECLINE_TO_LOSS
NAUKRI,2023-03,eps_cagr_3y,BOTH_NEGATIVE
NAUKRI,2023-03,eps_cagr_5y,DECLINE_TO_LOSS
NAUKRI,2023-03,eps_cagr_10y,DECLINE_TO_LOSS
NESTLEIND,2013-12,revenue_cagr_3y,INSUFFICIENT
NESTLEIND,2013-12,revenue_cagr_5y,INSUFFICIENT
NESTLEIND,2013-12,revenue_cagr_10y,INSUFFICIENT
NESTLEIND,2013-12,pat_cagr_3y,INSUFFICIENT
NESTLEIND,2013-12,pat_cagr_5y,INSUFFICIENT
NESTLEIND,2013-12,pat_cagr_10y,INSUFFICIENT
NESTLEIND,2013-12,eps_cagr_3y,INSUFFICIENT
NESTLEIND,2013-12,eps_cagr_5y,INSUFFICIENT
NESTLEIND,2013-12,eps_cagr_10y,INSUFFICIENT
NESTLEIND,2014-12,revenue_cagr_3y,INSUFFICIENT
NESTLEIND,2014-12,revenue_cagr_5y,INSUFFICIENT
NESTLEIND,2014-12,revenue_cagr_10y,INSUFFICIENT
NESTLEIND,2014-12,pat_cagr_3y,INSUFFICIENT
NESTLEIND,2014-12,pat_cagr_5y,INSUFFICIENT
NESTLEIND,2014-12,pat_cagr_10y,INSUFFICIENT
NESTLEIND,2014-12,eps_cagr_3y,INSUFFICIENT
NESTLEIND,2014-12,eps_cagr_5y,INSUFFICIENT
NESTLEIND,2014-12,eps_cagr_10y,INSUFFICIENT
NESTLEIND,2015-12,revenue_cagr_3y,INSUFFICIENT
NESTLEIND,2015-12,revenue_cagr_5y,INSUFFICIENT
NESTLEIND,2015-12,revenue_cagr_10y,INSUFFICIENT
NESTLEIND,2015-12,pat_cagr_3y,INSUFFICIENT
NESTLEIND,2015-12,pat_cagr_5y,INSUFFICIENT
NESTLEIND,2015-12,pat_cagr_10y,INSUFFICIENT
NESTLEIND,2015-12,eps_cagr_3y,INSUFFICIENT
NESTLEIND,2015-12,eps_cagr_5y,INSUFFICIENT
NESTLEIND,2015-12,eps_cagr_10y,INSUFFICIENT
NESTLEIND,2016-12,revenue_cagr_5y,INSUFFICIENT
NESTLEIND,2016-12,revenue_cagr_10y,INSUFFICIENT
NESTLEIND,2016-12,pat_cagr_5y,INSUFFICIENT
NESTLEIND,2016-12,pat_cagr_10y,INSUFFICIENT
NESTLEIND,2016-12,eps_cagr_5y,INSUFFICIENT
NESTLEIND,2016-12,eps_cagr_10y,INSUFFICIENT
NESTLEIND,2017-12,revenue_cagr_5y,INSUFFICIENT
NESTLEIND,2017-12,revenue_cagr_10y,INSUFFICIENT
NESTLEIND,2017-12,pat_cagr_5y,INSUFFICIENT
NESTLEIND,2017-12,pat_cagr_10y,INSUFFICIENT
NESTLEIND,2017-12,eps_cagr_5y,INSUFFICIENT
NESTLEIND,2017-12,eps_cagr_10y,INSUFFICIENT
NESTLEIND,2018-12,revenue_cagr_10y,INSUFFICIENT
NESTLEIND,2018-12,pat_cagr_10y,INSUFFICIENT
NESTLEIND,2018-12,eps_cagr_10y,INSUFFICIENT
NESTLEIND,2019-12,revenue_cagr_10y,INSUFFICIENT
NESTLEIND,2019-12,pat_cagr_10y,INSUFFICIENT
NESTLEIND,2019-12,eps_cagr_10y,INSUFFICIENT
NESTLEIND,2020-12,revenue_cagr_10y,INSUFFICIENT
NESTLEIND,2020-12,pat_cagr_10y,INSUFFICIENT
NESTLEIND,2020-12,eps_cagr_10y,INSUFFICIENT
NESTLEIND,2021-12,revenue_cagr_10y,INSUFFICIENT
NESTLEIND,2021-12,pat_cagr_10y,INSUFFICIENT
NESTLEIND,2021-12,eps_cagr_10y,INSUFFICIENT
NESTLEIND,2022-12,revenue_cagr_10y,INSUFFICIENT
NESTLEIND,2022-12,pat_cagr_10y,INSUFFICIENT
NESTLEIND,2022-12,eps_cagr_10y,INSUFFICIENT
NHPC,2013-03,revenue_cagr_3y,INSUFFICIENT
NHPC,2013-03,revenue_cagr_5y,INSUFFICIENT
NHPC,2013-03,revenue_cagr_10y,INSUFFICIENT
NHPC,2013-03,pat_cagr_3y,INSUFFICIENT
NHPC,2013-03,pat_cagr_5y,INSUFFICIENT
NHPC,2013-03,pat_cagr_10y,INSUFFICIENT
NHPC,2013-03,eps_cagr_3y,INSUFFICIENT
NHPC,2013-03,eps_cagr_5y,INSUFFICIENT
NHPC,2013-03,eps_cagr_10y,INSUFFICIENT
NHPC,2014-03,revenue_cagr_3y,INSUFFICIENT
NHPC,2014-03,revenue_cagr_5y,INSUFFICIENT
NHPC,2014-03,revenue_cagr_10y,INSUFFICIENT
NHPC,2014-03,pat_cagr_3y,INSUFFICIENT
NHPC,2014-03,pat_cagr_5y,INSUFFICIENT
NHPC,2014-03,pat_cagr_10y,INSUFFICIENT
NHPC,2014-03,eps_cagr_3y,INSUFFICIENT
NHPC,2014-03,eps_cagr_5y,INSUFFICIENT
NHPC,2014-03,eps_cagr_10y,INSUFFICIENT
NHPC,2015-03,revenue_cagr_3y,INSUFFICIENT
NHPC,2015-03,revenue_cagr_5y,INSUFFICIENT
NHPC,2015-03,revenue_cagr_10y,INSUFFICIENT
NHPC,2015-03,pat_cagr_3y,INSUFFICIENT
NHPC,2015-03,pat_cagr_5y,INSUFFICIENT
NHPC,2015-03,pat_cagr_10y,INSUFFICIENT
NHPC,2015-03,eps_cagr_3y,INSUFFICIENT
NHPC,2015-03,eps_cagr_5y,INSUFFICIENT
NHPC,2015-03,eps_cagr_10y,INSUFFICIENT
NHPC,2016-03,revenue_cagr_5y,INSUFFICIENT
NHPC,2016-03,revenue_cagr_10y,INSUFFICIENT
NHPC,2016-03,pat_cagr_5y,INSUFFICIENT
NHPC,2016-03,pat_cagr_10y,INSUFFICIENT
NHPC,2016-03,eps_cagr_5y,INSUFFICIENT
NHPC,2016-03,eps_cagr_10y,INSUFFICIENT
NHPC,2017-03,revenue_cagr_5y,INSUFFICIENT
NHPC,2017-03,revenue_cagr_10y,INSUFFICIENT
NHPC,2017-03,pat_cagr_5y,INSUFFICIENT
NHPC,2017-03,pat_cagr_10y,INSUFFICIENT
NHPC,2017-03,eps_cagr_5y,INSUFFICIENT
NHPC,2017-03,eps_cagr_10y,INSUFFICIENT
NHPC,2018-03,revenue_cagr_10y,INSUFFICIENT
NHPC,2018-03,pat_cagr_10y,INSUFFICIENT
NHPC,2018-03,eps_cagr_10y,INSUFFICIENT
NHPC,2019-03,revenue_cagr_10y,INSUFFICIENT
NHPC,2019-03,pat_cagr_10y,INSUFFICIENT
NHPC,2019-03,eps_cagr_10y,INSUFFICIENT
NHPC,2020-03,revenue_cagr_10y,INSUFFICIENT
NHPC,2020-03,pat_cagr_10y,INSUFFICIENT
NHPC,2020-03,eps_cagr_10y,INSUFFICIENT
NHPC,2021-03,revenue_cagr_10y,INSUFFICIENT
NHPC,2021-03,pat_cagr_10y,INSUFFICIENT
NHPC,2021-03,eps_cagr_10y,INSUFFICIENT
NHPC,2022-03,revenue_cagr_10y,INSUFFICIENT
NHPC,2022-03,pat_cagr_10y,INSUFFICIENT
NHPC,2022-03,eps_cagr_10y,INSUFFICIENT
NTPC,2013-03,revenue_cagr_3y,INSUFFICIENT
NTPC,2013-03,revenue_cagr_5y,INSUFFICIENT
NTPC,2013-03,revenue_cagr_10y,INSUFFICIENT
NTPC,2013-03,pat_cagr_3y,INSUFFICIENT
NTPC,2013-03,pat_cagr_5y,INSUFFICIENT
NTPC,2013-03,pat_cagr_10y,INSUFFICIENT
NTPC,2013-03,eps_cagr_3y,INSUFFICIENT
NTPC,2013-03,eps_cagr_5y,INSUFFICIENT
NTPC,2013-03,eps_cagr_10y,INSUFFICIENT
NTPC,2014-03,revenue_cagr_3y,INSUFFICIENT
NTPC,2014-03,revenue_cagr_5y,INSUFFICIENT
NTPC,2014-03,revenue_cagr_10y,INSUFFICIENT
NTPC,2014-03,pat_cagr_3y,INSUFFICIENT
NTPC,2014-03,pat_cagr_5y,INSUFFICIENT
NTPC,2014-03,pat_cagr_10y,INSUFFICIENT
NTPC,2014-03,eps_cagr_3y,INSUFFICIENT
NTPC,2014-03,eps_cagr_5y,INSUFFICIENT
NTPC,2014-03,eps_cagr_10y,INSUFFICIENT
NTPC,2015-03,revenue_cagr_3y,INSUFFICIENT
NTPC,2015-03,revenue_cagr_5y,INSUFFICIENT
NTPC,2015-03,revenue_cagr_10y,INSUFFICIENT
NTPC,2015-03,pat_cagr_3y,INSUFFICIENT
NTPC,2015-03,pat_cagr_5y,INSUFFICIENT
NTPC,2015-03,pat_cagr_10y,INSUFFICIENT
NTPC,2015-03,eps_cagr_3y,INSUFFICIENT
NTPC,2015-03,eps_cagr_5y,INSUFFICIENT
NTPC,2015-03,eps_cagr_10y,INSUFFICIENT
NTPC,2016-03,revenue_cagr_5y,INSUFFICIENT
NTPC,2016-03,revenue_cagr_10y,INSUFFICIENT
NTPC,2016-03,pat_cagr_5y,INSUFFICIENT
NTPC,2016-03,pat_cagr_10y,INSUFFICIENT
NTPC,2016-03,eps_cagr_5y,INSUFFICIENT
NTPC,2016-03,eps_cagr_10y,INSUFFICIENT
NTPC,2017-03,revenue_cagr_5y,INSUFFICIENT
NTPC,2017-03,revenue_cagr_10y,INSUFFICIENT
NTPC,2017-03,pat_cagr_5y,INSUFFICIENT
NTPC,2017-03,pat_cagr_10y,INSUFFICIENT
NTPC,2017-03,eps_cagr_5y,INSUFFICIENT
NTPC,2017-03,eps_cagr_10y,INSUFFICIENT
NTPC,2018-03,revenue_cagr_10y,INSUFFICIENT
NTPC,2018-03,pat_cagr_10y,INSUFFICIENT
NTPC,2018-03,eps_cagr_10y,INSUFFICIENT
NTPC,2019-03,revenue_cagr_10y,INSUFFICIENT
NTPC,2019-03,pat_cagr_10y,INSUFFICIENT
NTPC,2019-03,eps_cagr_10y,INSUFFICIENT
NTPC,2020-03,revenue_cagr_10y,INSUFFICIENT
NTPC,2020-03,pat_cagr_10y,INSUFFICIENT
NTPC,2020-03,eps_cagr_10y,INSUFFICIENT
NTPC,2021-03,revenue_cagr_10y,INSUFFICIENT
NTPC,2021-03,pat_cagr_10y,INSUFFICIENT
NTPC,2021-03,eps_cagr_10y,INSUFFICIENT
NTPC,2022-03,revenue_cagr_10y,INSUFFICIENT
NTPC,2022-03,pat_cagr_10y,INSUFFICIENT
NTPC,2022-03,eps_cagr_10y,INSUFFICIENT
ONGC,2013-03,revenue_cagr_3y,INSUFFICIENT
ONGC,2013-03,revenue_cagr_5y,INSUFFICIENT
ONGC,2013-03,revenue_cagr_10y,INSUFFICIENT
ONGC,2013-03,pat_cagr_3y,INSUFFICIENT
ONGC,2013-03,pat_cagr_5y,INSUFFICIENT
ONGC,2013-03,pat_cagr_10y,INSUFFICIENT
ONGC,2013-03,eps_cagr_3y,INSUFFICIENT
ONGC,2013-03,eps_cagr_5y,INSUFFICIENT
ONGC,2013-03,eps_cagr_10y,INSUFFICIENT
ONGC,2014-03,revenue_cagr_3y,INSUFFICIENT
ONGC,2014-03,revenue_cagr_5y,INSUFFICIENT
ONGC,2014-03,revenue_cagr_10y,INSUFFICIENT
ONGC,2014-03,pat_cagr_3y,INSUFFICIENT
ONGC,2014-03,pat_cagr_5y,INSUFFICIENT
ONGC,2014-03,pat_cagr_10y,INSUFFICIENT
ONGC,2014-03,eps_cagr_3y,INSUFFICIENT
ONGC,2014-03,eps_cagr_5y,INSUFFICIENT
ONGC,2014-03,eps_cagr_10y,INSUFFICIENT
ONGC,2015-03,revenue_cagr_3y,INSUFFICIENT
ONGC,2015-03,revenue_cagr_5y,INSUFFICIENT
ONGC,2015-03,revenue_cagr_10y,INSUFFICIENT
ONGC,2015-03,pat_cagr_3y,INSUFFICIENT
ONGC,2015-03,pat_cagr_5y,INSUFFICIENT
ONGC,2015-03,pat_cagr_10y,INSUFFICIENT
ONGC,2015-03,eps_cagr_3y,INSUFFICIENT
ONGC,2015-03,eps_cagr_5y,INSUFFICIENT
ONGC,2015-03,eps_cagr_10y,INSUFFICIENT
ONGC,2016-03,revenue_cagr_5y,INSUFFICIENT
ONGC,2016-03,revenue_cagr_10y,INSUFFICIENT
ONGC,2016-03,pat_cagr_5y,INSUFFICIENT
ONGC,2016-03,pat_cagr_10y,INSUFFICIENT
ONGC,2016-03,eps_cagr_5y,INSUFFICIENT
ONGC,2016-03,eps_cagr_10y,INSUFFICIENT
ONGC,2017-03,revenue_cagr_5y,INSUFFICIENT
ONGC,2017-03,revenue_cagr_10y,INSUFFICIENT
ONGC,2017-03,pat_cagr_5y,INSUFFICIENT
ONGC,2017-03,pat_cagr_10y,INSUFFICIENT
ONGC,2017-03,eps_cagr_5y,INSUFFICIENT
ONGC,2017-03,eps_cagr_10y,INSUFFICIENT
ONGC,2018-03,revenue_cagr_10y,INSUFFICIENT
ONGC,2018-03,pat_cagr_10y,INSUFFICIENT
ONGC,2018-03,eps_cagr_10y,INSUFFICIENT
ONGC,2019-03,revenue_cagr_10y,INSUFFICIENT
ONGC,2019-03,pat_cagr_10y,INSUFFICIENT
ONGC,2019-03,eps_cagr_10y,INSUFFICIENT
ONGC,2020-03,revenue_cagr_10y,INSUFFICIENT
ONGC,2020-03,pat_cagr_10y,INSUFFICIENT
ONGC,2020-03,eps_cagr_10y,INSUFFICIENT
ONGC,2021-03,revenue_cagr_10y,INSUFFICIENT
ONGC,2021-03,pat_cagr_10y,INSUFFICIENT
ONGC,2021-03,eps_cagr_10y,INSUFFICIENT
ONGC,2022-03,revenue_cagr_10y,INSUFFICIENT
ONGC,2022-03,pat_cagr_10y,INSUFFICIENT
ONGC,2022-03,eps_cagr_10y,INSUFFICIENT
PFC,2013-03,revenue_cagr_3y,INSUFFICIENT
PFC,2013-03,revenue_cagr_5y,INSUFFICIENT
PFC,2013-03,revenue_cagr_10y,INSUFFICIENT
PFC,2013-03,pat_cagr_3y,INSUFFICIENT
PFC,2013-03,pat_cagr_5y,INSUFFICIENT
PFC,2013-03,pat_cagr_10y,INSUFFICIENT
PFC,2013-03,eps_cagr_3y,INSUFFICIENT
PFC,2013-03,eps_cagr_5y,INSUFFICIENT
PFC,2013-03,eps_cagr_10y,INSUFFICIENT
PFC,2014-03,revenue_cagr_3y,INSUFFICIENT
PFC,2014-03,revenue_cagr_5y,INSUFFICIENT
PFC,2014-03,revenue_cagr_10y,INSUFFICIENT
PFC,2014-03,pat_cagr_3y,INSUFFICIENT
PFC,2014-03,pat_cagr_5y,INSUFFICIENT
PFC,2014-03,pat_cagr_10y,INSUFFICIENT
PFC,2014-03,eps_cagr_3y,INSUFFICIENT
PFC,2014-03,eps_cagr_5y,INSUFFICIENT
PFC,2014-03,eps_cagr_10y,INSUFFICIENT
PFC,2015-03,revenue_cagr_3y,INSUFFICIENT
PFC,2015-03,revenue_cagr_5y,INSUFFICIENT
PFC,2015-03,revenue_cagr_10y,INSUFFICIENT
PFC,2015-03,pat_cagr_3y,INSUFFICIENT
PFC,2015-03,pat_cagr_5y,INSUFFICIENT
PFC,2015-03,pat_cagr_10y,INSUFFICIENT
PFC,2015-03,eps_cagr_3y,INSUFFICIENT
PFC,2015-03,eps_cagr_5y,INSUFFICIENT
PFC,2015-03,eps_cagr_10y,INSUFFICIENT
PFC,2016-03,revenue_cagr_5y,INSUFFICIENT
PFC,2016-03,revenue_cagr_10y,INSUFFICIENT
PFC,2016-03,pat_cagr_5y,INSUFFICIENT
PFC,2016-03,pat_cagr_10y,INSUFFICIENT
PFC,2016-03,eps_cagr_5y,INSUFFICIENT
PFC,2016-03,eps_cagr_10y,INSUFFICIENT
PFC,2017-03,revenue_cagr_5y,INSUFFICIENT
PFC,2017-03,revenue_cagr_10y,INSUFFICIENT
PFC,2017-03,pat_cagr_5y,INSUFFICIENT
PFC,2017-03,pat_cagr_10y,INSUFFICIENT
PFC,2017-03,eps_cagr_5y,INSUFFICIENT
PFC,2017-03,eps_cagr_10y,INSUFFICIENT
PFC,2018-03,revenue_cagr_10y,INSUFFICIENT
PFC,2018-03,pat_cagr_10y,INSUFFICIENT
PFC,2018-03,eps_cagr_10y,INSUFFICIENT
PFC,2019-03,revenue_cagr_10y,INSUFFICIENT
PFC,2019-03,pat_cagr_10y,INSUFFICIENT
PFC,2019-03,eps_cagr_10y,INSUFFICIENT
PFC,2020-03,revenue_cagr_10y,INSUFFICIENT
PFC,2020-03,pat_cagr_10y,INSUFFICIENT
PFC,2020-03,eps_cagr_10y,INSUFFICIENT
PFC,2021-03,revenue_cagr_10y,INSUFFICIENT
PFC,2021-03,pat_cagr_10y,INSUFFICIENT
PFC,2021-03,eps_cagr_10y,INSUFFICIENT
PFC,2022-03,revenue_cagr_10y,INSUFFICIENT
PFC,2022-03,pat_cagr_10y,INSUFFICIENT
PFC,2022-03,eps_cagr_10y,INSUFFICIENT
PIDILITIND,2013-03,revenue_cagr_3y,INSUFFICIENT
PIDILITIND,2013-03,revenue_cagr_5y,INSUFFICIENT
PIDILITIND,2013-03,revenue_cagr_10y,INSUFFICIENT
PIDILITIND,2013-03,pat_cagr_3y,INSUFFICIENT
PIDILITIND,2013-03,pat_cagr_5y,INSUFFICIENT
PIDILITIND,2013-03,pat_cagr_10y,INSUFFICIENT
PIDILITIND,2013-03,eps_cagr_3y,INSUFFICIENT
PIDILITIND,2013-03,eps_cagr_5y,INSUFFICIENT
PIDILITIND,2013-03,eps_cagr_10y,INSUFFICIENT
PIDILITIND,2014-03,revenue_cagr_3y,INSUFFICIENT
PIDILITIND,2014-03,revenue_cagr_5y,INSUFFICIENT
PIDILITIND,2014-03,revenue_cagr_10y,INSUFFICIENT
PIDILITIND,2014-03,pat_cagr_3y,INSUFFICIENT
PIDILITIND,2014-03,pat_cagr_5y,INSUFFICIENT
PIDILITIND,2014-03,pat_cagr_10y,INSUFFICIENT
PIDILITIND,2014-03,eps_cagr_3y,INSUFFICIENT
PIDILITIND,2014-03,eps_cagr_5y,INSUFFICIENT
PIDILITIND,2014-03,eps_cagr_10y,INSUFFICIENT
PIDILITIND,2015-03,revenue_cagr_3y,INSUFFICIENT
PIDILITIND,2015-03,revenue_cagr_5y,INSUFFICIENT
PIDILITIND,2015-03,revenue_cagr_10y,INSUFFICIENT
PIDILITIND,2015-03,pat_cagr_3y,INSUFFICIENT
PIDILITIND,2015-03,pat_cagr_5y,INSUFFICIENT
PIDILITIND,2015-03,pat_cagr_10y,INSUFFICIENT
PIDILITIND,2015-03,eps_cagr_3y,INSUFFICIENT
PIDILITIND,2015-03,eps_cagr_5y,INSUFFICIENT
PIDILITIND,2015-03,eps_cagr_10y,INSUFFICIENT
PIDILITIND,2016-03,revenue_cagr_5y,INSUFFICIENT
PIDILITIND,2016-03,revenue_cagr_10y,INSUFFICIENT
PIDILITIND,2016-03,pat_cagr_5y,INSUFFICIENT
PIDILITIND,2016-03,pat_cagr_10y,INSUFFICIENT
PIDILITIND,2016-03,eps_cagr_5y,INSUFFICIENT
PIDILITIND,2016-03,eps_cagr_10y,INSUFFICIENT
PIDILITIND,2017-03,revenue_cagr_5y,INSUFFICIENT
PIDILITIND,2017-03,revenue_cagr_10y,INSUFFICIENT
PIDILITIND,2017-03,pat_cagr_5y,INSUFFICIENT
PIDILITIND,2017-03,pat_cagr_10y,INSUFFICIENT
PIDILITIND,2017-03,eps_cagr_5y,INSUFFICIENT
PIDILITIND,2017-03,eps_cagr_10y,INSUFFICIENT
PIDILITIND,2018-03,revenue_cagr_10y,INSUFFICIENT
PIDILITIND,2018-03,pat_cagr_10y,INSUFFICIENT
PIDILITIND,2018-03,eps_cagr_10y,INSUFFICIENT
PIDILITIND,2019-03,revenue_cagr_10y,INSUFFICIENT
PIDILITIND,2019-03,pat_cagr_10y,INSUFFICIENT
PIDILITIND,2019-03,eps_cagr_10y,INSUFFICIENT
PIDILITIND,2020-03,revenue_cagr_10y,INSUFFICIENT
PIDILITIND,2020-03,pat_cagr_10y,INSUFFICIENT
PIDILITIND,2020-03,eps_cagr_10y,INSUFFICIENT
PIDILITIND,2021-03,revenue_cagr_10y,INSUFFICIENT
PIDILITIND,2021-03,pat_cagr_10y,INSUFFICIENT
PIDILITIND,2021-03,eps_cagr_10y,INSUFFICIENT
PIDILITIND,2022-03,revenue_cagr_10y,INSUFFICIENT
PIDILITIND,2022-03,pat_cagr_10y,INSUFFICIENT
PIDILITIND,2022-03,eps_cagr_10y,INSUFFICIENT
PNB,2013-03,revenue_cagr_3y,INSUFFICIENT
PNB,2013-03,revenue_cagr_5y,INSUFFICIENT
PNB,2013-03,revenue_cagr_10y,INSUFFICIENT
PNB,2013-03,pat_cagr_3y,INSUFFICIENT
PNB,2013-03,pat_cagr_5y,INSUFFICIENT
PNB,2013-03,pat_cagr_10y,INSUFFICIENT
PNB,2013-03,eps_cagr_3y,INSUFFICIENT
PNB,2013-03,eps_cagr_5y,INSUFFICIENT
PNB,2013-03,eps_cagr_10y,INSUFFICIENT
PNB,2014-03,revenue_cagr_3y,INSUFFICIENT
PNB,2014-03,revenue_cagr_5y,INSUFFICIENT
PNB,2014-03,revenue_cagr_10y,INSUFFICIENT
PNB,2014-03,pat_cagr_3y,INSUFFICIENT
PNB,2014-03,pat_cagr_5y,INSUFFICIENT
PNB,2014-03,pat_cagr_10y,INSUFFICIENT
PNB,2014-03,eps_cagr_3y,INSUFFICIENT
PNB,2014-03,eps_cagr_5y,INSUFFICIENT
PNB,2014-03,eps_cagr_10y,INSUFFICIENT
PNB,2015-03,revenue_cagr_3y,INSUFFICIENT
PNB,2015-03,revenue_cagr_5y,INSUFFICIENT
PNB,2015-03,revenue_cagr_10y,INSUFFICIENT
PNB,2015-03,pat_cagr_3y,INSUFFICIENT
PNB,2015-03,pat_cagr_5y,INSUFFICIENT
PNB,2015-03,pat_cagr_10y,INSUFFICIENT
PNB,2015-03,eps_cagr_3y,INSUFFICIENT
PNB,2015-03,eps_cagr_5y,INSUFFICIENT
PNB,2015-03,eps_cagr_10y,INSUFFICIENT
PNB,2016-03,revenue_cagr_5y,INSUFFICIENT
PNB,2016-03,revenue_cagr_10y,INSUFFICIENT
PNB,2016-03,pat_cagr_3y,DECLINE_TO_LOSS
PNB,2016-03,pat_cagr_5y,INSUFFICIENT
PNB,2016-03,pat_cagr_10y,INSUFFICIENT
PNB,2016-03,eps_cagr_3y,DECLINE_TO_LOSS
PNB,2016-03,eps_cagr_5y,INSUFFICIENT
PNB,2016-03,eps_cagr_10y,INSUFFICIENT
PNB,2017-03,revenue_cagr_5y,INSUFFICIENT
PNB,2017-03,revenue_cagr_10y,INSUFFICIENT
PNB,2017-03,pat_cagr_5y,INSUFFICIENT
PNB,2017-03,pat_cagr_10y,INSUFFICIENT
PNB,2017-03,eps_cagr_5y,INSUFFICIENT
PNB,2017-03,eps_cagr_10y,INSUFFICIENT
PNB,2018-03,revenue_cagr_10y,INSUFFICIENT
PNB,2018-03,pat_cagr_3y,DECLINE_TO_LOSS
PNB,2018-03,pat_cagr_5y,DECLINE_TO_LOSS
PNB,2018-03,pat_cagr_10y,INSUFFICIENT
PNB,2018-03,eps_cagr_3y,DECLINE_TO_LOSS
PNB,2018-03,eps_cagr_5y,DECLINE_TO_LOSS
PNB,2018-03,eps_cagr_10y,INSUFFICIENT
PNB,2019-03,revenue_cagr_10y,INSUFFICIENT
PNB,2019-03,pat_cagr_3y,BOTH_NEGATIVE
PNB,2019-03,pat_cagr_5y,DECLINE_TO_LOSS
PNB,2019-03,pat_cagr_10y,INSUFFICIENT
PNB,2019-03,eps_cagr_3y,BOTH_NEGATIVE
PNB,2019-03,eps_cagr_5y,DECLINE_TO_LOSS
PNB,2019-03,eps_cagr_10y,INSUFFICIENT
PNB,2020-03,revenue_cagr_10y,INSUFFICIENT
PNB,2020-03,pat_cagr_10y,INSUFFICIENT
PNB,2020-03,eps_cagr_10y,INSUFFICIENT
PNB,2021-03,revenue_cagr_10y,INSUFFICIENT
PNB,2021-03,pat_cagr_3y,TURNAROUND
PNB,2021-03,pat_cagr_5y,TURNAROUND
PNB,2021-03,pat_cagr_10y,INSUFFICIENT
PNB,2021-03,eps_cagr_3y,TURNAROUND
PNB,2021-03,eps_cagr_5y,TURNAROUND
PNB,2021-03,eps_cagr_10y,INSUFFICIENT
PNB,2022-03,revenue_cagr_10y,INSUFFICIENT
PNB,2022-03,pat_cagr_3y,TURNAROUND
PNB,2022-03,pat_cagr_10y,INSUFFICIENT
PNB,2022-03,eps_cagr_3y,TURNAROUND
PNB,2022-03,eps_cagr_10y,INSUFFICIENT
PNB,2023-03,pat_cagr_5y,TURNAROUND
PNB,2023-03,eps_cagr_5y,TURNAROUND
PNB,2024-03,pat_cagr_5y,TURNAROUND
PNB,2024-03,eps_cagr_5y,TURNAROUND
POWERGRID,2013-03,revenue_cagr_3y,INSUFFICIENT
POWERGRID,2013-03,revenue_cagr_5y,INSUFFICIENT
POWERGRID,2013-03,revenue_cagr_10y,INSUFFICIENT
POWERGRID,2013-03,pat_cagr_3y,INSUFFICIENT
POWERGRID,2013-03,pat_cagr_5y,INSUFFICIENT
POWERGRID,2013-03,pat_cagr_10y,INSUFFICIENT
POWERGRID,2013-03,eps_cagr_3y,INSUFFICIENT
POWERGRID,2013-03,eps_cagr_5y,INSUFFICIENT
POWERGRID,2013-03,eps_cagr_10y,INSUFFICIENT
POWERGRID,2014-03,revenue_cagr_3y,INSUFFICIENT
POWERGRID,2014-03,revenue_cagr_5y,INSUFFICIENT
POWERGRID,2014-03,revenue_cagr_10y,INSUFFICIENT
POWERGRID,2014-03,pat_cagr_3y,INSUFFICIENT
POWERGRID,2014-03,pat_cagr_5y,INSUFFICIENT
POWERGRID,2014-03,pat_cagr_10y,INSUFFICIENT
POWERGRID,2014-03,eps_cagr_3y,INSUFFICIENT
POWERGRID,2014-03,eps_cagr_5y,INSUFFICIENT
POWERGRID,2014-03,eps_cagr_10y,INSUFFICIENT
POWERGRID,2015-03,revenue_cagr_3y,INSUFFICIENT
POWERGRID,2015-03,revenue_cagr_5y,INSUFFICIENT
POWERGRID,2015-03,revenue_cagr_10y,INSUFFICIENT
POWERGRID,2015-03,pat_cagr_3y,INSUFFICIENT
POWERGRID,2015-03,pat_cagr_5y,INSUFFICIENT
POWERGRID,2015-03,pat_cagr_10y,INSUFFICIENT
POWERGRID,2015-03,eps_cagr_3y,INSUFFICIENT
POWERGRID,2015-03,eps_cagr_5y,INSUFFICIENT
POWERGRID,2015-03,eps_cagr_10y,INSUFFICIENT
POWERGRID,2016-03,revenue_cagr_5y,INSUFFICIENT
POWERGRID,2016-03,revenue_cagr_10y,INSUFFICIENT
POWERGRID,2016-03,pat_cagr_5y,INSUFFICIENT
POWERGRID,2016-03,pat_cagr_10y,INSUFFICIENT
POWERGRID,2016-03,eps_cagr_5y,INSUFFICIENT
POWERGRID,2016-03,eps_cagr_10y,INSUFFICIENT
POWERGRID,2017-03,revenue_cagr_5y,INSUFFICIENT
POWERGRID,2017-03,revenue_cagr_10y,INSUFFICIENT
POWERGRID,2017-03,pat_cagr_5y,INSUFFICIENT
POWERGRID,2017-03,pat_cagr_10y,INSUFFICIENT
POWERGRID,2017-03,eps_cagr_5y,INSUFFICIENT
POWERGRID,2017-03,eps_cagr_10y,INSUFFICIENT
POWERGRID,2018-03,revenue_cagr_10y,INSUFFICIENT
POWERGRID,2018-03,pat_cagr_10y,INSUFFICIENT
POWERGRID,2018-03,eps_cagr_10y,INSUFFICIENT
POWERGRID,2019-03,revenue_cagr_10y,INSUFFICIENT
POWERGRID,2019-03,pat_cagr_10y,INSUFFICIENT
POWERGRID,2019-03,eps_cagr_10y,INSUFFICIENT
POWERGRID,2020-03,revenue_cagr_10y,INSUFFICIENT
POWERGRID,2020-03,pat_cagr_10y,INSUFFICIENT
POWERGRID,2020-03,eps_cagr_10y,INSUFFICIENT
POWERGRID,2021-03,revenue_cagr_10y,INSUFFICIENT
POWERGRID,2021-03,pat_cagr_10y,INSUFFICIENT
POWERGRID,2021-03,eps_cagr_10y,INSUFFICIENT
POWERGRID,2022-03,revenue_cagr_10y,INSUFFICIENT
POWERGRID,2022-03,pat_cagr_10y,INSUFFICIENT
POWERGRID,2022-03,eps_cagr_10y,INSUFFICIENT
RECLTD,2013-03,revenue_cagr_3y,INSUFFICIENT
RECLTD,2013-03,revenue_cagr_5y,INSUFFICIENT
RECLTD,2013-03,revenue_cagr_10y,INSUFFICIENT
RECLTD,2013-03,pat_cagr_3y,INSUFFICIENT
RECLTD,2013-03,pat_cagr_5y,INSUFFICIENT
RECLTD,2013-03,pat_cagr_10y,INSUFFICIENT
RECLTD,2013-03,eps_cagr_3y,INSUFFICIENT
RECLTD,2013-03,eps_cagr_5y,INSUFFICIENT
RECLTD,2013-03,eps_cagr_10y,INSUFFICIENT
RECLTD,2014-03,revenue_cagr_3y,INSUFFICIENT
RECLTD,2014-03,revenue_cagr_5y,INSUFFICIENT
RECLTD,2014-03,revenue_cagr_10y,INSUFFICIENT
RECLTD,2014-03,pat_cagr_3y,INSUFFICIENT
RECLTD,2014-03,pat_cagr_5y,INSUFFICIENT
RECLTD,2014-03,pat_cagr_10y,INSUFFICIENT
RECLTD,2014-03,eps_cagr_3y,INSUFFICIENT
RECLTD,2014-03,eps_cagr_5y,INSUFFICIENT
RECLTD,2014-03,eps_cagr_10y,INSUFFICIENT
RECLTD,2015-03,revenue_cagr_3y,INSUFFICIENT
RECLTD,2015-03,revenue_cagr_5y,INSUFFICIENT
RECLTD,2015-03,revenue_cagr_10y,INSUFFICIENT
RECLTD,2015-03,pat_cagr_3y,INSUFFICIENT
RECLTD,2015-03,pat_cagr_5y,INSUFFICIENT
RECLTD,2015-03,pat_cagr_10y,INSUFFICIENT
RECLTD,2015-03,eps_cagr_3y,INSUFFICIENT
RECLTD,2015-03,eps_cagr_5y,INSUFFICIENT
RECLTD,2015-03,eps_cagr_10y,INSUFFICIENT
RECLTD,2016-03,revenue_cagr_5y,INSUFFICIENT
RECLTD,2016-03,revenue_cagr_10y,INSUFFICIENT
RECLTD,2016-03,pat_cagr_5y,INSUFFICIENT
RECLTD,2016-03,pat_cagr_10y,INSUFFICIENT
RECLTD,2016-03,eps_cagr_5y,INSUFFICIENT
RECLTD,2016-03,eps_cagr_10y,INSUFFICIENT
RECLTD,2017-03,revenue_cagr_5y,INSUFFICIENT
RECLTD,2017-03,revenue_cagr_10y,INSUFFICIENT
RECLTD,2017-03,pat_cagr_5y,INSUFFICIENT
RECLTD,2017-03,pat_cagr_10y,INSUFFICIENT
RECLTD,2017-03,eps_cagr_5y,INSUFFICIENT
RECLTD,2017-03,eps_cagr_10y,INSUFFICIENT
RECLTD,2018-03,revenue_cagr_10y,INSUFFICIENT
RECLTD,2018-03,pat_cagr_10y,INSUFFICIENT
RECLTD,2018-03,eps_cagr_10y,INSUFFICIENT
RECLTD,2019-03,revenue_cagr_10y,INSUFFICIENT
RECLTD,2019-03,pat_cagr_10y,INSUFFICIENT
RECLTD,2019-03,eps_cagr_10y,INSUFFICIENT
RECLTD,2020-03,revenue_cagr_10y,INSUFFICIENT
RECLTD,2020-03,pat_cagr_10y,INSUFFICIENT
RECLTD,2020-03,eps_cagr_10y,INSUFFICIENT
RECLTD,2021-03,revenue_cagr_10y,INSUFFICIENT
RECLTD,2021-03,pat_cagr_10y,INSUFFICIENT
RECLTD,2021-03,eps_cagr_10y,INSUFFICIENT
RECLTD,2022-03,revenue_cagr_10y,INSUFFICIENT
RECLTD,2022-03,pat_cagr_10y,INSUFFICIENT
RECLTD,2022-03,eps_cagr_10y,INSUFFICIENT
RELIANCE,2013-03,revenue_cagr_3y,INSUFFICIENT
RELIANCE,2013-03,revenue_cagr_5y,INSUFFICIENT
RELIANCE,2013-03,revenue_cagr_10y,INSUFFICIENT
RELIANCE,2013-03,pat_cagr_3y,INSUFFICIENT
RELIANCE,2013-03,pat_cagr_5y,INSUFFICIENT
RELIANCE,2013-03,pat_cagr_10y,INSUFFICIENT
RELIANCE,2013-03,eps_cagr_3y,INSUFFICIENT
RELIANCE,2013-03,eps_cagr_5y,INSUFFICIENT
RELIANCE,2013-03,eps_cagr_10y,INSUFFICIENT
RELIANCE,2014-03,revenue_cagr_3y,INSUFFICIENT
RELIANCE,2014-03,revenue_cagr_5y,INSUFFICIENT
RELIANCE,2014-03,revenue_cagr_10y,INSUFFICIENT
RELIANCE,2014-03,pat_cagr_3y,INSUFFICIENT
RELIANCE,2014-03,pat_cagr_5y,INSUFFICIENT
RELIANCE,2014-03,pat_cagr_10y,INSUFFICIENT
RELIANCE,2014-03,eps_cagr_3y,INSUFFICIENT
RELIANCE,2014-03,eps_cagr_5y,INSUFFICIENT
RELIANCE,2014-03,eps_cagr_10y,INSUFFICIENT
RELIANCE,2015-03,revenue_cagr_3y,INSUFFICIENT
RELIANCE,2015-03,revenue_cagr_5y,INSUFFICIENT
RELIANCE,2015-03,revenue_cagr_10y,INSUFFICIENT
RELIANCE,2015-03,pat_cagr_3y,INSUFFICIENT
RELIANCE,2015-03,pat_cagr_5y,INSUFFICIENT
RELIANCE,2015-03,pat_cagr_10y,INSUFFICIENT
RELIANCE,2015-03,eps_cagr_3y,INSUFFICIENT
RELIANCE,2015-03,eps_cagr_5y,INSUFFICIENT
RELIANCE,2015-03,eps_cagr_10y,INSUFFICIENT
RELIANCE,2016-03,revenue_cagr_5y,INSUFFICIENT
RELIANCE,2016-03,revenue_cagr_10y,INSUFFICIENT
RELIANCE,2016-03,pat_cagr_5y,INSUFFICIENT
RELIANCE,2016-03,pat_cagr_10y,INSUFFICIENT
RELIANCE,2016-03,eps_cagr_5y,INSUFFICIENT
RELIANCE,2016-03,eps_cagr_10y,INSUFFICIENT
RELIANCE,2017-03,revenue_cagr_5y,INSUFFICIENT
RELIANCE,2017-03,revenue_cagr_10y,INSUFFICIENT
RELIANCE,2017-03,pat_cagr_5y,INSUFFICIENT
RELIANCE,2017-03,pat_cagr_10y,INSUFFICIENT
RELIANCE,2017-03,eps_cagr_5y,INSUFFICIENT
RELIANCE,2017-03,eps_cagr_10y,INSUFFICIENT
RELIANCE,2018-03,revenue_cagr_10y,INSUFFICIENT
RELIANCE,2018-03,pat_cagr_10y,INSUFFICIENT
RELIANCE,2018-03,eps_cagr_10y,INSUFFICIENT
RELIANCE,2019-03,revenue_cagr_10y,INSUFFICIENT
RELIANCE,2019-03,pat_cagr_10y,INSUFFICIENT
RELIANCE,2019-03,eps_cagr_10y,INSUFFICIENT
RELIANCE,2020-03,revenue_cagr_10y,INSUFFICIENT
RELIANCE,2020-03,pat_cagr_10y,INSUFFICIENT
RELIANCE,2020-03,eps_cagr_10y,INSUFFICIENT
RELIANCE,2021-03,revenue_cagr_10y,INSUFFICIENT
RELIANCE,2021-03,pat_cagr_10y,INSUFFICIENT
RELIANCE,2021-03,eps_cagr_10y,INSUFFICIENT
RELIANCE,2022-03,revenue_cagr_10y,INSUFFICIENT
RELIANCE,2022-03,pat_cagr_10y,INSUFFICIENT
RELIANCE,2022-03,eps_cagr_10y,INSUFFICIENT
SBILIFE,2013-03,revenue_cagr_3y,INSUFFICIENT
SBILIFE,2013-03,revenue_cagr_5y,INSUFFICIENT
SBILIFE,2013-03,revenue_cagr_10y,INSUFFICIENT
SBILIFE,2013-03,pat_cagr_3y,INSUFFICIENT
SBILIFE,2013-03,pat_cagr_5y,INSUFFICIENT
SBILIFE,2013-03,pat_cagr_10y,INSUFFICIENT
SBILIFE,2013-03,eps_cagr_3y,INSUFFICIENT
SBILIFE,2013-03,eps_cagr_5y,INSUFFICIENT
SBILIFE,2013-03,eps_cagr_10y,INSUFFICIENT
SBILIFE,2014-03,revenue_cagr_3y,INSUFFICIENT
SBILIFE,2014-03,revenue_cagr_5y,INSUFFICIENT
SBILIFE,2014-03,revenue_cagr_10y,INSUFFICIENT
SBILIFE,2014-03,pat_cagr_3y,INSUFFICIENT
SBILIFE,2014-03,pat_cagr_5y,INSUFFICIENT
SBILIFE,2014-03,pat_cagr_10y,INSUFFICIENT
SBILIFE,2014-03,eps_cagr_3y,INSUFFICIENT
SBILIFE,2014-03,eps_cagr_5y,INSUFFICIENT
SBILIFE,2014-03,eps_cagr_10y,INSUFFICIENT
SBILIFE,2015-03,revenue_cagr_3y,INSUFFICIENT
SBILIFE,2015-03,revenue_cagr_5y,INSUFFICIENT
SBILIFE,2015-03,revenue_cagr_10y,INSUFFICIENT
SBILIFE,2015-03,pat_cagr_3y,INSUFFICIENT
SBILIFE,2015-03,pat_cagr_5y,INSUFFICIENT
SBILIFE,2015-03,pat_cagr_10y,INSUFFICIENT
SBILIFE,2015-03,eps_cagr_3y,INSUFFICIENT
SBILIFE,2015-03,eps_cagr_5y,INSUFFICIENT
SBILIFE,2015-03,eps_cagr_10y,INSUFFICIENT
SBILIFE,2016-03,revenue_cagr_5y,INSUFFICIENT
SBILIFE,2016-03,revenue_cagr_10y,INSUFFICIENT
SBILIFE,2016-03,pat_cagr_5y,INSUFFICIENT
SBILIFE,2016-03,pat_cagr_10y,INSUFFICIENT
SBILIFE,2016-03,eps_cagr_5y,INSUFFICIENT
SBILIFE,2016-03,eps_cagr_10y,INSUFFICIENT
SBILIFE,2017-03,revenue_cagr_5y,INSUFFICIENT
SBILIFE,2017-03,revenue_cagr_10y,INSUFFICIENT
SBILIFE,2017-03,pat_cagr_5y,INSUFFICIENT
SBILIFE,2017-03,pat_cagr_10y,INSUFFICIENT
SBILIFE,2017-03,eps_cagr_5y,INSUFFICIENT
SBILIFE,2017-03,eps_cagr_10y,INSUFFICIENT
SBILIFE,2018-03,revenue_cagr_10y,INSUFFICIENT
SBILIFE,2018-03,pat_cagr_10y,INSUFFICIENT
SBILIFE,2018-03,eps_cagr_10y,INSUFFICIENT
SBILIFE,2019-03,revenue_cagr_10y,INSUFFICIENT
SBILIFE,2019-03,pat_cagr_10y,INSUFFICIENT
SBILIFE,2019-03,eps_cagr_10y,INSUFFICIENT
SBILIFE,2020-03,interest_coverage,Debt Free
SBILIFE,2020-03,revenue_cagr_10y,INSUFFICIENT
SBILIFE,2020-03,pat_cagr_10y,INSUFFICIENT
SBILIFE,2020-03,eps_cagr_10y,INSUFFICIENT
SBILIFE,2021-03,interest_coverage,Debt Free
SBILIFE,2021-03,revenue_cagr_10y,INSUFFICIENT
SBILIFE,2021-03,pat_cagr_10y,INSUFFICIENT
SBILIFE,2021-03,eps_cagr_10y,INSUFFICIENT
SBILIFE,2022-03,interest_coverage,Debt Free
SBILIFE,2022-03,revenue_cagr_10y,INSUFFICIENT
SBILIFE,2022-03,pat_cagr_10y,INSUFFICIENT
SBILIFE,2022-03,eps_cagr_10y,INSUFFICIENT
SBIN,2013-03,return_on_equity_pct,NON_POSITIVE_OR_MISSING_EQUITY
SBIN,2013-03,revenue_cagr_3y,INSUFFICIENT
SBIN,2013-03,revenue_cagr_5y,INSUFFICIENT
SBIN,2013-03,revenue_cagr_10y,INSUFFICIENT
SBIN,2013-03,pat_cagr_3y,INSUFFICIENT
SBIN,2013-03,pat_cagr_5y,INSUFFICIENT
SBIN,2013-03,pat_cagr_10y,INSUFFICIENT
SBIN,2013-03,eps_cagr_3y,INSUFFICIENT
SBIN,2013-03,eps_cagr_5y,INSUFFICIENT
SBIN,2013-03,eps_cagr_10y,INSUFFICIENT
SBIN,2014-03,return_on_equity_pct,NON_POSITIVE_OR_MISSING_EQUITY
SBIN,2014-03,revenue_cagr_3y,INSUFFICIENT
SBIN,2014-03,revenue_cagr_5y,INSUFFICIENT
SBIN,2014-03,revenue_cagr_10y,INSUFFICIENT
SBIN,2014-03,pat_cagr_3y,INSUFFICIENT
SBIN,2014-03,pat_cagr_5y,INSUFFICIENT
SBIN,2014-03,pat_cagr_10y,INSUFFICIENT
SBIN,2014-03,eps_cagr_3y,INSUFFICIENT
SBIN,2014-03,eps_cagr_5y,INSUFFICIENT
SBIN,2014-03,eps_cagr_10y,INSUFFICIENT
SBIN,2015-03,return_on_equity_pct,NON_POSITIVE_OR_MISSING_EQUITY
SBIN,2015-03,revenue_cagr_3y,INSUFFICIENT
SBIN,2015-03,revenue_cagr_5y,INSUFFICIENT
SBIN,2015-03,revenue_cagr_10y,INSUFFICIENT
SBIN,2015-03,pat_cagr_3y,INSUFFICIENT
SBIN,2015-03,pat_cagr_5y,INSUFFICIENT
SBIN,2015-03,pat_cagr_10y,INSUFFICIENT
SBIN,2015-03,eps_cagr_3y,INSUFFICIENT
SBIN,2015-03,eps_cagr_5y,INSUFFICIENT
SBIN,2015-03,eps_cagr_10y,INSUFFICIENT
SBIN,2016-03,return_on_equity_pct,NON_POSITIVE_OR_MISSING_EQUITY
SBIN,2016-03,revenue_cagr_5y,INSUFFICIENT
SBIN,2016-03,revenue_cagr_10y,INSUFFICIENT
SBIN,2016-03,pat_cagr_5y,INSUFFICIENT
SBIN,2016-03,pat_cagr_10y,INSUFFICIENT
SBIN,2016-03,eps_cagr_5y,INSUFFICIENT
SBIN,2016-03,eps_cagr_10y,INSUFFICIENT
SBIN,2017-03,return_on_equity_pct,NON_POSITIVE_OR_MISSING_EQUITY
SBIN,2017-03,revenue_cagr_5y,INSUFFICIENT
SBIN,2017-03,revenue_cagr_10y,INSUFFICIENT
SBIN,2017-03,pat_cagr_3y,DECLINE_TO_LOSS
SBIN,2017-03,pat_cagr_5y,INSUFFICIENT
SBIN,2017-03,pat_cagr_10y,INSUFFICIENT
SBIN,2017-03,eps_cagr_5y,INSUFFICIENT
SBIN,2017-03,eps_cagr_10y,INSUFFICIENT
SBIN,2018-03,return_on_equity_pct,NON_POSITIVE_OR_MISSING_EQUITY
SBIN,2018-03,revenue_cagr_10y,INSUFFICIENT
SBIN,2018-03,pat_cagr_3y,DECLINE_TO_LOSS
SBIN,2018-03,pat_cagr_5y,DECLINE_TO_LOSS
SBIN,2018-03,pat_cagr_10y,INSUFFICIENT
SBIN,2018-03,eps_cagr_3y,DECLINE_TO_LOSS
SBIN,2018-03,eps_cagr_5y,DECLINE_TO_LOSS
SBIN,2018-03,eps_cagr_10y,INSUFFICIENT
SBIN,2019-03,return_on_equity_pct,NON_POSITIVE_OR_MISSING_EQUITY
SBIN,2019-03,revenue_cagr_10y,INSUFFICIENT
SBIN,2019-03,pat_cagr_10y,INSUFFICIENT
SBIN,2019-03,eps_cagr_10y,INSUFFICIENT
SBIN,2020-03,return_on_equity_pct,NON_POSITIVE_OR_MISSING_EQUITY
SBIN,2020-03,revenue_cagr_10y,INSUFFICIENT
SBIN,2020-03,pat_cagr_3y,TURNAROUND
SBIN,2020-03,pat_cagr_10y,INSUFFICIENT
SBIN,2020-03,eps_cagr_3y,ZERO_BASE
SBIN,2020-03,eps_cagr_10y,INSUFFICIENT
SBIN,2021-03,return_on_equity_pct,NON_POSITIVE_OR_MISSING_EQUITY
SBIN,2021-03,revenue_cagr_10y,INSUFFICIENT
SBIN,2021-03,pat_cagr_3y,TURNAROUND
SBIN,2021-03,pat_cagr_10y,INSUFFICIENT
SBIN,2021-03,eps_cagr_3y,TURNAROUND
SBIN,2021-03,eps_cagr_10y,INSUFFICIENT
SBIN,2022-03,return_on_equity_pct,NON_POSITIVE_OR_MISSING_EQUITY
SBIN,2022-03,revenue_cagr_10y,INSUFFICIENT
SBIN,2022-03,pat_cagr_5y,TURNAROUND
SBIN,2022-03,pat_cagr_10y,INSUFFICIENT
SBIN,2022-03,eps_cagr_5y,ZERO_BASE
SBIN,2022-03,eps_cagr_10y,INSUFFICIENT
SBIN,2023-03,return_on_equity_pct,NON_POSITIVE_OR_MISSING_EQUITY
SBIN,2023-03,pat_cagr_5y,TURNAROUND
SBIN,2023-03,eps_cagr_5y,TURNAROUND
SBIN,2024-03,return_on_equity_pct,NON_POSITIVE_OR_MISSING_EQUITY
SHREECEM,2013-06,revenue_cagr_3y,INSUFFICIENT
SHREECEM,2013-06,revenue_cagr_5y,INSUFFICIENT
SHREECEM,2013-06,revenue_cagr_10y,INSUFFICIENT
SHREECEM,2013-06,pat_cagr_3y,INSUFFICIENT
SHREECEM,2013-06,pat_cagr_5y,INSUFFICIENT
SHREECEM,2013-06,pat_cagr_10y,INSUFFICIENT
SHREECEM,2013-06,eps_cagr_3y,INSUFFICIENT
SHREECEM,2013-06,eps_cagr_5y,INSUFFICIENT
SHREECEM,2013-06,eps_cagr_10y,INSUFFICIENT
SHREECEM,2014-06,revenue_cagr_3y,INSUFFICIENT
SHREECEM,2014-06,revenue_cagr_5y,INSUFFICIENT
SHREECEM,2014-06,revenue_cagr_10y,INSUFFICIENT
SHREECEM,2014-06,pat_cagr_3y,INSUFFICIENT
SHREECEM,2014-06,pat_cagr_5y,INSUFFICIENT
SHREECEM,2014-06,pat_cagr_10y,INSUFFICIENT
SHREECEM,2014-06,eps_cagr_3y,INSUFFICIENT
SHREECEM,2014-06,eps_cagr_5y,INSUFFICIENT
SHREECEM,2014-06,eps_cagr_10y,INSUFFICIENT
SHREECEM,2015-06,revenue_cagr_3y,INSUFFICIENT
SHREECEM,2015-06,revenue_cagr_5y,INSUFFICIENT
SHREECEM,2015-06,revenue_cagr_10y,INSUFFICIENT
SHREECEM,2015-06,pat_cagr_3y,INSUFFICIENT
SHREECEM,2015-06,pat_cagr_5y,INSUFFICIENT
SHREECEM,2015-06,pat_cagr_10y,INSUFFICIENT
SHREECEM,2015-06,eps_cagr_3y,INSUFFICIENT
SHREECEM,2015-06,eps_cagr_5y,INSUFFICIENT
SHREECEM,2015-06,eps_cagr_10y,INSUFFICIENT
SHREECEM,2016-03,revenue_cagr_5y,INSUFFICIENT
SHREECEM,2016-03,revenue_cagr_10y,INSUFFICIENT
SHREECEM,2016-03,pat_cagr_5y,INSUFFICIENT
SHREECEM,2016-03,pat_cagr_10y,INSUFFICIENT
SHREECEM,2016-03,eps_cagr_5y,INSUFFICIENT
SHREECEM,2016-03,eps_cagr_10y,INSUFFICIENT
SHREECEM,2017-03,revenue_cagr_5y,INSUFFICIENT
SHREECEM,2017-03,revenue_cagr_10y,INSUFFICIENT
SHREECEM,2017-03,pat_cagr_5y,INSUFFICIENT
SHREECEM,2017-03,pat_cagr_10y,INSUFFICIENT
SHREECEM,2017-03,eps_cagr_5y,INSUFFICIENT
SHREECEM,2017-03,eps_cagr_10y,INSUFFICIENT
SHREECEM,2018-03,revenue_cagr_10y,INSUFFICIENT
SHREECEM,2018-03,pat_cagr_10y,INSUFFICIENT
SHREECEM,2018-03,eps_cagr_10y,INSUFFICIENT
SHREECEM,2019-03,revenue_cagr_10y,INSUFFICIENT
SHREECEM,2019-03,pat_cagr_10y,INSUFFICIENT
SHREECEM,2019-03,eps_cagr_10y,INSUFFICIENT
SHREECEM,2020-03,revenue_cagr_10y,INSUFFICIENT
SHREECEM,2020-03,pat_cagr_10y,INSUFFICIENT
SHREECEM,2020-03,eps_cagr_10y,INSUFFICIENT
SHREECEM,2021-03,revenue_cagr_10y,INSUFFICIENT
SHREECEM,2021-03,pat_cagr_10y,INSUFFICIENT
SHREECEM,2021-03,eps_cagr_10y,INSUFFICIENT
SHREECEM,2022-03,revenue_cagr_10y,INSUFFICIENT
SHREECEM,2022-03,pat_cagr_10y,INSUFFICIENT
SHREECEM,2022-03,eps_cagr_10y,INSUFFICIENT
SHRIRAMFIN,2013-03,revenue_cagr_3y,INSUFFICIENT
SHRIRAMFIN,2013-03,revenue_cagr_5y,INSUFFICIENT
SHRIRAMFIN,2013-03,revenue_cagr_10y,INSUFFICIENT
SHRIRAMFIN,2013-03,pat_cagr_3y,INSUFFICIENT
SHRIRAMFIN,2013-03,pat_cagr_5y,INSUFFICIENT
SHRIRAMFIN,2013-03,pat_cagr_10y,INSUFFICIENT
SHRIRAMFIN,2013-03,eps_cagr_3y,INSUFFICIENT
SHRIRAMFIN,2013-03,eps_cagr_5y,INSUFFICIENT
SHRIRAMFIN,2013-03,eps_cagr_10y,INSUFFICIENT
SHRIRAMFIN,2014-03,revenue_cagr_3y,INSUFFICIENT
SHRIRAMFIN,2014-03,revenue_cagr_5y,INSUFFICIENT
SHRIRAMFIN,2014-03,revenue_cagr_10y,INSUFFICIENT
SHRIRAMFIN,2014-03,pat_cagr_3y,INSUFFICIENT
SHRIRAMFIN,2014-03,pat_cagr_5y,INSUFFICIENT
SHRIRAMFIN,2014-03,pat_cagr_10y,INSUFFICIENT
SHRIRAMFIN,2014-03,eps_cagr_3y,INSUFFICIENT
SHRIRAMFIN,2014-03,eps_cagr_5y,INSUFFICIENT
SHRIRAMFIN,2014-03,eps_cagr_10y,INSUFFICIENT
SHRIRAMFIN,2015-03,revenue_cagr_3y,INSUFFICIENT
SHRIRAMFIN,2015-03,revenue_cagr_5y,INSUFFICIENT
SHRIRAMFIN,2015-03,revenue_cagr_10y,INSUFFICIENT
SHRIRAMFIN,2015-03,pat_cagr_3y,INSUFFICIENT
SHRIRAMFIN,2015-03,pat_cagr_5y,INSUFFICIENT
SHRIRAMFIN,2015-03,pat_cagr_10y,INSUFFICIENT
SHRIRAMFIN,2015-03,eps_cagr_3y,INSUFFICIENT
SHRIRAMFIN,2015-03,eps_cagr_5y,INSUFFICIENT
SHRIRAMFIN,2015-03,eps_cagr_10y,INSUFFICIENT
SHRIRAMFIN,2016-03,revenue_cagr_5y,INSUFFICIENT
SHRIRAMFIN,2016-03,revenue_cagr_10y,INSUFFICIENT
SHRIRAMFIN,2016-03,pat_cagr_5y,INSUFFICIENT
SHRIRAMFIN,2016-03,pat_cagr_10y,INSUFFICIENT
SHRIRAMFIN,2016-03,eps_cagr_5y,INSUFFICIENT
SHRIRAMFIN,2016-03,eps_cagr_10y,INSUFFICIENT
SHRIRAMFIN,2017-03,revenue_cagr_5y,INSUFFICIENT
SHRIRAMFIN,2017-03,revenue_cagr_10y,INSUFFICIENT
SHRIRAMFIN,2017-03,pat_cagr_5y,INSUFFICIENT
SHRIRAMFIN,2017-03,pat_cagr_10y,INSUFFICIENT
SHRIRAMFIN,2017-03,eps_cagr_5y,INSUFFICIENT
SHRIRAMFIN,2017-03,eps_cagr_10y,INSUFFICIENT
SHRIRAMFIN,2018-03,revenue_cagr_10y,INSUFFICIENT
SHRIRAMFIN,2018-03,pat_cagr_10y,INSUFFICIENT
SHRIRAMFIN,2018-03,eps_cagr_10y,INSUFFICIENT
SHRIRAMFIN,2019-03,revenue_cagr_10y,INSUFFICIENT
SHRIRAMFIN,2019-03,pat_cagr_10y,INSUFFICIENT
SHRIRAMFIN,2019-03,eps_cagr_10y,INSUFFICIENT
SHRIRAMFIN,2020-03,revenue_cagr_10y,INSUFFICIENT
SHRIRAMFIN,2020-03,pat_cagr_10y,INSUFFICIENT
SHRIRAMFIN,2020-03,eps_cagr_10y,INSUFFICIENT
SHRIRAMFIN,2021-03,revenue_cagr_10y,INSUFFICIENT
SHRIRAMFIN,2021-03,pat_cagr_10y,INSUFFICIENT
SHRIRAMFIN,2021-03,eps_cagr_10y,INSUFFICIENT
SHRIRAMFIN,2022-03,revenue_cagr_10y,INSUFFICIENT
SHRIRAMFIN,2022-03,pat_cagr_10y,INSUFFICIENT
SHRIRAMFIN,2022-03,eps_cagr_10y,INSUFFICIENT
SIEMENS,2011-09,revenue_cagr_3y,INSUFFICIENT
SIEMENS,2011-09,revenue_cagr_5y,INSUFFICIENT
SIEMENS,2011-09,revenue_cagr_10y,INSUFFICIENT
SIEMENS,2011-09,pat_cagr_3y,INSUFFICIENT
SIEMENS,2011-09,pat_cagr_5y,INSUFFICIENT
SIEMENS,2011-09,pat_cagr_10y,INSUFFICIENT
SIEMENS,2011-09,eps_cagr_3y,INSUFFICIENT
SIEMENS,2011-09,eps_cagr_5y,INSUFFICIENT
SIEMENS,2011-09,eps_cagr_10y,INSUFFICIENT
SIEMENS,2014-09,revenue_cagr_3y,INSUFFICIENT
SIEMENS,2014-09,revenue_cagr_5y,INSUFFICIENT
SIEMENS,2014-09,revenue_cagr_10y,INSUFFICIENT
SIEMENS,2014-09,pat_cagr_3y,INSUFFICIENT
SIEMENS,2014-09,pat_cagr_5y,INSUFFICIENT
SIEMENS,2014-09,pat_cagr_10y,INSUFFICIENT
SIEMENS,2014-09,eps_cagr_3y,INSUFFICIENT
SIEMENS,2014-09,eps_cagr_5y,INSUFFICIENT
SIEMENS,2014-09,eps_cagr_10y,INSUFFICIENT
SIEMENS,2015-09,revenue_cagr_3y,INSUFFICIENT
SIEMENS,2015-09,revenue_cagr_5y,INSUFFICIENT
SIEMENS,2015-09,revenue_cagr_10y,INSUFFICIENT
SIEMENS,2015-09,pat_cagr_3y,INSUFFICIENT
SIEMENS,2015-09,pat_cagr_5y,INSUFFICIENT
SIEMENS,2015-09,pat_cagr_10y,INSUFFICIENT
SIEMENS,2015-09,eps_cagr_3y,INSUFFICIENT
SIEMENS,2015-09,eps_cagr_5y,INSUFFICIENT
SIEMENS,2015-09,eps_cagr_10y,INSUFFICIENT
SIEMENS,2016-09,revenue_cagr_5y,INSUFFICIENT
SIEMENS,2016-09,revenue_cagr_10y,INSUFFICIENT
SIEMENS,2016-09,pat_cagr_5y,INSUFFICIENT
SIEMENS,2016-09,pat_cagr_10y,INSUFFICIENT
SIEMENS,2016-09,eps_cagr_3y,INSUFFICIENT
SIEMENS,2016-09,eps_cagr_5y,INSUFFICIENT
SIEMENS,2016-09,eps_cagr_10y,INSUFFICIENT
SIEMENS,2017-09,revenue_cagr_5y,INSUFFICIENT
SIEMENS,2017-09,revenue_cagr_10y,INSUFFICIENT
SIEMENS,2017-09,pat_cagr_5y,INSUFFICIENT
SIEMENS,2017-09,pat_cagr_10y,INSUFFICIENT
SIEMENS,2017-09,eps_cagr_5y,INSUFFICIENT
SIEMENS,2017-09,eps_cagr_10y,INSUFFICIENT
SIEMENS,2018-09,revenue_cagr_10y,INSUFFICIENT
SIEMENS,2018-09,pat_cagr_10y,INSUFFICIENT
SIEMENS,2018-09,eps_cagr_5y,INSUFFICIENT
SIEMENS,2018-09,eps_cagr_10y,INSUFFICIENT
SIEMENS,2019-09,revenue_cagr_10y,INSUFFICIENT
SIEMENS,2019-09,pat_cagr_10y,INSUFFICIENT
SIEMENS,2019-09,eps_cagr_10y,INSUFFICIENT
SIEMENS,2020-09,revenue_cagr_10y,INSUFFICIENT
SIEMENS,2020-09,pat_cagr_10y,INSUFFICIENT
SIEMENS,2020-09,eps_cagr_10y,INSUFFICIENT
SIEMENS,2021-09,revenue_cagr_10y,INSUFFICIENT
SIEMENS,2021-09,pat_cagr_10y,INSUFFICIENT
SIEMENS,2021-09,eps_cagr_10y,INSUFFICIENT
SIEMENS,2022-09,revenue_cagr_10y,INSUFFICIENT
SIEMENS,2022-09,pat_cagr_10y,INSUFFICIENT
SIEMENS,2022-09,eps_cagr_10y,INSUFFICIENT
SIEMENS,2023-09,eps_cagr_10y,INSUFFICIENT
SUNPHARMA,2013-03,revenue_cagr_3y,INSUFFICIENT
SUNPHARMA,2013-03,revenue_cagr_5y,INSUFFICIENT
SUNPHARMA,2013-03,revenue_cagr_10y,INSUFFICIENT
SUNPHARMA,2013-03,pat_cagr_3y,INSUFFICIENT
SUNPHARMA,2013-03,pat_cagr_5y,INSUFFICIENT
SUNPHARMA,2013-03,pat_cagr_10y,INSUFFICIENT
SUNPHARMA,2013-03,eps_cagr_3y,INSUFFICIENT
SUNPHARMA,2013-03,eps_cagr_5y,INSUFFICIENT
SUNPHARMA,2013-03,eps_cagr_10y,INSUFFICIENT
SUNPHARMA,2014-03,revenue_cagr_3y,INSUFFICIENT
SUNPHARMA,2014-03,revenue_cagr_5y,INSUFFICIENT
SUNPHARMA,2014-03,revenue_cagr_10y,INSUFFICIENT
SUNPHARMA,2014-03,pat_cagr_3y,INSUFFICIENT
SUNPHARMA,2014-03,pat_cagr_5y,INSUFFICIENT
SUNPHARMA,2014-03,pat_cagr_10y,INSUFFICIENT
SUNPHARMA,2014-03,eps_cagr_3y,INSUFFICIENT
SUNPHARMA,2014-03,eps_cagr_5y,INSUFFICIENT
SUNPHARMA,2014-03,eps_cagr_10y,INSUFFICIENT
SUNPHARMA,2015-03,revenue_cagr_3y,INSUFFICIENT
SUNPHARMA,2015-03,revenue_cagr_5y,INSUFFICIENT
SUNPHARMA,2015-03,revenue_cagr_10y,INSUFFICIENT
SUNPHARMA,2015-03,pat_cagr_3y,INSUFFICIENT
SUNPHARMA,2015-03,pat_cagr_5y,INSUFFICIENT
SUNPHARMA,2015-03,pat_cagr_10y,INSUFFICIENT
SUNPHARMA,2015-03,eps_cagr_3y,INSUFFICIENT
SUNPHARMA,2015-03,eps_cagr_5y,INSUFFICIENT
SUNPHARMA,2015-03,eps_cagr_10y,INSUFFICIENT
SUNPHARMA,2016-03,revenue_cagr_5y,INSUFFICIENT
SUNPHARMA,2016-03,revenue_cagr_10y,INSUFFICIENT
SUNPHARMA,2016-03,pat_cagr_5y,INSUFFICIENT
SUNPHARMA,2016-03,pat_cagr_10y,INSUFFICIENT
SUNPHARMA,2016-03,eps_cagr_5y,INSUFFICIENT
SUNPHARMA,2016-03,eps_cagr_10y,INSUFFICIENT
SUNPHARMA,2017-03,revenue_cagr_5y,INSUFFICIENT
SUNPHARMA,2017-03,revenue_cagr_10y,INSUFFICIENT
SUNPHARMA,2017-03,pat_cagr_5y,INSUFFICIENT
SUNPHARMA,2017-03,pat_cagr_10y,INSUFFICIENT
SUNPHARMA,2017-03,eps_cagr_5y,INSUFFICIENT
SUNPHARMA,2017-03,eps_cagr_10y,INSUFFICIENT
SUNPHARMA,2018-03,revenue_cagr_10y,INSUFFICIENT
SUNPHARMA,2018-03,pat_cagr_10y,INSUFFICIENT
SUNPHARMA,2018-03,eps_cagr_10y,INSUFFICIENT
SUNPHARMA,2019-03,revenue_cagr_10y,INSUFFICIENT
SUNPHARMA,2019-03,pat_cagr_10y,INSUFFICIENT
SUNPHARMA,2019-03,eps_cagr_10y,INSUFFICIENT
SUNPHARMA,2020-03,revenue_cagr_10y,INSUFFICIENT
SUNPHARMA,2020-03,pat_cagr_10y,INSUFFICIENT
SUNPHARMA,2020-03,eps_cagr_10y,INSUFFICIENT
SUNPHARMA,2021-03,revenue_cagr_10y,INSUFFICIENT
SUNPHARMA,2021-03,pat_cagr_10y,INSUFFICIENT
SUNPHARMA,2021-03,eps_cagr_10y,INSUFFICIENT
SUNPHARMA,2022-03,revenue_cagr_10y,INSUFFICIENT
SUNPHARMA,2022-03,pat_cagr_10y,INSUFFICIENT
SUNPHARMA,2022-03,eps_cagr_10y,INSUFFICIENT
TATACONSUM,2013-03,revenue_cagr_3y,INSUFFICIENT
TATACONSUM,2013-03,revenue_cagr_5y,INSUFFICIENT
TATACONSUM,2013-03,revenue_cagr_10y,INSUFFICIENT
TATACONSUM,2013-03,pat_cagr_3y,INSUFFICIENT
TATACONSUM,2013-03,pat_cagr_5y,INSUFFICIENT
TATACONSUM,2013-03,pat_cagr_10y,INSUFFICIENT
TATACONSUM,2013-03,eps_cagr_3y,INSUFFICIENT
TATACONSUM,2013-03,eps_cagr_5y,INSUFFICIENT
TATACONSUM,2013-03,eps_cagr_10y,INSUFFICIENT
TATACONSUM,2014-03,revenue_cagr_3y,INSUFFICIENT
TATACONSUM,2014-03,revenue_cagr_5y,INSUFFICIENT
TATACONSUM,2014-03,revenue_cagr_10y,INSUFFICIENT
TATACONSUM,2014-03,pat_cagr_3y,INSUFFICIENT
TATACONSUM,2014-03,pat_cagr_5y,INSUFFICIENT
TATACONSUM,2014-03,pat_cagr_10y,INSUFFICIENT
TATACONSUM,2014-03,eps_cagr_3y,INSUFFICIENT
TATACONSUM,2014-03,eps_cagr_5y,INSUFFICIENT
TATACONSUM,2014-03,eps_cagr_10y,INSUFFICIENT
TATACONSUM,2015-03,revenue_cagr_3y,INSUFFICIENT
TATACONSUM,2015-03,revenue_cagr_5y,INSUFFICIENT
TATACONSUM,2015-03,revenue_cagr_10y,INSUFFICIENT
TATACONSUM,2015-03,pat_cagr_3y,INSUFFICIENT
TATACONSUM,2015-03,pat_cagr_5y,INSUFFICIENT
TATACONSUM,2015-03,pat_cagr_10y,INSUFFICIENT
TATACONSUM,2015-03,eps_cagr_3y,INSUFFICIENT
TATACONSUM,2015-03,eps_cagr_5y,INSUFFICIENT
TATACONSUM,2015-03,eps_cagr_10y,INSUFFICIENT
TATACONSUM,2016-03,revenue_cagr_5y,INSUFFICIENT
TATACONSUM,2016-03,revenue_cagr_10y,INSUFFICIENT
TATACONSUM,2016-03,pat_cagr_3y,DECLINE_TO_LOSS
TATACONSUM,2016-03,pat_cagr_5y,INSUFFICIENT
TATACONSUM,2016-03,pat_cagr_10y,INSUFFICIENT
TATACONSUM,2016-03,eps_cagr_5y,INSUFFICIENT
TATACONSUM,2016-03,eps_cagr_10y,INSUFFICIENT
TATACONSUM,2017-03,revenue_cagr_5y,INSUFFICIENT
TATACONSUM,2017-03,revenue_cagr_10y,INSUFFICIENT
TATACONSUM,2017-03,pat_cagr_5y,INSUFFICIENT
TATACONSUM,2017-03,pat_cagr_10y,INSUFFICIENT
TATACONSUM,2017-03,eps_cagr_5y,INSUFFICIENT
TATACONSUM,2017-03,eps_cagr_10y,INSUFFICIENT
TATACONSUM,2018-03,revenue_cagr_10y,INSUFFICIENT
TATACONSUM,2018-03,pat_cagr_10y,INSUFFICIENT
TATACONSUM,2018-03,eps_cagr_10y,INSUFFICIENT
TATACONSUM,2019-03,revenue_cagr_10y,INSUFFICIENT
TATACONSUM,2019-03,pat_cagr_3y,TURNAROUND
TATACONSUM,2019-03,pat_cagr_10y,INSUFFICIENT
TATACONSUM,2019-03,eps_cagr_3y,ZERO_BASE
TATACONSUM,2019-03,eps_cagr_10y,INSUFFICIENT
TATACONSUM,2020-03,revenue_cagr_10y,INSUFFICIENT
TATACONSUM,2020-03,pat_cagr_10y,INSUFFICIENT
TATACONSUM,2020-03,eps_cagr_10y,INSUFFICIENT
TATACONSUM,2021-03,revenue_cagr_10y,INSUFFICIENT
TATACONSUM,2021-03,pat_cagr_5y,TURNAROUND
TATACONSUM,2021-03,pat_cagr_10y,INSUFFICIENT
TATACONSUM,2021-03,eps_cagr_5y,ZERO_BASE
TATACONSUM,2021-03,eps_cagr_10y,INSUFFICIENT
TATACONSUM,2022-03,revenue_cagr_10y,INSUFFICIENT
TATACONSUM,2022-03,pat_cagr_10y,INSUFFICIENT
TATACONSUM,2022-03,eps_cagr_10y,INSUFFICIENT
TATAMOTORS,2013-03,revenue_cagr_3y,INSUFFICIENT
TATAMOTORS,2013-03,revenue_cagr_5y,INSUFFICIENT
TATAMOTORS,2013-03,revenue_cagr_10y,INSUFFICIENT
TATAMOTORS,2013-03,pat_cagr_3y,INSUFFICIENT
TATAMOTORS,2013-03,pat_cagr_5y,INSUFFICIENT
TATAMOTORS,2013-03,pat_cagr_10y,INSUFFICIENT
TATAMOTORS,2013-03,eps_cagr_3y,INSUFFICIENT
TATAMOTORS,2013-03,eps_cagr_5y,INSUFFICIENT
TATAMOTORS,2013-03,eps_cagr_10y,INSUFFICIENT
TATAMOTORS,2014-03,revenue_cagr_3y,INSUFFICIENT
TATAMOTORS,2014-03,revenue_cagr_5y,INSUFFICIENT
TATAMOTORS,2014-03,revenue_cagr_10y,INSUFFICIENT
TATAMOTORS,2014-03,pat_cagr_3y,INSUFFICIENT
TATAMOTORS,2014-03,pat_cagr_5y,INSUFFICIENT
TATAMOTORS,2014-03,pat_cagr_10y,INSUFFICIENT
TATAMOTORS,2014-03,eps_cagr_3y,INSUFFICIENT
TATAMOTORS,2014-03,eps_cagr_5y,INSUFFICIENT
TATAMOTORS,2014-03,eps_cagr_10y,INSUFFICIENT
TATAMOTORS,2015-03,revenue_cagr_3y,INSUFFICIENT
TATAMOTORS,2015-03,revenue_cagr_5y,INSUFFICIENT
TATAMOTORS,2015-03,revenue_cagr_10y,INSUFFICIENT
TATAMOTORS,2015-03,pat_cagr_3y,INSUFFICIENT
TATAMOTORS,2015-03,pat_cagr_5y,INSUFFICIENT
TATAMOTORS,2015-03,pat_cagr_10y,INSUFFICIENT
TATAMOTORS,2015-03,eps_cagr_3y,INSUFFICIENT
TATAMOTORS,2015-03,eps_cagr_5y,INSUFFICIENT
TATAMOTORS,2015-03,eps_cagr_10y,INSUFFICIENT
TATAMOTORS,2016-03,revenue_cagr_5y,INSUFFICIENT
TATAMOTORS,2016-03,revenue_cagr_10y,INSUFFICIENT
TATAMOTORS,2016-03,pat_cagr_5y,INSUFFICIENT
TATAMOTORS,2016-03,pat_cagr_10y,INSUFFICIENT
TATAMOTORS,2016-03,eps_cagr_5y,INSUFFICIENT
TATAMOTORS,2016-03,eps_cagr_10y,INSUFFICIENT
TATAMOTORS,2017-03,revenue_cagr_5y,INSUFFICIENT
TATAMOTORS,2017-03,revenue_cagr_10y,INSUFFICIENT
TATAMOTORS,2017-03,pat_cagr_5y,INSUFFICIENT
TATAMOTORS,2017-03,pat_cagr_10y,INSUFFICIENT
TATAMOTORS,2017-03,eps_cagr_5y,INSUFFICIENT
TATAMOTORS,2017-03,eps_cagr_10y,INSUFFICIENT
TATAMOTORS,2018-03,revenue_cagr_10y,INSUFFICIENT
TATAMOTORS,2018-03,pat_cagr_10y,INSUFFICIENT
TATAMOTORS,2018-03,eps_cagr_10y,INSUFFICIENT
TATAMOTORS,2019-03,revenue_cagr_10y,INSUFFICIENT
TATAMOTORS,2019-03,pat_cagr_3y,DECLINE_TO_LOSS
TATAMOTORS,2019-03,pat_cagr_5y,DECLINE_TO_LOSS
TATAMOTORS,2019-03,pat_cagr_10y,INSUFFICIENT
TATAMOTORS,2019-03,eps_cagr_3y,DECLINE_TO_LOSS
TATAMOTORS,2019-03,eps_cagr_5y,DECLINE_TO_LOSS
TATAMOTORS,2019-03,eps_cagr_10y,INSUFFICIENT
TATAMOTORS,2020-03,revenue_cagr_10y,INSUFFICIENT
TATAMOTORS,2020-03,pat_cagr_3y,DECLINE_TO_LOSS
TATAMOTORS,2020-03,pat_cagr_5y,DECLINE_TO_LOSS
TATAMOTORS,2020-03,pat_cagr_10y,INSUFFICIENT
TATAMOTORS,2020-03,eps_cagr_3y,DECLINE_TO_LOSS
TATAMOTORS,2020-03,eps_cagr_5y,DECLINE_TO_LOSS
TATAMOTORS,2020-03,eps_cagr_10y,INSUFFICIENT
TATAMOTORS,2021-03,revenue_cagr_10y,INSUFFICIENT
TATAMOTORS,2021-03,pat_cagr_3y,DECLINE_TO_LOSS
TATAMOTORS,2021-03,pat_cagr_5y,DECLINE_TO_LOSS
TATAMOTORS,2021-03,pat_cagr_10y,INSUFFICIENT
TATAMOTORS,2021-03,eps_cagr_3y,DECLINE_TO_LOSS
TATAMOTORS,2021-03,eps_cagr_5y,DECLINE_TO_LOSS
TATAMOTORS,2021-03,eps_cagr_10y,INSUFFICIENT
TATAMOTORS,2022-03,revenue_cagr_10y,INSUFFICIENT
TATAMOTORS,2022-03,pat_cagr_3y,BOTH_NEGATIVE
TATAMOTORS,2022-03,pat_cagr_5y,DECLINE_TO_LOSS
TATAMOTORS,2022-03,pat_cagr_10y,INSUFFICIENT
TATAMOTORS,2022-03,eps_cagr_3y,BOTH_NEGATIVE
TATAMOTORS,2022-03,eps_cagr_5y,DECLINE_TO_LOSS
TATAMOTORS,2022-03,eps_cagr_10y,INSUFFICIENT
TATAMOTORS,2023-03,pat_cagr_3y,TURNAROUND
TATAMOTORS,2023-03,eps_cagr_3y,TURNAROUND
TATAMOTORS,2024-03,pat_cagr_3y,TURNAROUND
TATAMOTORS,2024-03,pat_cagr_5y,TURNAROUND
TATAMOTORS,2024-03,eps_cagr_3y,TURNAROUND
TATAMOTORS,2024-03,eps_cagr_5y,TURNAROUND
TATAPOWER,2013-03,revenue_cagr_3y,INSUFFICIENT
TATAPOWER,2013-03,revenue_cagr_5y,INSUFFICIENT
TATAPOWER,2013-03,revenue_cagr_10y,INSUFFICIENT
TATAPOWER,2013-03,pat_cagr_3y,INSUFFICIENT
TATAPOWER,2013-03,pat_cagr_5y,INSUFFICIENT
TATAPOWER,2013-03,pat_cagr_10y,INSUFFICIENT
TATAPOWER,2013-03,eps_cagr_3y,INSUFFICIENT
TATAPOWER,2013-03,eps_cagr_5y,INSUFFICIENT
TATAPOWER,2013-03,eps_cagr_10y,INSUFFICIENT
TATAPOWER,2014-03,revenue_cagr_3y,INSUFFICIENT
TATAPOWER,2014-03,revenue_cagr_5y,INSUFFICIENT
TATAPOWER,2014-03,revenue_cagr_10y,INSUFFICIENT
TATAPOWER,2014-03,pat_cagr_3y,INSUFFICIENT
TATAPOWER,2014-03,pat_cagr_5y,INSUFFICIENT
TATAPOWER,2014-03,pat_cagr_10y,INSUFFICIENT
TATAPOWER,2014-03,eps_cagr_3y,INSUFFICIENT
TATAPOWER,2014-03,eps_cagr_5y,INSUFFICIENT
TATAPOWER,2014-03,eps_cagr_10y,INSUFFICIENT
TATAPOWER,2015-03,revenue_cagr_3y,INSUFFICIENT
TATAPOWER,2015-03,revenue_cagr_5y,INSUFFICIENT
TATAPOWER,2015-03,revenue_cagr_10y,INSUFFICIENT
TATAPOWER,2015-03,pat_cagr_3y,INSUFFICIENT
TATAPOWER,2015-03,pat_cagr_5y,INSUFFICIENT
TATAPOWER,2015-03,pat_cagr_10y,INSUFFICIENT
TATAPOWER,2015-03,eps_cagr_3y,INSUFFICIENT
TATAPOWER,2015-03,eps_cagr_5y,INSUFFICIENT
TATAPOWER,2015-03,eps_cagr_10y,INSUFFICIENT
TATAPOWER,2016-03,revenue_cagr_5y,INSUFFICIENT
TATAPOWER,2016-03,revenue_cagr_10y,INSUFFICIENT
TATAPOWER,2016-03,pat_cagr_5y,INSUFFICIENT
TATAPOWER,2016-03,pat_cagr_10y,INSUFFICIENT
TATAPOWER,2016-03,eps_cagr_3y,ZERO_BASE
TATAPOWER,2016-03,eps_cagr_5y,INSUFFICIENT
TATAPOWER,2016-03,eps_cagr_10y,INSUFFICIENT
TATAPOWER,2017-03,revenue_cagr_5y,INSUFFICIENT
TATAPOWER,2017-03,revenue_cagr_10y,INSUFFICIENT
TATAPOWER,2017-03,pat_cagr_5y,INSUFFICIENT
TATAPOWER,2017-03,pat_cagr_10y,INSUFFICIENT
TATAPOWER,2017-03,eps_cagr_3y,TURNAROUND
TATAPOWER,2017-03,eps_cagr_5y,INSUFFICIENT
TATAPOWER,2017-03,eps_cagr_10y,INSUFFICIENT
TATAPOWER,2018-03,revenue_cagr_10y,INSUFFICIENT
TATAPOWER,2018-03,pat_cagr_10y,INSUFFICIENT
TATAPOWER,2018-03,eps_cagr_5y,ZERO_BASE
TATAPOWER,2018-03,eps_cagr_10y,INSUFFICIENT
TATAPOWER,2019-03,revenue_cagr_10y,INSUFFICIENT
TATAPOWER,2019-03,pat_cagr_10y,INSUFFICIENT
TATAPOWER,2019-03,eps_cagr_5y,TURNAROUND
TATAPOWER,2019-03,eps_cagr_10y,INSUFFICIENT
TATAPOWER,2020-03,revenue_cagr_10y,INSUFFICIENT
TATAPOWER,2020-03,pat_cagr_10y,INSUFFICIENT
TATAPOWER,2020-03,eps_cagr_10y,INSUFFICIENT
TATAPOWER,2021-03,revenue_cagr_10y,INSUFFICIENT
TATAPOWER,2021-03,pat_cagr_10y,INSUFFICIENT
TATAPOWER,2021-03,eps_cagr_10y,INSUFFICIENT
TATAPOWER,2022-03,revenue_cagr_10y,INSUFFICIENT
TATAPOWER,2022-03,pat_cagr_10y,INSUFFICIENT
TATAPOWER,2022-03,eps_cagr_10y,INSUFFICIENT
TATAPOWER,2023-03,eps_cagr_10y,ZERO_BASE
TATAPOWER,2024-03,eps_cagr_10y,TURNAROUND
TATASTEEL,2013-03,revenue_cagr_3y,INSUFFICIENT
TATASTEEL,2013-03,revenue_cagr_5y,INSUFFICIENT
TATASTEEL,2013-03,revenue_cagr_10y,INSUFFICIENT
TATASTEEL,2013-03,pat_cagr_3y,INSUFFICIENT
TATASTEEL,2013-03,pat_cagr_5y,INSUFFICIENT
TATASTEEL,2013-03,pat_cagr_10y,INSUFFICIENT
TATASTEEL,2013-03,eps_cagr_3y,INSUFFICIENT
TATASTEEL,2013-03,eps_cagr_5y,INSUFFICIENT
TATASTEEL,2013-03,eps_cagr_10y,INSUFFICIENT
TATASTEEL,2014-03,revenue_cagr_3y,INSUFFICIENT
TATASTEEL,2014-03,revenue_cagr_5y,INSUFFICIENT
TATASTEEL,2014-03,revenue_cagr_10y,INSUFFICIENT
TATASTEEL,2014-03,pat_cagr_3y,INSUFFICIENT
TATASTEEL,2014-03,pat_cagr_5y,INSUFFICIENT
TATASTEEL,2014-03,pat_cagr_10y,INSUFFICIENT
TATASTEEL,2014-03,eps_cagr_3y,INSUFFICIENT
TATASTEEL,2014-03,eps_cagr_5y,INSUFFICIENT
TATASTEEL,2014-03,eps_cagr_10y,INSUFFICIENT
TATASTEEL,2015-03,revenue_cagr_3y,INSUFFICIENT
TATASTEEL,2015-03,revenue_cagr_5y,INSUFFICIENT
TATASTEEL,2015-03,revenue_cagr_10y,INSUFFICIENT
TATASTEEL,2015-03,pat_cagr_3y,INSUFFICIENT
TATASTEEL,2015-03,pat_cagr_5y,INSUFFICIENT
TATASTEEL,2015-03,pat_cagr_10y,INSUFFICIENT
TATASTEEL,2015-03,eps_cagr_3y,INSUFFICIENT
TATASTEEL,2015-03,eps_cagr_5y,INSUFFICIENT
TATASTEEL,2015-03,eps_cagr_10y,INSUFFICIENT
TATASTEEL,2016-03,revenue_cagr_5y,INSUFFICIENT
TATASTEEL,2016-03,revenue_cagr_10y,INSUFFICIENT
TATASTEEL,2016-03,pat_cagr_3y,BOTH_NEGATIVE
TATASTEEL,2016-03,pat_cagr_5y,INSUFFICIENT
TATASTEEL,2016-03,pat_cagr_10y,INSUFFICIENT
TATASTEEL,2016-03,eps_cagr_3y,BOTH_NEGATIVE
TATASTEEL,2016-03,eps_cagr_5y,INSUFFICIENT
TATASTEEL,2016-03,eps_cagr_10y,INSUFFICIENT
TATASTEEL,2017-03,revenue_cagr_5y,INSUFFICIENT
TATASTEEL,2017-03,revenue_cagr_10y,INSUFFICIENT
TATASTEEL,2017-03,pat_cagr_3y,DECLINE_TO_LOSS
TATASTEEL,2017-03,pat_cagr_5y,INSUFFICIENT
TATASTEEL,2017-03,pat_cagr_10y,INSUFFICIENT
TATASTEEL,2017-03,eps_cagr_3y,DECLINE_TO_LOSS
TATASTEEL,2017-03,eps_cagr_5y,INSUFFICIENT
TATASTEEL,2017-03,eps_cagr_10y,INSUFFICIENT
TATASTEEL,2018-03,revenue_cagr_10y,INSUFFICIENT
TATASTEEL,2018-03,pat_cagr_3y,TURNAROUND
TATASTEEL,2018-03,pat_cagr_5y,TURNAROUND
TATASTEEL,2018-03,pat_cagr_10y,INSUFFICIENT
TATASTEEL,2018-03,eps_cagr_3y,TURNAROUND
TATASTEEL,2018-03,eps_cagr_5y,TURNAROUND
TATASTEEL,2018-03,eps_cagr_10y,INSUFFICIENT
TATASTEEL,2019-03,revenue_cagr_10y,INSUFFICIENT
TATASTEEL,2019-03,pat_cagr_3y,TURNAROUND
TATASTEEL,2019-03,pat_cagr_10y,INSUFFICIENT
TATASTEEL,2019-03,eps_cagr_3y,ZERO_BASE
TATASTEEL,2019-03,eps_cagr_10y,INSUFFICIENT
TATASTEEL,2020-03,revenue_cagr_10y,INSUFFICIENT
TATASTEEL,2020-03,pat_cagr_3y,TURNAROUND
TATASTEEL,2020-03,pat_cagr_5y,TURNAROUND
TATASTEEL,2020-03,pat_cagr_10y,INSUFFICIENT
TATASTEEL,2020-03,eps_cagr_3y,TURNAROUND
TATASTEEL,2020-03,eps_cagr_5y,TURNAROUND
TATASTEEL,2020-03,eps_cagr_10y,INSUFFICIENT
TATASTEEL,2021-03,revenue_cagr_10y,INSUFFICIENT
TATASTEEL,2021-03,pat_cagr_5y,TURNAROUND
TATASTEEL,2021-03,pat_cagr_10y,INSUFFICIENT
TATASTEEL,2021-03,eps_cagr_5y,ZERO_BASE
TATASTEEL,2021-03,eps_cagr_10y,INSUFFICIENT
TATASTEEL,2022-03,revenue_cagr_10y,INSUFFICIENT
TATASTEEL,2022-03,pat_cagr_5y,TURNAROUND
TATASTEEL,2022-03,pat_cagr_10y,INSUFFICIENT
TATASTEEL,2022-03,eps_cagr_5y,TURNAROUND
TATASTEEL,2022-03,eps_cagr_10y,INSUFFICIENT
TATASTEEL,2023-03,pat_cagr_10y,TURNAROUND
TATASTEEL,2023-03,eps_cagr_10y,TURNAROUND
TATASTEEL,2024-03,pat_cagr_3y,DECLINE_TO_LOSS
TATASTEEL,2024-03,pat_cagr_5y,DECLINE_TO_LOSS
TATASTEEL,2024-03,pat_cagr_10y,DECLINE_TO_LOSS
TATASTEEL,2024-03,eps_cagr_3y,DECLINE_TO_LOSS
TATASTEEL,2024-03,eps_cagr_5y,DECLINE_TO_LOSS
TATASTEEL,2024-03,eps_cagr_10y,DECLINE_TO_LOSS
TCS,2013-03,revenue_cagr_3y,INSUFFICIENT
TCS,2013-03,revenue_cagr_5y,INSUFFICIENT
TCS,2013-03,revenue_cagr_10y,INSUFFICIENT
TCS,2013-03,pat_cagr_3y,INSUFFICIENT
TCS,2013-03,pat_cagr_5y,INSUFFICIENT
TCS,2013-03,pat_cagr_10y,INSUFFICIENT
TCS,2013-03,eps_cagr_3y,INSUFFICIENT
TCS,2013-03,eps_cagr_5y,INSUFFICIENT
TCS,2013-03,eps_cagr_10y,INSUFFICIENT
TCS,2014-03,revenue_cagr_3y,INSUFFICIENT
TCS,2014-03,revenue_cagr_5y,INSUFFICIENT
TCS,2014-03,revenue_cagr_10y,INSUFFICIENT
TCS,2014-03,pat_cagr_3y,INSUFFICIENT
TCS,2014-03,pat_cagr_5y,INSUFFICIENT
TCS,2014-03,pat_cagr_10y,INSUFFICIENT
TCS,2014-03,eps_cagr_3y,INSUFFICIENT
TCS,2014-03,eps_cagr_5y,INSUFFICIENT
TCS,2014-03,eps_cagr_10y,INSUFFICIENT
TCS,2015-03,revenue_cagr_3y,INSUFFICIENT
TCS,2015-03,revenue_cagr_5y,INSUFFICIENT
TCS,2015-03,revenue_cagr_10y,INSUFFICIENT
TCS,2015-03,pat_cagr_3y,INSUFFICIENT
TCS,2015-03,pat_cagr_5y,INSUFFICIENT
TCS,2015-03,pat_cagr_10y,INSUFFICIENT
TCS,2015-03,eps_cagr_3y,INSUFFICIENT
TCS,2015-03,eps_cagr_5y,INSUFFICIENT
TCS,2015-03,eps_cagr_10y,INSUFFICIENT
TCS,2016-03,revenue_cagr_5y,INSUFFICIENT
TCS,2016-03,revenue_cagr_10y,INSUFFICIENT
TCS,2016-03,pat_cagr_5y,INSUFFICIENT
TCS,2016-03,pat_cagr_10y,INSUFFICIENT
TCS,2016-03,eps_cagr_5y,INSUFFICIENT
TCS,2016-03,eps_cagr_10y,INSUFFICIENT
TCS,2017-03,revenue_cagr_5y,INSUFFICIENT
TCS,2017-03,revenue_cagr_10y,INSUFFICIENT
TCS,2017-03,pat_cagr_5y,INSUFFICIENT
TCS,2017-03,pat_cagr_10y,INSUFFICIENT
TCS,2017-03,eps_cagr_5y,INSUFFICIENT
TCS,2017-03,eps_cagr_10y,INSUFFICIENT
TCS,2018-03,revenue_cagr_10y,INSUFFICIENT
TCS,2018-03,pat_cagr_10y,INSUFFICIENT
TCS,2018-03,eps_cagr_10y,INSUFFICIENT
TCS,2019-03,revenue_cagr_10y,INSUFFICIENT
TCS,2019-03,pat_cagr_10y,INSUFFICIENT
TCS,2019-03,eps_cagr_10y,INSUFFICIENT
TCS,2020-03,revenue_cagr_10y,INSUFFICIENT
TCS,2020-03,pat_cagr_10y,INSUFFICIENT
TCS,2020-03,eps_cagr_10y,INSUFFICIENT
TCS,2021-03,revenue_cagr_10y,INSUFFICIENT
TCS,2021-03,pat_cagr_10y,INSUFFICIENT
TCS,2021-03,eps_cagr_10y,INSUFFICIENT
TCS,2022-03,revenue_cagr_10y,INSUFFICIENT
TCS,2022-03,pat_cagr_10y,INSUFFICIENT
TCS,2022-03,eps_cagr_10y,INSUFFICIENT
TECHM,2013-03,revenue_cagr_3y,INSUFFICIENT
TECHM,2013-03,revenue_cagr_5y,INSUFFICIENT
TECHM,2013-03,revenue_cagr_10y,INSUFFICIENT
TECHM,2013-03,pat_cagr_3y,INSUFFICIENT
TECHM,2013-03,pat_cagr_5y,INSUFFICIENT
TECHM,2013-03,pat_cagr_10y,INSUFFICIENT
TECHM,2013-03,eps_cagr_3y,INSUFFICIENT
TECHM,2013-03,eps_cagr_5y,INSUFFICIENT
TECHM,2013-03,eps_cagr_10y,INSUFFICIENT
TECHM,2014-03,revenue_cagr_3y,INSUFFICIENT
TECHM,2014-03,revenue_cagr_5y,INSUFFICIENT
TECHM,2014-03,revenue_cagr_10y,INSUFFICIENT
TECHM,2014-03,pat_cagr_3y,INSUFFICIENT
TECHM,2014-03,pat_cagr_5y,INSUFFICIENT
TECHM,2014-03,pat_cagr_10y,INSUFFICIENT
TECHM,2014-03,eps_cagr_3y,INSUFFICIENT
TECHM,2014-03,eps_cagr_5y,INSUFFICIENT
TECHM,2014-03,eps_cagr_10y,INSUFFICIENT
TECHM,2015-03,revenue_cagr_3y,INSUFFICIENT
TECHM,2015-03,revenue_cagr_5y,INSUFFICIENT
TECHM,2015-03,revenue_cagr_10y,INSUFFICIENT
TECHM,2015-03,pat_cagr_3y,INSUFFICIENT
TECHM,2015-03,pat_cagr_5y,INSUFFICIENT
TECHM,2015-03,pat_cagr_10y,INSUFFICIENT
TECHM,2015-03,eps_cagr_3y,INSUFFICIENT
TECHM,2015-03,eps_cagr_5y,INSUFFICIENT
TECHM,2015-03,eps_cagr_10y,INSUFFICIENT
TECHM,2016-03,revenue_cagr_5y,INSUFFICIENT
TECHM,2016-03,revenue_cagr_10y,INSUFFICIENT
TECHM,2016-03,pat_cagr_5y,INSUFFICIENT
TECHM,2016-03,pat_cagr_10y,INSUFFICIENT
TECHM,2016-03,eps_cagr_5y,INSUFFICIENT
TECHM,2016-03,eps_cagr_10y,INSUFFICIENT
TECHM,2017-03,revenue_cagr_5y,INSUFFICIENT
TECHM,2017-03,revenue_cagr_10y,INSUFFICIENT
TECHM,2017-03,pat_cagr_5y,INSUFFICIENT
TECHM,2017-03,pat_cagr_10y,INSUFFICIENT
TECHM,2017-03,eps_cagr_5y,INSUFFICIENT
TECHM,2017-03,eps_cagr_10y,INSUFFICIENT
TECHM,2018-03,revenue_cagr_10y,INSUFFICIENT
TECHM,2018-03,pat_cagr_10y,INSUFFICIENT
TECHM,2018-03,eps_cagr_10y,INSUFFICIENT
TECHM,2019-03,revenue_cagr_10y,INSUFFICIENT
TECHM,2019-03,pat_cagr_10y,INSUFFICIENT
TECHM,2019-03,eps_cagr_10y,INSUFFICIENT
TECHM,2020-03,revenue_cagr_10y,INSUFFICIENT
TECHM,2020-03,pat_cagr_10y,INSUFFICIENT
TECHM,2020-03,eps_cagr_10y,INSUFFICIENT
TECHM,2021-03,revenue_cagr_10y,INSUFFICIENT
TECHM,2021-03,pat_cagr_10y,INSUFFICIENT
TECHM,2021-03,eps_cagr_10y,INSUFFICIENT
TECHM,2022-03,revenue_cagr_10y,INSUFFICIENT
TECHM,2022-03,pat_cagr_10y,INSUFFICIENT
TECHM,2022-03,eps_cagr_10y,INSUFFICIENT
TITAN,2013-03,revenue_cagr_3y,INSUFFICIENT
TITAN,2013-03,revenue_cagr_5y,INSUFFICIENT
TITAN,2013-03,revenue_cagr_10y,INSUFFICIENT
TITAN,2013-03,pat_cagr_3y,INSUFFICIENT
TITAN,2013-03,pat_cagr_5y,INSUFFICIENT
TITAN,2013-03,pat_cagr_10y,INSUFFICIENT
TITAN,2013-03,eps_cagr_3y,INSUFFICIENT
TITAN,2013-03,eps_cagr_5y,INSUFFICIENT
TITAN,2013-03,eps_cagr_10y,INSUFFICIENT
TITAN,2014-03,revenue_cagr_3y,INSUFFICIENT
TITAN,2014-03,revenue_cagr_5y,INSUFFICIENT
TITAN,2014-03,revenue_cagr_10y,INSUFFICIENT
TITAN,2014-03,pat_cagr_3y,INSUFFICIENT
TITAN,2014-03,pat_cagr_5y,INSUFFICIENT
TITAN,2014-03,pat_cagr_10y,INSUFFICIENT
TITAN,2014-03,eps_cagr_3y,INSUFFICIENT
TITAN,2014-03,eps_cagr_5y,INSUFFICIENT
TITAN,2014-03,eps_cagr_10y,INSUFFICIENT
TITAN,2015-03,revenue_cagr_3y,INSUFFICIENT
TITAN,2015-03,revenue_cagr_5y,INSUFFICIENT
TITAN,2015-03,revenue_cagr_10y,INSUFFICIENT
TITAN,2015-03,pat_cagr_3y,INSUFFICIENT
TITAN,2015-03,pat_cagr_5y,INSUFFICIENT
TITAN,2015-03,pat_cagr_10y,INSUFFICIENT
TITAN,2015-03,eps_cagr_3y,INSUFFICIENT
TITAN,2015-03,eps_cagr_5y,INSUFFICIENT
TITAN,2015-03,eps_cagr_10y,INSUFFICIENT
TITAN,2016-03,revenue_cagr_5y,INSUFFICIENT
TITAN,2016-03,revenue_cagr_10y,INSUFFICIENT
TITAN,2016-03,pat_cagr_5y,INSUFFICIENT
TITAN,2016-03,pat_cagr_10y,INSUFFICIENT
TITAN,2016-03,eps_cagr_5y,INSUFFICIENT
TITAN,2016-03,eps_cagr_10y,INSUFFICIENT
TITAN,2017-03,revenue_cagr_5y,INSUFFICIENT
TITAN,2017-03,revenue_cagr_10y,INSUFFICIENT
TITAN,2017-03,pat_cagr_5y,INSUFFICIENT
TITAN,2017-03,pat_cagr_10y,INSUFFICIENT
TITAN,2017-03,eps_cagr_5y,INSUFFICIENT
TITAN,2017-03,eps_cagr_10y,INSUFFICIENT
TITAN,2018-03,revenue_cagr_10y,INSUFFICIENT
TITAN,2018-03,pat_cagr_10y,INSUFFICIENT
TITAN,2018-03,eps_cagr_10y,INSUFFICIENT
TITAN,2019-03,revenue_cagr_10y,INSUFFICIENT
TITAN,2019-03,pat_cagr_10y,INSUFFICIENT
TITAN,2019-03,eps_cagr_10y,INSUFFICIENT
TITAN,2020-03,revenue_cagr_10y,INSUFFICIENT
TITAN,2020-03,pat_cagr_10y,INSUFFICIENT
TITAN,2020-03,eps_cagr_10y,INSUFFICIENT
TITAN,2021-03,revenue_cagr_10y,INSUFFICIENT
TITAN,2021-03,pat_cagr_10y,INSUFFICIENT
TITAN,2021-03,eps_cagr_10y,INSUFFICIENT
TITAN,2022-03,revenue_cagr_10y,INSUFFICIENT
TITAN,2022-03,pat_cagr_10y,INSUFFICIENT
TITAN,2022-03,eps_cagr_10y,INSUFFICIENT
TORNTPHARM,2013-03,revenue_cagr_3y,INSUFFICIENT
TORNTPHARM,2013-03,revenue_cagr_5y,INSUFFICIENT
TORNTPHARM,2013-03,revenue_cagr_10y,INSUFFICIENT
TORNTPHARM,2013-03,pat_cagr_3y,INSUFFICIENT
TORNTPHARM,2013-03,pat_cagr_5y,INSUFFICIENT
TORNTPHARM,2013-03,pat_cagr_10y,INSUFFICIENT
TORNTPHARM,2013-03,eps_cagr_3y,INSUFFICIENT
TORNTPHARM,2013-03,eps_cagr_5y,INSUFFICIENT
TORNTPHARM,2013-03,eps_cagr_10y,INSUFFICIENT
TORNTPHARM,2014-03,revenue_cagr_3y,INSUFFICIENT
TORNTPHARM,2014-03,revenue_cagr_5y,INSUFFICIENT
TORNTPHARM,2014-03,revenue_cagr_10y,INSUFFICIENT
TORNTPHARM,2014-03,pat_cagr_3y,INSUFFICIENT
TORNTPHARM,2014-03,pat_cagr_5y,INSUFFICIENT
TORNTPHARM,2014-03,pat_cagr_10y,INSUFFICIENT
TORNTPHARM,2014-03,eps_cagr_3y,INSUFFICIENT
TORNTPHARM,2014-03,eps_cagr_5y,INSUFFICIENT
TORNTPHARM,2014-03,eps_cagr_10y,INSUFFICIENT
TORNTPHARM,2015-03,revenue_cagr_3y,INSUFFICIENT
TORNTPHARM,2015-03,revenue_cagr_5y,INSUFFICIENT
TORNTPHARM,2015-03,revenue_cagr_10y,INSUFFICIENT
TORNTPHARM,2015-03,pat_cagr_3y,INSUFFICIENT
TORNTPHARM,2015-03,pat_cagr_5y,INSUFFICIENT
TORNTPHARM,2015-03,pat_cagr_10y,INSUFFICIENT
TORNTPHARM,2015-03,eps_cagr_3y,INSUFFICIENT
TORNTPHARM,2015-03,eps_cagr_5y,INSUFFICIENT
TORNTPHARM,2015-03,eps_cagr_10y,INSUFFICIENT
TORNTPHARM,2016-03,revenue_cagr_5y,INSUFFICIENT
TORNTPHARM,2016-03,revenue_cagr_10y,INSUFFICIENT
TORNTPHARM,2016-03,pat_cagr_5y,INSUFFICIENT
TORNTPHARM,2016-03,pat_cagr_10y,INSUFFICIENT
TORNTPHARM,2016-03,eps_cagr_5y,INSUFFICIENT
TORNTPHARM,2016-03,eps_cagr_10y,INSUFFICIENT
TORNTPHARM,2017-03,revenue_cagr_5y,INSUFFICIENT
TORNTPHARM,2017-03,revenue_cagr_10y,INSUFFICIENT
TORNTPHARM,2017-03,pat_cagr_5y,INSUFFICIENT
TORNTPHARM,2017-03,pat_cagr_10y,INSUFFICIENT
TORNTPHARM,2017-03,eps_cagr_5y,INSUFFICIENT
TORNTPHARM,2017-03,eps_cagr_10y,INSUFFICIENT
TORNTPHARM,2018-03,revenue_cagr_10y,INSUFFICIENT
TORNTPHARM,2018-03,pat_cagr_10y,INSUFFICIENT
TORNTPHARM,2018-03,eps_cagr_10y,INSUFFICIENT
TORNTPHARM,2019-03,revenue_cagr_10y,INSUFFICIENT
TORNTPHARM,2019-03,pat_cagr_10y,INSUFFICIENT
TORNTPHARM,2019-03,eps_cagr_10y,INSUFFICIENT
TORNTPHARM,2020-03,revenue_cagr_10y,INSUFFICIENT
TORNTPHARM,2020-03,pat_cagr_10y,INSUFFICIENT
TORNTPHARM,2020-03,eps_cagr_10y,INSUFFICIENT
TORNTPHARM,2021-03,revenue_cagr_10y,INSUFFICIENT
TORNTPHARM,2021-03,pat_cagr_10y,INSUFFICIENT
TORNTPHARM,2021-03,eps_cagr_10y,INSUFFICIENT
TORNTPHARM,2022-03,revenue_cagr_10y,INSUFFICIENT
TORNTPHARM,2022-03,pat_cagr_10y,INSUFFICIENT
TORNTPHARM,2022-03,eps_cagr_10y,INSUFFICIENT
TRENT,2013-03,revenue_cagr_3y,INSUFFICIENT
TRENT,2013-03,revenue_cagr_5y,INSUFFICIENT
TRENT,2013-03,revenue_cagr_10y,INSUFFICIENT
TRENT,2013-03,pat_cagr_3y,INSUFFICIENT
TRENT,2013-03,pat_cagr_5y,INSUFFICIENT
TRENT,2013-03,pat_cagr_10y,INSUFFICIENT
TRENT,2013-03,eps_cagr_3y,INSUFFICIENT
TRENT,2013-03,eps_cagr_5y,INSUFFICIENT
TRENT,2013-03,eps_cagr_10y,INSUFFICIENT
TRENT,2014-03,revenue_cagr_3y,INSUFFICIENT
TRENT,2014-03,revenue_cagr_5y,INSUFFICIENT
TRENT,2014-03,revenue_cagr_10y,INSUFFICIENT
TRENT,2014-03,pat_cagr_3y,INSUFFICIENT
TRENT,2014-03,pat_cagr_5y,INSUFFICIENT
TRENT,2014-03,pat_cagr_10y,INSUFFICIENT
TRENT,2014-03,eps_cagr_3y,INSUFFICIENT
TRENT,2014-03,eps_cagr_5y,INSUFFICIENT
TRENT,2014-03,eps_cagr_10y,INSUFFICIENT
TRENT,2015-03,revenue_cagr_3y,INSUFFICIENT
TRENT,2015-03,revenue_cagr_5y,INSUFFICIENT
TRENT,2015-03,revenue_cagr_10y,INSUFFICIENT
TRENT,2015-03,pat_cagr_3y,INSUFFICIENT
TRENT,2015-03,pat_cagr_5y,INSUFFICIENT
TRENT,2015-03,pat_cagr_10y,INSUFFICIENT
TRENT,2015-03,eps_cagr_3y,INSUFFICIENT
TRENT,2015-03,eps_cagr_5y,INSUFFICIENT
TRENT,2015-03,eps_cagr_10y,INSUFFICIENT
TRENT,2016-03,revenue_cagr_5y,INSUFFICIENT
TRENT,2016-03,revenue_cagr_10y,INSUFFICIENT
TRENT,2016-03,pat_cagr_3y,TURNAROUND
TRENT,2016-03,pat_cagr_5y,INSUFFICIENT
TRENT,2016-03,pat_cagr_10y,INSUFFICIENT
TRENT,2016-03,eps_cagr_3y,TURNAROUND
TRENT,2016-03,eps_cagr_5y,INSUFFICIENT
TRENT,2016-03,eps_cagr_10y,INSUFFICIENT
TRENT,2017-03,revenue_cagr_5y,INSUFFICIENT
TRENT,2017-03,revenue_cagr_10y,INSUFFICIENT
TRENT,2017-03,pat_cagr_3y,TURNAROUND
TRENT,2017-03,pat_cagr_5y,INSUFFICIENT
TRENT,2017-03,pat_cagr_10y,INSUFFICIENT
TRENT,2017-03,eps_cagr_3y,TURNAROUND
TRENT,2017-03,eps_cagr_5y,INSUFFICIENT
TRENT,2017-03,eps_cagr_10y,INSUFFICIENT
TRENT,2018-03,revenue_cagr_10y,INSUFFICIENT
TRENT,2018-03,pat_cagr_5y,TURNAROUND
TRENT,2018-03,pat_cagr_10y,INSUFFICIENT
TRENT,2018-03,eps_cagr_5y,TURNAROUND
TRENT,2018-03,eps_cagr_10y,INSUFFICIENT
TRENT,2019-03,revenue_cagr_10y,INSUFFICIENT
TRENT,2019-03,pat_cagr_5y,TURNAROUND
TRENT,2019-03,pat_cagr_10y,INSUFFICIENT
TRENT,2019-03,eps_cagr_5y,TURNAROUND
TRENT,2019-03,eps_cagr_10y,INSUFFICIENT
TRENT,2020-03,revenue_cagr_10y,INSUFFICIENT
TRENT,2020-03,pat_cagr_10y,INSUFFICIENT
TRENT,2020-03,eps_cagr_10y,INSUFFICIENT
TRENT,2021-03,revenue_cagr_10y,INSUFFICIENT
TRENT,2021-03,pat_cagr_3y,DECLINE_TO_LOSS
TRENT,2021-03,pat_cagr_5y,DECLINE_TO_LOSS
TRENT,2021-03,pat_cagr_10y,INSUFFICIENT
TRENT,2021-03,eps_cagr_3y,DECLINE_TO_LOSS
TRENT,2021-03,eps_cagr_5y,DECLINE_TO_LOSS
TRENT,2021-03,eps_cagr_10y,INSUFFICIENT
TRENT,2022-03,revenue_cagr_10y,INSUFFICIENT
TRENT,2022-03,pat_cagr_10y,INSUFFICIENT
TRENT,2022-03,eps_cagr_10y,INSUFFICIENT
TRENT,2023-03,pat_cagr_10y,TURNAROUND
TRENT,2023-03,eps_cagr_10y,TURNAROUND
TRENT,2024-03,pat_cagr_3y,TURNAROUND
TRENT,2024-03,pat_cagr_10y,TURNAROUND
TRENT,2024-03,eps_cagr_3y,TURNAROUND
TRENT,2024-03,eps_cagr_10y,TURNAROUND
TVSMOTOR,2013-03,revenue_cagr_3y,INSUFFICIENT
TVSMOTOR,2013-03,revenue_cagr_5y,INSUFFICIENT
TVSMOTOR,2013-03,revenue_cagr_10y,INSUFFICIENT
TVSMOTOR,2013-03,pat_cagr_3y,INSUFFICIENT
TVSMOTOR,2013-03,pat_cagr_5y,INSUFFICIENT
TVSMOTOR,2013-03,pat_cagr_10y,INSUFFICIENT
TVSMOTOR,2013-03,eps_cagr_3y,INSUFFICIENT
TVSMOTOR,2013-03,eps_cagr_5y,INSUFFICIENT
TVSMOTOR,2013-03,eps_cagr_10y,INSUFFICIENT
TVSMOTOR,2014-03,revenue_cagr_3y,INSUFFICIENT
TVSMOTOR,2014-03,revenue_cagr_5y,INSUFFICIENT
TVSMOTOR,2014-03,revenue_cagr_10y,INSUFFICIENT
TVSMOTOR,2014-03,pat_cagr_3y,INSUFFICIENT
TVSMOTOR,2014-03,pat_cagr_5y,INSUFFICIENT
TVSMOTOR,2014-03,pat_cagr_10y,INSUFFICIENT
TVSMOTOR,2014-03,eps_cagr_3y,INSUFFICIENT
TVSMOTOR,2014-03,eps_cagr_5y,INSUFFICIENT
TVSMOTOR,2014-03,eps_cagr_10y,INSUFFICIENT
TVSMOTOR,2015-03,revenue_cagr_3y,INSUFFICIENT
TVSMOTOR,2015-03,revenue_cagr_5y,INSUFFICIENT
TVSMOTOR,2015-03,revenue_cagr_10y,INSUFFICIENT
TVSMOTOR,2015-03,pat_cagr_3y,INSUFFICIENT
TVSMOTOR,2015-03,pat_cagr_5y,INSUFFICIENT
TVSMOTOR,2015-03,pat_cagr_10y,INSUFFICIENT
TVSMOTOR,2015-03,eps_cagr_3y,INSUFFICIENT
TVSMOTOR,2015-03,eps_cagr_5y,INSUFFICIENT
TVSMOTOR,2015-03,eps_cagr_10y,INSUFFICIENT
TVSMOTOR,2016-03,revenue_cagr_5y,INSUFFICIENT
TVSMOTOR,2016-03,revenue_cagr_10y,INSUFFICIENT
TVSMOTOR,2016-03,pat_cagr_5y,INSUFFICIENT
TVSMOTOR,2016-03,pat_cagr_10y,INSUFFICIENT
TVSMOTOR,2016-03,eps_cagr_5y,INSUFFICIENT
TVSMOTOR,2016-03,eps_cagr_10y,INSUFFICIENT
TVSMOTOR,2017-03,revenue_cagr_5y,INSUFFICIENT
TVSMOTOR,2017-03,revenue_cagr_10y,INSUFFICIENT
TVSMOTOR,2017-03,pat_cagr_5y,INSUFFICIENT
TVSMOTOR,2017-03,pat_cagr_10y,INSUFFICIENT
TVSMOTOR,2017-03,eps_cagr_5y,INSUFFICIENT
TVSMOTOR,2017-03,eps_cagr_10y,INSUFFICIENT
TVSMOTOR,2018-03,revenue_cagr_10y,INSUFFICIENT
TVSMOTOR,2018-03,pat_cagr_10y,INSUFFICIENT
TVSMOTOR,2018-03,eps_cagr_10y,INSUFFICIENT
TVSMOTOR,2019-03,revenue_cagr_10y,INSUFFICIENT
TVSMOTOR,2019-03,pat_cagr_10y,INSUFFICIENT
TVSMOTOR,2019-03,eps_cagr_10y,INSUFFICIENT
TVSMOTOR,2020-03,revenue_cagr_10y,INSUFFICIENT
TVSMOTOR,2020-03,pat_cagr_10y,INSUFFICIENT
TVSMOTOR,2020-03,eps_cagr_10y,INSUFFICIENT
TVSMOTOR,2021-03,revenue_cagr_10y,INSUFFICIENT
TVSMOTOR,2021-03,pat_cagr_10y,INSUFFICIENT
TVSMOTOR,2021-03,eps_cagr_10y,INSUFFICIENT
TVSMOTOR,2022-03,revenue_cagr_10y,INSUFFICIENT
TVSMOTOR,2022-03,pat_cagr_10y,INSUFFICIENT
TVSMOTOR,2022-03,eps_cagr_10y,INSUFFICIENT
